dataset,scheme,epsilon,attack_type,direction,malicious_ratio,lambda,true_triangle_count,avg_estimated_triangle_count,relative_signed_error,mre,finished,log_file
Gplus,CaliToLS,0.5,clean,none,0,0,,,,0.000000,1,results_laplace_all_attacks/Gplus_CaliToLS_eps0.5_clean.log
Gplus,CaliToLS,0.5,count,decrease,0.03,1,,,,0.000000,1,results_laplace_all_attacks/Gplus_CaliToLS_eps0.5_count_decrease_mr0.03_lambda1.log
Gplus,CaliToLS,0.5,count,decrease,0.05,1,,,,0.000000,1,results_laplace_all_attacks/Gplus_CaliToLS_eps0.5_count_decrease_mr0.05_lambda1.log
Gplus,CaliToLS,0.5,count,decrease,0.08,1,,,,0.000000,1,results_laplace_all_attacks/Gplus_CaliToLS_eps0.5_count_decrease_mr0.08_lambda1.log
Gplus,CaliToLS,0.5,count,decrease,0.10,1,,,,0.000000,1,results_laplace_all_attacks/Gplus_CaliToLS_eps0.5_count_decrease_mr0.10_lambda1.log
Gplus,CaliToLS,0.5,count,decrease,0.13,1,,,,0.000000,1,results_laplace_all_attacks/Gplus_CaliToLS_eps0.5_count_decrease_mr0.13_lambda1.log
Gplus,CaliToLS,0.5,count,decrease,0.15,1,,,,0.000000,1,results_laplace_all_attacks/Gplus_CaliToLS_eps0.5_count_decrease_mr0.15_lambda1.log
Gplus,CaliToLS,0.5,count,decrease,0.18,1,,,,0.000000,1,results_laplace_all_attacks/Gplus_CaliToLS_eps0.5_count_decrease_mr0.18_lambda1.log
Gplus,CaliToLS,0.5,count,decrease,0.20,1,,,,0.000000,1,results_laplace_all_attacks/Gplus_CaliToLS_eps0.5_count_decrease_mr0.20_lambda1.log
Gplus,CaliToLS,0.5,count,increase,0.03,1,,,,0.000000,1,results_laplace_all_attacks/Gplus_CaliToLS_eps0.5_count_increase_mr0.03_lambda1.log
Gplus,CaliToLS,0.5,count,increase,0.05,1,,,,0.000000,1,results_laplace_all_attacks/Gplus_CaliToLS_eps0.5_count_increase_mr0.05_lambda1.log
Gplus,CaliToLS,0.5,count,increase,0.08,1,,,,0.000000,1,results_laplace_all_attacks/Gplus_CaliToLS_eps0.5_count_increase_mr0.08_lambda1.log
Gplus,CaliToLS,0.5,count,increase,0.10,1,,,,0.000000,1,results_laplace_all_attacks/Gplus_CaliToLS_eps0.5_count_increase_mr0.10_lambda1.log
Gplus,CaliToLS,0.5,count,increase,0.13,1,,,,0.000000,1,results_laplace_all_attacks/Gplus_CaliToLS_eps0.5_count_increase_mr0.13_lambda1.log
Gplus,CaliToLS,0.5,count,increase,0.15,1,,,,0.000000,1,results_laplace_all_attacks/Gplus_CaliToLS_eps0.5_count_increase_mr0.15_lambda1.log
Gplus,CaliToLS,0.5,count,increase,0.18,1,,,,0.000000,1,results_laplace_all_attacks/Gplus_CaliToLS_eps0.5_count_increase_mr0.18_lambda1.log
Gplus,CaliToLS,0.5,count,increase,0.20,1,,,,0.000000,1,results_laplace_all_attacks/Gplus_CaliToLS_eps0.5_count_increase_mr0.20_lambda1.log
Gplus,CaliToLS,0.5,fixed,decrease,0.03,1,,,,0.000000,1,results_laplace_all_attacks/Gplus_CaliToLS_eps0.5_fixed_decrease_mr0.03_lambda1.log
Gplus,CaliToLS,0.5,fixed,decrease,0.05,1,,,,0.000000,1,results_laplace_all_attacks/Gplus_CaliToLS_eps0.5_fixed_decrease_mr0.05_lambda1.log
Gplus,CaliToLS,0.5,fixed,decrease,0.08,1,,,,0.000000,1,results_laplace_all_attacks/Gplus_CaliToLS_eps0.5_fixed_decrease_mr0.08_lambda1.log
Gplus,CaliToLS,0.5,fixed,decrease,0.10,1,,,,0.000000,1,results_laplace_all_attacks/Gplus_CaliToLS_eps0.5_fixed_decrease_mr0.10_lambda1.log
Gplus,CaliToLS,0.5,fixed,decrease,0.13,1,,,,0.000000,1,results_laplace_all_attacks/Gplus_CaliToLS_eps0.5_fixed_decrease_mr0.13_lambda1.log
Gplus,CaliToLS,0.5,fixed,decrease,0.15,1,,,,0.000000,1,results_laplace_all_attacks/Gplus_CaliToLS_eps0.5_fixed_decrease_mr0.15_lambda1.log
Gplus,CaliToLS,0.5,fixed,decrease,0.18,1,,,,0.000000,1,results_laplace_all_attacks/Gplus_CaliToLS_eps0.5_fixed_decrease_mr0.18_lambda1.log
Gplus,CaliToLS,0.5,fixed,decrease,0.20,1,,,,0.000000,1,results_laplace_all_attacks/Gplus_CaliToLS_eps0.5_fixed_decrease_mr0.20_lambda1.log
Gplus,CaliToLS,0.5,fixed,increase,0.03,1,,,,0.000000,1,results_laplace_all_attacks/Gplus_CaliToLS_eps0.5_fixed_increase_mr0.03_lambda1.log
Gplus,CaliToLS,0.5,fixed,increase,0.05,1,,,,0.000000,1,results_laplace_all_attacks/Gplus_CaliToLS_eps0.5_fixed_increase_mr0.05_lambda1.log
Gplus,CaliToLS,0.5,fixed,increase,0.08,1,,,,0.000000,1,results_laplace_all_attacks/Gplus_CaliToLS_eps0.5_fixed_increase_mr0.08_lambda1.log
Gplus,CaliToLS,0.5,fixed,increase,0.10,1,,,,0.000000,1,results_laplace_all_attacks/Gplus_CaliToLS_eps0.5_fixed_increase_mr0.10_lambda1.log
Gplus,CaliToLS,0.5,fixed,increase,0.13,1,,,,0.000000,1,results_laplace_all_attacks/Gplus_CaliToLS_eps0.5_fixed_increase_mr0.13_lambda1.log
Gplus,CaliToLS,0.5,fixed,increase,0.15,1,,,,0.000000,1,results_laplace_all_attacks/Gplus_CaliToLS_eps0.5_fixed_increase_mr0.15_lambda1.log
Gplus,CaliToLS,0.5,fixed,increase,0.18,1,,,,0.000000,1,results_laplace_all_attacks/Gplus_CaliToLS_eps0.5_fixed_increase_mr0.18_lambda1.log
Gplus,CaliToLS,0.5,fixed,increase,0.20,1,,,,0.000000,1,results_laplace_all_attacks/Gplus_CaliToLS_eps0.5_fixed_increase_mr0.20_lambda1.log
Gplus,CaliToLS,0.5,scale,decrease,0.03,1,,,,0.000000,1,results_laplace_all_attacks/Gplus_CaliToLS_eps0.5_scale_decrease_mr0.03_lambda1.log
Gplus,CaliToLS,0.5,scale,decrease,0.05,1,,,,0.000000,1,results_laplace_all_attacks/Gplus_CaliToLS_eps0.5_scale_decrease_mr0.05_lambda1.log
Gplus,CaliToLS,0.5,scale,decrease,0.08,1,,,,0.000000,1,results_laplace_all_attacks/Gplus_CaliToLS_eps0.5_scale_decrease_mr0.08_lambda1.log
Gplus,CaliToLS,0.5,scale,decrease,0.10,1,,,,0.000000,1,results_laplace_all_attacks/Gplus_CaliToLS_eps0.5_scale_decrease_mr0.10_lambda1.log
Gplus,CaliToLS,0.5,scale,decrease,0.13,1,,,,0.000000,1,results_laplace_all_attacks/Gplus_CaliToLS_eps0.5_scale_decrease_mr0.13_lambda1.log
Gplus,CaliToLS,0.5,scale,decrease,0.15,1,,,,0.000000,1,results_laplace_all_attacks/Gplus_CaliToLS_eps0.5_scale_decrease_mr0.15_lambda1.log
Gplus,CaliToLS,0.5,scale,decrease,0.18,1,,,,0.000000,1,results_laplace_all_attacks/Gplus_CaliToLS_eps0.5_scale_decrease_mr0.18_lambda1.log
Gplus,CaliToLS,0.5,scale,decrease,0.20,1,,,,0.000000,1,results_laplace_all_attacks/Gplus_CaliToLS_eps0.5_scale_decrease_mr0.20_lambda1.log
Gplus,CaliToLS,0.5,scale,increase,0.03,1,,,,0.000000,1,results_laplace_all_attacks/Gplus_CaliToLS_eps0.5_scale_increase_mr0.03_lambda1.log
Gplus,CaliToLS,0.5,scale,increase,0.05,1,,,,0.000000,1,results_laplace_all_attacks/Gplus_CaliToLS_eps0.5_scale_increase_mr0.05_lambda1.log
Gplus,CaliToLS,0.5,scale,increase,0.08,1,,,,0.000000,1,results_laplace_all_attacks/Gplus_CaliToLS_eps0.5_scale_increase_mr0.08_lambda1.log
Gplus,CaliToLS,0.5,scale,increase,0.10,1,,,,0.000000,1,results_laplace_all_attacks/Gplus_CaliToLS_eps0.5_scale_increase_mr0.10_lambda1.log
Gplus,CaliToLS,0.5,scale,increase,0.13,1,,,,0.000000,1,results_laplace_all_attacks/Gplus_CaliToLS_eps0.5_scale_increase_mr0.13_lambda1.log
Gplus,CaliToLS,0.5,scale,increase,0.15,1,,,,0.000000,1,results_laplace_all_attacks/Gplus_CaliToLS_eps0.5_scale_increase_mr0.15_lambda1.log
Gplus,CaliToLS,0.5,scale,increase,0.18,1,,,,0.000000,1,results_laplace_all_attacks/Gplus_CaliToLS_eps0.5_scale_increase_mr0.18_lambda1.log
Gplus,CaliToLS,0.5,scale,increase,0.20,1,,,,0.000000,1,results_laplace_all_attacks/Gplus_CaliToLS_eps0.5_scale_increase_mr0.20_lambda1.log
Gplus,CaliToLS,1,clean,none,0,0,,,,0.000000,1,results_laplace_all_attacks/Gplus_CaliToLS_eps1_clean.log
Gplus,CaliToLS,1,count,decrease,0.03,1,,,,0.000000,1,results_laplace_all_attacks/Gplus_CaliToLS_eps1_count_decrease_mr0.03_lambda1.log
Gplus,CaliToLS,1,count,decrease,0.05,1,,,,0.000000,1,results_laplace_all_attacks/Gplus_CaliToLS_eps1_count_decrease_mr0.05_lambda1.log
Gplus,CaliToLS,1,count,decrease,0.08,1,,,,0.000000,1,results_laplace_all_attacks/Gplus_CaliToLS_eps1_count_decrease_mr0.08_lambda1.log
Gplus,CaliToLS,1,count,decrease,0.10,1,,,,0.000000,1,results_laplace_all_attacks/Gplus_CaliToLS_eps1_count_decrease_mr0.10_lambda1.log
Gplus,CaliToLS,1,count,decrease,0.13,1,,,,0.000000,1,results_laplace_all_attacks/Gplus_CaliToLS_eps1_count_decrease_mr0.13_lambda1.log
Gplus,CaliToLS,1,count,decrease,0.15,1,,,,0.000000,1,results_laplace_all_attacks/Gplus_CaliToLS_eps1_count_decrease_mr0.15_lambda1.log
Gplus,CaliToLS,1,count,decrease,0.18,1,,,,0.000000,1,results_laplace_all_attacks/Gplus_CaliToLS_eps1_count_decrease_mr0.18_lambda1.log
Gplus,CaliToLS,1,count,decrease,0.20,1,,,,0.000000,1,results_laplace_all_attacks/Gplus_CaliToLS_eps1_count_decrease_mr0.20_lambda1.log
Gplus,CaliToLS,1,count,increase,0.03,1,,,,0.000000,1,results_laplace_all_attacks/Gplus_CaliToLS_eps1_count_increase_mr0.03_lambda1.log
Gplus,CaliToLS,1,count,increase,0.05,1,,,,0.000000,1,results_laplace_all_attacks/Gplus_CaliToLS_eps1_count_increase_mr0.05_lambda1.log
Gplus,CaliToLS,1,count,increase,0.08,1,,,,0.000000,1,results_laplace_all_attacks/Gplus_CaliToLS_eps1_count_increase_mr0.08_lambda1.log
Gplus,CaliToLS,1,count,increase,0.10,1,,,,0.000000,1,results_laplace_all_attacks/Gplus_CaliToLS_eps1_count_increase_mr0.10_lambda1.log
Gplus,CaliToLS,1,count,increase,0.13,1,,,,0.000000,1,results_laplace_all_attacks/Gplus_CaliToLS_eps1_count_increase_mr0.13_lambda1.log
Gplus,CaliToLS,1,count,increase,0.15,1,,,,0.000000,1,results_laplace_all_attacks/Gplus_CaliToLS_eps1_count_increase_mr0.15_lambda1.log
Gplus,CaliToLS,1,count,increase,0.18,1,,,,0.000000,1,results_laplace_all_attacks/Gplus_CaliToLS_eps1_count_increase_mr0.18_lambda1.log
Gplus,CaliToLS,1,count,increase,0.20,1,,,,0.000000,1,results_laplace_all_attacks/Gplus_CaliToLS_eps1_count_increase_mr0.20_lambda1.log
Gplus,CaliToLS,1,fixed,decrease,0.03,1,,,,0.000000,1,results_laplace_all_attacks/Gplus_CaliToLS_eps1_fixed_decrease_mr0.03_lambda1.log
Gplus,CaliToLS,1,fixed,decrease,0.05,1,,,,0.000000,1,results_laplace_all_attacks/Gplus_CaliToLS_eps1_fixed_decrease_mr0.05_lambda1.log
Gplus,CaliToLS,1,fixed,decrease,0.08,1,,,,0.000000,1,results_laplace_all_attacks/Gplus_CaliToLS_eps1_fixed_decrease_mr0.08_lambda1.log
Gplus,CaliToLS,1,fixed,decrease,0.10,1,,,,0.000000,1,results_laplace_all_attacks/Gplus_CaliToLS_eps1_fixed_decrease_mr0.10_lambda1.log
Gplus,CaliToLS,1,fixed,decrease,0.13,1,,,,0.000000,1,results_laplace_all_attacks/Gplus_CaliToLS_eps1_fixed_decrease_mr0.13_lambda1.log
Gplus,CaliToLS,1,fixed,decrease,0.15,1,,,,0.000000,1,results_laplace_all_attacks/Gplus_CaliToLS_eps1_fixed_decrease_mr0.15_lambda1.log
Gplus,CaliToLS,1,fixed,decrease,0.18,1,,,,0.000000,1,results_laplace_all_attacks/Gplus_CaliToLS_eps1_fixed_decrease_mr0.18_lambda1.log
Gplus,CaliToLS,1,fixed,decrease,0.20,1,,,,0.000000,1,results_laplace_all_attacks/Gplus_CaliToLS_eps1_fixed_decrease_mr0.20_lambda1.log
Gplus,CaliToLS,1,fixed,increase,0.03,1,,,,0.000000,1,results_laplace_all_attacks/Gplus_CaliToLS_eps1_fixed_increase_mr0.03_lambda1.log
Gplus,CaliToLS,1,fixed,increase,0.05,1,,,,0.000000,1,results_laplace_all_attacks/Gplus_CaliToLS_eps1_fixed_increase_mr0.05_lambda1.log
Gplus,CaliToLS,1,fixed,increase,0.08,1,,,,0.000000,1,results_laplace_all_attacks/Gplus_CaliToLS_eps1_fixed_increase_mr0.08_lambda1.log
Gplus,CaliToLS,1,fixed,increase,0.10,1,,,,0.000000,1,results_laplace_all_attacks/Gplus_CaliToLS_eps1_fixed_increase_mr0.10_lambda1.log
Gplus,CaliToLS,1,fixed,increase,0.13,1,,,,0.000000,1,results_laplace_all_attacks/Gplus_CaliToLS_eps1_fixed_increase_mr0.13_lambda1.log
Gplus,CaliToLS,1,fixed,increase,0.15,1,,,,0.000000,1,results_laplace_all_attacks/Gplus_CaliToLS_eps1_fixed_increase_mr0.15_lambda1.log
Gplus,CaliToLS,1,fixed,increase,0.18,1,,,,0.000000,1,results_laplace_all_attacks/Gplus_CaliToLS_eps1_fixed_increase_mr0.18_lambda1.log
Gplus,CaliToLS,1,fixed,increase,0.20,1,,,,0.000000,1,results_laplace_all_attacks/Gplus_CaliToLS_eps1_fixed_increase_mr0.20_lambda1.log
Gplus,CaliToLS,1,scale,decrease,0.03,1,,,,0.000000,1,results_laplace_all_attacks/Gplus_CaliToLS_eps1_scale_decrease_mr0.03_lambda1.log
Gplus,CaliToLS,1,scale,decrease,0.05,1,,,,0.000000,1,results_laplace_all_attacks/Gplus_CaliToLS_eps1_scale_decrease_mr0.05_lambda1.log
Gplus,CaliToLS,1,scale,decrease,0.08,1,,,,0.000000,1,results_laplace_all_attacks/Gplus_CaliToLS_eps1_scale_decrease_mr0.08_lambda1.log
Gplus,CaliToLS,1,scale,decrease,0.10,1,,,,0.000000,1,results_laplace_all_attacks/Gplus_CaliToLS_eps1_scale_decrease_mr0.10_lambda1.log
Gplus,CaliToLS,1,scale,decrease,0.13,1,,,,0.000000,1,results_laplace_all_attacks/Gplus_CaliToLS_eps1_scale_decrease_mr0.13_lambda1.log
Gplus,CaliToLS,1,scale,decrease,0.15,1,,,,0.000000,1,results_laplace_all_attacks/Gplus_CaliToLS_eps1_scale_decrease_mr0.15_lambda1.log
Gplus,CaliToLS,1,scale,decrease,0.18,1,,,,0.000000,1,results_laplace_all_attacks/Gplus_CaliToLS_eps1_scale_decrease_mr0.18_lambda1.log
Gplus,CaliToLS,1,scale,decrease,0.20,1,,,,0.000000,1,results_laplace_all_attacks/Gplus_CaliToLS_eps1_scale_decrease_mr0.20_lambda1.log
Gplus,CaliToLS,1,scale,increase,0.03,1,,,,0.000000,1,results_laplace_all_attacks/Gplus_CaliToLS_eps1_scale_increase_mr0.03_lambda1.log
Gplus,CaliToLS,1,scale,increase,0.05,1,,,,0.000000,1,results_laplace_all_attacks/Gplus_CaliToLS_eps1_scale_increase_mr0.05_lambda1.log
Gplus,CaliToLS,1,scale,increase,0.08,1,,,,0.000000,1,results_laplace_all_attacks/Gplus_CaliToLS_eps1_scale_increase_mr0.08_lambda1.log
Gplus,CaliToLS,1,scale,increase,0.10,1,,,,0.000000,1,results_laplace_all_attacks/Gplus_CaliToLS_eps1_scale_increase_mr0.10_lambda1.log
Gplus,CaliToLS,1,scale,increase,0.13,1,,,,0.000000,1,results_laplace_all_attacks/Gplus_CaliToLS_eps1_scale_increase_mr0.13_lambda1.log
Gplus,CaliToLS,1,scale,increase,0.15,1,,,,0.000000,1,results_laplace_all_attacks/Gplus_CaliToLS_eps1_scale_increase_mr0.15_lambda1.log
Gplus,CaliToLS,1,scale,increase,0.18,1,,,,0.000000,1,results_laplace_all_attacks/Gplus_CaliToLS_eps1_scale_increase_mr0.18_lambda1.log
Gplus,CaliToLS,1,scale,increase,0.20,1,,,,0.000000,1,results_laplace_all_attacks/Gplus_CaliToLS_eps1_scale_increase_mr0.20_lambda1.log
Gplus,CaliToLS,2,clean,none,0,0,,,,0.000000,1,results_laplace_all_attacks/Gplus_CaliToLS_eps2_clean.log
Gplus,CaliToLS,2,count,decrease,0.03,1,,,,0.000000,1,results_laplace_all_attacks/Gplus_CaliToLS_eps2_count_decrease_mr0.03_lambda1.log
Gplus,CaliToLS,2,count,decrease,0.05,1,,,,0.000000,1,results_laplace_all_attacks/Gplus_CaliToLS_eps2_count_decrease_mr0.05_lambda1.log
Gplus,CaliToLS,2,count,decrease,0.08,1,,,,0.000000,1,results_laplace_all_attacks/Gplus_CaliToLS_eps2_count_decrease_mr0.08_lambda1.log
Gplus,CaliToLS,2,count,decrease,0.10,1,,,,0.000000,1,results_laplace_all_attacks/Gplus_CaliToLS_eps2_count_decrease_mr0.10_lambda1.log
Gplus,CaliToLS,2,count,decrease,0.13,1,,,,0.000000,1,results_laplace_all_attacks/Gplus_CaliToLS_eps2_count_decrease_mr0.13_lambda1.log
Gplus,CaliToLS,2,count,decrease,0.15,1,,,,0.000000,1,results_laplace_all_attacks/Gplus_CaliToLS_eps2_count_decrease_mr0.15_lambda1.log
Gplus,CaliToLS,2,count,decrease,0.18,1,,,,0.000000,1,results_laplace_all_attacks/Gplus_CaliToLS_eps2_count_decrease_mr0.18_lambda1.log
Gplus,CaliToLS,2,count,decrease,0.20,1,,,,0.000000,1,results_laplace_all_attacks/Gplus_CaliToLS_eps2_count_decrease_mr0.20_lambda1.log
Gplus,CaliToLS,2,count,increase,0.03,1,,,,0.000000,1,results_laplace_all_attacks/Gplus_CaliToLS_eps2_count_increase_mr0.03_lambda1.log
Gplus,CaliToLS,2,count,increase,0.05,1,,,,0.000000,1,results_laplace_all_attacks/Gplus_CaliToLS_eps2_count_increase_mr0.05_lambda1.log
Gplus,CaliToLS,2,count,increase,0.08,1,,,,0.000000,1,results_laplace_all_attacks/Gplus_CaliToLS_eps2_count_increase_mr0.08_lambda1.log
Gplus,CaliToLS,2,count,increase,0.10,1,,,,0.000000,1,results_laplace_all_attacks/Gplus_CaliToLS_eps2_count_increase_mr0.10_lambda1.log
Gplus,CaliToLS,2,count,increase,0.13,1,,,,0.000000,1,results_laplace_all_attacks/Gplus_CaliToLS_eps2_count_increase_mr0.13_lambda1.log
Gplus,CaliToLS,2,count,increase,0.15,1,,,,0.000000,1,results_laplace_all_attacks/Gplus_CaliToLS_eps2_count_increase_mr0.15_lambda1.log
Gplus,CaliToLS,2,count,increase,0.18,1,,,,0.000000,1,results_laplace_all_attacks/Gplus_CaliToLS_eps2_count_increase_mr0.18_lambda1.log
Gplus,CaliToLS,2,count,increase,0.20,1,,,,0.000000,1,results_laplace_all_attacks/Gplus_CaliToLS_eps2_count_increase_mr0.20_lambda1.log
Gplus,CaliToLS,2,fixed,decrease,0.03,1,,,,0.000000,1,results_laplace_all_attacks/Gplus_CaliToLS_eps2_fixed_decrease_mr0.03_lambda1.log
Gplus,CaliToLS,2,fixed,decrease,0.05,1,,,,0.000000,1,results_laplace_all_attacks/Gplus_CaliToLS_eps2_fixed_decrease_mr0.05_lambda1.log
Gplus,CaliToLS,2,fixed,decrease,0.08,1,,,,0.000000,1,results_laplace_all_attacks/Gplus_CaliToLS_eps2_fixed_decrease_mr0.08_lambda1.log
Gplus,CaliToLS,2,fixed,decrease,0.10,1,,,,0.000000,1,results_laplace_all_attacks/Gplus_CaliToLS_eps2_fixed_decrease_mr0.10_lambda1.log
Gplus,CaliToLS,2,fixed,decrease,0.13,1,,,,0.000000,1,results_laplace_all_attacks/Gplus_CaliToLS_eps2_fixed_decrease_mr0.13_lambda1.log
Gplus,CaliToLS,2,fixed,decrease,0.15,1,,,,0.000000,1,results_laplace_all_attacks/Gplus_CaliToLS_eps2_fixed_decrease_mr0.15_lambda1.log
Gplus,CaliToLS,2,fixed,decrease,0.18,1,,,,0.000000,1,results_laplace_all_attacks/Gplus_CaliToLS_eps2_fixed_decrease_mr0.18_lambda1.log
Gplus,CaliToLS,2,fixed,decrease,0.20,1,,,,0.000000,1,results_laplace_all_attacks/Gplus_CaliToLS_eps2_fixed_decrease_mr0.20_lambda1.log
Gplus,CaliToLS,2,fixed,increase,0.03,1,,,,0.000000,1,results_laplace_all_attacks/Gplus_CaliToLS_eps2_fixed_increase_mr0.03_lambda1.log
Gplus,CaliToLS,2,fixed,increase,0.05,1,,,,0.000000,1,results_laplace_all_attacks/Gplus_CaliToLS_eps2_fixed_increase_mr0.05_lambda1.log
Gplus,CaliToLS,2,fixed,increase,0.08,1,,,,0.000000,1,results_laplace_all_attacks/Gplus_CaliToLS_eps2_fixed_increase_mr0.08_lambda1.log
Gplus,CaliToLS,2,fixed,increase,0.10,1,,,,0.000000,1,results_laplace_all_attacks/Gplus_CaliToLS_eps2_fixed_increase_mr0.10_lambda1.log
Gplus,CaliToLS,2,fixed,increase,0.13,1,,,,0.000000,1,results_laplace_all_attacks/Gplus_CaliToLS_eps2_fixed_increase_mr0.13_lambda1.log
Gplus,CaliToLS,2,fixed,increase,0.15,1,,,,0.000000,1,results_laplace_all_attacks/Gplus_CaliToLS_eps2_fixed_increase_mr0.15_lambda1.log
Gplus,CaliToLS,2,fixed,increase,0.18,1,,,,0.000000,1,results_laplace_all_attacks/Gplus_CaliToLS_eps2_fixed_increase_mr0.18_lambda1.log
Gplus,CaliToLS,2,fixed,increase,0.20,1,,,,0.000000,1,results_laplace_all_attacks/Gplus_CaliToLS_eps2_fixed_increase_mr0.20_lambda1.log
Gplus,CaliToLS,2,scale,decrease,0.03,1,,,,0.000000,1,results_laplace_all_attacks/Gplus_CaliToLS_eps2_scale_decrease_mr0.03_lambda1.log
Gplus,CaliToLS,2,scale,decrease,0.05,1,,,,0.000000,1,results_laplace_all_attacks/Gplus_CaliToLS_eps2_scale_decrease_mr0.05_lambda1.log
Gplus,CaliToLS,2,scale,decrease,0.08,1,,,,0.000000,1,results_laplace_all_attacks/Gplus_CaliToLS_eps2_scale_decrease_mr0.08_lambda1.log
Gplus,CaliToLS,2,scale,decrease,0.10,1,,,,0.000000,1,results_laplace_all_attacks/Gplus_CaliToLS_eps2_scale_decrease_mr0.10_lambda1.log
Gplus,CaliToLS,2,scale,decrease,0.13,1,,,,0.000000,1,results_laplace_all_attacks/Gplus_CaliToLS_eps2_scale_decrease_mr0.13_lambda1.log
Gplus,CaliToLS,2,scale,decrease,0.15,1,,,,0.000000,1,results_laplace_all_attacks/Gplus_CaliToLS_eps2_scale_decrease_mr0.15_lambda1.log
Gplus,CaliToLS,2,scale,decrease,0.18,1,,,,0.000000,1,results_laplace_all_attacks/Gplus_CaliToLS_eps2_scale_decrease_mr0.18_lambda1.log
Gplus,CaliToLS,2,scale,decrease,0.20,1,,,,0.000000,1,results_laplace_all_attacks/Gplus_CaliToLS_eps2_scale_decrease_mr0.20_lambda1.log
Gplus,CaliToLS,2,scale,increase,0.03,1,,,,0.000000,1,results_laplace_all_attacks/Gplus_CaliToLS_eps2_scale_increase_mr0.03_lambda1.log
Gplus,CaliToLS,2,scale,increase,0.05,1,,,,0.000000,1,results_laplace_all_attacks/Gplus_CaliToLS_eps2_scale_increase_mr0.05_lambda1.log
Gplus,CaliToLS,2,scale,increase,0.08,1,,,,0.000000,1,results_laplace_all_attacks/Gplus_CaliToLS_eps2_scale_increase_mr0.08_lambda1.log
Gplus,CaliToLS,2,scale,increase,0.10,1,,,,0.000000,1,results_laplace_all_attacks/Gplus_CaliToLS_eps2_scale_increase_mr0.10_lambda1.log
Gplus,CaliToLS,2,scale,increase,0.13,1,,,,0.000000,1,results_laplace_all_attacks/Gplus_CaliToLS_eps2_scale_increase_mr0.13_lambda1.log
Gplus,CaliToLS,2,scale,increase,0.15,1,,,,0.000000,1,results_laplace_all_attacks/Gplus_CaliToLS_eps2_scale_increase_mr0.15_lambda1.log
Gplus,CaliToLS,2,scale,increase,0.18,1,,,,0.000000,1,results_laplace_all_attacks/Gplus_CaliToLS_eps2_scale_increase_mr0.18_lambda1.log
Gplus,CaliToLS,2,scale,increase,0.20,1,,,,0.000000,1,results_laplace_all_attacks/Gplus_CaliToLS_eps2_scale_increase_mr0.20_lambda1.log
Gplus,CaliToTrunc,0.5,clean,none,0,0,,,,0.004022,1,results_laplace_all_attacks/Gplus_CaliToTrunc_eps0.5_clean.log
Gplus,CaliToTrunc,0.5,count,decrease,0.03,1,,,,0.033243,1,results_laplace_all_attacks/Gplus_CaliToTrunc_eps0.5_count_decrease_mr0.03_lambda1.log
Gplus,CaliToTrunc,0.5,count,decrease,0.05,1,,,,0.049970,1,results_laplace_all_attacks/Gplus_CaliToTrunc_eps0.5_count_decrease_mr0.05_lambda1.log
Gplus,CaliToTrunc,0.5,count,decrease,0.08,1,,,,0.078984,1,results_laplace_all_attacks/Gplus_CaliToTrunc_eps0.5_count_decrease_mr0.08_lambda1.log
Gplus,CaliToTrunc,0.5,count,decrease,0.10,1,,,,0.100848,1,results_laplace_all_attacks/Gplus_CaliToTrunc_eps0.5_count_decrease_mr0.10_lambda1.log
Gplus,CaliToTrunc,0.5,count,decrease,0.13,1,,,,0.126137,1,results_laplace_all_attacks/Gplus_CaliToTrunc_eps0.5_count_decrease_mr0.13_lambda1.log
Gplus,CaliToTrunc,0.5,count,decrease,0.15,1,,,,0.150132,1,results_laplace_all_attacks/Gplus_CaliToTrunc_eps0.5_count_decrease_mr0.15_lambda1.log
Gplus,CaliToTrunc,0.5,count,decrease,0.18,1,,,,0.178732,1,results_laplace_all_attacks/Gplus_CaliToTrunc_eps0.5_count_decrease_mr0.18_lambda1.log
Gplus,CaliToTrunc,0.5,count,decrease,0.20,1,,,,0.200367,1,results_laplace_all_attacks/Gplus_CaliToTrunc_eps0.5_count_decrease_mr0.20_lambda1.log
Gplus,CaliToTrunc,0.5,count,increase,0.03,1,,,,0.035656,1,results_laplace_all_attacks/Gplus_CaliToTrunc_eps0.5_count_increase_mr0.03_lambda1.log
Gplus,CaliToTrunc,0.5,count,increase,0.05,1,,,,0.052384,1,results_laplace_all_attacks/Gplus_CaliToTrunc_eps0.5_count_increase_mr0.05_lambda1.log
Gplus,CaliToTrunc,0.5,count,increase,0.08,1,,,,0.081398,1,results_laplace_all_attacks/Gplus_CaliToTrunc_eps0.5_count_increase_mr0.08_lambda1.log
Gplus,CaliToTrunc,0.5,count,increase,0.10,1,,,,0.103262,1,results_laplace_all_attacks/Gplus_CaliToTrunc_eps0.5_count_increase_mr0.10_lambda1.log
Gplus,CaliToTrunc,0.5,count,increase,0.13,1,,,,0.128551,1,results_laplace_all_attacks/Gplus_CaliToTrunc_eps0.5_count_increase_mr0.13_lambda1.log
Gplus,CaliToTrunc,0.5,count,increase,0.15,1,,,,0.152546,1,results_laplace_all_attacks/Gplus_CaliToTrunc_eps0.5_count_increase_mr0.15_lambda1.log
Gplus,CaliToTrunc,0.5,count,increase,0.18,1,,,,0.181146,1,results_laplace_all_attacks/Gplus_CaliToTrunc_eps0.5_count_increase_mr0.18_lambda1.log
Gplus,CaliToTrunc,0.5,count,increase,0.20,1,,,,0.202781,1,results_laplace_all_attacks/Gplus_CaliToTrunc_eps0.5_count_increase_mr0.20_lambda1.log
Gplus,CaliToTrunc,0.5,fixed,decrease,0.03,1,,,,0.004021,1,results_laplace_all_attacks/Gplus_CaliToTrunc_eps0.5_fixed_decrease_mr0.03_lambda1.log
Gplus,CaliToTrunc,0.5,fixed,decrease,0.05,1,,,,0.004034,1,results_laplace_all_attacks/Gplus_CaliToTrunc_eps0.5_fixed_decrease_mr0.05_lambda1.log
Gplus,CaliToTrunc,0.5,fixed,decrease,0.08,1,,,,0.004060,1,results_laplace_all_attacks/Gplus_CaliToTrunc_eps0.5_fixed_decrease_mr0.08_lambda1.log
Gplus,CaliToTrunc,0.5,fixed,decrease,0.10,1,,,,0.004087,1,results_laplace_all_attacks/Gplus_CaliToTrunc_eps0.5_fixed_decrease_mr0.10_lambda1.log
Gplus,CaliToTrunc,0.5,fixed,decrease,0.13,1,,,,0.004127,1,results_laplace_all_attacks/Gplus_CaliToTrunc_eps0.5_fixed_decrease_mr0.13_lambda1.log
Gplus,CaliToTrunc,0.5,fixed,decrease,0.15,1,,,,0.004163,1,results_laplace_all_attacks/Gplus_CaliToTrunc_eps0.5_fixed_decrease_mr0.15_lambda1.log
Gplus,CaliToTrunc,0.5,fixed,decrease,0.18,1,,,,0.004259,1,results_laplace_all_attacks/Gplus_CaliToTrunc_eps0.5_fixed_decrease_mr0.18_lambda1.log
Gplus,CaliToTrunc,0.5,fixed,decrease,0.20,1,,,,0.004326,1,results_laplace_all_attacks/Gplus_CaliToTrunc_eps0.5_fixed_decrease_mr0.20_lambda1.log
Gplus,CaliToTrunc,0.5,fixed,increase,0.03,1,,,,0.004050,1,results_laplace_all_attacks/Gplus_CaliToTrunc_eps0.5_fixed_increase_mr0.03_lambda1.log
Gplus,CaliToTrunc,0.5,fixed,increase,0.05,1,,,,0.004103,1,results_laplace_all_attacks/Gplus_CaliToTrunc_eps0.5_fixed_increase_mr0.05_lambda1.log
Gplus,CaliToTrunc,0.5,fixed,increase,0.08,1,,,,0.004221,1,results_laplace_all_attacks/Gplus_CaliToTrunc_eps0.5_fixed_increase_mr0.08_lambda1.log
Gplus,CaliToTrunc,0.5,fixed,increase,0.10,1,,,,0.004302,1,results_laplace_all_attacks/Gplus_CaliToTrunc_eps0.5_fixed_increase_mr0.10_lambda1.log
Gplus,CaliToTrunc,0.5,fixed,increase,0.13,1,,,,0.004423,1,results_laplace_all_attacks/Gplus_CaliToTrunc_eps0.5_fixed_increase_mr0.13_lambda1.log
Gplus,CaliToTrunc,0.5,fixed,increase,0.15,1,,,,0.004504,1,results_laplace_all_attacks/Gplus_CaliToTrunc_eps0.5_fixed_increase_mr0.15_lambda1.log
Gplus,CaliToTrunc,0.5,fixed,increase,0.18,1,,,,0.004646,1,results_laplace_all_attacks/Gplus_CaliToTrunc_eps0.5_fixed_increase_mr0.18_lambda1.log
Gplus,CaliToTrunc,0.5,fixed,increase,0.20,1,,,,0.004754,1,results_laplace_all_attacks/Gplus_CaliToTrunc_eps0.5_fixed_increase_mr0.20_lambda1.log
Gplus,CaliToTrunc,0.5,scale,decrease,0.03,1,,,,0.009073,1,results_laplace_all_attacks/Gplus_CaliToTrunc_eps0.5_scale_decrease_mr0.03_lambda1.log
Gplus,CaliToTrunc,0.5,scale,decrease,0.05,1,,,,0.015138,1,results_laplace_all_attacks/Gplus_CaliToTrunc_eps0.5_scale_decrease_mr0.05_lambda1.log
Gplus,CaliToTrunc,0.5,scale,decrease,0.08,1,,,,0.025027,1,results_laplace_all_attacks/Gplus_CaliToTrunc_eps0.5_scale_decrease_mr0.08_lambda1.log
Gplus,CaliToTrunc,0.5,scale,decrease,0.10,1,,,,0.031822,1,results_laplace_all_attacks/Gplus_CaliToTrunc_eps0.5_scale_decrease_mr0.10_lambda1.log
Gplus,CaliToTrunc,0.5,scale,decrease,0.13,1,,,,0.041420,1,results_laplace_all_attacks/Gplus_CaliToTrunc_eps0.5_scale_decrease_mr0.13_lambda1.log
Gplus,CaliToTrunc,0.5,scale,decrease,0.15,1,,,,0.048082,1,results_laplace_all_attacks/Gplus_CaliToTrunc_eps0.5_scale_decrease_mr0.15_lambda1.log
Gplus,CaliToTrunc,0.5,scale,decrease,0.18,1,,,,0.057850,1,results_laplace_all_attacks/Gplus_CaliToTrunc_eps0.5_scale_decrease_mr0.18_lambda1.log
Gplus,CaliToTrunc,0.5,scale,decrease,0.20,1,,,,0.064451,1,results_laplace_all_attacks/Gplus_CaliToTrunc_eps0.5_scale_decrease_mr0.20_lambda1.log
Gplus,CaliToTrunc,0.5,scale,increase,0.03,1,,,,0.011193,1,results_laplace_all_attacks/Gplus_CaliToTrunc_eps0.5_scale_increase_mr0.03_lambda1.log
Gplus,CaliToTrunc,0.5,scale,increase,0.05,1,,,,0.017552,1,results_laplace_all_attacks/Gplus_CaliToTrunc_eps0.5_scale_increase_mr0.05_lambda1.log
Gplus,CaliToTrunc,0.5,scale,increase,0.08,1,,,,0.027441,1,results_laplace_all_attacks/Gplus_CaliToTrunc_eps0.5_scale_increase_mr0.08_lambda1.log
Gplus,CaliToTrunc,0.5,scale,increase,0.10,1,,,,0.034236,1,results_laplace_all_attacks/Gplus_CaliToTrunc_eps0.5_scale_increase_mr0.10_lambda1.log
Gplus,CaliToTrunc,0.5,scale,increase,0.13,1,,,,0.043834,1,results_laplace_all_attacks/Gplus_CaliToTrunc_eps0.5_scale_increase_mr0.13_lambda1.log
Gplus,CaliToTrunc,0.5,scale,increase,0.15,1,,,,0.050496,1,results_laplace_all_attacks/Gplus_CaliToTrunc_eps0.5_scale_increase_mr0.15_lambda1.log
Gplus,CaliToTrunc,0.5,scale,increase,0.18,1,,,,0.060264,1,results_laplace_all_attacks/Gplus_CaliToTrunc_eps0.5_scale_increase_mr0.18_lambda1.log
Gplus,CaliToTrunc,0.5,scale,increase,0.20,1,,,,0.066865,1,results_laplace_all_attacks/Gplus_CaliToTrunc_eps0.5_scale_increase_mr0.20_lambda1.log
Gplus,CaliToTrunc,1,clean,none,0,0,,,,0.001925,1,results_laplace_all_attacks/Gplus_CaliToTrunc_eps1_clean.log
Gplus,CaliToTrunc,1,count,decrease,0.03,1,,,,0.034848,1,results_laplace_all_attacks/Gplus_CaliToTrunc_eps1_count_decrease_mr0.03_lambda1.log
Gplus,CaliToTrunc,1,count,decrease,0.05,1,,,,0.051159,1,results_laplace_all_attacks/Gplus_CaliToTrunc_eps1_count_decrease_mr0.05_lambda1.log
Gplus,CaliToTrunc,1,count,decrease,0.08,1,,,,0.079525,1,results_laplace_all_attacks/Gplus_CaliToTrunc_eps1_count_decrease_mr0.08_lambda1.log
Gplus,CaliToTrunc,1,count,decrease,0.10,1,,,,0.100925,1,results_laplace_all_attacks/Gplus_CaliToTrunc_eps1_count_decrease_mr0.10_lambda1.log
Gplus,CaliToTrunc,1,count,decrease,0.13,1,,,,0.125424,1,results_laplace_all_attacks/Gplus_CaliToTrunc_eps1_count_decrease_mr0.13_lambda1.log
Gplus,CaliToTrunc,1,count,decrease,0.15,1,,,,0.148798,1,results_laplace_all_attacks/Gplus_CaliToTrunc_eps1_count_decrease_mr0.15_lambda1.log
Gplus,CaliToTrunc,1,count,decrease,0.18,1,,,,0.176635,1,results_laplace_all_attacks/Gplus_CaliToTrunc_eps1_count_decrease_mr0.18_lambda1.log
Gplus,CaliToTrunc,1,count,decrease,0.20,1,,,,0.197855,1,results_laplace_all_attacks/Gplus_CaliToTrunc_eps1_count_decrease_mr0.20_lambda1.log
Gplus,CaliToTrunc,1,count,increase,0.03,1,,,,0.032468,1,results_laplace_all_attacks/Gplus_CaliToTrunc_eps1_count_increase_mr0.03_lambda1.log
Gplus,CaliToTrunc,1,count,increase,0.05,1,,,,0.048779,1,results_laplace_all_attacks/Gplus_CaliToTrunc_eps1_count_increase_mr0.05_lambda1.log
Gplus,CaliToTrunc,1,count,increase,0.08,1,,,,0.077145,1,results_laplace_all_attacks/Gplus_CaliToTrunc_eps1_count_increase_mr0.08_lambda1.log
Gplus,CaliToTrunc,1,count,increase,0.10,1,,,,0.098545,1,results_laplace_all_attacks/Gplus_CaliToTrunc_eps1_count_increase_mr0.10_lambda1.log
Gplus,CaliToTrunc,1,count,increase,0.13,1,,,,0.123044,1,results_laplace_all_attacks/Gplus_CaliToTrunc_eps1_count_increase_mr0.13_lambda1.log
Gplus,CaliToTrunc,1,count,increase,0.15,1,,,,0.146418,1,results_laplace_all_attacks/Gplus_CaliToTrunc_eps1_count_increase_mr0.15_lambda1.log
Gplus,CaliToTrunc,1,count,increase,0.18,1,,,,0.174255,1,results_laplace_all_attacks/Gplus_CaliToTrunc_eps1_count_increase_mr0.18_lambda1.log
Gplus,CaliToTrunc,1,count,increase,0.20,1,,,,0.195475,1,results_laplace_all_attacks/Gplus_CaliToTrunc_eps1_count_increase_mr0.20_lambda1.log
Gplus,CaliToTrunc,1,fixed,decrease,0.03,1,,,,0.002067,1,results_laplace_all_attacks/Gplus_CaliToTrunc_eps1_fixed_decrease_mr0.03_lambda1.log
Gplus,CaliToTrunc,1,fixed,decrease,0.05,1,,,,0.002176,1,results_laplace_all_attacks/Gplus_CaliToTrunc_eps1_fixed_decrease_mr0.05_lambda1.log
Gplus,CaliToTrunc,1,fixed,decrease,0.08,1,,,,0.002377,1,results_laplace_all_attacks/Gplus_CaliToTrunc_eps1_fixed_decrease_mr0.08_lambda1.log
Gplus,CaliToTrunc,1,fixed,decrease,0.10,1,,,,0.002519,1,results_laplace_all_attacks/Gplus_CaliToTrunc_eps1_fixed_decrease_mr0.10_lambda1.log
Gplus,CaliToTrunc,1,fixed,decrease,0.13,1,,,,0.002742,1,results_laplace_all_attacks/Gplus_CaliToTrunc_eps1_fixed_decrease_mr0.13_lambda1.log
Gplus,CaliToTrunc,1,fixed,decrease,0.15,1,,,,0.002898,1,results_laplace_all_attacks/Gplus_CaliToTrunc_eps1_fixed_decrease_mr0.15_lambda1.log
Gplus,CaliToTrunc,1,fixed,decrease,0.18,1,,,,0.003141,1,results_laplace_all_attacks/Gplus_CaliToTrunc_eps1_fixed_decrease_mr0.18_lambda1.log
Gplus,CaliToTrunc,1,fixed,decrease,0.20,1,,,,0.003303,1,results_laplace_all_attacks/Gplus_CaliToTrunc_eps1_fixed_decrease_mr0.20_lambda1.log
Gplus,CaliToTrunc,1,fixed,increase,0.03,1,,,,0.001783,1,results_laplace_all_attacks/Gplus_CaliToTrunc_eps1_fixed_increase_mr0.03_lambda1.log
Gplus,CaliToTrunc,1,fixed,increase,0.05,1,,,,0.001689,1,results_laplace_all_attacks/Gplus_CaliToTrunc_eps1_fixed_increase_mr0.05_lambda1.log
Gplus,CaliToTrunc,1,fixed,increase,0.08,1,,,,0.001581,1,results_laplace_all_attacks/Gplus_CaliToTrunc_eps1_fixed_increase_mr0.08_lambda1.log
Gplus,CaliToTrunc,1,fixed,increase,0.10,1,,,,0.001550,1,results_laplace_all_attacks/Gplus_CaliToTrunc_eps1_fixed_increase_mr0.10_lambda1.log
Gplus,CaliToTrunc,1,fixed,increase,0.13,1,,,,0.001509,1,results_laplace_all_attacks/Gplus_CaliToTrunc_eps1_fixed_increase_mr0.13_lambda1.log
Gplus,CaliToTrunc,1,fixed,increase,0.15,1,,,,0.001502,1,results_laplace_all_attacks/Gplus_CaliToTrunc_eps1_fixed_increase_mr0.15_lambda1.log
Gplus,CaliToTrunc,1,fixed,increase,0.18,1,,,,0.001520,1,results_laplace_all_attacks/Gplus_CaliToTrunc_eps1_fixed_increase_mr0.18_lambda1.log
Gplus,CaliToTrunc,1,fixed,increase,0.20,1,,,,0.001557,1,results_laplace_all_attacks/Gplus_CaliToTrunc_eps1_fixed_increase_mr0.20_lambda1.log
Gplus,CaliToTrunc,1,scale,decrease,0.03,1,,,,0.004301,1,results_laplace_all_attacks/Gplus_CaliToTrunc_eps1_scale_decrease_mr0.03_lambda1.log
Gplus,CaliToTrunc,1,scale,decrease,0.05,1,,,,0.006191,1,results_laplace_all_attacks/Gplus_CaliToTrunc_eps1_scale_decrease_mr0.05_lambda1.log
Gplus,CaliToTrunc,1,scale,decrease,0.08,1,,,,0.009229,1,results_laplace_all_attacks/Gplus_CaliToTrunc_eps1_scale_decrease_mr0.08_lambda1.log
Gplus,CaliToTrunc,1,scale,decrease,0.10,1,,,,0.011315,1,results_laplace_all_attacks/Gplus_CaliToTrunc_eps1_scale_decrease_mr0.10_lambda1.log
Gplus,CaliToTrunc,1,scale,decrease,0.13,1,,,,0.014150,1,results_laplace_all_attacks/Gplus_CaliToTrunc_eps1_scale_decrease_mr0.13_lambda1.log
Gplus,CaliToTrunc,1,scale,decrease,0.15,1,,,,0.016206,1,results_laplace_all_attacks/Gplus_CaliToTrunc_eps1_scale_decrease_mr0.15_lambda1.log
Gplus,CaliToTrunc,1,scale,decrease,0.18,1,,,,0.019127,1,results_laplace_all_attacks/Gplus_CaliToTrunc_eps1_scale_decrease_mr0.18_lambda1.log
Gplus,CaliToTrunc,1,scale,decrease,0.20,1,,,,0.021152,1,results_laplace_all_attacks/Gplus_CaliToTrunc_eps1_scale_decrease_mr0.20_lambda1.log
Gplus,CaliToTrunc,1,scale,increase,0.03,1,,,,0.002090,1,results_laplace_all_attacks/Gplus_CaliToTrunc_eps1_scale_increase_mr0.03_lambda1.log
Gplus,CaliToTrunc,1,scale,increase,0.05,1,,,,0.003811,1,results_laplace_all_attacks/Gplus_CaliToTrunc_eps1_scale_increase_mr0.05_lambda1.log
Gplus,CaliToTrunc,1,scale,increase,0.08,1,,,,0.006849,1,results_laplace_all_attacks/Gplus_CaliToTrunc_eps1_scale_increase_mr0.08_lambda1.log
Gplus,CaliToTrunc,1,scale,increase,0.10,1,,,,0.008935,1,results_laplace_all_attacks/Gplus_CaliToTrunc_eps1_scale_increase_mr0.10_lambda1.log
Gplus,CaliToTrunc,1,scale,increase,0.13,1,,,,0.011771,1,results_laplace_all_attacks/Gplus_CaliToTrunc_eps1_scale_increase_mr0.13_lambda1.log
Gplus,CaliToTrunc,1,scale,increase,0.15,1,,,,0.013826,1,results_laplace_all_attacks/Gplus_CaliToTrunc_eps1_scale_increase_mr0.15_lambda1.log
Gplus,CaliToTrunc,1,scale,increase,0.18,1,,,,0.016747,1,results_laplace_all_attacks/Gplus_CaliToTrunc_eps1_scale_increase_mr0.18_lambda1.log
Gplus,CaliToTrunc,1,scale,increase,0.20,1,,,,0.018773,1,results_laplace_all_attacks/Gplus_CaliToTrunc_eps1_scale_increase_mr0.20_lambda1.log
Gplus,CaliToTrunc,2,clean,none,0,0,,,,0.006940,1,results_laplace_all_attacks/Gplus_CaliToTrunc_eps2_clean.log
Gplus,CaliToTrunc,2,count,decrease,0.03,1,,,,0.039612,1,results_laplace_all_attacks/Gplus_CaliToTrunc_eps2_count_decrease_mr0.03_lambda1.log
Gplus,CaliToTrunc,2,count,decrease,0.05,1,,,,0.055191,1,results_laplace_all_attacks/Gplus_CaliToTrunc_eps2_count_decrease_mr0.05_lambda1.log
Gplus,CaliToTrunc,2,count,decrease,0.08,1,,,,0.082540,1,results_laplace_all_attacks/Gplus_CaliToTrunc_eps2_count_decrease_mr0.08_lambda1.log
Gplus,CaliToTrunc,2,count,decrease,0.10,1,,,,0.103254,1,results_laplace_all_attacks/Gplus_CaliToTrunc_eps2_count_decrease_mr0.10_lambda1.log
Gplus,CaliToTrunc,2,count,decrease,0.13,1,,,,0.126835,1,results_laplace_all_attacks/Gplus_CaliToTrunc_eps2_count_decrease_mr0.13_lambda1.log
Gplus,CaliToTrunc,2,count,decrease,0.15,1,,,,0.149364,1,results_laplace_all_attacks/Gplus_CaliToTrunc_eps2_count_decrease_mr0.15_lambda1.log
Gplus,CaliToTrunc,2,count,decrease,0.18,1,,,,0.176166,1,results_laplace_all_attacks/Gplus_CaliToTrunc_eps2_count_decrease_mr0.18_lambda1.log
Gplus,CaliToTrunc,2,count,decrease,0.20,1,,,,0.196751,1,results_laplace_all_attacks/Gplus_CaliToTrunc_eps2_count_decrease_mr0.20_lambda1.log
Gplus,CaliToTrunc,2,count,increase,0.03,1,,,,0.025732,1,results_laplace_all_attacks/Gplus_CaliToTrunc_eps2_count_increase_mr0.03_lambda1.log
Gplus,CaliToTrunc,2,count,increase,0.05,1,,,,0.041311,1,results_laplace_all_attacks/Gplus_CaliToTrunc_eps2_count_increase_mr0.05_lambda1.log
Gplus,CaliToTrunc,2,count,increase,0.08,1,,,,0.068660,1,results_laplace_all_attacks/Gplus_CaliToTrunc_eps2_count_increase_mr0.08_lambda1.log
Gplus,CaliToTrunc,2,count,increase,0.10,1,,,,0.089375,1,results_laplace_all_attacks/Gplus_CaliToTrunc_eps2_count_increase_mr0.10_lambda1.log
Gplus,CaliToTrunc,2,count,increase,0.13,1,,,,0.112956,1,results_laplace_all_attacks/Gplus_CaliToTrunc_eps2_count_increase_mr0.13_lambda1.log
Gplus,CaliToTrunc,2,count,increase,0.15,1,,,,0.135484,1,results_laplace_all_attacks/Gplus_CaliToTrunc_eps2_count_increase_mr0.15_lambda1.log
Gplus,CaliToTrunc,2,count,increase,0.18,1,,,,0.162286,1,results_laplace_all_attacks/Gplus_CaliToTrunc_eps2_count_increase_mr0.18_lambda1.log
Gplus,CaliToTrunc,2,count,increase,0.20,1,,,,0.182871,1,results_laplace_all_attacks/Gplus_CaliToTrunc_eps2_count_increase_mr0.20_lambda1.log
Gplus,CaliToTrunc,2,fixed,decrease,0.03,1,,,,0.007243,1,results_laplace_all_attacks/Gplus_CaliToTrunc_eps2_fixed_decrease_mr0.03_lambda1.log
Gplus,CaliToTrunc,2,fixed,decrease,0.05,1,,,,0.007446,1,results_laplace_all_attacks/Gplus_CaliToTrunc_eps2_fixed_decrease_mr0.05_lambda1.log
Gplus,CaliToTrunc,2,fixed,decrease,0.08,1,,,,0.007749,1,results_laplace_all_attacks/Gplus_CaliToTrunc_eps2_fixed_decrease_mr0.08_lambda1.log
Gplus,CaliToTrunc,2,fixed,decrease,0.10,1,,,,0.007951,1,results_laplace_all_attacks/Gplus_CaliToTrunc_eps2_fixed_decrease_mr0.10_lambda1.log
Gplus,CaliToTrunc,2,fixed,decrease,0.13,1,,,,0.008255,1,results_laplace_all_attacks/Gplus_CaliToTrunc_eps2_fixed_decrease_mr0.13_lambda1.log
Gplus,CaliToTrunc,2,fixed,decrease,0.15,1,,,,0.008457,1,results_laplace_all_attacks/Gplus_CaliToTrunc_eps2_fixed_decrease_mr0.15_lambda1.log
Gplus,CaliToTrunc,2,fixed,decrease,0.18,1,,,,0.008761,1,results_laplace_all_attacks/Gplus_CaliToTrunc_eps2_fixed_decrease_mr0.18_lambda1.log
Gplus,CaliToTrunc,2,fixed,decrease,0.20,1,,,,0.008963,1,results_laplace_all_attacks/Gplus_CaliToTrunc_eps2_fixed_decrease_mr0.20_lambda1.log
Gplus,CaliToTrunc,2,fixed,increase,0.03,1,,,,0.006636,1,results_laplace_all_attacks/Gplus_CaliToTrunc_eps2_fixed_increase_mr0.03_lambda1.log
Gplus,CaliToTrunc,2,fixed,increase,0.05,1,,,,0.006434,1,results_laplace_all_attacks/Gplus_CaliToTrunc_eps2_fixed_increase_mr0.05_lambda1.log
Gplus,CaliToTrunc,2,fixed,increase,0.08,1,,,,0.006130,1,results_laplace_all_attacks/Gplus_CaliToTrunc_eps2_fixed_increase_mr0.08_lambda1.log
Gplus,CaliToTrunc,2,fixed,increase,0.10,1,,,,0.005928,1,results_laplace_all_attacks/Gplus_CaliToTrunc_eps2_fixed_increase_mr0.10_lambda1.log
Gplus,CaliToTrunc,2,fixed,increase,0.13,1,,,,0.005625,1,results_laplace_all_attacks/Gplus_CaliToTrunc_eps2_fixed_increase_mr0.13_lambda1.log
Gplus,CaliToTrunc,2,fixed,increase,0.15,1,,,,0.005422,1,results_laplace_all_attacks/Gplus_CaliToTrunc_eps2_fixed_increase_mr0.15_lambda1.log
Gplus,CaliToTrunc,2,fixed,increase,0.18,1,,,,0.005119,1,results_laplace_all_attacks/Gplus_CaliToTrunc_eps2_fixed_increase_mr0.18_lambda1.log
Gplus,CaliToTrunc,2,fixed,increase,0.20,1,,,,0.004916,1,results_laplace_all_attacks/Gplus_CaliToTrunc_eps2_fixed_increase_mr0.20_lambda1.log
Gplus,CaliToTrunc,2,scale,decrease,0.03,1,,,,0.008322,1,results_laplace_all_attacks/Gplus_CaliToTrunc_eps2_scale_decrease_mr0.03_lambda1.log
Gplus,CaliToTrunc,2,scale,decrease,0.05,1,,,,0.009146,1,results_laplace_all_attacks/Gplus_CaliToTrunc_eps2_scale_decrease_mr0.05_lambda1.log
Gplus,CaliToTrunc,2,scale,decrease,0.08,1,,,,0.010471,1,results_laplace_all_attacks/Gplus_CaliToTrunc_eps2_scale_decrease_mr0.08_lambda1.log
Gplus,CaliToTrunc,2,scale,decrease,0.10,1,,,,0.011392,1,results_laplace_all_attacks/Gplus_CaliToTrunc_eps2_scale_decrease_mr0.10_lambda1.log
Gplus,CaliToTrunc,2,scale,decrease,0.13,1,,,,0.012658,1,results_laplace_all_attacks/Gplus_CaliToTrunc_eps2_scale_decrease_mr0.13_lambda1.log
Gplus,CaliToTrunc,2,scale,decrease,0.15,1,,,,0.013570,1,results_laplace_all_attacks/Gplus_CaliToTrunc_eps2_scale_decrease_mr0.15_lambda1.log
Gplus,CaliToTrunc,2,scale,decrease,0.18,1,,,,0.014857,1,results_laplace_all_attacks/Gplus_CaliToTrunc_eps2_scale_decrease_mr0.18_lambda1.log
Gplus,CaliToTrunc,2,scale,decrease,0.20,1,,,,0.015757,1,results_laplace_all_attacks/Gplus_CaliToTrunc_eps2_scale_decrease_mr0.20_lambda1.log
Gplus,CaliToTrunc,2,scale,increase,0.03,1,,,,0.005558,1,results_laplace_all_attacks/Gplus_CaliToTrunc_eps2_scale_increase_mr0.03_lambda1.log
Gplus,CaliToTrunc,2,scale,increase,0.05,1,,,,0.004734,1,results_laplace_all_attacks/Gplus_CaliToTrunc_eps2_scale_increase_mr0.05_lambda1.log
Gplus,CaliToTrunc,2,scale,increase,0.08,1,,,,0.003409,1,results_laplace_all_attacks/Gplus_CaliToTrunc_eps2_scale_increase_mr0.08_lambda1.log
Gplus,CaliToTrunc,2,scale,increase,0.10,1,,,,0.002487,1,results_laplace_all_attacks/Gplus_CaliToTrunc_eps2_scale_increase_mr0.10_lambda1.log
Gplus,CaliToTrunc,2,scale,increase,0.13,1,,,,0.001310,1,results_laplace_all_attacks/Gplus_CaliToTrunc_eps2_scale_increase_mr0.13_lambda1.log
Gplus,CaliToTrunc,2,scale,increase,0.15,1,,,,0.000767,1,results_laplace_all_attacks/Gplus_CaliToTrunc_eps2_scale_increase_mr0.15_lambda1.log
Gplus,CaliToTrunc,2,scale,increase,0.18,1,,,,0.001032,1,results_laplace_all_attacks/Gplus_CaliToTrunc_eps2_scale_increase_mr0.18_lambda1.log
Gplus,CaliToTrunc,2,scale,increase,0.20,1,,,,0.001877,1,results_laplace_all_attacks/Gplus_CaliToTrunc_eps2_scale_increase_mr0.20_lambda1.log
Gplus,CaliToUpper,0.5,clean,none,0,0,,,,0.007515,1,results_laplace_all_attacks/Gplus_CaliToUpper_eps0.5_clean.log
Gplus,CaliToUpper,0.5,count,decrease,0.03,1,,,,0.033176,1,results_laplace_all_attacks/Gplus_CaliToUpper_eps0.5_count_decrease_mr0.03_lambda1.log
Gplus,CaliToUpper,0.5,count,decrease,0.05,1,,,,0.049963,1,results_laplace_all_attacks/Gplus_CaliToUpper_eps0.5_count_decrease_mr0.05_lambda1.log
Gplus,CaliToUpper,0.5,count,decrease,0.08,1,,,,0.079094,1,results_laplace_all_attacks/Gplus_CaliToUpper_eps0.5_count_decrease_mr0.08_lambda1.log
Gplus,CaliToUpper,0.5,count,decrease,0.10,1,,,,0.101038,1,results_laplace_all_attacks/Gplus_CaliToUpper_eps0.5_count_decrease_mr0.10_lambda1.log
Gplus,CaliToUpper,0.5,count,decrease,0.13,1,,,,0.126473,1,results_laplace_all_attacks/Gplus_CaliToUpper_eps0.5_count_decrease_mr0.13_lambda1.log
Gplus,CaliToUpper,0.5,count,decrease,0.15,1,,,,0.150604,1,results_laplace_all_attacks/Gplus_CaliToUpper_eps0.5_count_decrease_mr0.15_lambda1.log
Gplus,CaliToUpper,0.5,count,decrease,0.18,1,,,,0.179343,1,results_laplace_all_attacks/Gplus_CaliToUpper_eps0.5_count_decrease_mr0.18_lambda1.log
Gplus,CaliToUpper,0.5,count,decrease,0.20,1,,,,0.201069,1,results_laplace_all_attacks/Gplus_CaliToUpper_eps0.5_count_decrease_mr0.20_lambda1.log
Gplus,CaliToUpper,0.5,count,increase,0.03,1,,,,0.036114,1,results_laplace_all_attacks/Gplus_CaliToUpper_eps0.5_count_increase_mr0.03_lambda1.log
Gplus,CaliToUpper,0.5,count,increase,0.05,1,,,,0.052902,1,results_laplace_all_attacks/Gplus_CaliToUpper_eps0.5_count_increase_mr0.05_lambda1.log
Gplus,CaliToUpper,0.5,count,increase,0.08,1,,,,0.082032,1,results_laplace_all_attacks/Gplus_CaliToUpper_eps0.5_count_increase_mr0.08_lambda1.log
Gplus,CaliToUpper,0.5,count,increase,0.10,1,,,,0.103976,1,results_laplace_all_attacks/Gplus_CaliToUpper_eps0.5_count_increase_mr0.10_lambda1.log
Gplus,CaliToUpper,0.5,count,increase,0.13,1,,,,0.129411,1,results_laplace_all_attacks/Gplus_CaliToUpper_eps0.5_count_increase_mr0.13_lambda1.log
Gplus,CaliToUpper,0.5,count,increase,0.15,1,,,,0.153542,1,results_laplace_all_attacks/Gplus_CaliToUpper_eps0.5_count_increase_mr0.15_lambda1.log
Gplus,CaliToUpper,0.5,count,increase,0.18,1,,,,0.182281,1,results_laplace_all_attacks/Gplus_CaliToUpper_eps0.5_count_increase_mr0.18_lambda1.log
Gplus,CaliToUpper,0.5,count,increase,0.20,1,,,,0.204007,1,results_laplace_all_attacks/Gplus_CaliToUpper_eps0.5_count_increase_mr0.20_lambda1.log
Gplus,CaliToUpper,0.5,fixed,decrease,0.03,1,,,,0.007439,1,results_laplace_all_attacks/Gplus_CaliToUpper_eps0.5_fixed_decrease_mr0.03_lambda1.log
Gplus,CaliToUpper,0.5,fixed,decrease,0.05,1,,,,0.007411,1,results_laplace_all_attacks/Gplus_CaliToUpper_eps0.5_fixed_decrease_mr0.05_lambda1.log
Gplus,CaliToUpper,0.5,fixed,decrease,0.08,1,,,,0.007384,1,results_laplace_all_attacks/Gplus_CaliToUpper_eps0.5_fixed_decrease_mr0.08_lambda1.log
Gplus,CaliToUpper,0.5,fixed,decrease,0.10,1,,,,0.007370,1,results_laplace_all_attacks/Gplus_CaliToUpper_eps0.5_fixed_decrease_mr0.10_lambda1.log
Gplus,CaliToUpper,0.5,fixed,decrease,0.13,1,,,,0.007353,1,results_laplace_all_attacks/Gplus_CaliToUpper_eps0.5_fixed_decrease_mr0.13_lambda1.log
Gplus,CaliToUpper,0.5,fixed,decrease,0.15,1,,,,0.007353,1,results_laplace_all_attacks/Gplus_CaliToUpper_eps0.5_fixed_decrease_mr0.15_lambda1.log
Gplus,CaliToUpper,0.5,fixed,decrease,0.18,1,,,,0.007365,1,results_laplace_all_attacks/Gplus_CaliToUpper_eps0.5_fixed_decrease_mr0.18_lambda1.log
Gplus,CaliToUpper,0.5,fixed,decrease,0.20,1,,,,0.007392,1,results_laplace_all_attacks/Gplus_CaliToUpper_eps0.5_fixed_decrease_mr0.20_lambda1.log
Gplus,CaliToUpper,0.5,fixed,increase,0.03,1,,,,0.007616,1,results_laplace_all_attacks/Gplus_CaliToUpper_eps0.5_fixed_increase_mr0.03_lambda1.log
Gplus,CaliToUpper,0.5,fixed,increase,0.05,1,,,,0.007684,1,results_laplace_all_attacks/Gplus_CaliToUpper_eps0.5_fixed_increase_mr0.05_lambda1.log
Gplus,CaliToUpper,0.5,fixed,increase,0.08,1,,,,0.007785,1,results_laplace_all_attacks/Gplus_CaliToUpper_eps0.5_fixed_increase_mr0.08_lambda1.log
Gplus,CaliToUpper,0.5,fixed,increase,0.10,1,,,,0.007852,1,results_laplace_all_attacks/Gplus_CaliToUpper_eps0.5_fixed_increase_mr0.10_lambda1.log
Gplus,CaliToUpper,0.5,fixed,increase,0.13,1,,,,0.007954,1,results_laplace_all_attacks/Gplus_CaliToUpper_eps0.5_fixed_increase_mr0.13_lambda1.log
Gplus,CaliToUpper,0.5,fixed,increase,0.15,1,,,,0.008021,1,results_laplace_all_attacks/Gplus_CaliToUpper_eps0.5_fixed_increase_mr0.15_lambda1.log
Gplus,CaliToUpper,0.5,fixed,increase,0.18,1,,,,0.008122,1,results_laplace_all_attacks/Gplus_CaliToUpper_eps0.5_fixed_increase_mr0.18_lambda1.log
Gplus,CaliToUpper,0.5,fixed,increase,0.20,1,,,,0.008190,1,results_laplace_all_attacks/Gplus_CaliToUpper_eps0.5_fixed_increase_mr0.20_lambda1.log
Gplus,CaliToUpper,0.5,scale,decrease,0.03,1,,,,0.020706,1,results_laplace_all_attacks/Gplus_CaliToUpper_eps0.5_scale_decrease_mr0.03_lambda1.log
Gplus,CaliToUpper,0.5,scale,decrease,0.05,1,,,,0.035135,1,results_laplace_all_attacks/Gplus_CaliToUpper_eps0.5_scale_decrease_mr0.05_lambda1.log
Gplus,CaliToUpper,0.5,scale,decrease,0.08,1,,,,0.057188,1,results_laplace_all_attacks/Gplus_CaliToUpper_eps0.5_scale_decrease_mr0.08_lambda1.log
Gplus,CaliToUpper,0.5,scale,decrease,0.10,1,,,,0.072044,1,results_laplace_all_attacks/Gplus_CaliToUpper_eps0.5_scale_decrease_mr0.10_lambda1.log
Gplus,CaliToUpper,0.5,scale,decrease,0.13,1,,,,0.093770,1,results_laplace_all_attacks/Gplus_CaliToUpper_eps0.5_scale_decrease_mr0.13_lambda1.log
Gplus,CaliToUpper,0.5,scale,decrease,0.15,1,,,,0.108475,1,results_laplace_all_attacks/Gplus_CaliToUpper_eps0.5_scale_decrease_mr0.15_lambda1.log
Gplus,CaliToUpper,0.5,scale,decrease,0.18,1,,,,0.130396,1,results_laplace_all_attacks/Gplus_CaliToUpper_eps0.5_scale_decrease_mr0.18_lambda1.log
Gplus,CaliToUpper,0.5,scale,decrease,0.20,1,,,,0.145111,1,results_laplace_all_attacks/Gplus_CaliToUpper_eps0.5_scale_decrease_mr0.20_lambda1.log
Gplus,CaliToUpper,0.5,scale,increase,0.03,1,,,,0.023644,1,results_laplace_all_attacks/Gplus_CaliToUpper_eps0.5_scale_increase_mr0.03_lambda1.log
Gplus,CaliToUpper,0.5,scale,increase,0.05,1,,,,0.038073,1,results_laplace_all_attacks/Gplus_CaliToUpper_eps0.5_scale_increase_mr0.05_lambda1.log
Gplus,CaliToUpper,0.5,scale,increase,0.08,1,,,,0.060127,1,results_laplace_all_attacks/Gplus_CaliToUpper_eps0.5_scale_increase_mr0.08_lambda1.log
Gplus,CaliToUpper,0.5,scale,increase,0.10,1,,,,0.074983,1,results_laplace_all_attacks/Gplus_CaliToUpper_eps0.5_scale_increase_mr0.10_lambda1.log
Gplus,CaliToUpper,0.5,scale,increase,0.13,1,,,,0.096708,1,results_laplace_all_attacks/Gplus_CaliToUpper_eps0.5_scale_increase_mr0.13_lambda1.log
Gplus,CaliToUpper,0.5,scale,increase,0.15,1,,,,0.111413,1,results_laplace_all_attacks/Gplus_CaliToUpper_eps0.5_scale_increase_mr0.15_lambda1.log
Gplus,CaliToUpper,0.5,scale,increase,0.18,1,,,,0.133335,1,results_laplace_all_attacks/Gplus_CaliToUpper_eps0.5_scale_increase_mr0.18_lambda1.log
Gplus,CaliToUpper,0.5,scale,increase,0.20,1,,,,0.148049,1,results_laplace_all_attacks/Gplus_CaliToUpper_eps0.5_scale_increase_mr0.20_lambda1.log
Gplus,CaliToUpper,1,clean,none,0,0,,,,0.003047,1,results_laplace_all_attacks/Gplus_CaliToUpper_eps1_clean.log
Gplus,CaliToUpper,1,count,decrease,0.03,1,,,,0.033540,1,results_laplace_all_attacks/Gplus_CaliToUpper_eps1_count_decrease_mr0.03_lambda1.log
Gplus,CaliToUpper,1,count,decrease,0.05,1,,,,0.050328,1,results_laplace_all_attacks/Gplus_CaliToUpper_eps1_count_decrease_mr0.05_lambda1.log
Gplus,CaliToUpper,1,count,decrease,0.08,1,,,,0.079458,1,results_laplace_all_attacks/Gplus_CaliToUpper_eps1_count_decrease_mr0.08_lambda1.log
Gplus,CaliToUpper,1,count,decrease,0.10,1,,,,0.101402,1,results_laplace_all_attacks/Gplus_CaliToUpper_eps1_count_decrease_mr0.10_lambda1.log
Gplus,CaliToUpper,1,count,decrease,0.13,1,,,,0.126837,1,results_laplace_all_attacks/Gplus_CaliToUpper_eps1_count_decrease_mr0.13_lambda1.log
Gplus,CaliToUpper,1,count,decrease,0.15,1,,,,0.150968,1,results_laplace_all_attacks/Gplus_CaliToUpper_eps1_count_decrease_mr0.15_lambda1.log
Gplus,CaliToUpper,1,count,decrease,0.18,1,,,,0.179707,1,results_laplace_all_attacks/Gplus_CaliToUpper_eps1_count_decrease_mr0.18_lambda1.log
Gplus,CaliToUpper,1,count,decrease,0.20,1,,,,0.201434,1,results_laplace_all_attacks/Gplus_CaliToUpper_eps1_count_decrease_mr0.20_lambda1.log
Gplus,CaliToUpper,1,count,increase,0.03,1,,,,0.035749,1,results_laplace_all_attacks/Gplus_CaliToUpper_eps1_count_increase_mr0.03_lambda1.log
Gplus,CaliToUpper,1,count,increase,0.05,1,,,,0.052537,1,results_laplace_all_attacks/Gplus_CaliToUpper_eps1_count_increase_mr0.05_lambda1.log
Gplus,CaliToUpper,1,count,increase,0.08,1,,,,0.081668,1,results_laplace_all_attacks/Gplus_CaliToUpper_eps1_count_increase_mr0.08_lambda1.log
Gplus,CaliToUpper,1,count,increase,0.10,1,,,,0.103611,1,results_laplace_all_attacks/Gplus_CaliToUpper_eps1_count_increase_mr0.10_lambda1.log
Gplus,CaliToUpper,1,count,increase,0.13,1,,,,0.129047,1,results_laplace_all_attacks/Gplus_CaliToUpper_eps1_count_increase_mr0.13_lambda1.log
Gplus,CaliToUpper,1,count,increase,0.15,1,,,,0.153178,1,results_laplace_all_attacks/Gplus_CaliToUpper_eps1_count_increase_mr0.15_lambda1.log
Gplus,CaliToUpper,1,count,increase,0.18,1,,,,0.181916,1,results_laplace_all_attacks/Gplus_CaliToUpper_eps1_count_increase_mr0.18_lambda1.log
Gplus,CaliToUpper,1,count,increase,0.20,1,,,,0.203643,1,results_laplace_all_attacks/Gplus_CaliToUpper_eps1_count_increase_mr0.20_lambda1.log
Gplus,CaliToUpper,1,fixed,decrease,0.03,1,,,,0.002946,1,results_laplace_all_attacks/Gplus_CaliToUpper_eps1_fixed_decrease_mr0.03_lambda1.log
Gplus,CaliToUpper,1,fixed,decrease,0.05,1,,,,0.002878,1,results_laplace_all_attacks/Gplus_CaliToUpper_eps1_fixed_decrease_mr0.05_lambda1.log
Gplus,CaliToUpper,1,fixed,decrease,0.08,1,,,,0.002820,1,results_laplace_all_attacks/Gplus_CaliToUpper_eps1_fixed_decrease_mr0.08_lambda1.log
Gplus,CaliToUpper,1,fixed,decrease,0.10,1,,,,0.002812,1,results_laplace_all_attacks/Gplus_CaliToUpper_eps1_fixed_decrease_mr0.10_lambda1.log
Gplus,CaliToUpper,1,fixed,decrease,0.13,1,,,,0.002818,1,results_laplace_all_attacks/Gplus_CaliToUpper_eps1_fixed_decrease_mr0.13_lambda1.log
Gplus,CaliToUpper,1,fixed,decrease,0.15,1,,,,0.002839,1,results_laplace_all_attacks/Gplus_CaliToUpper_eps1_fixed_decrease_mr0.15_lambda1.log
Gplus,CaliToUpper,1,fixed,decrease,0.18,1,,,,0.002927,1,results_laplace_all_attacks/Gplus_CaliToUpper_eps1_fixed_decrease_mr0.18_lambda1.log
Gplus,CaliToUpper,1,fixed,decrease,0.20,1,,,,0.002998,1,results_laplace_all_attacks/Gplus_CaliToUpper_eps1_fixed_decrease_mr0.20_lambda1.log
Gplus,CaliToUpper,1,fixed,increase,0.03,1,,,,0.003148,1,results_laplace_all_attacks/Gplus_CaliToUpper_eps1_fixed_increase_mr0.03_lambda1.log
Gplus,CaliToUpper,1,fixed,increase,0.05,1,,,,0.003216,1,results_laplace_all_attacks/Gplus_CaliToUpper_eps1_fixed_increase_mr0.05_lambda1.log
Gplus,CaliToUpper,1,fixed,increase,0.08,1,,,,0.003317,1,results_laplace_all_attacks/Gplus_CaliToUpper_eps1_fixed_increase_mr0.08_lambda1.log
Gplus,CaliToUpper,1,fixed,increase,0.10,1,,,,0.003384,1,results_laplace_all_attacks/Gplus_CaliToUpper_eps1_fixed_increase_mr0.10_lambda1.log
Gplus,CaliToUpper,1,fixed,increase,0.13,1,,,,0.003485,1,results_laplace_all_attacks/Gplus_CaliToUpper_eps1_fixed_increase_mr0.13_lambda1.log
Gplus,CaliToUpper,1,fixed,increase,0.15,1,,,,0.003553,1,results_laplace_all_attacks/Gplus_CaliToUpper_eps1_fixed_increase_mr0.15_lambda1.log
Gplus,CaliToUpper,1,fixed,increase,0.18,1,,,,0.003682,1,results_laplace_all_attacks/Gplus_CaliToUpper_eps1_fixed_increase_mr0.18_lambda1.log
Gplus,CaliToUpper,1,fixed,increase,0.20,1,,,,0.003801,1,results_laplace_all_attacks/Gplus_CaliToUpper_eps1_fixed_increase_mr0.20_lambda1.log
Gplus,CaliToUpper,1,scale,decrease,0.03,1,,,,0.007093,1,results_laplace_all_attacks/Gplus_CaliToUpper_eps1_scale_decrease_mr0.03_lambda1.log
Gplus,CaliToUpper,1,scale,decrease,0.05,1,,,,0.012362,1,results_laplace_all_attacks/Gplus_CaliToUpper_eps1_scale_decrease_mr0.05_lambda1.log
Gplus,CaliToUpper,1,scale,decrease,0.08,1,,,,0.020471,1,results_laplace_all_attacks/Gplus_CaliToUpper_eps1_scale_decrease_mr0.08_lambda1.log
Gplus,CaliToUpper,1,scale,decrease,0.10,1,,,,0.025947,1,results_laplace_all_attacks/Gplus_CaliToUpper_eps1_scale_decrease_mr0.10_lambda1.log
Gplus,CaliToUpper,1,scale,decrease,0.13,1,,,,0.033897,1,results_laplace_all_attacks/Gplus_CaliToUpper_eps1_scale_decrease_mr0.13_lambda1.log
Gplus,CaliToUpper,1,scale,decrease,0.15,1,,,,0.039346,1,results_laplace_all_attacks/Gplus_CaliToUpper_eps1_scale_decrease_mr0.15_lambda1.log
Gplus,CaliToUpper,1,scale,decrease,0.18,1,,,,0.047395,1,results_laplace_all_attacks/Gplus_CaliToUpper_eps1_scale_decrease_mr0.18_lambda1.log
Gplus,CaliToUpper,1,scale,decrease,0.20,1,,,,0.052811,1,results_laplace_all_attacks/Gplus_CaliToUpper_eps1_scale_decrease_mr0.20_lambda1.log
Gplus,CaliToUpper,1,scale,increase,0.03,1,,,,0.009302,1,results_laplace_all_attacks/Gplus_CaliToUpper_eps1_scale_increase_mr0.03_lambda1.log
Gplus,CaliToUpper,1,scale,increase,0.05,1,,,,0.014572,1,results_laplace_all_attacks/Gplus_CaliToUpper_eps1_scale_increase_mr0.05_lambda1.log
Gplus,CaliToUpper,1,scale,increase,0.08,1,,,,0.022680,1,results_laplace_all_attacks/Gplus_CaliToUpper_eps1_scale_increase_mr0.08_lambda1.log
Gplus,CaliToUpper,1,scale,increase,0.10,1,,,,0.028156,1,results_laplace_all_attacks/Gplus_CaliToUpper_eps1_scale_increase_mr0.10_lambda1.log
Gplus,CaliToUpper,1,scale,increase,0.13,1,,,,0.036107,1,results_laplace_all_attacks/Gplus_CaliToUpper_eps1_scale_increase_mr0.13_lambda1.log
Gplus,CaliToUpper,1,scale,increase,0.15,1,,,,0.041556,1,results_laplace_all_attacks/Gplus_CaliToUpper_eps1_scale_increase_mr0.15_lambda1.log
Gplus,CaliToUpper,1,scale,increase,0.18,1,,,,0.049604,1,results_laplace_all_attacks/Gplus_CaliToUpper_eps1_scale_increase_mr0.18_lambda1.log
Gplus,CaliToUpper,1,scale,increase,0.20,1,,,,0.055020,1,results_laplace_all_attacks/Gplus_CaliToUpper_eps1_scale_increase_mr0.20_lambda1.log
Gplus,CaliToUpper,2,clean,none,0,0,,,,0.001458,1,results_laplace_all_attacks/Gplus_CaliToUpper_eps2_clean.log
Gplus,CaliToUpper,2,count,decrease,0.03,1,,,,0.033675,1,results_laplace_all_attacks/Gplus_CaliToUpper_eps2_count_decrease_mr0.03_lambda1.log
Gplus,CaliToUpper,2,count,decrease,0.05,1,,,,0.050463,1,results_laplace_all_attacks/Gplus_CaliToUpper_eps2_count_decrease_mr0.05_lambda1.log
Gplus,CaliToUpper,2,count,decrease,0.08,1,,,,0.079593,1,results_laplace_all_attacks/Gplus_CaliToUpper_eps2_count_decrease_mr0.08_lambda1.log
Gplus,CaliToUpper,2,count,decrease,0.10,1,,,,0.101537,1,results_laplace_all_attacks/Gplus_CaliToUpper_eps2_count_decrease_mr0.10_lambda1.log
Gplus,CaliToUpper,2,count,decrease,0.13,1,,,,0.126972,1,results_laplace_all_attacks/Gplus_CaliToUpper_eps2_count_decrease_mr0.13_lambda1.log
Gplus,CaliToUpper,2,count,decrease,0.15,1,,,,0.151103,1,results_laplace_all_attacks/Gplus_CaliToUpper_eps2_count_decrease_mr0.15_lambda1.log
Gplus,CaliToUpper,2,count,decrease,0.18,1,,,,0.179842,1,results_laplace_all_attacks/Gplus_CaliToUpper_eps2_count_decrease_mr0.18_lambda1.log
Gplus,CaliToUpper,2,count,decrease,0.20,1,,,,0.201568,1,results_laplace_all_attacks/Gplus_CaliToUpper_eps2_count_decrease_mr0.20_lambda1.log
Gplus,CaliToUpper,2,count,increase,0.03,1,,,,0.035615,1,results_laplace_all_attacks/Gplus_CaliToUpper_eps2_count_increase_mr0.03_lambda1.log
Gplus,CaliToUpper,2,count,increase,0.05,1,,,,0.052402,1,results_laplace_all_attacks/Gplus_CaliToUpper_eps2_count_increase_mr0.05_lambda1.log
Gplus,CaliToUpper,2,count,increase,0.08,1,,,,0.081533,1,results_laplace_all_attacks/Gplus_CaliToUpper_eps2_count_increase_mr0.08_lambda1.log
Gplus,CaliToUpper,2,count,increase,0.10,1,,,,0.103477,1,results_laplace_all_attacks/Gplus_CaliToUpper_eps2_count_increase_mr0.10_lambda1.log
Gplus,CaliToUpper,2,count,increase,0.13,1,,,,0.128912,1,results_laplace_all_attacks/Gplus_CaliToUpper_eps2_count_increase_mr0.13_lambda1.log
Gplus,CaliToUpper,2,count,increase,0.15,1,,,,0.153043,1,results_laplace_all_attacks/Gplus_CaliToUpper_eps2_count_increase_mr0.15_lambda1.log
Gplus,CaliToUpper,2,count,increase,0.18,1,,,,0.181782,1,results_laplace_all_attacks/Gplus_CaliToUpper_eps2_count_increase_mr0.18_lambda1.log
Gplus,CaliToUpper,2,count,increase,0.20,1,,,,0.203508,1,results_laplace_all_attacks/Gplus_CaliToUpper_eps2_count_increase_mr0.20_lambda1.log
Gplus,CaliToUpper,2,fixed,decrease,0.03,1,,,,0.001357,1,results_laplace_all_attacks/Gplus_CaliToUpper_eps2_fixed_decrease_mr0.03_lambda1.log
Gplus,CaliToUpper,2,fixed,decrease,0.05,1,,,,0.001290,1,results_laplace_all_attacks/Gplus_CaliToUpper_eps2_fixed_decrease_mr0.05_lambda1.log
Gplus,CaliToUpper,2,fixed,decrease,0.08,1,,,,0.001211,1,results_laplace_all_attacks/Gplus_CaliToUpper_eps2_fixed_decrease_mr0.08_lambda1.log
Gplus,CaliToUpper,2,fixed,decrease,0.10,1,,,,0.001217,1,results_laplace_all_attacks/Gplus_CaliToUpper_eps2_fixed_decrease_mr0.10_lambda1.log
Gplus,CaliToUpper,2,fixed,decrease,0.13,1,,,,0.001282,1,results_laplace_all_attacks/Gplus_CaliToUpper_eps2_fixed_decrease_mr0.13_lambda1.log
Gplus,CaliToUpper,2,fixed,decrease,0.15,1,,,,0.001362,1,results_laplace_all_attacks/Gplus_CaliToUpper_eps2_fixed_decrease_mr0.15_lambda1.log
Gplus,CaliToUpper,2,fixed,decrease,0.18,1,,,,0.001484,1,results_laplace_all_attacks/Gplus_CaliToUpper_eps2_fixed_decrease_mr0.18_lambda1.log
Gplus,CaliToUpper,2,fixed,decrease,0.20,1,,,,0.001578,1,results_laplace_all_attacks/Gplus_CaliToUpper_eps2_fixed_decrease_mr0.20_lambda1.log
Gplus,CaliToUpper,2,fixed,increase,0.03,1,,,,0.001567,1,results_laplace_all_attacks/Gplus_CaliToUpper_eps2_fixed_increase_mr0.03_lambda1.log
Gplus,CaliToUpper,2,fixed,increase,0.05,1,,,,0.001691,1,results_laplace_all_attacks/Gplus_CaliToUpper_eps2_fixed_increase_mr0.05_lambda1.log
Gplus,CaliToUpper,2,fixed,increase,0.08,1,,,,0.001912,1,results_laplace_all_attacks/Gplus_CaliToUpper_eps2_fixed_increase_mr0.08_lambda1.log
Gplus,CaliToUpper,2,fixed,increase,0.10,1,,,,0.002071,1,results_laplace_all_attacks/Gplus_CaliToUpper_eps2_fixed_increase_mr0.10_lambda1.log
Gplus,CaliToUpper,2,fixed,increase,0.13,1,,,,0.002314,1,results_laplace_all_attacks/Gplus_CaliToUpper_eps2_fixed_increase_mr0.13_lambda1.log
Gplus,CaliToUpper,2,fixed,increase,0.15,1,,,,0.002488,1,results_laplace_all_attacks/Gplus_CaliToUpper_eps2_fixed_increase_mr0.15_lambda1.log
Gplus,CaliToUpper,2,fixed,increase,0.18,1,,,,0.002791,1,results_laplace_all_attacks/Gplus_CaliToUpper_eps2_fixed_increase_mr0.18_lambda1.log
Gplus,CaliToUpper,2,fixed,increase,0.20,1,,,,0.002993,1,results_laplace_all_attacks/Gplus_CaliToUpper_eps2_fixed_increase_mr0.20_lambda1.log
Gplus,CaliToUpper,2,scale,decrease,0.03,1,,,,0.002489,1,results_laplace_all_attacks/Gplus_CaliToUpper_eps2_scale_decrease_mr0.03_lambda1.log
Gplus,CaliToUpper,2,scale,decrease,0.05,1,,,,0.004559,1,results_laplace_all_attacks/Gplus_CaliToUpper_eps2_scale_decrease_mr0.05_lambda1.log
Gplus,CaliToUpper,2,scale,decrease,0.08,1,,,,0.007886,1,results_laplace_all_attacks/Gplus_CaliToUpper_eps2_scale_decrease_mr0.08_lambda1.log
Gplus,CaliToUpper,2,scale,decrease,0.10,1,,,,0.010138,1,results_laplace_all_attacks/Gplus_CaliToUpper_eps2_scale_decrease_mr0.10_lambda1.log
Gplus,CaliToUpper,2,scale,decrease,0.13,1,,,,0.013387,1,results_laplace_all_attacks/Gplus_CaliToUpper_eps2_scale_decrease_mr0.13_lambda1.log
Gplus,CaliToUpper,2,scale,decrease,0.15,1,,,,0.015638,1,results_laplace_all_attacks/Gplus_CaliToUpper_eps2_scale_decrease_mr0.15_lambda1.log
Gplus,CaliToUpper,2,scale,decrease,0.18,1,,,,0.018936,1,results_laplace_all_attacks/Gplus_CaliToUpper_eps2_scale_decrease_mr0.18_lambda1.log
Gplus,CaliToUpper,2,scale,decrease,0.20,1,,,,0.021161,1,results_laplace_all_attacks/Gplus_CaliToUpper_eps2_scale_decrease_mr0.20_lambda1.log
Gplus,CaliToUpper,2,scale,increase,0.03,1,,,,0.004350,1,results_laplace_all_attacks/Gplus_CaliToUpper_eps2_scale_increase_mr0.03_lambda1.log
Gplus,CaliToUpper,2,scale,increase,0.05,1,,,,0.006499,1,results_laplace_all_attacks/Gplus_CaliToUpper_eps2_scale_increase_mr0.05_lambda1.log
Gplus,CaliToUpper,2,scale,increase,0.08,1,,,,0.009826,1,results_laplace_all_attacks/Gplus_CaliToUpper_eps2_scale_increase_mr0.08_lambda1.log
Gplus,CaliToUpper,2,scale,increase,0.10,1,,,,0.012078,1,results_laplace_all_attacks/Gplus_CaliToUpper_eps2_scale_increase_mr0.10_lambda1.log
Gplus,CaliToUpper,2,scale,increase,0.13,1,,,,0.015326,1,results_laplace_all_attacks/Gplus_CaliToUpper_eps2_scale_increase_mr0.13_lambda1.log
Gplus,CaliToUpper,2,scale,increase,0.15,1,,,,0.017578,1,results_laplace_all_attacks/Gplus_CaliToUpper_eps2_scale_increase_mr0.15_lambda1.log
Gplus,CaliToUpper,2,scale,increase,0.18,1,,,,0.020876,1,results_laplace_all_attacks/Gplus_CaliToUpper_eps2_scale_increase_mr0.18_lambda1.log
Gplus,CaliToUpper,2,scale,increase,0.20,1,,,,0.023101,1,results_laplace_all_attacks/Gplus_CaliToUpper_eps2_scale_increase_mr0.20_lambda1.log
IMDB,CaliToLS,0.5,clean,none,0,0,,,,0.000000,1,results_laplace_all_attacks_IMDB/IMDB_CaliToLS_eps0.5_clean.log
IMDB,CaliToLS,0.5,count,decrease,0.03,1,,,,0.000000,1,results_laplace_all_attacks_IMDB/IMDB_CaliToLS_eps0.5_count_decrease_mr0.03_lambda1.log
IMDB,CaliToLS,0.5,count,decrease,0.05,1,,,,0.000000,1,results_laplace_all_attacks_IMDB/IMDB_CaliToLS_eps0.5_count_decrease_mr0.05_lambda1.log
IMDB,CaliToLS,0.5,count,decrease,0.08,1,,,,0.000000,1,results_laplace_all_attacks_IMDB/IMDB_CaliToLS_eps0.5_count_decrease_mr0.08_lambda1.log
IMDB,CaliToLS,0.5,count,decrease,0.10,1,,,,0.000000,1,results_laplace_all_attacks_IMDB/IMDB_CaliToLS_eps0.5_count_decrease_mr0.10_lambda1.log
IMDB,CaliToLS,0.5,count,decrease,0.13,1,,,,0.000000,1,results_laplace_all_attacks_IMDB/IMDB_CaliToLS_eps0.5_count_decrease_mr0.13_lambda1.log
IMDB,CaliToLS,0.5,count,decrease,0.15,1,,,,0.000000,1,results_laplace_all_attacks_IMDB/IMDB_CaliToLS_eps0.5_count_decrease_mr0.15_lambda1.log
IMDB,CaliToLS,0.5,count,decrease,0.18,1,,,,0.000000,1,results_laplace_all_attacks_IMDB/IMDB_CaliToLS_eps0.5_count_decrease_mr0.18_lambda1.log
IMDB,CaliToLS,0.5,count,decrease,0.20,1,,,,0.000000,1,results_laplace_all_attacks_IMDB/IMDB_CaliToLS_eps0.5_count_decrease_mr0.20_lambda1.log
IMDB,CaliToLS,0.5,count,increase,0.03,1,,,,0.000000,1,results_laplace_all_attacks_IMDB/IMDB_CaliToLS_eps0.5_count_increase_mr0.03_lambda1.log
IMDB,CaliToLS,0.5,count,increase,0.05,1,,,,0.000000,1,results_laplace_all_attacks_IMDB/IMDB_CaliToLS_eps0.5_count_increase_mr0.05_lambda1.log
IMDB,CaliToLS,0.5,count,increase,0.08,1,,,,0.000000,1,results_laplace_all_attacks_IMDB/IMDB_CaliToLS_eps0.5_count_increase_mr0.08_lambda1.log
IMDB,CaliToLS,0.5,count,increase,0.10,1,,,,0.000000,1,results_laplace_all_attacks_IMDB/IMDB_CaliToLS_eps0.5_count_increase_mr0.10_lambda1.log
IMDB,CaliToLS,0.5,count,increase,0.13,1,,,,0.000000,1,results_laplace_all_attacks_IMDB/IMDB_CaliToLS_eps0.5_count_increase_mr0.13_lambda1.log
IMDB,CaliToLS,0.5,count,increase,0.15,1,,,,0.000000,1,results_laplace_all_attacks_IMDB/IMDB_CaliToLS_eps0.5_count_increase_mr0.15_lambda1.log
IMDB,CaliToLS,0.5,count,increase,0.18,1,,,,0.000000,1,results_laplace_all_attacks_IMDB/IMDB_CaliToLS_eps0.5_count_increase_mr0.18_lambda1.log
IMDB,CaliToLS,0.5,count,increase,0.20,1,,,,0.000000,1,results_laplace_all_attacks_IMDB/IMDB_CaliToLS_eps0.5_count_increase_mr0.20_lambda1.log
IMDB,CaliToLS,0.5,fixed,decrease,0.03,1,,,,0.000000,1,results_laplace_all_attacks_IMDB/IMDB_CaliToLS_eps0.5_fixed_decrease_mr0.03_lambda1.log
IMDB,CaliToLS,0.5,fixed,decrease,0.05,1,,,,0.000000,1,results_laplace_all_attacks_IMDB/IMDB_CaliToLS_eps0.5_fixed_decrease_mr0.05_lambda1.log
IMDB,CaliToLS,0.5,fixed,decrease,0.08,1,,,,0.000000,1,results_laplace_all_attacks_IMDB/IMDB_CaliToLS_eps0.5_fixed_decrease_mr0.08_lambda1.log
IMDB,CaliToLS,0.5,fixed,decrease,0.10,1,,,,0.000000,1,results_laplace_all_attacks_IMDB/IMDB_CaliToLS_eps0.5_fixed_decrease_mr0.10_lambda1.log
IMDB,CaliToLS,0.5,fixed,decrease,0.13,1,,,,0.000000,1,results_laplace_all_attacks_IMDB/IMDB_CaliToLS_eps0.5_fixed_decrease_mr0.13_lambda1.log
IMDB,CaliToLS,0.5,fixed,decrease,0.15,1,,,,0.000000,1,results_laplace_all_attacks_IMDB/IMDB_CaliToLS_eps0.5_fixed_decrease_mr0.15_lambda1.log
IMDB,CaliToLS,0.5,fixed,decrease,0.18,1,,,,0.000000,1,results_laplace_all_attacks_IMDB/IMDB_CaliToLS_eps0.5_fixed_decrease_mr0.18_lambda1.log
IMDB,CaliToLS,0.5,fixed,decrease,0.20,1,,,,0.000000,1,results_laplace_all_attacks_IMDB/IMDB_CaliToLS_eps0.5_fixed_decrease_mr0.20_lambda1.log
IMDB,CaliToLS,0.5,fixed,increase,0.03,1,,,,0.000000,1,results_laplace_all_attacks_IMDB/IMDB_CaliToLS_eps0.5_fixed_increase_mr0.03_lambda1.log
IMDB,CaliToLS,0.5,fixed,increase,0.05,1,,,,0.000000,1,results_laplace_all_attacks_IMDB/IMDB_CaliToLS_eps0.5_fixed_increase_mr0.05_lambda1.log
IMDB,CaliToLS,0.5,fixed,increase,0.08,1,,,,0.000000,1,results_laplace_all_attacks_IMDB/IMDB_CaliToLS_eps0.5_fixed_increase_mr0.08_lambda1.log
IMDB,CaliToLS,0.5,fixed,increase,0.10,1,,,,0.000000,1,results_laplace_all_attacks_IMDB/IMDB_CaliToLS_eps0.5_fixed_increase_mr0.10_lambda1.log
IMDB,CaliToLS,0.5,fixed,increase,0.13,1,,,,0.000000,1,results_laplace_all_attacks_IMDB/IMDB_CaliToLS_eps0.5_fixed_increase_mr0.13_lambda1.log
IMDB,CaliToLS,0.5,fixed,increase,0.15,1,,,,0.000000,1,results_laplace_all_attacks_IMDB/IMDB_CaliToLS_eps0.5_fixed_increase_mr0.15_lambda1.log
IMDB,CaliToLS,0.5,fixed,increase,0.18,1,,,,0.000000,1,results_laplace_all_attacks_IMDB/IMDB_CaliToLS_eps0.5_fixed_increase_mr0.18_lambda1.log
IMDB,CaliToLS,0.5,fixed,increase,0.20,1,,,,0.000000,1,results_laplace_all_attacks_IMDB/IMDB_CaliToLS_eps0.5_fixed_increase_mr0.20_lambda1.log
IMDB,CaliToLS,0.5,scale,decrease,0.03,1,,,,0.000000,1,results_laplace_all_attacks_IMDB/IMDB_CaliToLS_eps0.5_scale_decrease_mr0.03_lambda1.log
IMDB,CaliToLS,0.5,scale,decrease,0.05,1,,,,0.000000,1,results_laplace_all_attacks_IMDB/IMDB_CaliToLS_eps0.5_scale_decrease_mr0.05_lambda1.log
IMDB,CaliToLS,0.5,scale,decrease,0.08,1,,,,0.000000,1,results_laplace_all_attacks_IMDB/IMDB_CaliToLS_eps0.5_scale_decrease_mr0.08_lambda1.log
IMDB,CaliToLS,0.5,scale,decrease,0.10,1,,,,0.000000,1,results_laplace_all_attacks_IMDB/IMDB_CaliToLS_eps0.5_scale_decrease_mr0.10_lambda1.log
IMDB,CaliToLS,0.5,scale,decrease,0.13,1,,,,0.000000,1,results_laplace_all_attacks_IMDB/IMDB_CaliToLS_eps0.5_scale_decrease_mr0.13_lambda1.log
IMDB,CaliToLS,0.5,scale,decrease,0.15,1,,,,0.000000,1,results_laplace_all_attacks_IMDB/IMDB_CaliToLS_eps0.5_scale_decrease_mr0.15_lambda1.log
IMDB,CaliToLS,0.5,scale,decrease,0.18,1,,,,0.000000,1,results_laplace_all_attacks_IMDB/IMDB_CaliToLS_eps0.5_scale_decrease_mr0.18_lambda1.log
IMDB,CaliToLS,0.5,scale,decrease,0.20,1,,,,0.000000,1,results_laplace_all_attacks_IMDB/IMDB_CaliToLS_eps0.5_scale_decrease_mr0.20_lambda1.log
IMDB,CaliToLS,0.5,scale,increase,0.03,1,,,,0.000000,1,results_laplace_all_attacks_IMDB/IMDB_CaliToLS_eps0.5_scale_increase_mr0.03_lambda1.log
IMDB,CaliToLS,0.5,scale,increase,0.05,1,,,,0.000000,1,results_laplace_all_attacks_IMDB/IMDB_CaliToLS_eps0.5_scale_increase_mr0.05_lambda1.log
IMDB,CaliToLS,0.5,scale,increase,0.08,1,,,,0.000000,1,results_laplace_all_attacks_IMDB/IMDB_CaliToLS_eps0.5_scale_increase_mr0.08_lambda1.log
IMDB,CaliToLS,0.5,scale,increase,0.10,1,,,,0.000000,1,results_laplace_all_attacks_IMDB/IMDB_CaliToLS_eps0.5_scale_increase_mr0.10_lambda1.log
IMDB,CaliToLS,0.5,scale,increase,0.13,1,,,,0.000000,1,results_laplace_all_attacks_IMDB/IMDB_CaliToLS_eps0.5_scale_increase_mr0.13_lambda1.log
IMDB,CaliToLS,0.5,scale,increase,0.15,1,,,,0.000000,1,results_laplace_all_attacks_IMDB/IMDB_CaliToLS_eps0.5_scale_increase_mr0.15_lambda1.log
IMDB,CaliToLS,0.5,scale,increase,0.18,1,,,,0.000000,1,results_laplace_all_attacks_IMDB/IMDB_CaliToLS_eps0.5_scale_increase_mr0.18_lambda1.log
IMDB,CaliToLS,0.5,scale,increase,0.20,1,,,,0.000000,1,results_laplace_all_attacks_IMDB/IMDB_CaliToLS_eps0.5_scale_increase_mr0.20_lambda1.log
IMDB,CaliToLS,1,clean,none,0,0,,,,0.000000,1,results_laplace_all_attacks_IMDB/IMDB_CaliToLS_eps1_clean.log
IMDB,CaliToLS,1,count,decrease,0.03,1,,,,0.000000,1,results_laplace_all_attacks_IMDB/IMDB_CaliToLS_eps1_count_decrease_mr0.03_lambda1.log
IMDB,CaliToLS,1,count,decrease,0.05,1,,,,0.000000,1,results_laplace_all_attacks_IMDB/IMDB_CaliToLS_eps1_count_decrease_mr0.05_lambda1.log
IMDB,CaliToLS,1,count,decrease,0.08,1,,,,0.000000,1,results_laplace_all_attacks_IMDB/IMDB_CaliToLS_eps1_count_decrease_mr0.08_lambda1.log
IMDB,CaliToLS,1,count,decrease,0.10,1,,,,0.000000,1,results_laplace_all_attacks_IMDB/IMDB_CaliToLS_eps1_count_decrease_mr0.10_lambda1.log
IMDB,CaliToLS,1,count,decrease,0.13,1,,,,0.000000,1,results_laplace_all_attacks_IMDB/IMDB_CaliToLS_eps1_count_decrease_mr0.13_lambda1.log
IMDB,CaliToLS,1,count,decrease,0.15,1,,,,0.000000,1,results_laplace_all_attacks_IMDB/IMDB_CaliToLS_eps1_count_decrease_mr0.15_lambda1.log
IMDB,CaliToLS,1,count,decrease,0.18,1,,,,0.000000,1,results_laplace_all_attacks_IMDB/IMDB_CaliToLS_eps1_count_decrease_mr0.18_lambda1.log
IMDB,CaliToLS,1,count,decrease,0.20,1,,,,0.000000,1,results_laplace_all_attacks_IMDB/IMDB_CaliToLS_eps1_count_decrease_mr0.20_lambda1.log
IMDB,CaliToLS,1,count,increase,0.03,1,,,,0.000000,1,results_laplace_all_attacks_IMDB/IMDB_CaliToLS_eps1_count_increase_mr0.03_lambda1.log
IMDB,CaliToLS,1,count,increase,0.05,1,,,,0.000000,1,results_laplace_all_attacks_IMDB/IMDB_CaliToLS_eps1_count_increase_mr0.05_lambda1.log
IMDB,CaliToLS,1,count,increase,0.08,1,,,,0.000000,1,results_laplace_all_attacks_IMDB/IMDB_CaliToLS_eps1_count_increase_mr0.08_lambda1.log
IMDB,CaliToLS,1,count,increase,0.10,1,,,,0.000000,1,results_laplace_all_attacks_IMDB/IMDB_CaliToLS_eps1_count_increase_mr0.10_lambda1.log
IMDB,CaliToLS,1,count,increase,0.13,1,,,,0.000000,1,results_laplace_all_attacks_IMDB/IMDB_CaliToLS_eps1_count_increase_mr0.13_lambda1.log
IMDB,CaliToLS,1,count,increase,0.15,1,,,,0.000000,1,results_laplace_all_attacks_IMDB/IMDB_CaliToLS_eps1_count_increase_mr0.15_lambda1.log
IMDB,CaliToLS,1,count,increase,0.18,1,,,,0.000000,1,results_laplace_all_attacks_IMDB/IMDB_CaliToLS_eps1_count_increase_mr0.18_lambda1.log
IMDB,CaliToLS,1,count,increase,0.20,1,,,,0.000000,1,results_laplace_all_attacks_IMDB/IMDB_CaliToLS_eps1_count_increase_mr0.20_lambda1.log
IMDB,CaliToLS,1,fixed,decrease,0.03,1,,,,0.000000,1,results_laplace_all_attacks_IMDB/IMDB_CaliToLS_eps1_fixed_decrease_mr0.03_lambda1.log
IMDB,CaliToLS,1,fixed,decrease,0.05,1,,,,0.000000,1,results_laplace_all_attacks_IMDB/IMDB_CaliToLS_eps1_fixed_decrease_mr0.05_lambda1.log
IMDB,CaliToLS,1,fixed,decrease,0.08,1,,,,0.000000,1,results_laplace_all_attacks_IMDB/IMDB_CaliToLS_eps1_fixed_decrease_mr0.08_lambda1.log
IMDB,CaliToLS,1,fixed,decrease,0.10,1,,,,0.000000,1,results_laplace_all_attacks_IMDB/IMDB_CaliToLS_eps1_fixed_decrease_mr0.10_lambda1.log
IMDB,CaliToLS,1,fixed,decrease,0.13,1,,,,0.000000,1,results_laplace_all_attacks_IMDB/IMDB_CaliToLS_eps1_fixed_decrease_mr0.13_lambda1.log
IMDB,CaliToLS,1,fixed,decrease,0.15,1,,,,0.000000,1,results_laplace_all_attacks_IMDB/IMDB_CaliToLS_eps1_fixed_decrease_mr0.15_lambda1.log
IMDB,CaliToLS,1,fixed,decrease,0.18,1,,,,0.000000,1,results_laplace_all_attacks_IMDB/IMDB_CaliToLS_eps1_fixed_decrease_mr0.18_lambda1.log
IMDB,CaliToLS,1,fixed,decrease,0.20,1,,,,0.000000,1,results_laplace_all_attacks_IMDB/IMDB_CaliToLS_eps1_fixed_decrease_mr0.20_lambda1.log
IMDB,CaliToLS,1,fixed,increase,0.03,1,,,,0.000000,1,results_laplace_all_attacks_IMDB/IMDB_CaliToLS_eps1_fixed_increase_mr0.03_lambda1.log
IMDB,CaliToLS,1,fixed,increase,0.05,1,,,,0.000000,1,results_laplace_all_attacks_IMDB/IMDB_CaliToLS_eps1_fixed_increase_mr0.05_lambda1.log
IMDB,CaliToLS,1,fixed,increase,0.08,1,,,,0.000000,1,results_laplace_all_attacks_IMDB/IMDB_CaliToLS_eps1_fixed_increase_mr0.08_lambda1.log
IMDB,CaliToLS,1,fixed,increase,0.10,1,,,,0.000000,1,results_laplace_all_attacks_IMDB/IMDB_CaliToLS_eps1_fixed_increase_mr0.10_lambda1.log
IMDB,CaliToLS,1,fixed,increase,0.13,1,,,,0.000000,1,results_laplace_all_attacks_IMDB/IMDB_CaliToLS_eps1_fixed_increase_mr0.13_lambda1.log
IMDB,CaliToLS,1,fixed,increase,0.15,1,,,,0.000000,1,results_laplace_all_attacks_IMDB/IMDB_CaliToLS_eps1_fixed_increase_mr0.15_lambda1.log
IMDB,CaliToLS,1,fixed,increase,0.18,1,,,,0.000000,1,results_laplace_all_attacks_IMDB/IMDB_CaliToLS_eps1_fixed_increase_mr0.18_lambda1.log
IMDB,CaliToLS,1,fixed,increase,0.20,1,,,,0.000000,1,results_laplace_all_attacks_IMDB/IMDB_CaliToLS_eps1_fixed_increase_mr0.20_lambda1.log
IMDB,CaliToLS,1,scale,decrease,0.03,1,,,,0.000000,1,results_laplace_all_attacks_IMDB/IMDB_CaliToLS_eps1_scale_decrease_mr0.03_lambda1.log
IMDB,CaliToLS,1,scale,decrease,0.05,1,,,,0.000000,1,results_laplace_all_attacks_IMDB/IMDB_CaliToLS_eps1_scale_decrease_mr0.05_lambda1.log
IMDB,CaliToLS,1,scale,decrease,0.08,1,,,,0.000000,1,results_laplace_all_attacks_IMDB/IMDB_CaliToLS_eps1_scale_decrease_mr0.08_lambda1.log
IMDB,CaliToLS,1,scale,decrease,0.10,1,,,,0.000000,1,results_laplace_all_attacks_IMDB/IMDB_CaliToLS_eps1_scale_decrease_mr0.10_lambda1.log
IMDB,CaliToLS,1,scale,decrease,0.13,1,,,,0.000000,1,results_laplace_all_attacks_IMDB/IMDB_CaliToLS_eps1_scale_decrease_mr0.13_lambda1.log
IMDB,CaliToLS,1,scale,decrease,0.15,1,,,,0.000000,1,results_laplace_all_attacks_IMDB/IMDB_CaliToLS_eps1_scale_decrease_mr0.15_lambda1.log
IMDB,CaliToLS,1,scale,decrease,0.18,1,,,,0.000000,1,results_laplace_all_attacks_IMDB/IMDB_CaliToLS_eps1_scale_decrease_mr0.18_lambda1.log
IMDB,CaliToLS,1,scale,decrease,0.20,1,,,,0.000000,1,results_laplace_all_attacks_IMDB/IMDB_CaliToLS_eps1_scale_decrease_mr0.20_lambda1.log
IMDB,CaliToLS,1,scale,increase,0.03,1,,,,0.000000,1,results_laplace_all_attacks_IMDB/IMDB_CaliToLS_eps1_scale_increase_mr0.03_lambda1.log
IMDB,CaliToLS,1,scale,increase,0.05,1,,,,0.000000,1,results_laplace_all_attacks_IMDB/IMDB_CaliToLS_eps1_scale_increase_mr0.05_lambda1.log
IMDB,CaliToLS,1,scale,increase,0.08,1,,,,0.000000,1,results_laplace_all_attacks_IMDB/IMDB_CaliToLS_eps1_scale_increase_mr0.08_lambda1.log
IMDB,CaliToLS,1,scale,increase,0.10,1,,,,0.000000,1,results_laplace_all_attacks_IMDB/IMDB_CaliToLS_eps1_scale_increase_mr0.10_lambda1.log
IMDB,CaliToLS,1,scale,increase,0.13,1,,,,0.000000,1,results_laplace_all_attacks_IMDB/IMDB_CaliToLS_eps1_scale_increase_mr0.13_lambda1.log
IMDB,CaliToLS,1,scale,increase,0.15,1,,,,0.000000,1,results_laplace_all_attacks_IMDB/IMDB_CaliToLS_eps1_scale_increase_mr0.15_lambda1.log
IMDB,CaliToLS,1,scale,increase,0.18,1,,,,0.000000,1,results_laplace_all_attacks_IMDB/IMDB_CaliToLS_eps1_scale_increase_mr0.18_lambda1.log
IMDB,CaliToLS,1,scale,increase,0.20,1,,,,0.000000,1,results_laplace_all_attacks_IMDB/IMDB_CaliToLS_eps1_scale_increase_mr0.20_lambda1.log
IMDB,CaliToLS,2,clean,none,0,0,,,,5.981627,1,results_laplace_all_attacks_IMDB/IMDB_CaliToLS_eps2_clean.log
IMDB,CaliToLS,2,count,decrease,0.03,1,,,,5.986762,1,results_laplace_all_attacks_IMDB/IMDB_CaliToLS_eps2_count_decrease_mr0.03_lambda1.log
IMDB,CaliToLS,2,count,decrease,0.05,1,,,,5.989329,1,results_laplace_all_attacks_IMDB/IMDB_CaliToLS_eps2_count_decrease_mr0.05_lambda1.log
IMDB,CaliToLS,2,count,decrease,0.08,1,,,,5.994464,1,results_laplace_all_attacks_IMDB/IMDB_CaliToLS_eps2_count_decrease_mr0.08_lambda1.log
IMDB,CaliToLS,2,count,decrease,0.10,1,,,,5.999599,1,results_laplace_all_attacks_IMDB/IMDB_CaliToLS_eps2_count_decrease_mr0.10_lambda1.log
IMDB,CaliToLS,2,count,decrease,0.13,1,,,,6.004734,1,results_laplace_all_attacks_IMDB/IMDB_CaliToLS_eps2_count_decrease_mr0.13_lambda1.log
IMDB,CaliToLS,2,count,decrease,0.15,1,,,,6.007301,1,results_laplace_all_attacks_IMDB/IMDB_CaliToLS_eps2_count_decrease_mr0.15_lambda1.log
IMDB,CaliToLS,2,count,decrease,0.18,1,,,,6.020138,1,results_laplace_all_attacks_IMDB/IMDB_CaliToLS_eps2_count_decrease_mr0.18_lambda1.log
IMDB,CaliToLS,2,count,decrease,0.20,1,,,,6.026129,1,results_laplace_all_attacks_IMDB/IMDB_CaliToLS_eps2_count_decrease_mr0.20_lambda1.log
IMDB,CaliToLS,2,count,increase,0.03,1,,,,5.976492,1,results_laplace_all_attacks_IMDB/IMDB_CaliToLS_eps2_count_increase_mr0.03_lambda1.log
IMDB,CaliToLS,2,count,increase,0.05,1,,,,5.973925,1,results_laplace_all_attacks_IMDB/IMDB_CaliToLS_eps2_count_increase_mr0.05_lambda1.log
IMDB,CaliToLS,2,count,increase,0.08,1,,,,5.968790,1,results_laplace_all_attacks_IMDB/IMDB_CaliToLS_eps2_count_increase_mr0.08_lambda1.log
IMDB,CaliToLS,2,count,increase,0.10,1,,,,5.963655,1,results_laplace_all_attacks_IMDB/IMDB_CaliToLS_eps2_count_increase_mr0.10_lambda1.log
IMDB,CaliToLS,2,count,increase,0.13,1,,,,5.958521,1,results_laplace_all_attacks_IMDB/IMDB_CaliToLS_eps2_count_increase_mr0.13_lambda1.log
IMDB,CaliToLS,2,count,increase,0.15,1,,,,5.955953,1,results_laplace_all_attacks_IMDB/IMDB_CaliToLS_eps2_count_increase_mr0.15_lambda1.log
IMDB,CaliToLS,2,count,increase,0.18,1,,,,5.943116,1,results_laplace_all_attacks_IMDB/IMDB_CaliToLS_eps2_count_increase_mr0.18_lambda1.log
IMDB,CaliToLS,2,count,increase,0.20,1,,,,5.937126,1,results_laplace_all_attacks_IMDB/IMDB_CaliToLS_eps2_count_increase_mr0.20_lambda1.log
IMDB,CaliToLS,2,fixed,decrease,0.03,1,,,,6.238367,1,results_laplace_all_attacks_IMDB/IMDB_CaliToLS_eps2_fixed_decrease_mr0.03_lambda1.log
IMDB,CaliToLS,2,fixed,decrease,0.05,1,,,,6.565220,1,results_laplace_all_attacks_IMDB/IMDB_CaliToLS_eps2_fixed_decrease_mr0.05_lambda1.log
IMDB,CaliToLS,2,fixed,decrease,0.08,1,,,,7.179441,1,results_laplace_all_attacks_IMDB/IMDB_CaliToLS_eps2_fixed_decrease_mr0.08_lambda1.log
IMDB,CaliToLS,2,fixed,decrease,0.10,1,,,,7.677546,1,results_laplace_all_attacks_IMDB/IMDB_CaliToLS_eps2_fixed_decrease_mr0.10_lambda1.log
IMDB,CaliToLS,2,fixed,decrease,0.13,1,,,,8.533344,1,results_laplace_all_attacks_IMDB/IMDB_CaliToLS_eps2_fixed_decrease_mr0.13_lambda1.log
IMDB,CaliToLS,2,fixed,decrease,0.15,1,,,,9.133161,1,results_laplace_all_attacks_IMDB/IMDB_CaliToLS_eps2_fixed_decrease_mr0.15_lambda1.log
IMDB,CaliToLS,2,fixed,decrease,0.18,1,,,,10.130612,1,results_laplace_all_attacks_IMDB/IMDB_CaliToLS_eps2_fixed_decrease_mr0.18_lambda1.log
IMDB,CaliToLS,2,fixed,decrease,0.20,1,,,,10.836026,1,results_laplace_all_attacks_IMDB/IMDB_CaliToLS_eps2_fixed_decrease_mr0.20_lambda1.log
IMDB,CaliToLS,2,fixed,increase,0.03,1,,,,5.829539,1,results_laplace_all_attacks_IMDB/IMDB_CaliToLS_eps2_fixed_increase_mr0.03_lambda1.log
IMDB,CaliToLS,2,fixed,increase,0.05,1,,,,5.872431,1,results_laplace_all_attacks_IMDB/IMDB_CaliToLS_eps2_fixed_increase_mr0.05_lambda1.log
IMDB,CaliToLS,2,fixed,increase,0.08,1,,,,6.135555,1,results_laplace_all_attacks_IMDB/IMDB_CaliToLS_eps2_fixed_increase_mr0.08_lambda1.log
IMDB,CaliToLS,2,fixed,increase,0.10,1,,,,6.430323,1,results_laplace_all_attacks_IMDB/IMDB_CaliToLS_eps2_fixed_increase_mr0.10_lambda1.log
IMDB,CaliToLS,2,fixed,increase,0.13,1,,,,7.083799,1,results_laplace_all_attacks_IMDB/IMDB_CaliToLS_eps2_fixed_increase_mr0.13_lambda1.log
IMDB,CaliToLS,2,fixed,increase,0.15,1,,,,7.608439,1,results_laplace_all_attacks_IMDB/IMDB_CaliToLS_eps2_fixed_increase_mr0.15_lambda1.log
IMDB,CaliToLS,2,fixed,increase,0.18,1,,,,8.549817,1,results_laplace_all_attacks_IMDB/IMDB_CaliToLS_eps2_fixed_increase_mr0.18_lambda1.log
IMDB,CaliToLS,2,fixed,increase,0.20,1,,,,9.177402,1,results_laplace_all_attacks_IMDB/IMDB_CaliToLS_eps2_fixed_increase_mr0.20_lambda1.log
IMDB,CaliToLS,2,scale,decrease,0.03,1,,,,20.358929,1,results_laplace_all_attacks_IMDB/IMDB_CaliToLS_eps2_scale_decrease_mr0.03_lambda1.log
IMDB,CaliToLS,2,scale,decrease,0.05,1,,,,32.511837,1,results_laplace_all_attacks_IMDB/IMDB_CaliToLS_eps2_scale_decrease_mr0.05_lambda1.log
IMDB,CaliToLS,2,scale,decrease,0.08,1,,,,51.609541,1,results_laplace_all_attacks_IMDB/IMDB_CaliToLS_eps2_scale_decrease_mr0.08_lambda1.log
IMDB,CaliToLS,2,scale,decrease,0.10,1,,,,64.341343,1,results_laplace_all_attacks_IMDB/IMDB_CaliToLS_eps2_scale_decrease_mr0.10_lambda1.log
IMDB,CaliToLS,2,scale,decrease,0.13,1,,,,83.439046,1,results_laplace_all_attacks_IMDB/IMDB_CaliToLS_eps2_scale_decrease_mr0.13_lambda1.log
IMDB,CaliToLS,2,scale,decrease,0.15,1,,,,96.170849,1,results_laplace_all_attacks_IMDB/IMDB_CaliToLS_eps2_scale_decrease_mr0.15_lambda1.log
IMDB,CaliToLS,2,scale,decrease,0.18,1,,,,115.332211,1,results_laplace_all_attacks_IMDB/IMDB_CaliToLS_eps2_scale_decrease_mr0.18_lambda1.log
IMDB,CaliToLS,2,scale,decrease,0.20,1,,,,128.064013,1,results_laplace_all_attacks_IMDB/IMDB_CaliToLS_eps2_scale_decrease_mr0.20_lambda1.log
IMDB,CaliToLS,2,scale,increase,0.03,1,,,,18.515996,1,results_laplace_all_attacks_IMDB/IMDB_CaliToLS_eps2_scale_increase_mr0.03_lambda1.log
IMDB,CaliToLS,2,scale,increase,0.05,1,,,,31.147174,1,results_laplace_all_attacks_IMDB/IMDB_CaliToLS_eps2_scale_increase_mr0.05_lambda1.log
IMDB,CaliToLS,2,scale,increase,0.08,1,,,,50.244877,1,results_laplace_all_attacks_IMDB/IMDB_CaliToLS_eps2_scale_increase_mr0.08_lambda1.log
IMDB,CaliToLS,2,scale,increase,0.10,1,,,,62.976679,1,results_laplace_all_attacks_IMDB/IMDB_CaliToLS_eps2_scale_increase_mr0.10_lambda1.log
IMDB,CaliToLS,2,scale,increase,0.13,1,,,,82.074383,1,results_laplace_all_attacks_IMDB/IMDB_CaliToLS_eps2_scale_increase_mr0.13_lambda1.log
IMDB,CaliToLS,2,scale,increase,0.15,1,,,,94.806185,1,results_laplace_all_attacks_IMDB/IMDB_CaliToLS_eps2_scale_increase_mr0.15_lambda1.log
IMDB,CaliToLS,2,scale,increase,0.18,1,,,,113.967547,1,results_laplace_all_attacks_IMDB/IMDB_CaliToLS_eps2_scale_increase_mr0.18_lambda1.log
IMDB,CaliToLS,2,scale,increase,0.20,1,,,,126.699350,1,results_laplace_all_attacks_IMDB/IMDB_CaliToLS_eps2_scale_increase_mr0.20_lambda1.log
IMDB,CaliToTrunc,0.5,clean,none,0,0,,,,36.417865,1,results_laplace_all_attacks_IMDB/IMDB_CaliToTrunc_eps0.5_clean.log
IMDB,CaliToTrunc,0.5,count,decrease,0.03,1,,,,36.411019,1,results_laplace_all_attacks_IMDB/IMDB_CaliToTrunc_eps0.5_count_decrease_mr0.03_lambda1.log
IMDB,CaliToTrunc,0.5,count,decrease,0.05,1,,,,36.406740,1,results_laplace_all_attacks_IMDB/IMDB_CaliToTrunc_eps0.5_count_decrease_mr0.05_lambda1.log
IMDB,CaliToTrunc,0.5,count,decrease,0.08,1,,,,36.401605,1,results_laplace_all_attacks_IMDB/IMDB_CaliToTrunc_eps0.5_count_decrease_mr0.08_lambda1.log
IMDB,CaliToTrunc,0.5,count,decrease,0.10,1,,,,36.399893,1,results_laplace_all_attacks_IMDB/IMDB_CaliToTrunc_eps0.5_count_decrease_mr0.10_lambda1.log
IMDB,CaliToTrunc,0.5,count,decrease,0.13,1,,,,36.397326,1,results_laplace_all_attacks_IMDB/IMDB_CaliToTrunc_eps0.5_count_decrease_mr0.13_lambda1.log
IMDB,CaliToTrunc,0.5,count,decrease,0.15,1,,,,36.392191,1,results_laplace_all_attacks_IMDB/IMDB_CaliToTrunc_eps0.5_count_decrease_mr0.15_lambda1.log
IMDB,CaliToTrunc,0.5,count,decrease,0.18,1,,,,36.386200,1,results_laplace_all_attacks_IMDB/IMDB_CaliToTrunc_eps0.5_count_decrease_mr0.18_lambda1.log
IMDB,CaliToTrunc,0.5,count,decrease,0.20,1,,,,36.383633,1,results_laplace_all_attacks_IMDB/IMDB_CaliToTrunc_eps0.5_count_decrease_mr0.20_lambda1.log
IMDB,CaliToTrunc,0.5,count,increase,0.03,1,,,,36.424711,1,results_laplace_all_attacks_IMDB/IMDB_CaliToTrunc_eps0.5_count_increase_mr0.03_lambda1.log
IMDB,CaliToTrunc,0.5,count,increase,0.05,1,,,,36.428990,1,results_laplace_all_attacks_IMDB/IMDB_CaliToTrunc_eps0.5_count_increase_mr0.05_lambda1.log
IMDB,CaliToTrunc,0.5,count,increase,0.08,1,,,,36.434125,1,results_laplace_all_attacks_IMDB/IMDB_CaliToTrunc_eps0.5_count_increase_mr0.08_lambda1.log
IMDB,CaliToTrunc,0.5,count,increase,0.10,1,,,,36.435837,1,results_laplace_all_attacks_IMDB/IMDB_CaliToTrunc_eps0.5_count_increase_mr0.10_lambda1.log
IMDB,CaliToTrunc,0.5,count,increase,0.13,1,,,,36.438404,1,results_laplace_all_attacks_IMDB/IMDB_CaliToTrunc_eps0.5_count_increase_mr0.13_lambda1.log
IMDB,CaliToTrunc,0.5,count,increase,0.15,1,,,,36.443539,1,results_laplace_all_attacks_IMDB/IMDB_CaliToTrunc_eps0.5_count_increase_mr0.15_lambda1.log
IMDB,CaliToTrunc,0.5,count,increase,0.18,1,,,,36.449529,1,results_laplace_all_attacks_IMDB/IMDB_CaliToTrunc_eps0.5_count_increase_mr0.18_lambda1.log
IMDB,CaliToTrunc,0.5,count,increase,0.20,1,,,,36.452097,1,results_laplace_all_attacks_IMDB/IMDB_CaliToTrunc_eps0.5_count_increase_mr0.20_lambda1.log
IMDB,CaliToTrunc,0.5,fixed,decrease,0.03,1,,,,36.161125,1,results_laplace_all_attacks_IMDB/IMDB_CaliToTrunc_eps0.5_fixed_decrease_mr0.03_lambda1.log
IMDB,CaliToTrunc,0.5,fixed,decrease,0.05,1,,,,35.989966,1,results_laplace_all_attacks_IMDB/IMDB_CaliToTrunc_eps0.5_fixed_decrease_mr0.05_lambda1.log
IMDB,CaliToTrunc,0.5,fixed,decrease,0.08,1,,,,35.733226,1,results_laplace_all_attacks_IMDB/IMDB_CaliToTrunc_eps0.5_fixed_decrease_mr0.08_lambda1.log
IMDB,CaliToTrunc,0.5,fixed,decrease,0.10,1,,,,35.593044,1,results_laplace_all_attacks_IMDB/IMDB_CaliToTrunc_eps0.5_fixed_decrease_mr0.10_lambda1.log
IMDB,CaliToTrunc,0.5,fixed,decrease,0.13,1,,,,35.527091,1,results_laplace_all_attacks_IMDB/IMDB_CaliToTrunc_eps0.5_fixed_decrease_mr0.13_lambda1.log
IMDB,CaliToTrunc,0.5,fixed,decrease,0.15,1,,,,35.527091,1,results_laplace_all_attacks_IMDB/IMDB_CaliToTrunc_eps0.5_fixed_decrease_mr0.15_lambda1.log
IMDB,CaliToTrunc,0.5,fixed,decrease,0.18,1,,,,35.527091,1,results_laplace_all_attacks_IMDB/IMDB_CaliToTrunc_eps0.5_fixed_decrease_mr0.18_lambda1.log
IMDB,CaliToTrunc,0.5,fixed,decrease,0.20,1,,,,35.527091,1,results_laplace_all_attacks_IMDB/IMDB_CaliToTrunc_eps0.5_fixed_decrease_mr0.20_lambda1.log
IMDB,CaliToTrunc,0.5,fixed,increase,0.03,1,,,,36.674604,1,results_laplace_all_attacks_IMDB/IMDB_CaliToTrunc_eps0.5_fixed_increase_mr0.03_lambda1.log
IMDB,CaliToTrunc,0.5,fixed,increase,0.05,1,,,,36.845764,1,results_laplace_all_attacks_IMDB/IMDB_CaliToTrunc_eps0.5_fixed_increase_mr0.05_lambda1.log
IMDB,CaliToTrunc,0.5,fixed,increase,0.08,1,,,,37.102503,1,results_laplace_all_attacks_IMDB/IMDB_CaliToTrunc_eps0.5_fixed_increase_mr0.08_lambda1.log
IMDB,CaliToTrunc,0.5,fixed,increase,0.10,1,,,,37.273663,1,results_laplace_all_attacks_IMDB/IMDB_CaliToTrunc_eps0.5_fixed_increase_mr0.10_lambda1.log
IMDB,CaliToTrunc,0.5,fixed,increase,0.13,1,,,,37.530402,1,results_laplace_all_attacks_IMDB/IMDB_CaliToTrunc_eps0.5_fixed_increase_mr0.13_lambda1.log
IMDB,CaliToTrunc,0.5,fixed,increase,0.15,1,,,,37.701562,1,results_laplace_all_attacks_IMDB/IMDB_CaliToTrunc_eps0.5_fixed_increase_mr0.15_lambda1.log
IMDB,CaliToTrunc,0.5,fixed,increase,0.18,1,,,,38.064142,1,results_laplace_all_attacks_IMDB/IMDB_CaliToTrunc_eps0.5_fixed_increase_mr0.18_lambda1.log
IMDB,CaliToTrunc,0.5,fixed,increase,0.20,1,,,,38.441848,1,results_laplace_all_attacks_IMDB/IMDB_CaliToTrunc_eps0.5_fixed_increase_mr0.20_lambda1.log
IMDB,CaliToTrunc,0.5,scale,decrease,0.03,1,,,,73.838491,1,results_laplace_all_attacks_IMDB/IMDB_CaliToTrunc_eps0.5_scale_decrease_mr0.03_lambda1.log
IMDB,CaliToTrunc,0.5,scale,decrease,0.05,1,,,,126.198583,1,results_laplace_all_attacks_IMDB/IMDB_CaliToTrunc_eps0.5_scale_decrease_mr0.05_lambda1.log
IMDB,CaliToTrunc,0.5,scale,decrease,0.08,1,,,,205.923444,1,results_laplace_all_attacks_IMDB/IMDB_CaliToTrunc_eps0.5_scale_decrease_mr0.08_lambda1.log
IMDB,CaliToTrunc,0.5,scale,decrease,0.10,1,,,,259.073351,1,results_laplace_all_attacks_IMDB/IMDB_CaliToTrunc_eps0.5_scale_decrease_mr0.10_lambda1.log
IMDB,CaliToTrunc,0.5,scale,decrease,0.13,1,,,,338.751751,1,results_laplace_all_attacks_IMDB/IMDB_CaliToTrunc_eps0.5_scale_decrease_mr0.13_lambda1.log
IMDB,CaliToTrunc,0.5,scale,decrease,0.15,1,,,,389.903891,1,results_laplace_all_attacks_IMDB/IMDB_CaliToTrunc_eps0.5_scale_decrease_mr0.15_lambda1.log
IMDB,CaliToTrunc,0.5,scale,decrease,0.18,1,,,,469.535832,1,results_laplace_all_attacks_IMDB/IMDB_CaliToTrunc_eps0.5_scale_decrease_mr0.18_lambda1.log
IMDB,CaliToTrunc,0.5,scale,decrease,0.20,1,,,,522.314061,1,results_laplace_all_attacks_IMDB/IMDB_CaliToTrunc_eps0.5_scale_decrease_mr0.20_lambda1.log
IMDB,CaliToTrunc,0.5,scale,increase,0.03,1,,,,86.888864,1,results_laplace_all_attacks_IMDB/IMDB_CaliToTrunc_eps0.5_scale_increase_mr0.03_lambda1.log
IMDB,CaliToTrunc,0.5,scale,increase,0.05,1,,,,135.462497,1,results_laplace_all_attacks_IMDB/IMDB_CaliToTrunc_eps0.5_scale_increase_mr0.05_lambda1.log
IMDB,CaliToTrunc,0.5,scale,increase,0.08,1,,,,215.187358,1,results_laplace_all_attacks_IMDB/IMDB_CaliToTrunc_eps0.5_scale_increase_mr0.08_lambda1.log
IMDB,CaliToTrunc,0.5,scale,increase,0.10,1,,,,268.337265,1,results_laplace_all_attacks_IMDB/IMDB_CaliToTrunc_eps0.5_scale_increase_mr0.10_lambda1.log
IMDB,CaliToTrunc,0.5,scale,increase,0.13,1,,,,348.015665,1,results_laplace_all_attacks_IMDB/IMDB_CaliToTrunc_eps0.5_scale_increase_mr0.13_lambda1.log
IMDB,CaliToTrunc,0.5,scale,increase,0.15,1,,,,399.167805,1,results_laplace_all_attacks_IMDB/IMDB_CaliToTrunc_eps0.5_scale_increase_mr0.15_lambda1.log
IMDB,CaliToTrunc,0.5,scale,increase,0.18,1,,,,478.799746,1,results_laplace_all_attacks_IMDB/IMDB_CaliToTrunc_eps0.5_scale_increase_mr0.18_lambda1.log
IMDB,CaliToTrunc,0.5,scale,increase,0.20,1,,,,531.577975,1,results_laplace_all_attacks_IMDB/IMDB_CaliToTrunc_eps0.5_scale_increase_mr0.20_lambda1.log
IMDB,CaliToTrunc,1,clean,none,0,0,,,,8.360038,1,results_laplace_all_attacks_IMDB/IMDB_CaliToTrunc_eps1_clean.log
IMDB,CaliToTrunc,1,count,decrease,0.03,1,,,,8.353192,1,results_laplace_all_attacks_IMDB/IMDB_CaliToTrunc_eps1_count_decrease_mr0.03_lambda1.log
IMDB,CaliToTrunc,1,count,decrease,0.05,1,,,,8.348913,1,results_laplace_all_attacks_IMDB/IMDB_CaliToTrunc_eps1_count_decrease_mr0.05_lambda1.log
IMDB,CaliToTrunc,1,count,decrease,0.08,1,,,,8.343778,1,results_laplace_all_attacks_IMDB/IMDB_CaliToTrunc_eps1_count_decrease_mr0.08_lambda1.log
IMDB,CaliToTrunc,1,count,decrease,0.10,1,,,,8.342067,1,results_laplace_all_attacks_IMDB/IMDB_CaliToTrunc_eps1_count_decrease_mr0.10_lambda1.log
IMDB,CaliToTrunc,1,count,decrease,0.13,1,,,,8.339499,1,results_laplace_all_attacks_IMDB/IMDB_CaliToTrunc_eps1_count_decrease_mr0.13_lambda1.log
IMDB,CaliToTrunc,1,count,decrease,0.15,1,,,,8.334364,1,results_laplace_all_attacks_IMDB/IMDB_CaliToTrunc_eps1_count_decrease_mr0.15_lambda1.log
IMDB,CaliToTrunc,1,count,decrease,0.18,1,,,,8.328374,1,results_laplace_all_attacks_IMDB/IMDB_CaliToTrunc_eps1_count_decrease_mr0.18_lambda1.log
IMDB,CaliToTrunc,1,count,decrease,0.20,1,,,,8.325806,1,results_laplace_all_attacks_IMDB/IMDB_CaliToTrunc_eps1_count_decrease_mr0.20_lambda1.log
IMDB,CaliToTrunc,1,count,increase,0.03,1,,,,8.366885,1,results_laplace_all_attacks_IMDB/IMDB_CaliToTrunc_eps1_count_increase_mr0.03_lambda1.log
IMDB,CaliToTrunc,1,count,increase,0.05,1,,,,8.371164,1,results_laplace_all_attacks_IMDB/IMDB_CaliToTrunc_eps1_count_increase_mr0.05_lambda1.log
IMDB,CaliToTrunc,1,count,increase,0.08,1,,,,8.376298,1,results_laplace_all_attacks_IMDB/IMDB_CaliToTrunc_eps1_count_increase_mr0.08_lambda1.log
IMDB,CaliToTrunc,1,count,increase,0.10,1,,,,8.378010,1,results_laplace_all_attacks_IMDB/IMDB_CaliToTrunc_eps1_count_increase_mr0.10_lambda1.log
IMDB,CaliToTrunc,1,count,increase,0.13,1,,,,8.380577,1,results_laplace_all_attacks_IMDB/IMDB_CaliToTrunc_eps1_count_increase_mr0.13_lambda1.log
IMDB,CaliToTrunc,1,count,increase,0.15,1,,,,8.385712,1,results_laplace_all_attacks_IMDB/IMDB_CaliToTrunc_eps1_count_increase_mr0.15_lambda1.log
IMDB,CaliToTrunc,1,count,increase,0.18,1,,,,8.391703,1,results_laplace_all_attacks_IMDB/IMDB_CaliToTrunc_eps1_count_increase_mr0.18_lambda1.log
IMDB,CaliToTrunc,1,count,increase,0.20,1,,,,8.394270,1,results_laplace_all_attacks_IMDB/IMDB_CaliToTrunc_eps1_count_increase_mr0.20_lambda1.log
IMDB,CaliToTrunc,1,fixed,decrease,0.03,1,,,,8.232349,1,results_laplace_all_attacks_IMDB/IMDB_CaliToTrunc_eps1_fixed_decrease_mr0.03_lambda1.log
IMDB,CaliToTrunc,1,fixed,decrease,0.05,1,,,,8.242383,1,results_laplace_all_attacks_IMDB/IMDB_CaliToTrunc_eps1_fixed_decrease_mr0.05_lambda1.log
IMDB,CaliToTrunc,1,fixed,decrease,0.08,1,,,,8.327963,1,results_laplace_all_attacks_IMDB/IMDB_CaliToTrunc_eps1_fixed_decrease_mr0.08_lambda1.log
IMDB,CaliToTrunc,1,fixed,decrease,0.10,1,,,,8.441807,1,results_laplace_all_attacks_IMDB/IMDB_CaliToTrunc_eps1_fixed_decrease_mr0.10_lambda1.log
IMDB,CaliToTrunc,1,fixed,decrease,0.13,1,,,,8.662630,1,results_laplace_all_attacks_IMDB/IMDB_CaliToTrunc_eps1_fixed_decrease_mr0.13_lambda1.log
IMDB,CaliToTrunc,1,fixed,decrease,0.15,1,,,,8.833790,1,results_laplace_all_attacks_IMDB/IMDB_CaliToTrunc_eps1_fixed_decrease_mr0.15_lambda1.log
IMDB,CaliToTrunc,1,fixed,decrease,0.18,1,,,,9.129635,1,results_laplace_all_attacks_IMDB/IMDB_CaliToTrunc_eps1_fixed_decrease_mr0.18_lambda1.log
IMDB,CaliToTrunc,1,fixed,decrease,0.20,1,,,,9.447452,1,results_laplace_all_attacks_IMDB/IMDB_CaliToTrunc_eps1_fixed_decrease_mr0.20_lambda1.log
IMDB,CaliToTrunc,1,fixed,increase,0.03,1,,,,8.649192,1,results_laplace_all_attacks_IMDB/IMDB_CaliToTrunc_eps1_fixed_increase_mr0.03_lambda1.log
IMDB,CaliToTrunc,1,fixed,increase,0.05,1,,,,8.909865,1,results_laplace_all_attacks_IMDB/IMDB_CaliToTrunc_eps1_fixed_increase_mr0.05_lambda1.log
IMDB,CaliToTrunc,1,fixed,increase,0.08,1,,,,9.465702,1,results_laplace_all_attacks_IMDB/IMDB_CaliToTrunc_eps1_fixed_increase_mr0.08_lambda1.log
IMDB,CaliToTrunc,1,fixed,increase,0.10,1,,,,9.922127,1,results_laplace_all_attacks_IMDB/IMDB_CaliToTrunc_eps1_fixed_increase_mr0.10_lambda1.log
IMDB,CaliToTrunc,1,fixed,increase,0.13,1,,,,10.606766,1,results_laplace_all_attacks_IMDB/IMDB_CaliToTrunc_eps1_fixed_increase_mr0.13_lambda1.log
IMDB,CaliToTrunc,1,fixed,increase,0.15,1,,,,11.091919,1,results_laplace_all_attacks_IMDB/IMDB_CaliToTrunc_eps1_fixed_increase_mr0.15_lambda1.log
IMDB,CaliToTrunc,1,fixed,increase,0.18,1,,,,11.909688,1,results_laplace_all_attacks_IMDB/IMDB_CaliToTrunc_eps1_fixed_increase_mr0.18_lambda1.log
IMDB,CaliToTrunc,1,fixed,increase,0.20,1,,,,12.480220,1,results_laplace_all_attacks_IMDB/IMDB_CaliToTrunc_eps1_fixed_increase_mr0.20_lambda1.log
IMDB,CaliToTrunc,1,scale,decrease,0.03,1,,,,17.013208,1,results_laplace_all_attacks_IMDB/IMDB_CaliToTrunc_eps1_scale_decrease_mr0.03_lambda1.log
IMDB,CaliToTrunc,1,scale,decrease,0.05,1,,,,28.953448,1,results_laplace_all_attacks_IMDB/IMDB_CaliToTrunc_eps1_scale_decrease_mr0.05_lambda1.log
IMDB,CaliToTrunc,1,scale,decrease,0.08,1,,,,47.185275,1,results_laplace_all_attacks_IMDB/IMDB_CaliToTrunc_eps1_scale_decrease_mr0.08_lambda1.log
IMDB,CaliToTrunc,1,scale,decrease,0.10,1,,,,59.469945,1,results_laplace_all_attacks_IMDB/IMDB_CaliToTrunc_eps1_scale_decrease_mr0.10_lambda1.log
IMDB,CaliToTrunc,1,scale,decrease,0.13,1,,,,77.770658,1,results_laplace_all_attacks_IMDB/IMDB_CaliToTrunc_eps1_scale_decrease_mr0.13_lambda1.log
IMDB,CaliToTrunc,1,scale,decrease,0.15,1,,,,89.389430,1,results_laplace_all_attacks_IMDB/IMDB_CaliToTrunc_eps1_scale_decrease_mr0.15_lambda1.log
IMDB,CaliToTrunc,1,scale,decrease,0.18,1,,,,107.804953,1,results_laplace_all_attacks_IMDB/IMDB_CaliToTrunc_eps1_scale_decrease_mr0.18_lambda1.log
IMDB,CaliToTrunc,1,scale,decrease,0.20,1,,,,119.951850,1,results_laplace_all_attacks_IMDB/IMDB_CaliToTrunc_eps1_scale_decrease_mr0.20_lambda1.log
IMDB,CaliToTrunc,1,scale,increase,0.03,1,,,,19.687951,1,results_laplace_all_attacks_IMDB/IMDB_CaliToTrunc_eps1_scale_increase_mr0.03_lambda1.log
IMDB,CaliToTrunc,1,scale,increase,0.05,1,,,,30.839598,1,results_laplace_all_attacks_IMDB/IMDB_CaliToTrunc_eps1_scale_increase_mr0.05_lambda1.log
IMDB,CaliToTrunc,1,scale,increase,0.08,1,,,,49.071425,1,results_laplace_all_attacks_IMDB/IMDB_CaliToTrunc_eps1_scale_increase_mr0.08_lambda1.log
IMDB,CaliToTrunc,1,scale,increase,0.10,1,,,,61.356095,1,results_laplace_all_attacks_IMDB/IMDB_CaliToTrunc_eps1_scale_increase_mr0.10_lambda1.log
IMDB,CaliToTrunc,1,scale,increase,0.13,1,,,,79.656808,1,results_laplace_all_attacks_IMDB/IMDB_CaliToTrunc_eps1_scale_increase_mr0.13_lambda1.log
IMDB,CaliToTrunc,1,scale,increase,0.15,1,,,,91.275579,1,results_laplace_all_attacks_IMDB/IMDB_CaliToTrunc_eps1_scale_increase_mr0.15_lambda1.log
IMDB,CaliToTrunc,1,scale,increase,0.18,1,,,,109.691103,1,results_laplace_all_attacks_IMDB/IMDB_CaliToTrunc_eps1_scale_increase_mr0.18_lambda1.log
IMDB,CaliToTrunc,1,scale,increase,0.20,1,,,,121.838000,1,results_laplace_all_attacks_IMDB/IMDB_CaliToTrunc_eps1_scale_increase_mr0.20_lambda1.log
IMDB,CaliToTrunc,2,clean,none,0,0,,,,1.555052,1,results_laplace_all_attacks_IMDB/IMDB_CaliToTrunc_eps2_clean.log
IMDB,CaliToTrunc,2,count,decrease,0.03,1,,,,1.545923,1,results_laplace_all_attacks_IMDB/IMDB_CaliToTrunc_eps2_count_decrease_mr0.03_lambda1.log
IMDB,CaliToTrunc,2,count,decrease,0.05,1,,,,1.540947,1,results_laplace_all_attacks_IMDB/IMDB_CaliToTrunc_eps2_count_decrease_mr0.05_lambda1.log
IMDB,CaliToTrunc,2,count,decrease,0.08,1,,,,1.538632,1,results_laplace_all_attacks_IMDB/IMDB_CaliToTrunc_eps2_count_decrease_mr0.08_lambda1.log
IMDB,CaliToTrunc,2,count,decrease,0.10,1,,,,1.538062,1,results_laplace_all_attacks_IMDB/IMDB_CaliToTrunc_eps2_count_decrease_mr0.10_lambda1.log
IMDB,CaliToTrunc,2,count,decrease,0.13,1,,,,1.537206,1,results_laplace_all_attacks_IMDB/IMDB_CaliToTrunc_eps2_count_decrease_mr0.13_lambda1.log
IMDB,CaliToTrunc,2,count,decrease,0.15,1,,,,1.535495,1,results_laplace_all_attacks_IMDB/IMDB_CaliToTrunc_eps2_count_decrease_mr0.15_lambda1.log
IMDB,CaliToTrunc,2,count,decrease,0.18,1,,,,1.533927,1,results_laplace_all_attacks_IMDB/IMDB_CaliToTrunc_eps2_count_decrease_mr0.18_lambda1.log
IMDB,CaliToTrunc,2,count,decrease,0.20,1,,,,1.533927,1,results_laplace_all_attacks_IMDB/IMDB_CaliToTrunc_eps2_count_decrease_mr0.20_lambda1.log
IMDB,CaliToTrunc,2,count,increase,0.03,1,,,,1.564180,1,results_laplace_all_attacks_IMDB/IMDB_CaliToTrunc_eps2_count_increase_mr0.03_lambda1.log
IMDB,CaliToTrunc,2,count,increase,0.05,1,,,,1.569886,1,results_laplace_all_attacks_IMDB/IMDB_CaliToTrunc_eps2_count_increase_mr0.05_lambda1.log
IMDB,CaliToTrunc,2,count,increase,0.08,1,,,,1.576732,1,results_laplace_all_attacks_IMDB/IMDB_CaliToTrunc_eps2_count_increase_mr0.08_lambda1.log
IMDB,CaliToTrunc,2,count,increase,0.10,1,,,,1.579014,1,results_laplace_all_attacks_IMDB/IMDB_CaliToTrunc_eps2_count_increase_mr0.10_lambda1.log
IMDB,CaliToTrunc,2,count,increase,0.13,1,,,,1.582437,1,results_laplace_all_attacks_IMDB/IMDB_CaliToTrunc_eps2_count_increase_mr0.13_lambda1.log
IMDB,CaliToTrunc,2,count,increase,0.15,1,,,,1.590124,1,results_laplace_all_attacks_IMDB/IMDB_CaliToTrunc_eps2_count_increase_mr0.15_lambda1.log
IMDB,CaliToTrunc,2,count,increase,0.18,1,,,,1.600108,1,results_laplace_all_attacks_IMDB/IMDB_CaliToTrunc_eps2_count_increase_mr0.18_lambda1.log
IMDB,CaliToTrunc,2,count,increase,0.20,1,,,,1.604387,1,results_laplace_all_attacks_IMDB/IMDB_CaliToTrunc_eps2_count_increase_mr0.20_lambda1.log
IMDB,CaliToTrunc,2,fixed,decrease,0.03,1,,,,1.633143,1,results_laplace_all_attacks_IMDB/IMDB_CaliToTrunc_eps2_fixed_decrease_mr0.03_lambda1.log
IMDB,CaliToTrunc,2,fixed,decrease,0.05,1,,,,2.121693,1,results_laplace_all_attacks_IMDB/IMDB_CaliToTrunc_eps2_fixed_decrease_mr0.05_lambda1.log
IMDB,CaliToTrunc,2,fixed,decrease,0.08,1,,,,3.346119,1,results_laplace_all_attacks_IMDB/IMDB_CaliToTrunc_eps2_fixed_decrease_mr0.08_lambda1.log
IMDB,CaliToTrunc,2,fixed,decrease,0.10,1,,,,4.201917,1,results_laplace_all_attacks_IMDB/IMDB_CaliToTrunc_eps2_fixed_decrease_mr0.10_lambda1.log
IMDB,CaliToTrunc,2,fixed,decrease,0.13,1,,,,5.485614,1,results_laplace_all_attacks_IMDB/IMDB_CaliToTrunc_eps2_fixed_decrease_mr0.13_lambda1.log
IMDB,CaliToTrunc,2,fixed,decrease,0.15,1,,,,6.341412,1,results_laplace_all_attacks_IMDB/IMDB_CaliToTrunc_eps2_fixed_decrease_mr0.15_lambda1.log
IMDB,CaliToTrunc,2,fixed,decrease,0.18,1,,,,7.625109,1,results_laplace_all_attacks_IMDB/IMDB_CaliToTrunc_eps2_fixed_decrease_mr0.18_lambda1.log
IMDB,CaliToTrunc,2,fixed,decrease,0.20,1,,,,8.480907,1,results_laplace_all_attacks_IMDB/IMDB_CaliToTrunc_eps2_fixed_decrease_mr0.20_lambda1.log
IMDB,CaliToTrunc,2,fixed,increase,0.03,1,,,,2.109821,1,results_laplace_all_attacks_IMDB/IMDB_CaliToTrunc_eps2_fixed_increase_mr0.03_lambda1.log
IMDB,CaliToTrunc,2,fixed,increase,0.05,1,,,,2.678001,1,results_laplace_all_attacks_IMDB/IMDB_CaliToTrunc_eps2_fixed_increase_mr0.05_lambda1.log
IMDB,CaliToTrunc,2,fixed,increase,0.08,1,,,,3.698607,1,results_laplace_all_attacks_IMDB/IMDB_CaliToTrunc_eps2_fixed_increase_mr0.08_lambda1.log
IMDB,CaliToTrunc,2,fixed,increase,0.10,1,,,,4.473789,1,results_laplace_all_attacks_IMDB/IMDB_CaliToTrunc_eps2_fixed_increase_mr0.10_lambda1.log
IMDB,CaliToTrunc,2,fixed,increase,0.13,1,,,,5.671906,1,results_laplace_all_attacks_IMDB/IMDB_CaliToTrunc_eps2_fixed_increase_mr0.13_lambda1.log
IMDB,CaliToTrunc,2,fixed,increase,0.15,1,,,,6.495559,1,results_laplace_all_attacks_IMDB/IMDB_CaliToTrunc_eps2_fixed_increase_mr0.15_lambda1.log
IMDB,CaliToTrunc,2,fixed,increase,0.18,1,,,,7.779256,1,results_laplace_all_attacks_IMDB/IMDB_CaliToTrunc_eps2_fixed_increase_mr0.18_lambda1.log
IMDB,CaliToTrunc,2,fixed,increase,0.20,1,,,,8.635054,1,results_laplace_all_attacks_IMDB/IMDB_CaliToTrunc_eps2_fixed_increase_mr0.20_lambda1.log
IMDB,CaliToTrunc,2,scale,decrease,0.03,1,,,,3.412872,1,results_laplace_all_attacks_IMDB/IMDB_CaliToTrunc_eps2_scale_decrease_mr0.03_lambda1.log
IMDB,CaliToTrunc,2,scale,decrease,0.05,1,,,,5.766288,1,results_laplace_all_attacks_IMDB/IMDB_CaliToTrunc_eps2_scale_decrease_mr0.05_lambda1.log
IMDB,CaliToTrunc,2,scale,decrease,0.08,1,,,,9.267713,1,results_laplace_all_attacks_IMDB/IMDB_CaliToTrunc_eps2_scale_decrease_mr0.08_lambda1.log
IMDB,CaliToTrunc,2,scale,decrease,0.10,1,,,,11.609650,1,results_laplace_all_attacks_IMDB/IMDB_CaliToTrunc_eps2_scale_decrease_mr0.10_lambda1.log
IMDB,CaliToTrunc,2,scale,decrease,0.13,1,,,,15.122555,1,results_laplace_all_attacks_IMDB/IMDB_CaliToTrunc_eps2_scale_decrease_mr0.13_lambda1.log
IMDB,CaliToTrunc,2,scale,decrease,0.15,1,,,,17.441531,1,results_laplace_all_attacks_IMDB/IMDB_CaliToTrunc_eps2_scale_decrease_mr0.15_lambda1.log
IMDB,CaliToTrunc,2,scale,decrease,0.18,1,,,,20.942956,1,results_laplace_all_attacks_IMDB/IMDB_CaliToTrunc_eps2_scale_decrease_mr0.18_lambda1.log
IMDB,CaliToTrunc,2,scale,decrease,0.20,1,,,,23.273413,1,results_laplace_all_attacks_IMDB/IMDB_CaliToTrunc_eps2_scale_decrease_mr0.20_lambda1.log
IMDB,CaliToTrunc,2,scale,increase,0.03,1,,,,3.756460,1,results_laplace_all_attacks_IMDB/IMDB_CaliToTrunc_eps2_scale_increase_mr0.03_lambda1.log
IMDB,CaliToTrunc,2,scale,increase,0.05,1,,,,5.933869,1,results_laplace_all_attacks_IMDB/IMDB_CaliToTrunc_eps2_scale_increase_mr0.05_lambda1.log
IMDB,CaliToTrunc,2,scale,increase,0.08,1,,,,9.421860,1,results_laplace_all_attacks_IMDB/IMDB_CaliToTrunc_eps2_scale_increase_mr0.08_lambda1.log
IMDB,CaliToTrunc,2,scale,increase,0.10,1,,,,11.763796,1,results_laplace_all_attacks_IMDB/IMDB_CaliToTrunc_eps2_scale_increase_mr0.10_lambda1.log
IMDB,CaliToTrunc,2,scale,increase,0.13,1,,,,15.276701,1,results_laplace_all_attacks_IMDB/IMDB_CaliToTrunc_eps2_scale_increase_mr0.13_lambda1.log
IMDB,CaliToTrunc,2,scale,increase,0.15,1,,,,17.595678,1,results_laplace_all_attacks_IMDB/IMDB_CaliToTrunc_eps2_scale_increase_mr0.15_lambda1.log
IMDB,CaliToTrunc,2,scale,increase,0.18,1,,,,21.097103,1,results_laplace_all_attacks_IMDB/IMDB_CaliToTrunc_eps2_scale_increase_mr0.18_lambda1.log
IMDB,CaliToTrunc,2,scale,increase,0.20,1,,,,23.427559,1,results_laplace_all_attacks_IMDB/IMDB_CaliToTrunc_eps2_scale_increase_mr0.20_lambda1.log
IMDB,CaliToUpper,0.5,clean,none,0,0,,,,19.035854,1,results_laplace_all_attacks_IMDB/IMDB_CaliToUpper_eps0.5_clean.log
IMDB,CaliToUpper,0.5,count,decrease,0.03,1,,,,19.044982,1,results_laplace_all_attacks_IMDB/IMDB_CaliToUpper_eps0.5_count_decrease_mr0.03_lambda1.log
IMDB,CaliToUpper,0.5,count,decrease,0.05,1,,,,19.050687,1,results_laplace_all_attacks_IMDB/IMDB_CaliToUpper_eps0.5_count_decrease_mr0.05_lambda1.log
IMDB,CaliToUpper,0.5,count,decrease,0.08,1,,,,19.057534,1,results_laplace_all_attacks_IMDB/IMDB_CaliToUpper_eps0.5_count_decrease_mr0.08_lambda1.log
IMDB,CaliToUpper,0.5,count,decrease,0.10,1,,,,19.059816,1,results_laplace_all_attacks_IMDB/IMDB_CaliToUpper_eps0.5_count_decrease_mr0.10_lambda1.log
IMDB,CaliToUpper,0.5,count,decrease,0.13,1,,,,19.063239,1,results_laplace_all_attacks_IMDB/IMDB_CaliToUpper_eps0.5_count_decrease_mr0.13_lambda1.log
IMDB,CaliToUpper,0.5,count,decrease,0.15,1,,,,19.070086,1,results_laplace_all_attacks_IMDB/IMDB_CaliToUpper_eps0.5_count_decrease_mr0.15_lambda1.log
IMDB,CaliToUpper,0.5,count,decrease,0.18,1,,,,19.078073,1,results_laplace_all_attacks_IMDB/IMDB_CaliToUpper_eps0.5_count_decrease_mr0.18_lambda1.log
IMDB,CaliToUpper,0.5,count,decrease,0.20,1,,,,19.081496,1,results_laplace_all_attacks_IMDB/IMDB_CaliToUpper_eps0.5_count_decrease_mr0.20_lambda1.log
IMDB,CaliToUpper,0.5,count,increase,0.03,1,,,,19.026725,1,results_laplace_all_attacks_IMDB/IMDB_CaliToUpper_eps0.5_count_increase_mr0.03_lambda1.log
IMDB,CaliToUpper,0.5,count,increase,0.05,1,,,,19.021020,1,results_laplace_all_attacks_IMDB/IMDB_CaliToUpper_eps0.5_count_increase_mr0.05_lambda1.log
IMDB,CaliToUpper,0.5,count,increase,0.08,1,,,,19.014173,1,results_laplace_all_attacks_IMDB/IMDB_CaliToUpper_eps0.5_count_increase_mr0.08_lambda1.log
IMDB,CaliToUpper,0.5,count,increase,0.10,1,,,,19.011891,1,results_laplace_all_attacks_IMDB/IMDB_CaliToUpper_eps0.5_count_increase_mr0.10_lambda1.log
IMDB,CaliToUpper,0.5,count,increase,0.13,1,,,,19.008468,1,results_laplace_all_attacks_IMDB/IMDB_CaliToUpper_eps0.5_count_increase_mr0.13_lambda1.log
IMDB,CaliToUpper,0.5,count,increase,0.15,1,,,,19.002952,1,results_laplace_all_attacks_IMDB/IMDB_CaliToUpper_eps0.5_count_increase_mr0.15_lambda1.log
IMDB,CaliToUpper,0.5,count,increase,0.18,1,,,,18.996961,1,results_laplace_all_attacks_IMDB/IMDB_CaliToUpper_eps0.5_count_increase_mr0.18_lambda1.log
IMDB,CaliToUpper,0.5,count,increase,0.20,1,,,,18.994394,1,results_laplace_all_attacks_IMDB/IMDB_CaliToUpper_eps0.5_count_increase_mr0.20_lambda1.log
IMDB,CaliToUpper,0.5,fixed,decrease,0.03,1,,,,19.443218,1,results_laplace_all_attacks_IMDB/IMDB_CaliToUpper_eps0.5_fixed_decrease_mr0.03_lambda1.log
IMDB,CaliToUpper,0.5,fixed,decrease,0.05,1,,,,19.728484,1,results_laplace_all_attacks_IMDB/IMDB_CaliToUpper_eps0.5_fixed_decrease_mr0.05_lambda1.log
IMDB,CaliToUpper,0.5,fixed,decrease,0.08,1,,,,20.156383,1,results_laplace_all_attacks_IMDB/IMDB_CaliToUpper_eps0.5_fixed_decrease_mr0.08_lambda1.log
IMDB,CaliToUpper,0.5,fixed,decrease,0.10,1,,,,20.461576,1,results_laplace_all_attacks_IMDB/IMDB_CaliToUpper_eps0.5_fixed_decrease_mr0.10_lambda1.log
IMDB,CaliToUpper,0.5,fixed,decrease,0.13,1,,,,20.975055,1,results_laplace_all_attacks_IMDB/IMDB_CaliToUpper_eps0.5_fixed_decrease_mr0.13_lambda1.log
IMDB,CaliToUpper,0.5,fixed,decrease,0.15,1,,,,21.317374,1,results_laplace_all_attacks_IMDB/IMDB_CaliToUpper_eps0.5_fixed_decrease_mr0.15_lambda1.log
IMDB,CaliToUpper,0.5,fixed,decrease,0.18,1,,,,21.846374,1,results_laplace_all_attacks_IMDB/IMDB_CaliToUpper_eps0.5_fixed_decrease_mr0.18_lambda1.log
IMDB,CaliToUpper,0.5,fixed,decrease,0.20,1,,,,22.245747,1,results_laplace_all_attacks_IMDB/IMDB_CaliToUpper_eps0.5_fixed_decrease_mr0.20_lambda1.log
IMDB,CaliToUpper,0.5,fixed,increase,0.03,1,,,,18.879503,1,results_laplace_all_attacks_IMDB/IMDB_CaliToUpper_eps0.5_fixed_increase_mr0.03_lambda1.log
IMDB,CaliToUpper,0.5,fixed,increase,0.05,1,,,,18.894059,1,results_laplace_all_attacks_IMDB/IMDB_CaliToUpper_eps0.5_fixed_increase_mr0.05_lambda1.log
IMDB,CaliToUpper,0.5,fixed,increase,0.08,1,,,,18.979639,1,results_laplace_all_attacks_IMDB/IMDB_CaliToUpper_eps0.5_fixed_increase_mr0.08_lambda1.log
IMDB,CaliToUpper,0.5,fixed,increase,0.10,1,,,,19.135683,1,results_laplace_all_attacks_IMDB/IMDB_CaliToUpper_eps0.5_fixed_increase_mr0.10_lambda1.log
IMDB,CaliToUpper,0.5,fixed,increase,0.13,1,,,,19.392423,1,results_laplace_all_attacks_IMDB/IMDB_CaliToUpper_eps0.5_fixed_increase_mr0.13_lambda1.log
IMDB,CaliToUpper,0.5,fixed,increase,0.15,1,,,,19.569653,1,results_laplace_all_attacks_IMDB/IMDB_CaliToUpper_eps0.5_fixed_increase_mr0.15_lambda1.log
IMDB,CaliToUpper,0.5,fixed,increase,0.18,1,,,,19.911972,1,results_laplace_all_attacks_IMDB/IMDB_CaliToUpper_eps0.5_fixed_increase_mr0.18_lambda1.log
IMDB,CaliToUpper,0.5,fixed,increase,0.20,1,,,,20.140185,1,results_laplace_all_attacks_IMDB/IMDB_CaliToUpper_eps0.5_fixed_increase_mr0.20_lambda1.log
IMDB,CaliToUpper,0.5,scale,decrease,0.03,1,,,,62.605540,1,results_laplace_all_attacks_IMDB/IMDB_CaliToUpper_eps0.5_scale_decrease_mr0.03_lambda1.log
IMDB,CaliToUpper,0.5,scale,decrease,0.05,1,,,,101.171169,1,results_laplace_all_attacks_IMDB/IMDB_CaliToUpper_eps0.5_scale_decrease_mr0.05_lambda1.log
IMDB,CaliToUpper,0.5,scale,decrease,0.08,1,,,,159.099532,1,results_laplace_all_attacks_IMDB/IMDB_CaliToUpper_eps0.5_scale_decrease_mr0.08_lambda1.log
IMDB,CaliToUpper,0.5,scale,decrease,0.10,1,,,,197.813398,1,results_laplace_all_attacks_IMDB/IMDB_CaliToUpper_eps0.5_scale_decrease_mr0.10_lambda1.log
IMDB,CaliToUpper,0.5,scale,decrease,0.13,1,,,,255.615297,1,results_laplace_all_attacks_IMDB/IMDB_CaliToUpper_eps0.5_scale_decrease_mr0.13_lambda1.log
IMDB,CaliToUpper,0.5,scale,decrease,0.15,1,,,,293.571206,1,results_laplace_all_attacks_IMDB/IMDB_CaliToUpper_eps0.5_scale_decrease_mr0.15_lambda1.log
IMDB,CaliToUpper,0.5,scale,decrease,0.18,1,,,,351.397787,1,results_laplace_all_attacks_IMDB/IMDB_CaliToUpper_eps0.5_scale_decrease_mr0.18_lambda1.log
IMDB,CaliToUpper,0.5,scale,decrease,0.20,1,,,,389.936718,1,results_laplace_all_attacks_IMDB/IMDB_CaliToUpper_eps0.5_scale_decrease_mr0.20_lambda1.log
IMDB,CaliToUpper,0.5,scale,increase,0.03,1,,,,53.011468,1,results_laplace_all_attacks_IMDB/IMDB_CaliToUpper_eps0.5_scale_increase_mr0.03_lambda1.log
IMDB,CaliToUpper,0.5,scale,increase,0.05,1,,,,90.964668,1,results_laplace_all_attacks_IMDB/IMDB_CaliToUpper_eps0.5_scale_increase_mr0.05_lambda1.log
IMDB,CaliToUpper,0.5,scale,increase,0.08,1,,,,148.893031,1,results_laplace_all_attacks_IMDB/IMDB_CaliToUpper_eps0.5_scale_increase_mr0.08_lambda1.log
IMDB,CaliToUpper,0.5,scale,increase,0.10,1,,,,187.606897,1,results_laplace_all_attacks_IMDB/IMDB_CaliToUpper_eps0.5_scale_increase_mr0.10_lambda1.log
IMDB,CaliToUpper,0.5,scale,increase,0.13,1,,,,245.408796,1,results_laplace_all_attacks_IMDB/IMDB_CaliToUpper_eps0.5_scale_increase_mr0.13_lambda1.log
IMDB,CaliToUpper,0.5,scale,increase,0.15,1,,,,283.364704,1,results_laplace_all_attacks_IMDB/IMDB_CaliToUpper_eps0.5_scale_increase_mr0.15_lambda1.log
IMDB,CaliToUpper,0.5,scale,increase,0.18,1,,,,341.191286,1,results_laplace_all_attacks_IMDB/IMDB_CaliToUpper_eps0.5_scale_increase_mr0.18_lambda1.log
IMDB,CaliToUpper,0.5,scale,increase,0.20,1,,,,379.730217,1,results_laplace_all_attacks_IMDB/IMDB_CaliToUpper_eps0.5_scale_increase_mr0.20_lambda1.log
IMDB,CaliToUpper,1,clean,none,0,0,,,,5.419318,1,results_laplace_all_attacks_IMDB/IMDB_CaliToUpper_eps1_clean.log
IMDB,CaliToUpper,1,count,decrease,0.03,1,,,,5.428447,1,results_laplace_all_attacks_IMDB/IMDB_CaliToUpper_eps1_count_decrease_mr0.03_lambda1.log
IMDB,CaliToUpper,1,count,decrease,0.05,1,,,,5.434152,1,results_laplace_all_attacks_IMDB/IMDB_CaliToUpper_eps1_count_decrease_mr0.05_lambda1.log
IMDB,CaliToUpper,1,count,decrease,0.08,1,,,,5.440998,1,results_laplace_all_attacks_IMDB/IMDB_CaliToUpper_eps1_count_decrease_mr0.08_lambda1.log
IMDB,CaliToUpper,1,count,decrease,0.10,1,,,,5.443281,1,results_laplace_all_attacks_IMDB/IMDB_CaliToUpper_eps1_count_decrease_mr0.10_lambda1.log
IMDB,CaliToUpper,1,count,decrease,0.13,1,,,,5.446704,1,results_laplace_all_attacks_IMDB/IMDB_CaliToUpper_eps1_count_decrease_mr0.13_lambda1.log
IMDB,CaliToUpper,1,count,decrease,0.15,1,,,,5.453550,1,results_laplace_all_attacks_IMDB/IMDB_CaliToUpper_eps1_count_decrease_mr0.15_lambda1.log
IMDB,CaliToUpper,1,count,decrease,0.18,1,,,,5.463479,1,results_laplace_all_attacks_IMDB/IMDB_CaliToUpper_eps1_count_decrease_mr0.18_lambda1.log
IMDB,CaliToUpper,1,count,decrease,0.20,1,,,,5.467758,1,results_laplace_all_attacks_IMDB/IMDB_CaliToUpper_eps1_count_decrease_mr0.20_lambda1.log
IMDB,CaliToUpper,1,count,increase,0.03,1,,,,5.410190,1,results_laplace_all_attacks_IMDB/IMDB_CaliToUpper_eps1_count_increase_mr0.03_lambda1.log
IMDB,CaliToUpper,1,count,increase,0.05,1,,,,5.405385,1,results_laplace_all_attacks_IMDB/IMDB_CaliToUpper_eps1_count_increase_mr0.05_lambda1.log
IMDB,CaliToUpper,1,count,increase,0.08,1,,,,5.400250,1,results_laplace_all_attacks_IMDB/IMDB_CaliToUpper_eps1_count_increase_mr0.08_lambda1.log
IMDB,CaliToUpper,1,count,increase,0.10,1,,,,5.398538,1,results_laplace_all_attacks_IMDB/IMDB_CaliToUpper_eps1_count_increase_mr0.10_lambda1.log
IMDB,CaliToUpper,1,count,increase,0.13,1,,,,5.395971,1,results_laplace_all_attacks_IMDB/IMDB_CaliToUpper_eps1_count_increase_mr0.13_lambda1.log
IMDB,CaliToUpper,1,count,increase,0.15,1,,,,5.391513,1,results_laplace_all_attacks_IMDB/IMDB_CaliToUpper_eps1_count_increase_mr0.15_lambda1.log
IMDB,CaliToUpper,1,count,increase,0.18,1,,,,5.387519,1,results_laplace_all_attacks_IMDB/IMDB_CaliToUpper_eps1_count_increase_mr0.18_lambda1.log
IMDB,CaliToUpper,1,count,increase,0.20,1,,,,5.385807,1,results_laplace_all_attacks_IMDB/IMDB_CaliToUpper_eps1_count_increase_mr0.20_lambda1.log
IMDB,CaliToUpper,1,fixed,decrease,0.03,1,,,,5.856503,1,results_laplace_all_attacks_IMDB/IMDB_CaliToUpper_eps1_fixed_decrease_mr0.03_lambda1.log
IMDB,CaliToUpper,1,fixed,decrease,0.05,1,,,,6.211446,1,results_laplace_all_attacks_IMDB/IMDB_CaliToUpper_eps1_fixed_decrease_mr0.05_lambda1.log
IMDB,CaliToUpper,1,fixed,decrease,0.08,1,,,,6.810504,1,results_laplace_all_attacks_IMDB/IMDB_CaliToUpper_eps1_fixed_decrease_mr0.08_lambda1.log
IMDB,CaliToUpper,1,fixed,decrease,0.10,1,,,,7.268922,1,results_laplace_all_attacks_IMDB/IMDB_CaliToUpper_eps1_fixed_decrease_mr0.10_lambda1.log
IMDB,CaliToUpper,1,fixed,decrease,0.13,1,,,,8.121735,1,results_laplace_all_attacks_IMDB/IMDB_CaliToUpper_eps1_fixed_decrease_mr0.13_lambda1.log
IMDB,CaliToUpper,1,fixed,decrease,0.15,1,,,,8.692267,1,results_laplace_all_attacks_IMDB/IMDB_CaliToUpper_eps1_fixed_decrease_mr0.15_lambda1.log
IMDB,CaliToUpper,1,fixed,decrease,0.18,1,,,,9.685716,1,results_laplace_all_attacks_IMDB/IMDB_CaliToUpper_eps1_fixed_decrease_mr0.18_lambda1.log
IMDB,CaliToUpper,1,fixed,decrease,0.20,1,,,,10.370354,1,results_laplace_all_attacks_IMDB/IMDB_CaliToUpper_eps1_fixed_decrease_mr0.20_lambda1.log
IMDB,CaliToUpper,1,fixed,increase,0.03,1,,,,5.424417,1,results_laplace_all_attacks_IMDB/IMDB_CaliToUpper_eps1_fixed_increase_mr0.03_lambda1.log
IMDB,CaliToUpper,1,fixed,increase,0.05,1,,,,5.620775,1,results_laplace_all_attacks_IMDB/IMDB_CaliToUpper_eps1_fixed_increase_mr0.05_lambda1.log
IMDB,CaliToUpper,1,fixed,increase,0.08,1,,,,6.005833,1,results_laplace_all_attacks_IMDB/IMDB_CaliToUpper_eps1_fixed_increase_mr0.08_lambda1.log
IMDB,CaliToUpper,1,fixed,increase,0.10,1,,,,6.393203,1,results_laplace_all_attacks_IMDB/IMDB_CaliToUpper_eps1_fixed_increase_mr0.10_lambda1.log
IMDB,CaliToUpper,1,fixed,increase,0.13,1,,,,6.992262,1,results_laplace_all_attacks_IMDB/IMDB_CaliToUpper_eps1_fixed_increase_mr0.13_lambda1.log
IMDB,CaliToUpper,1,fixed,increase,0.15,1,,,,7.391634,1,results_laplace_all_attacks_IMDB/IMDB_CaliToUpper_eps1_fixed_increase_mr0.15_lambda1.log
IMDB,CaliToUpper,1,fixed,increase,0.18,1,,,,8.002406,1,results_laplace_all_attacks_IMDB/IMDB_CaliToUpper_eps1_fixed_increase_mr0.18_lambda1.log
IMDB,CaliToUpper,1,fixed,increase,0.20,1,,,,8.478693,1,results_laplace_all_attacks_IMDB/IMDB_CaliToUpper_eps1_fixed_increase_mr0.20_lambda1.log
IMDB,CaliToUpper,1,scale,decrease,0.03,1,,,,17.855477,1,results_laplace_all_attacks_IMDB/IMDB_CaliToUpper_eps1_scale_decrease_mr0.03_lambda1.log
IMDB,CaliToUpper,1,scale,decrease,0.05,1,,,,28.790479,1,results_laplace_all_attacks_IMDB/IMDB_CaliToUpper_eps1_scale_decrease_mr0.05_lambda1.log
IMDB,CaliToUpper,1,scale,decrease,0.08,1,,,,45.220468,1,results_laplace_all_attacks_IMDB/IMDB_CaliToUpper_eps1_scale_decrease_mr0.08_lambda1.log
IMDB,CaliToUpper,1,scale,decrease,0.10,1,,,,56.193660,1,results_laplace_all_attacks_IMDB/IMDB_CaliToUpper_eps1_scale_decrease_mr0.10_lambda1.log
IMDB,CaliToUpper,1,scale,decrease,0.13,1,,,,72.589924,1,results_laplace_all_attacks_IMDB/IMDB_CaliToUpper_eps1_scale_decrease_mr0.13_lambda1.log
IMDB,CaliToUpper,1,scale,decrease,0.15,1,,,,83.373730,1,results_laplace_all_attacks_IMDB/IMDB_CaliToUpper_eps1_scale_decrease_mr0.15_lambda1.log
IMDB,CaliToUpper,1,scale,decrease,0.18,1,,,,99.777488,1,results_laplace_all_attacks_IMDB/IMDB_CaliToUpper_eps1_scale_decrease_mr0.18_lambda1.log
IMDB,CaliToUpper,1,scale,decrease,0.20,1,,,,110.707729,1,results_laplace_all_attacks_IMDB/IMDB_CaliToUpper_eps1_scale_decrease_mr0.20_lambda1.log
IMDB,CaliToUpper,1,scale,increase,0.03,1,,,,14.967823,1,results_laplace_all_attacks_IMDB/IMDB_CaliToUpper_eps1_scale_increase_mr0.03_lambda1.log
IMDB,CaliToUpper,1,scale,increase,0.05,1,,,,25.722129,1,results_laplace_all_attacks_IMDB/IMDB_CaliToUpper_eps1_scale_increase_mr0.05_lambda1.log
IMDB,CaliToUpper,1,scale,increase,0.08,1,,,,42.152117,1,results_laplace_all_attacks_IMDB/IMDB_CaliToUpper_eps1_scale_increase_mr0.08_lambda1.log
IMDB,CaliToUpper,1,scale,increase,0.10,1,,,,53.125309,1,results_laplace_all_attacks_IMDB/IMDB_CaliToUpper_eps1_scale_increase_mr0.10_lambda1.log
IMDB,CaliToUpper,1,scale,increase,0.13,1,,,,69.521574,1,results_laplace_all_attacks_IMDB/IMDB_CaliToUpper_eps1_scale_increase_mr0.13_lambda1.log
IMDB,CaliToUpper,1,scale,increase,0.15,1,,,,80.305379,1,results_laplace_all_attacks_IMDB/IMDB_CaliToUpper_eps1_scale_increase_mr0.15_lambda1.log
IMDB,CaliToUpper,1,scale,increase,0.18,1,,,,96.709138,1,results_laplace_all_attacks_IMDB/IMDB_CaliToUpper_eps1_scale_increase_mr0.18_lambda1.log
IMDB,CaliToUpper,1,scale,increase,0.20,1,,,,107.639379,1,results_laplace_all_attacks_IMDB/IMDB_CaliToUpper_eps1_scale_increase_mr0.20_lambda1.log
IMDB,CaliToUpper,2,clean,none,0,0,,,,1.642534,1,results_laplace_all_attacks_IMDB/IMDB_CaliToUpper_eps2_clean.log
IMDB,CaliToUpper,2,count,decrease,0.03,1,,,,1.653678,1,results_laplace_all_attacks_IMDB/IMDB_CaliToUpper_eps2_count_decrease_mr0.03_lambda1.log
IMDB,CaliToUpper,2,count,decrease,0.05,1,,,,1.660810,1,results_laplace_all_attacks_IMDB/IMDB_CaliToUpper_eps2_count_decrease_mr0.05_lambda1.log
IMDB,CaliToUpper,2,count,decrease,0.08,1,,,,1.669368,1,results_laplace_all_attacks_IMDB/IMDB_CaliToUpper_eps2_count_decrease_mr0.08_lambda1.log
IMDB,CaliToUpper,2,count,decrease,0.10,1,,,,1.672220,1,results_laplace_all_attacks_IMDB/IMDB_CaliToUpper_eps2_count_decrease_mr0.10_lambda1.log
IMDB,CaliToUpper,2,count,decrease,0.13,1,,,,1.676499,1,results_laplace_all_attacks_IMDB/IMDB_CaliToUpper_eps2_count_decrease_mr0.13_lambda1.log
IMDB,CaliToUpper,2,count,decrease,0.15,1,,,,1.685057,1,results_laplace_all_attacks_IMDB/IMDB_CaliToUpper_eps2_count_decrease_mr0.15_lambda1.log
IMDB,CaliToUpper,2,count,decrease,0.18,1,,,,1.695041,1,results_laplace_all_attacks_IMDB/IMDB_CaliToUpper_eps2_count_decrease_mr0.18_lambda1.log
IMDB,CaliToUpper,2,count,decrease,0.20,1,,,,1.699320,1,results_laplace_all_attacks_IMDB/IMDB_CaliToUpper_eps2_count_decrease_mr0.20_lambda1.log
IMDB,CaliToUpper,2,count,increase,0.03,1,,,,1.633406,1,results_laplace_all_attacks_IMDB/IMDB_CaliToUpper_eps2_count_increase_mr0.03_lambda1.log
IMDB,CaliToUpper,2,count,increase,0.05,1,,,,1.627700,1,results_laplace_all_attacks_IMDB/IMDB_CaliToUpper_eps2_count_increase_mr0.05_lambda1.log
IMDB,CaliToUpper,2,count,increase,0.08,1,,,,1.621713,1,results_laplace_all_attacks_IMDB/IMDB_CaliToUpper_eps2_count_increase_mr0.08_lambda1.log
IMDB,CaliToUpper,2,count,increase,0.10,1,,,,1.620002,1,results_laplace_all_attacks_IMDB/IMDB_CaliToUpper_eps2_count_increase_mr0.10_lambda1.log
IMDB,CaliToUpper,2,count,increase,0.13,1,,,,1.618113,1,results_laplace_all_attacks_IMDB/IMDB_CaliToUpper_eps2_count_increase_mr0.13_lambda1.log
IMDB,CaliToUpper,2,count,increase,0.15,1,,,,1.614690,1,results_laplace_all_attacks_IMDB/IMDB_CaliToUpper_eps2_count_increase_mr0.15_lambda1.log
IMDB,CaliToUpper,2,count,increase,0.18,1,,,,1.610696,1,results_laplace_all_attacks_IMDB/IMDB_CaliToUpper_eps2_count_increase_mr0.18_lambda1.log
IMDB,CaliToUpper,2,count,increase,0.20,1,,,,1.608984,1,results_laplace_all_attacks_IMDB/IMDB_CaliToUpper_eps2_count_increase_mr0.20_lambda1.log
IMDB,CaliToUpper,2,fixed,decrease,0.03,1,,,,2.230018,1,results_laplace_all_attacks_IMDB/IMDB_CaliToUpper_eps2_fixed_decrease_mr0.03_lambda1.log
IMDB,CaliToUpper,2,fixed,decrease,0.05,1,,,,2.832917,1,results_laplace_all_attacks_IMDB/IMDB_CaliToUpper_eps2_fixed_decrease_mr0.05_lambda1.log
IMDB,CaliToUpper,2,fixed,decrease,0.08,1,,,,3.965784,1,results_laplace_all_attacks_IMDB/IMDB_CaliToUpper_eps2_fixed_decrease_mr0.08_lambda1.log
IMDB,CaliToUpper,2,fixed,decrease,0.10,1,,,,4.821582,1,results_laplace_all_attacks_IMDB/IMDB_CaliToUpper_eps2_fixed_decrease_mr0.10_lambda1.log
IMDB,CaliToUpper,2,fixed,decrease,0.13,1,,,,6.105279,1,results_laplace_all_attacks_IMDB/IMDB_CaliToUpper_eps2_fixed_decrease_mr0.13_lambda1.log
IMDB,CaliToUpper,2,fixed,decrease,0.15,1,,,,6.961077,1,results_laplace_all_attacks_IMDB/IMDB_CaliToUpper_eps2_fixed_decrease_mr0.15_lambda1.log
IMDB,CaliToUpper,2,fixed,decrease,0.18,1,,,,8.244774,1,results_laplace_all_attacks_IMDB/IMDB_CaliToUpper_eps2_fixed_decrease_mr0.18_lambda1.log
IMDB,CaliToUpper,2,fixed,decrease,0.20,1,,,,9.100572,1,results_laplace_all_attacks_IMDB/IMDB_CaliToUpper_eps2_fixed_decrease_mr0.20_lambda1.log
IMDB,CaliToUpper,2,fixed,increase,0.03,1,,,,1.877568,1,results_laplace_all_attacks_IMDB/IMDB_CaliToUpper_eps2_fixed_increase_mr0.03_lambda1.log
IMDB,CaliToUpper,2,fixed,increase,0.05,1,,,,2.276940,1,results_laplace_all_attacks_IMDB/IMDB_CaliToUpper_eps2_fixed_increase_mr0.05_lambda1.log
IMDB,CaliToUpper,2,fixed,increase,0.08,1,,,,3.106325,1,results_laplace_all_attacks_IMDB/IMDB_CaliToUpper_eps2_fixed_increase_mr0.08_lambda1.log
IMDB,CaliToUpper,2,fixed,increase,0.10,1,,,,3.848017,1,results_laplace_all_attacks_IMDB/IMDB_CaliToUpper_eps2_fixed_increase_mr0.10_lambda1.log
IMDB,CaliToUpper,2,fixed,increase,0.13,1,,,,5.035068,1,results_laplace_all_attacks_IMDB/IMDB_CaliToUpper_eps2_fixed_increase_mr0.13_lambda1.log
IMDB,CaliToUpper,2,fixed,increase,0.15,1,,,,5.875893,1,results_laplace_all_attacks_IMDB/IMDB_CaliToUpper_eps2_fixed_increase_mr0.15_lambda1.log
IMDB,CaliToUpper,2,fixed,increase,0.18,1,,,,7.159590,1,results_laplace_all_attacks_IMDB/IMDB_CaliToUpper_eps2_fixed_increase_mr0.18_lambda1.log
IMDB,CaliToUpper,2,fixed,increase,0.20,1,,,,8.015388,1,results_laplace_all_attacks_IMDB/IMDB_CaliToUpper_eps2_fixed_increase_mr0.20_lambda1.log
IMDB,CaliToUpper,2,scale,decrease,0.03,1,,,,5.427374,1,results_laplace_all_attacks_IMDB/IMDB_CaliToUpper_eps2_scale_decrease_mr0.03_lambda1.log
IMDB,CaliToUpper,2,scale,decrease,0.05,1,,,,8.695873,1,results_laplace_all_attacks_IMDB/IMDB_CaliToUpper_eps2_scale_decrease_mr0.05_lambda1.log
IMDB,CaliToUpper,2,scale,decrease,0.08,1,,,,13.609285,1,results_laplace_all_attacks_IMDB/IMDB_CaliToUpper_eps2_scale_decrease_mr0.08_lambda1.log
IMDB,CaliToUpper,2,scale,decrease,0.10,1,,,,16.888025,1,results_laplace_all_attacks_IMDB/IMDB_CaliToUpper_eps2_scale_decrease_mr0.10_lambda1.log
IMDB,CaliToUpper,2,scale,decrease,0.13,1,,,,21.791848,1,results_laplace_all_attacks_IMDB/IMDB_CaliToUpper_eps2_scale_decrease_mr0.13_lambda1.log
IMDB,CaliToUpper,2,scale,decrease,0.15,1,,,,25.022610,1,results_laplace_all_attacks_IMDB/IMDB_CaliToUpper_eps2_scale_decrease_mr0.15_lambda1.log
IMDB,CaliToUpper,2,scale,decrease,0.18,1,,,,29.928984,1,results_laplace_all_attacks_IMDB/IMDB_CaliToUpper_eps2_scale_decrease_mr0.18_lambda1.log
IMDB,CaliToUpper,2,scale,decrease,0.20,1,,,,33.197217,1,results_laplace_all_attacks_IMDB/IMDB_CaliToUpper_eps2_scale_decrease_mr0.20_lambda1.log
IMDB,CaliToUpper,2,scale,increase,0.03,1,,,,4.402356,1,results_laplace_all_attacks_IMDB/IMDB_CaliToUpper_eps2_scale_increase_mr0.03_lambda1.log
IMDB,CaliToUpper,2,scale,increase,0.05,1,,,,7.610688,1,results_laplace_all_attacks_IMDB/IMDB_CaliToUpper_eps2_scale_increase_mr0.05_lambda1.log
IMDB,CaliToUpper,2,scale,increase,0.08,1,,,,12.524101,1,results_laplace_all_attacks_IMDB/IMDB_CaliToUpper_eps2_scale_increase_mr0.08_lambda1.log
IMDB,CaliToUpper,2,scale,increase,0.10,1,,,,15.802841,1,results_laplace_all_attacks_IMDB/IMDB_CaliToUpper_eps2_scale_increase_mr0.10_lambda1.log
IMDB,CaliToUpper,2,scale,increase,0.13,1,,,,20.706663,1,results_laplace_all_attacks_IMDB/IMDB_CaliToUpper_eps2_scale_increase_mr0.13_lambda1.log
IMDB,CaliToUpper,2,scale,increase,0.15,1,,,,23.937425,1,results_laplace_all_attacks_IMDB/IMDB_CaliToUpper_eps2_scale_increase_mr0.15_lambda1.log
IMDB,CaliToUpper,2,scale,increase,0.18,1,,,,28.843800,1,results_laplace_all_attacks_IMDB/IMDB_CaliToUpper_eps2_scale_increase_mr0.18_lambda1.log
IMDB,CaliToUpper,2,scale,increase,0.20,1,,,,32.112033,1,results_laplace_all_attacks_IMDB/IMDB_CaliToUpper_eps2_scale_increase_mr0.20_lambda1.log
