category,original_path,new_path,bytes,sha256
code,cpp文件和脚本/cpp/CCS25ShuffleTriangle.cpp,src/cpp/CCS25ShuffleTriangle.cpp,21763,fff99591d8374bee7dace462d80a5403f4c0439c168a57dc713e15a94730c395
code,cpp文件和脚本/cpp/CCS25ShuffleTriangle_fixed_malpairRR.cpp,src/cpp/CCS25ShuffleTriangle_fixed_malpairRR.cpp,22028,dd0b0c4d2fd5e929fbe1e6d02521b49010782392b15070efbfc3ceb411e58aa6
code,cpp文件和脚本/cpp/check_shuffle_original_data_progress.sh,src/cpp/check_shuffle_original_data_progress.sh,949,b6366180ed3b6e91f548dd630f324b08d78b43dbf23110006e67dc7253c9e628
code,cpp文件和脚本/cpp/DDP_AnomalyDefense.cpp,src/cpp/DDP_AnomalyDefense.cpp,131,6b173a3dcc3759d766e9fb1c1b2eb61f44a9c95ff5bc0363764481efac54a641
code,cpp文件和脚本/cpp/DDP_Phase2_Robust.cpp,src/cpp/DDP_Phase2_Robust.cpp,17941,891c42097d88aff690672c7953f7bc77187143d1c380a70e1c6e032414efdd1e
code,cpp文件和脚本/cpp/EdgeOrientDelta_OriginalDecreaseAttack.cpp,src/cpp/EdgeOrientDelta_OriginalDecreaseAttack.cpp,30959,2339b010478d5b6a22e68d3d6628a3cd33942a449b3e28068da8a9735ee76898
code,cpp文件和脚本/cpp/EdgeOrientDelta_OriginalIncreaseAttack.cpp,src/cpp/EdgeOrientDelta_OriginalIncreaseAttack.cpp,30959,672371e05ef637b1b6613976ab7707e38973a107299e4a412956722c73e72078
code,cpp文件和脚本/cpp/EdgeOrientDelta_TriangleLDP_corrected.cpp,src/cpp/EdgeOrientDelta_TriangleLDP_corrected.cpp,25493,730beca39a73521e3f668523f46e44ddf19a118a14602256b22938d8017f9366
code,cpp文件和脚本/cpp/EdgeOrientDelta_TriangleLDP_LaplaceAttack.cpp,src/cpp/EdgeOrientDelta_TriangleLDP_LaplaceAttack.cpp,24313,fae80f23bfdeff80a61d77da26fe06617ba357d106085d1adfa3727600503738
code,cpp文件和脚本/cpp/EdgeOrientDelta_TriangleLDP_RRAttack_strict.cpp,src/cpp/EdgeOrientDelta_TriangleLDP_RRAttack_strict.cpp,24055,39f649b1ded1718e5bed928c8e9a8c540ee128786db8d8267a00c8af030631e9
code,cpp文件和脚本/cpp/EdgeOrientDelta_TriangleLDP_RR_DecreaseAttack.cpp,src/cpp/EdgeOrientDelta_TriangleLDP_RR_DecreaseAttack.cpp,23623,b0f59076f6d7e0cde34b3d22ef94284bbb8328b51ba3be5e6f0baf9a78e6c01c
code,cpp文件和脚本/cpp/EdgeOrientDelta_TriangleLDP_RR_IncreaseAttack.cpp,src/cpp/EdgeOrientDelta_TriangleLDP_RR_IncreaseAttack.cpp,23622,94307fd5beb132d598e0bd3d1b502ed7f87836f660a704ec6c9574e41b8f194d
code,cpp文件和脚本/cpp/EdgeOrient_AnomalyDefense.cpp,src/cpp/EdgeOrient_AnomalyDefense.cpp,131,131cd2c188b87b8b4fca397573df4f7f2acb5b73e646d4f72ef9f35a0377488b
code,cpp文件和脚本/cpp/GenShuffleDP_AnomalyDefense.cpp,src/cpp/GenShuffleDP_AnomalyDefense.cpp,131,700cd8ba75cdd0fe45dfdb2454d181def951420bc7cc021a0850c898633a2a30
code,cpp文件和脚本/cpp/LDP2022_ARROneNS_AnomalyDefense.cpp,src/cpp/LDP2022_ARROneNS_AnomalyDefense.cpp,135,54ed4abb3efd2b87fb3afb10c08da13187d74cacccc9c5bebc20394d2a8c10dc
code,cpp文件和脚本/cpp/MemoryOperation.h,src/cpp/MemoryOperation.h,1214,ad86c6f5fffb432a5f786be7e35298dfe54abaa2e7e01240ac8d18bb7345cc78
code,cpp文件和脚本/cpp/mt19937ar.h,src/cpp/mt19937ar.h,6162,a8492426f4aeba0ae060bae8392c6dd3acf32bf9fc1358e8170bc2387883f1a8
code,cpp文件和脚本/cpp/PRIVET_AnomalyDefense.cpp,src/cpp/PRIVET_AnomalyDefense.cpp,134,042ad226f1fb0c80aca98f78e70cfc32dd5f8a792f8066ca9ab54df25d48cdfd
code,cpp文件和脚本/cpp/PRIVET_laplace_attack.cpp,src/cpp/PRIVET_laplace_attack.cpp,31121,fe5c442d203938ca6d4821b2906d9d380c0d70d31dbb52c4a5e4755aa4e21ac9
code,cpp文件和脚本/cpp/PRIVET_with_attack.cpp,src/cpp/PRIVET_with_attack.cpp,32373,7abc7054a841b08ccf9c3283858ab144ec85be14e8f17356825a5a2cc708faf5
code,cpp文件和脚本/cpp/README.md,src/cpp/README.md,597,5b57ce81b8aa171f9ad770bf791cddbdf23b3f2f0dfe65f3e993050e8ac2b0da
code,cpp文件和脚本/cpp/RobustAnomalyDefenseCommon.hpp,src/cpp/RobustAnomalyDefenseCommon.hpp,28566,2954c72d92c32cdac697eb788e228a63ec7e74b14bb458c2589a69a4f0b671d4
code,cpp文件和脚本/cpp/run_all_anomaly_defense_sleep.sh,src/cpp/run_all_anomaly_defense_sleep.sh,3585,b067c575288042680941d3feeafad39b254509c2761dcacc547b25d24739b17a
code,cpp文件和脚本/cpp/run_all_laplace_report_attacks.sh,src/cpp/run_all_laplace_report_attacks.sh,5950,55d34b80ee6efbcaab961d7319a177c8f63ec3ed4b21a5718f0691fe96ff7df7
code,cpp文件和脚本/cpp/run_all_shuffle_attacks_strict_cpp.sh,src/cpp/run_all_shuffle_attacks_strict_cpp.sh,584,173264ae5dd0d0a1028286b5f1698f06d4d31a641d440cd2a0ff724a317b537f
code,cpp文件和脚本/cpp/run_CCS25ShuffleTriangle_Robustness.sh,src/cpp/run_CCS25ShuffleTriangle_Robustness.sh,3447,5fadd4ef5d88070c4edca3221a392dd5d986d9144b590dd8ccefa44923f40850
code,cpp文件和脚本/cpp/run_CCS25ShuffleTriangle_RR_fixed.sh,src/cpp/run_CCS25ShuffleTriangle_RR_fixed.sh,3809,0c8531cdc965c7be124dc091843d869808a2fd69a23eae161c10fd0bb5312deb
code,cpp文件和脚本/cpp/run_CCS25ShuffleTriangle_RR_fixed_resume_missing.sh,src/cpp/run_CCS25ShuffleTriangle_RR_fixed_resume_missing.sh,4683,f85fbd09b35e7062f2dfd2afb205dbe4028d1e416cee357e7192c782a544bcd0
code,cpp文件和脚本/cpp/run_DDP_AnomalyDefense.sh,src/cpp/run_DDP_AnomalyDefense.sh,1848,5f940dcb885cf90e94c41de215fa5a5dc131ee1fb0af36e07ee5b4867b0124ae
code,cpp文件和脚本/cpp/run_DDP_Phase2_Robust.sh,src/cpp/run_DDP_Phase2_Robust.sh,3241,b25fa61e3155e228f26e869e2ca0628c8a395bb73c16c72842963ae8a17a4dc1
code,cpp文件和脚本/cpp/run_EdgeOrientDelta_corrected.sh,src/cpp/run_EdgeOrientDelta_corrected.sh,1407,a71db7a78b851ba8f83ba31d7b72293a230d5d500ffa84753a1ad70f6a14d099
code,cpp文件和脚本/cpp/run_EdgeOrientDelta_laplace_attack.sh,src/cpp/run_EdgeOrientDelta_laplace_attack.sh,2366,2be90cf97f7cc75204adde01b8fdde0049f64c7bc38a0c0f813efa380201e54e
code,cpp文件和脚本/cpp/run_EdgeOrientDelta_original_decrease.sh,src/cpp/run_EdgeOrientDelta_original_decrease.sh,1591,b0b3de92e5bb7ccd5e44fea7cd29b3c950b36e9917a246ec6b8b946f1851be9a
code,cpp文件和脚本/cpp/run_EdgeOrientDelta_original_increase.sh,src/cpp/run_EdgeOrientDelta_original_increase.sh,1591,a0c6798faf5ea5212f21dfc49d41f6a12433797a9b3e39e2db5edf8b67e4fe42
code,cpp文件和脚本/cpp/run_EdgeOrientDelta_rr_decrease_attack.sh,src/cpp/run_EdgeOrientDelta_rr_decrease_attack.sh,2298,47c8a2f8620034a87035ee07bf4782f8bdcf87fcea7c8ca016535fd52ecc2a52
code,cpp文件和脚本/cpp/run_EdgeOrientDelta_rr_increase_attack.sh,src/cpp/run_EdgeOrientDelta_rr_increase_attack.sh,2298,9d03cb8b814d04151206f1fcb7468262b980d3c85a6532b02fe6fe04d192d654
code,cpp文件和脚本/cpp/run_EdgeOrient_AnomalyDefense.sh,src/cpp/run_EdgeOrient_AnomalyDefense.sh,1823,1fe688eb00566620170c4b735fb1f13cd35a8accb485f131bbced7efc0bb3f66
code,cpp文件和脚本/cpp/run_EdgeOrient_RRAttack_strict.sh,src/cpp/run_EdgeOrient_RRAttack_strict.sh,2631,b504828d195310e8a4879b30cc938b29c9fce2bd3566aac8b9afce4ec4d2d44b
code,cpp文件和脚本/cpp/run_EdgeOrient_RRAttack_strict_cxx11.sh,src/cpp/run_EdgeOrient_RRAttack_strict_cxx11.sh,2631,0de92e25a1b9f017fb54df324caef00e3011c23664770451ef9eb3b926af63e5
code,cpp文件和脚本/cpp/run_GenShuffleDP_AnomalyDefense.sh,src/cpp/run_GenShuffleDP_AnomalyDefense.sh,1831,544b078330e675ea38aebdbe873654bce464701ff2e518fab0880ce521d92f0c
code,cpp文件和脚本/cpp/run_gplus_resume_and_imdb_all_laplace_attacks.sh,src/cpp/run_gplus_resume_and_imdb_all_laplace_attacks.sh,8854,53044f44d5f92711843ed5313dcb9e1cd5854e6c57ab36929a5cab8803e56b34
code,cpp文件和脚本/cpp/run_LDP2022_ARROneNS_AnomalyDefense.sh,src/cpp/run_LDP2022_ARROneNS_AnomalyDefense.sh,1869,9ebf1bfe106cd9f6a2aef277ce6ea6e1a4b5c40dbd1444f5f9e1e8c01a728f66
code,cpp文件和脚本/cpp/run_LDP_OrigIncreaseAttack_fullcpp.sh,src/cpp/run_LDP_OrigIncreaseAttack_fullcpp.sh,3298,04675072bd76f2040bf23ac65dab6757cd8818400328283ce653da1b9bf53925
code,cpp文件和脚本/cpp/run_LDP_OrigIncreaseAttack_fullcpp_fixed.sh,src/cpp/run_LDP_OrigIncreaseAttack_fullcpp_fixed.sh,4181,6e397a1ca21bd44f839ddc9a1b312d2c272a129fa3611deb6bd379f302aa9d05
code,cpp文件和脚本/cpp/run_LDP_OrigIncrease_ARROneNS.sh,src/cpp/run_LDP_OrigIncrease_ARROneNS.sh,2411,1d1808bd007249263ef1a327f8a99bc7605a4f8f40ffbbc117ec9122e548a66d
code,cpp文件和脚本/cpp/run_missing_original_data_attacks.sh,src/cpp/run_missing_original_data_attacks.sh,4352,b79f4516fedd31e364b5ec25911dee50a1168a64a3a7523c0cddbf492e8c5b64
code,cpp文件和脚本/cpp/run_PRIVET.sh,src/cpp/run_PRIVET.sh,1300,4788fc9f3c2a43cfdaef2cb113198dcc0f73ce317c344276d54354dd219fc518
code,cpp文件和脚本/cpp/run_PRIVET_AnomalyDefense.sh,src/cpp/run_PRIVET_AnomalyDefense.sh,1872,30c0715aca28f48678b35fc845ac07396e2b1eb2cf261a6215d92f2da9c8518d
code,cpp文件和脚本/cpp/run_PRIVET_laplace_attack.sh,src/cpp/run_PRIVET_laplace_attack.sh,2840,0d0c5e7c05cd62e6a727859f461a69abe9f9e459145d4203ff0803feab93088d
code,cpp文件和脚本/cpp/run_PRIVET_with_attack.sh,src/cpp/run_PRIVET_with_attack.sh,1929,849728d7b5215a96ff3022e8145c245c481de780283238952497873f3ef50bd8
code,cpp文件和脚本/cpp/run_resume_shuffle_attacks_strict_cpp.sh,src/cpp/run_resume_shuffle_attacks_strict_cpp.sh,4695,567f96106411023258f0dfc2988f40c900ebbe53c7fbf316b36fc13f493fb595
code,cpp文件和脚本/cpp/run_shuffle_attacks_Gplus_strict_cpp.sh,src/cpp/run_shuffle_attacks_Gplus_strict_cpp.sh,3243,ea37dbf5c821295fd8f8a99ab9d94c4ea93338b12b798d67f87177903b075211
code,cpp文件和脚本/cpp/run_shuffle_attacks_IMDB_strict_cpp.sh,src/cpp/run_shuffle_attacks_IMDB_strict_cpp.sh,3242,fe4ae316e455611a2b5ab9b75eb8672947be4e573c2d2e2e56624755af5de449
code,cpp文件和脚本/cpp/run_shuffle_original_data_attacks_Gplus_quick.sh,src/cpp/run_shuffle_original_data_attacks_Gplus_quick.sh,2782,92b93273c16eef4b54e524c4817cd3b8b01da6cd8e3aa5da9a0318ee9145c76a
code,cpp文件和脚本/cpp/run_shuffle_original_data_attacks_IMDB_quick.sh,src/cpp/run_shuffle_original_data_attacks_IMDB_quick.sh,2781,0706af863c9eb8b529a6e73ed99349818a545acb2722cfa1f242288f7a7475af
code,cpp文件和脚本/cpp/run_shuffle_original_data_attacks_quick.sh,src/cpp/run_shuffle_original_data_attacks_quick.sh,2789,9a18310a2dcde4eefba4e4d79ec2a8079960473f61820346b87beb265d54e624
code,cpp文件和脚本/cpp/run_SubgraphShuffle.sh,src/cpp/run_SubgraphShuffle.sh,352,f39cad08b479a0699695261ea20656a985a519539b8b79e682746735f624a846
code,cpp文件和脚本/cpp/run_TDPVC_AnomalyDefense.sh,src/cpp/run_TDPVC_AnomalyDefense.sh,1796,2056fc51b197c4e5d3d40cb3e257a82ae47d948ae3cea5f934d0686e04670efe
code,cpp文件和脚本/cpp/run_TDP_VC_Attack_TriangleLDP.sh,src/cpp/run_TDP_VC_Attack_TriangleLDP.sh,3547,6ea63155e9c271455a6e1c283b8e113ed56c44d97698817fb5a3dc25bd27b08c
code,cpp文件和脚本/cpp/run_TriangleCounting.sh,src/cpp/run_TriangleCounting.sh,519,e137842797d5dfd9c9ed4d877343e7dcfae958ee1ebed3ca02ad852908afcbf4
code,cpp文件和脚本/cpp/SubgraphShuffle.cpp,src/cpp/SubgraphShuffle.cpp,43903,0d3358f99b2963ea0453f1fb5b838fc04c6303bb5375f806dfc6ac3679440e08
code,cpp文件和脚本/cpp/SubgraphShuffle_OriginalDataAttack_strict.cpp,src/cpp/SubgraphShuffle_OriginalDataAttack_strict.cpp,45708,eb60c593304805ddeeebd9069901a194b9aa9ee4df551632c7aa6f3ddc75a5f6
code,cpp文件和脚本/cpp/SubgraphShuffle_RRAttack_strict.cpp,src/cpp/SubgraphShuffle_RRAttack_strict.cpp,44797,890c7f6bcced8e97feac4351f0ff210b30f56d8ae719a8f7c6cbce213a5d0d99
code,cpp文件和脚本/cpp/SubgraphShuffle_ShuffleAttack_strict.cpp,src/cpp/SubgraphShuffle_ShuffleAttack_strict.cpp,44801,490f9c60f8bece2376552be795d6ee014e26b65ff272a1517b51de9ea15763f3
code,cpp文件和脚本/cpp/TDPVC_AnomalyDefense.cpp,src/cpp/TDPVC_AnomalyDefense.cpp,127,771e0e34b83b68d9f4411639daca89dd76e1318284e9649b1b180f54dcdc1349
code,cpp文件和脚本/cpp/TDP_VC_Attack.cpp,src/cpp/TDP_VC_Attack.cpp,24780,b4c517c80fa0b4a2938c3576d9eea01740917f551f1ea28af4b29232d943f85a
code,cpp文件和脚本/cpp/TriangleCounting.cpp,src/cpp/TriangleCounting.cpp,73590,93defbbc95f86175e354453f14fe9962559a2eedcf23da8a1c9c5194a49229f1
code,cpp文件和脚本/cpp/TriangleCounting_OrigIncreaseAttack.cpp,src/cpp/TriangleCounting_OrigIncreaseAttack.cpp,74644,74e6bfdb47040853f623bb37c41c5f5407ff57498d4636d8b5eba6a5b1ac3d8f
code,cpp文件和脚本/cpp/TriangleCounting_OrigIncrease_ARROneNS.cpp,src/cpp/TriangleCounting_OrigIncrease_ARROneNS.cpp,77112,6700183a5b672c57956feaac09a616245023f89678897b20ab5a7a3e44f10f16
code,cpp文件和脚本/cpp/include/gcem.hpp,src/cpp/include/gcem.hpp,3392,4036e69e2ddf803520203bb29016d1b62fc92fc8aa1186c411a9dfc3fc3dce13
code,cpp文件和脚本/cpp/include/README.txt,src/cpp/include/README.txt,32,b36cdc847553fae750bbeb030755c88f8da54eefb09749c33924711b03d7b80a
code,cpp文件和脚本/cpp/include/stats.hpp,src/cpp/include/stats.hpp,1268,4e9e6de8e9aad215e85841113b7fa8b0994a67ece296ee265b7b133ca1f51bd0
code,cpp文件和脚本/cpp/include/gcem_incl/abs.hpp,src/cpp/include/gcem_incl/abs.hpp,1345,1d3c78cc93c5a0dea5c5c88c84678b67ffc5eadc530bbd6ef4f8138cd6fc52b6
code,cpp文件和脚本/cpp/include/gcem_incl/acos.hpp,src/cpp/include/gcem_incl/acos.hpp,2133,fe7690ce456870c0c086b0594b5415b2e7371bb056fe6c7c909a95f08c9bfbfa
code,cpp文件和脚本/cpp/include/gcem_incl/acosh.hpp,src/cpp/include/gcem_incl/acosh.hpp,1828,1aab8444e785f4e25efc94a5f2fa45152bde2416eb0aef6e40ddeb8040e500cf
code,cpp文件和脚本/cpp/include/gcem_incl/asin.hpp,src/cpp/include/gcem_incl/asin.hpp,2075,1a3a2d6575b54decddd39305085e62cb2e5802c9b9d265173e04f2e37bfeec9b
code,cpp文件和脚本/cpp/include/gcem_incl/asinh.hpp,src/cpp/include/gcem_incl/asinh.hpp,1711,a3fac66d0f8ed63f58aa7f12dbc572be577f4c27a55b387811a254460cd84405
code,cpp文件和脚本/cpp/include/gcem_incl/atan.hpp,src/cpp/include/gcem_incl/atan.hpp,5507,06c31a11fad8c425d6f5c27087c251d47b4b636691d3071bb342c34e58d899a5
code,cpp文件和脚本/cpp/include/gcem_incl/atan2.hpp,src/cpp/include/gcem_incl/atan2.hpp,2923,1184df638f12f4e874c7e6fa1b0836e131e7499d4be3346f8e52ec5a3db44d97
code,cpp文件和脚本/cpp/include/gcem_incl/atanh.hpp,src/cpp/include/gcem_incl/atanh.hpp,2049,8a2dc85c6d76a8ec3cd20d6efcd558025eebf241ad2d6c500d33157ba0b62928
code,cpp文件和脚本/cpp/include/gcem_incl/beta.hpp,src/cpp/include/gcem_incl/beta.hpp,1412,97f34cddeb1fb370f8b35899f7becfe13abbe245ccfaba6b67e18fd1dc1d452e
code,cpp文件和脚本/cpp/include/gcem_incl/binomial_coef.hpp,src/cpp/include/gcem_incl/binomial_coef.hpp,2565,d6cbc8b6fdc6f03b78f72532df17194c6b7a1e24fd8fc415506c7136824c1e0c
code,cpp文件和脚本/cpp/include/gcem_incl/ceil.hpp,src/cpp/include/gcem_incl/ceil.hpp,2776,7373a4eff0cd3ed81ab9c00c083ecfd753d38da08eb0bdb82a405d3458942575
code,cpp文件和脚本/cpp/include/gcem_incl/copysign.hpp,src/cpp/include/gcem_incl/copysign.hpp,1265,753bafd1598a8954d8d8fac809d69e7f977bba45b4e10ac6ca084f1f67c5f3f2
code,cpp文件和脚本/cpp/include/gcem_incl/cos.hpp,src/cpp/include/gcem_incl/cos.hpp,2118,5813f4a79626cd17fc03ec86d55a6ea2d3e3c83c83f66c72e0422a473a8c2711
code,cpp文件和脚本/cpp/include/gcem_incl/cosh.hpp,src/cpp/include/gcem_incl/cosh.hpp,1670,5a676a13e281422562d93ec7bffbab7c2c9ddc83a0c84c44c33633ac0832d6df
code,cpp文件和脚本/cpp/include/gcem_incl/erf.hpp,src/cpp/include/gcem_incl/erf.hpp,4122,9015cb06642b1e984c84e29d60c3d1ad284a79579e7c4520b1c24cb887e1a638
code,cpp文件和脚本/cpp/include/gcem_incl/erf_inv.hpp,src/cpp/include/gcem_incl/erf_inv.hpp,6971,8cf3aab6195622a3ccf543c1d99506e5fc66fbd52569a898f67210c1210d1e01
code,cpp文件和脚本/cpp/include/gcem_incl/exp.hpp,src/cpp/include/gcem_incl/exp.hpp,3017,94426ed03909b31f3d24d9aeb5d01e9b31d7231dd217834765d49289783aefcd
code,cpp文件和脚本/cpp/include/gcem_incl/expm1.hpp,src/cpp/include/gcem_incl/expm1.hpp,1920,a0de22b54664b10e91280bc43f5e4378f038456141f2b788da5bbdbbd59e133b
code,cpp文件和脚本/cpp/include/gcem_incl/fabs.hpp,src/cpp/include/gcem_incl/fabs.hpp,1296,5da01a8dfb0a89902ca53ca9af86b6c1199319186ca9cb9ad7ec8d7cd3a22487
code,cpp文件和脚本/cpp/include/gcem_incl/fabsf.hpp,src/cpp/include/gcem_incl/fabsf.hpp,1268,169af325c5c74506acc5de63b6eeb3e372f5158ce9f70d869c96b5768b523753
code,cpp文件和脚本/cpp/include/gcem_incl/fabsl.hpp,src/cpp/include/gcem_incl/fabsl.hpp,1286,b0412f93c1402fe09fbc2c15534e97723f5396a1f2c1e36498130043cfb8e07d
code,cpp文件和脚本/cpp/include/gcem_incl/factorial.hpp,src/cpp/include/gcem_incl/factorial.hpp,3000,66ca8f6d2be29d7a736c9b1a86083adb439c862f145edf9a3bcaed0c3a8dcce7
code,cpp文件和脚本/cpp/include/gcem_incl/find_exponent.hpp,src/cpp/include/gcem_incl/find_exponent.hpp,1793,de2024e5fd9a4b16584aea652c2e5ccaa979f9310b5fb40f3734e8d690737cee
code,cpp文件和脚本/cpp/include/gcem_incl/find_fraction.hpp,src/cpp/include/gcem_incl/find_fraction.hpp,1326,7fb80d999e0bb00a21d65185167c25c0a62b1587eb361b3ed427fcce4882d9b3
code,cpp文件和脚本/cpp/include/gcem_incl/find_whole.hpp,src/cpp/include/gcem_incl/find_whole.hpp,1363,9f9ee589bb25cef71f4c729d226808a1b57482d25c4510a2edd711d98a775031
code,cpp文件和脚本/cpp/include/gcem_incl/floor.hpp,src/cpp/include/gcem_incl/floor.hpp,2791,b6e7e8fc0b596ae71fc2fc5f62fc7935caec51d511016fd062c2fa34afab5b15
code,cpp文件和脚本/cpp/include/gcem_incl/fmod.hpp,src/cpp/include/gcem_incl/fmod.hpp,1926,f55025134e43dab3b4c945df1115f820b60102a1cb902b32389dfc3376e9afbd
code,cpp文件和脚本/cpp/include/gcem_incl/gcd.hpp,src/cpp/include/gcem_incl/gcd.hpp,2090,318de4cb2018fff93a1f1ff50834099dffeb4964460e57febbbce6ce46b18f2d
code,cpp文件和脚本/cpp/include/gcem_incl/gcem_options.hpp,src/cpp/include/gcem_incl/gcem_options.hpp,4571,6e8d84d3e05bbe0f3f862e8334d2cec8a784da18cbf8942a9483024ad74b79dd
code,cpp文件和脚本/cpp/include/gcem_incl/hypot.hpp,src/cpp/include/gcem_incl/hypot.hpp,2236,c7adca09748b1934f386e6ebfcb4b05130ec423f6941ede102630852817e3c63
code,cpp文件和脚本/cpp/include/gcem_incl/incomplete_beta.hpp,src/cpp/include/gcem_incl/incomplete_beta.hpp,5980,90c4499ed4a2e6fe0f9949b3972aaf2fb06cbed9108295335ff31bc4e25da96b
code,cpp文件和脚本/cpp/include/gcem_incl/incomplete_beta_inv.hpp,src/cpp/include/gcem_incl/incomplete_beta_inv.hpp,11046,794d5aba90832b3e64542633d7eac9f87eee6c82ef64670f0de6806af897c0ee
code,cpp文件和脚本/cpp/include/gcem_incl/incomplete_gamma.hpp,src/cpp/include/gcem_incl/incomplete_gamma.hpp,7386,bbd7ad5ef325b11f31543a4c21fb654ab735de459aa73d8c905d819285fb7a1d
code,cpp文件和脚本/cpp/include/gcem_incl/incomplete_gamma_inv.hpp,src/cpp/include/gcem_incl/incomplete_gamma_inv.hpp,7615,f9cc8b859da2f53e6574b76483b24bf3e0c90ba0da7fc80846bac81e777837da
code,cpp文件和脚本/cpp/include/gcem_incl/inv_sqrt.hpp,src/cpp/include/gcem_incl/inv_sqrt.hpp,2254,60e403c4481cb306807ba498be3d7128d454e1aa75c2d9d4a5a15f9b4b492595
code,cpp文件和脚本/cpp/include/gcem_incl/is_even.hpp,src/cpp/include/gcem_incl/is_even.hpp,1093,8ca670ff0f3e11c52ec95e501e4e0ef1eff8e9da54e3d64c45d0e39c3307f422
code,cpp文件和脚本/cpp/include/gcem_incl/is_finite.hpp,src/cpp/include/gcem_incl/is_finite.hpp,1806,74eb3f83fb7096e1f076e4ad625796e0ba0cfdb0c6581fa23c2f8e79ffe853aa
code,cpp文件和脚本/cpp/include/gcem_incl/is_inf.hpp,src/cpp/include/gcem_incl/is_inf.hpp,3276,dd8cc92c25a0efc237597d36eb9c927d126c79958cca6c5c3017d51ea68e8453
code,cpp文件和脚本/cpp/include/gcem_incl/is_nan.hpp,src/cpp/include/gcem_incl/is_nan.hpp,1767,996410e36ebf6807a3aef871ecd5866c859edc9261646e57940c5e22da70d176
code,cpp文件和脚本/cpp/include/gcem_incl/is_odd.hpp,src/cpp/include/gcem_incl/is_odd.hpp,1154,02e655ab337a020ee27efb011321396c0e1a0915349eecaf7ee3911a4ad4e7e9
code,cpp文件和脚本/cpp/include/gcem_incl/lbeta.hpp,src/cpp/include/gcem_incl/lbeta.hpp,1463,8e98ed7b3b517e402711a76fcae8f64ed926added38ffa16a9f12496ce48dfac
code,cpp文件和脚本/cpp/include/gcem_incl/lcm.hpp,src/cpp/include/gcem_incl/lcm.hpp,1805,2d97d5c20a4b3f825c406f3a7d94bc49be15f4a3bde62bce031852ad18728a47
code,cpp文件和脚本/cpp/include/gcem_incl/lgamma.hpp,src/cpp/include/gcem_incl/lgamma.hpp,3928,5ccf86d1f90a1a5a7ecea961bf23aa9e0706341965a72e08e2090ba8d62a6e8b
code,cpp文件和脚本/cpp/include/gcem_incl/lmgamma.hpp,src/cpp/include/gcem_incl/lmgamma.hpp,2030,e0099d0a36b40ebed77ceb92b8c2ec561dc7b94b7b0ffe678aa27e3da166c1a2
code,cpp文件和脚本/cpp/include/gcem_incl/log.hpp,src/cpp/include/gcem_incl/log.hpp,4821,a1a99b105e2a12fe374b7277b8ef096cea576f880b06724bbd125700027179c0
code,cpp文件和脚本/cpp/include/gcem_incl/log10.hpp,src/cpp/include/gcem_incl/log10.hpp,1464,90dea7e905454b64bf0c336176c5eeacbdd679082ddced5683abf0049d0eda9f
code,cpp文件和脚本/cpp/include/gcem_incl/log1p.hpp,src/cpp/include/gcem_incl/log1p.hpp,2045,b3f0aa4d4e3ebcd4f95e1e31a974dca55277aaedefdaa7e0fd1476520954db49
code,cpp文件和脚本/cpp/include/gcem_incl/log2.hpp,src/cpp/include/gcem_incl/log2.hpp,1451,4b0dbdc01720197d43b39ebc8d0ac5bdb0b82f7c51000ea22cb1d3bca7cfe7ad
code,cpp文件和脚本/cpp/include/gcem_incl/log_binomial_coef.hpp,src/cpp/include/gcem_incl/log_binomial_coef.hpp,1817,f298592495b8932c483c09cc18d905d3292e83bdfeba2868997b123445ff997c
code,cpp文件和脚本/cpp/include/gcem_incl/mantissa.hpp,src/cpp/include/gcem_incl/mantissa.hpp,1247,cd8da16363e0e0b82ffdc6e6560c9fd28f4bec461e92bc28d0499e543bf3f166
code,cpp文件和脚本/cpp/include/gcem_incl/max.hpp,src/cpp/include/gcem_incl/max.hpp,1312,e5e1b4ef87cea7ed732842132d34a5b5aef172c92351069352ac275befa4b67f
code,cpp文件和脚本/cpp/include/gcem_incl/min.hpp,src/cpp/include/gcem_incl/min.hpp,1312,7b4454b0a76d06c9644a3414eebae2ba8fad1fa8b65cd598ccb403c0b37606b3
code,cpp文件和脚本/cpp/include/gcem_incl/neg_zero.hpp,src/cpp/include/gcem_incl/neg_zero.hpp,1087,0d1fcbfc19f6926f3d7a39cc27a31b72e788cfba72c7b7c508ef4e83b69c865c
code,cpp文件和脚本/cpp/include/gcem_incl/pow.hpp,src/cpp/include/gcem_incl/pow.hpp,2267,7d5aeecc34c487fced429f98b20ba18d3923e23be594b40483d374c0347a354a
code,cpp文件和脚本/cpp/include/gcem_incl/pow_integral.hpp,src/cpp/include/gcem_incl/pow_integral.hpp,3662,067c3cba14ea5290f6182c5cba037f1a8405334baca9d5a8310be03d3eda878f
code,cpp文件和脚本/cpp/include/gcem_incl/round.hpp,src/cpp/include/gcem_incl/round.hpp,2676,e1e1dba6f97dd31508a861bcab73c82a6c1187ace2433b064369ade2c84e709d
code,cpp文件和脚本/cpp/include/gcem_incl/sgn.hpp,src/cpp/include/gcem_incl/sgn.hpp,1370,874dad948ecce2c7cd028f3c70d36b3e12f71f787b5df81f376391a61c96388b
code,cpp文件和脚本/cpp/include/gcem_incl/signbit.hpp,src/cpp/include/gcem_incl/signbit.hpp,1297,9de0b8b037503a7e03a3c2e0c73dcf1564b17dc897affe4cf65c7bfa21f45c54
code,cpp文件和脚本/cpp/include/gcem_incl/sin.hpp,src/cpp/include/gcem_incl/sin.hpp,2148,a11c3e070bbee5cbd800054f0bbdd7017d8b9f1891bdad983c6080a2e4472a02
code,cpp文件和脚本/cpp/include/gcem_incl/sinh.hpp,src/cpp/include/gcem_incl/sinh.hpp,1657,603b4a2613c3ecada1c6b470d67ccbeeaa922291f13367ded38f85ad934ecc66
code,cpp文件和脚本/cpp/include/gcem_incl/sqrt.hpp,src/cpp/include/gcem_incl/sqrt.hpp,2806,8912382b8d31d7585d472e3e4d0d8307f14a0709280820092e228a2bbf1bae62
code,cpp文件和脚本/cpp/include/gcem_incl/tan.hpp,src/cpp/include/gcem_incl/tan.hpp,3823,8d9874782d70eac547eaa835b8fb79c0292c9e449b5458fce1aef76bdd2467a2
code,cpp文件和脚本/cpp/include/gcem_incl/tanh.hpp,src/cpp/include/gcem_incl/tanh.hpp,2491,dcca1ee0e18b4ddaf428b9914d6302fdf700235eee16b075179fd22ad2ea2858
code,cpp文件和脚本/cpp/include/gcem_incl/tgamma.hpp,src/cpp/include/gcem_incl/tgamma.hpp,2374,4c5aeebe56dcb74656da1e03852ec4fd36ff52469b7e2452d9a6de171de8f469
code,cpp文件和脚本/cpp/include/gcem_incl/trunc.hpp,src/cpp/include/gcem_incl/trunc.hpp,2598,aa3390d2306c4ee879e60027e786c582f2e280639e1735d1aa3ebfd4f6f5f833
code,cpp文件和脚本/cpp/include/stats_incl/dens/dbern.hpp,src/cpp/include/stats_incl/dens/dbern.hpp,4882,4886784b4d85b03da53fa1e448166eacf71b552b32b4285607fb6981221aa3d2
code,cpp文件和脚本/cpp/include/stats_incl/dens/dbern.ipp,src/cpp/include/stats_incl/dens/dbern.ipp,3370,abf09ea95c3998c079491c1bfca36b6cafa1fb627bdb709991a0c647d9a68097
code,cpp文件和脚本/cpp/include/stats_incl/dens/dbeta.hpp,src/cpp/include/stats_incl/dens/dbeta.hpp,5247,bd021f178de16cb7e325d5b3a2fe2de4325e8ce19c94440dd724976726dfb6aa
code,cpp文件和脚本/cpp/include/stats_incl/dens/dbeta.ipp,src/cpp/include/stats_incl/dens/dbeta.ipp,5512,d1bbaaf9f32eb1501f349deea9c766ce5b0a6763939e29ad32962ad74417bc39
code,cpp文件和脚本/cpp/include/stats_incl/dens/dbinom.hpp,src/cpp/include/stats_incl/dens/dbinom.hpp,5421,ab78f85208ff330db675d47ee4a95a6ae56cb27d30fde813f7410275beeac4ca
code,cpp文件和脚本/cpp/include/stats_incl/dens/dbinom.ipp,src/cpp/include/stats_incl/dens/dbinom.ipp,4547,a35079b355c6c3dc5a6979cea2fa2dfa56285c6ce09d686b9a7edd0364479024
code,cpp文件和脚本/cpp/include/stats_incl/dens/dcauchy.hpp,src/cpp/include/stats_incl/dens/dcauchy.hpp,5499,c3e781e0a1f3ca294f50185d00dfb3335d3fa31a4dde00b696d2238ab29a5bf5
code,cpp文件和脚本/cpp/include/stats_incl/dens/dcauchy.ipp,src/cpp/include/stats_incl/dens/dcauchy.ipp,4841,1faff63fc7accb6394f56e931b38d66d195bec3154d46c8756b5e38a3e7bef94
code,cpp文件和脚本/cpp/include/stats_incl/dens/dchisq.hpp,src/cpp/include/stats_incl/dens/dchisq.hpp,4961,692787a6c92a22792d7b2792d7cedc8a09f0415813e6241381246a8727feea70
code,cpp文件和脚本/cpp/include/stats_incl/dens/dchisq.ipp,src/cpp/include/stats_incl/dens/dchisq.ipp,4192,7e9f7fa5279dff0db968dc10f3225fd86c2c6d06e1879d021f2125b7803a8e79
code,cpp文件和脚本/cpp/include/stats_incl/dens/dens.hpp,src/cpp/include/stats_incl/dens/dens.hpp,1457,927bec449c7afd4dbb29ebd1ea90fd949ccc31d28cd36cb7762a99743f969480
code,cpp文件和脚本/cpp/include/stats_incl/dens/dexp.hpp,src/cpp/include/stats_incl/dens/dexp.hpp,4863,8d7a7f020547290d868d10c1220ce94989befe82aeb27349151803a4fdf7c65e
code,cpp文件和脚本/cpp/include/stats_incl/dens/dexp.ipp,src/cpp/include/stats_incl/dens/dexp.ipp,3818,3ee3504caf3d5bf1dbe8646559bec78ff76d537eb59e04a5f978159b6b6f60e6
code,cpp文件和脚本/cpp/include/stats_incl/dens/df.hpp,src/cpp/include/stats_incl/dens/df.hpp,5493,32809382ad9997b762da7779ded8c4d3d5fdc47b2176226b2a95b6288cb2cda1
code,cpp文件和脚本/cpp/include/stats_incl/dens/df.ipp,src/cpp/include/stats_incl/dens/df.ipp,6326,066a0d283c03b000f3fc02725baef84631833e5721788e26135dac78093fb10c
code,cpp文件和脚本/cpp/include/stats_incl/dens/dgamma.hpp,src/cpp/include/stats_incl/dens/dgamma.hpp,5480,2917a3e44e87393253683e0ee04a908b1db61a70a20e8dbfb9a7f5e452811757
code,cpp文件和脚本/cpp/include/stats_incl/dens/dgamma.ipp,src/cpp/include/stats_incl/dens/dgamma.ipp,4916,e817c4afac0798d3ebd5740c0932ce1e1355e91a0bc82658f90375eec55bfaff
code,cpp文件和脚本/cpp/include/stats_incl/dens/dinvgamma.hpp,src/cpp/include/stats_incl/dens/dinvgamma.hpp,5565,3b22b359d5acc1fd032a238b1006fbab0f9b61b8276e1e25baabf5b6a3889dab
code,cpp文件和脚本/cpp/include/stats_incl/dens/dinvgamma.ipp,src/cpp/include/stats_incl/dens/dinvgamma.ipp,4951,243fccdfdd9ce22c57502ccc788d5e58ab5e6fcbf9eed10fbe144b21ff30dc2c
code,cpp文件和脚本/cpp/include/stats_incl/dens/dinvgauss.hpp,src/cpp/include/stats_incl/dens/dinvgauss.hpp,5599,78275c5dc9e87d3b4813a8e126358299f8ae55edb5a6ec39582a8abab2f09eca
code,cpp文件和脚本/cpp/include/stats_incl/dens/dinvgauss.ipp,src/cpp/include/stats_incl/dens/dinvgauss.ipp,5743,40254e2e1aa9529cb86bd20faa49fb1e3733c0bec3a2ded74249f8cacd2eea12
code,cpp文件和脚本/cpp/include/stats_incl/dens/dinvwish.hpp,src/cpp/include/stats_incl/dens/dinvwish.hpp,1846,4eda316fa1ec542c0828bfe5562c44239e6f89d33ebe0698d3eab90049570412
code,cpp文件和脚本/cpp/include/stats_incl/dens/dinvwish.ipp,src/cpp/include/stats_incl/dens/dinvwish.ipp,2273,db3f1c42015f73ef4a096d4331f2363da07f55819db17471fc4a6ca4f1b5a0ae
code,cpp文件和脚本/cpp/include/stats_incl/dens/dlaplace.hpp,src/cpp/include/stats_incl/dens/dlaplace.hpp,5521,0683aef69b95a8648224ca60d16c52acba9a1e8882146626dbaad186f221edd3
code,cpp文件和脚本/cpp/include/stats_incl/dens/dlaplace.ipp,src/cpp/include/stats_incl/dens/dlaplace.ipp,4979,967a9e2f456e191109456b01b0ae591f68c2b1025455574ecc7443eeebc4de75
code,cpp文件和脚本/cpp/include/stats_incl/dens/dlnorm.hpp,src/cpp/include/stats_incl/dens/dlnorm.hpp,5569,2d9f667f9a779f37059b467659e7489c47d729d9d2dbd987b68dc7aaf282b7d3
code,cpp文件和脚本/cpp/include/stats_incl/dens/dlnorm.ipp,src/cpp/include/stats_incl/dens/dlnorm.ipp,5008,9c7057038e9419930dac67f2bc8e8264c7ed1471a21faef62558b31108bc0ed7
code,cpp文件和脚本/cpp/include/stats_incl/dens/dlogis.hpp,src/cpp/include/stats_incl/dens/dlogis.hpp,5498,e80fab22edbe53d417933f1701708810a811f11e84ec7e0af18f89146067e07a
code,cpp文件和脚本/cpp/include/stats_incl/dens/dlogis.ipp,src/cpp/include/stats_incl/dens/dlogis.ipp,4681,91424699f887ae544418a0ade0624650919d5cd04b4b25121ef93b751ede4992
code,cpp文件和脚本/cpp/include/stats_incl/dens/dmvnorm.hpp,src/cpp/include/stats_incl/dens/dmvnorm.hpp,1536,eb397db82e50bcbca032958a551e398cc02f1587b4b4369cecedb65e6666ffa5
code,cpp文件和脚本/cpp/include/stats_incl/dens/dmvnorm.ipp,src/cpp/include/stats_incl/dens/dmvnorm.ipp,1633,dae7328f30c2c4e4882a4b8be51fd6e338315113cfdb2e35535b84fe54317384
code,cpp文件和脚本/cpp/include/stats_incl/dens/dnorm.hpp,src/cpp/include/stats_incl/dens/dnorm.hpp,5931,be0a1af3306d2f75185aa9bb6d7ed26b8e07ccc980b99256fddd237df9850646
code,cpp文件和脚本/cpp/include/stats_incl/dens/dnorm.ipp,src/cpp/include/stats_incl/dens/dnorm.ipp,5056,1eaa2dfdc6d718065ad2a5f1156ad2965aa7ba5aa53df36e54e2dc329af873cc
code,cpp文件和脚本/cpp/include/stats_incl/dens/dpois.hpp,src/cpp/include/stats_incl/dens/dpois.hpp,4815,1cf1ac92d79e83b469e75b23bde7d868504a6b6863a1c9a88d691f1113e78575
code,cpp文件和脚本/cpp/include/stats_incl/dens/dpois.ipp,src/cpp/include/stats_incl/dens/dpois.ipp,3658,068c73202a16a826916876ccdb9e6ebb6f72947eb20acd3e2d3ade904def4b1e
code,cpp文件和脚本/cpp/include/stats_incl/dens/dradem.hpp,src/cpp/include/stats_incl/dens/dradem.hpp,4914,7c1d63fa55ffd80e09536f23b264a016a36fe769df946fefa83b447fcae7aa0f
code,cpp文件和脚本/cpp/include/stats_incl/dens/dradem.ipp,src/cpp/include/stats_incl/dens/dradem.ipp,3391,05ab4111d8a56c11c2bd7345a8fa2e7d76e631793596de3fdbc9196598e58aeb
code,cpp文件和脚本/cpp/include/stats_incl/dens/dt.hpp,src/cpp/include/stats_incl/dens/dt.hpp,4835,a3198115f95d0b8f4c53757deea2b3d237ae9c7fa1011b6fe084e0c0bfd5f3a2
code,cpp文件和脚本/cpp/include/stats_incl/dens/dt.ipp,src/cpp/include/stats_incl/dens/dt.ipp,4076,5c73048e1f418c886b039c74d8f63d8548f6f1893bca5b151454c9e9f62ff975
code,cpp文件和脚本/cpp/include/stats_incl/dens/dunif.hpp,src/cpp/include/stats_incl/dens/dunif.hpp,5557,fe32ab0e8a9b89746cda4eb13f255bd81bddbb21c5175d37d98e4c73c5aa60e1
code,cpp文件和脚本/cpp/include/stats_incl/dens/dunif.ipp,src/cpp/include/stats_incl/dens/dunif.ipp,4299,c8de8b5030b347a9278d6cab7f8eead6498b57ef97e27be78e2d3688da865d56
code,cpp文件和脚本/cpp/include/stats_incl/dens/dweibull.hpp,src/cpp/include/stats_incl/dens/dweibull.hpp,5530,f42ddd820b36fa04aa3a1f376d2223acac960c1c0a8a819faf4fb7e00f93f5d9
code,cpp文件和脚本/cpp/include/stats_incl/dens/dweibull.ipp,src/cpp/include/stats_incl/dens/dweibull.ipp,4385,ecae725f65a2b8c3abe52b2ac0b064f72e358e23e058b7b20c01c1bfd9285b5f
code,cpp文件和脚本/cpp/include/stats_incl/dens/dwish.hpp,src/cpp/include/stats_incl/dens/dwish.hpp,1815,19b9017b7360c92e32a6471ffa5a133146fc8ce89a3b42067abeac767796a5c3
code,cpp文件和脚本/cpp/include/stats_incl/dens/dwish.ipp,src/cpp/include/stats_incl/dens/dwish.ipp,2259,7533449f93fc23db14f9bbc7bd14244e4a726e6f230d6081dc0a30359d07baab
code,cpp文件和脚本/cpp/include/stats_incl/misc/misc.hpp,src/cpp/include/stats_incl/misc/misc.hpp,1066,ba7e35ef08d2c4d8a463952ada176da4ba9143e19388c1cede155c218b33384b
code,cpp文件和脚本/cpp/include/stats_incl/misc/statslib_options.hpp,src/cpp/include/stats_incl/misc/statslib_options.hpp,5717,3575940a49b6bf164325e87d404f359bce3ad0e1ebce6f48076554f2abd85695
code,cpp文件和脚本/cpp/include/stats_incl/prob/pbern.hpp,src/cpp/include/stats_incl/prob/pbern.hpp,4844,22c9f8e4ba69483d95976087d07383ce8eb2148ce35747d318370a2d3b86b4ac
code,cpp文件和脚本/cpp/include/stats_incl/prob/pbern.ipp,src/cpp/include/stats_incl/prob/pbern.ipp,3370,f36d8ab145f5937e44899a674d5ebac19d8b59f1a148033759860606ef51faf0
code,cpp文件和脚本/cpp/include/stats_incl/prob/pbeta.hpp,src/cpp/include/stats_incl/prob/pbeta.hpp,5250,5fd476da05ba234564c209b91bb6ef612d8e8c542b2e7f83ba92b94b5615a26b
code,cpp文件和脚本/cpp/include/stats_incl/prob/pbeta.ipp,src/cpp/include/stats_incl/prob/pbeta.ipp,4671,4151b929a4924b8da0378d972bdc316052c8459c5a0e98b385368cd277032e4d
code,cpp文件和脚本/cpp/include/stats_incl/prob/pbinom.hpp,src/cpp/include/stats_incl/prob/pbinom.hpp,5416,e793854ce7a8cdf4b2a18a72b750effcebc444e78418073e94a68fee76012832
code,cpp文件和脚本/cpp/include/stats_incl/prob/pbinom.ipp,src/cpp/include/stats_incl/prob/pbinom.ipp,4090,227b3aeea98c7f97ea8c89750c2601b60a2278f5ca00a5cd1a54b87084c5df37
code,cpp文件和脚本/cpp/include/stats_incl/prob/pcauchy.hpp,src/cpp/include/stats_incl/prob/pcauchy.hpp,5504,6201e15c93d36a5cd93913ce6cfd9d7e2e125e96c173cec8d2e3dd0c1a3a074b
code,cpp文件和脚本/cpp/include/stats_incl/prob/pcauchy.ipp,src/cpp/include/stats_incl/prob/pcauchy.ipp,4946,1ce5720fc5a9d780e0e3c7415c113f4f7c5d06c503fcbeca8eeecb43b5e98bde
code,cpp文件和脚本/cpp/include/stats_incl/prob/pchisq.hpp,src/cpp/include/stats_incl/prob/pchisq.hpp,4966,8483c3ddc4b57245b2098f8931e3a715d0d29497da5765adfeb5a677534cd994
code,cpp文件和脚本/cpp/include/stats_incl/prob/pchisq.ipp,src/cpp/include/stats_incl/prob/pchisq.ipp,3899,4a3af7d10338776da4e2eeaea25a644a6ecc825f392f76a68dd75ee2b484b4a8
code,cpp文件和脚本/cpp/include/stats_incl/prob/pexp.hpp,src/cpp/include/stats_incl/prob/pexp.hpp,4878,193f5942ac95b405d1dee02a7c362ed19fcd832d8483a36625997189deb0ee47
code,cpp文件和脚本/cpp/include/stats_incl/prob/pexp.ipp,src/cpp/include/stats_incl/prob/pexp.ipp,3625,4b820b783758ddfe9ac2e6767d4f899eebb784d8b459f5119b7ed641f107659a
code,cpp文件和脚本/cpp/include/stats_incl/prob/pf.hpp,src/cpp/include/stats_incl/prob/pf.hpp,5513,498151d2ca84cc1a99a0a59eee0a965c79a6db98e85384b0abcb78f91f4045a5
code,cpp文件和脚本/cpp/include/stats_incl/prob/pf.ipp,src/cpp/include/stats_incl/prob/pf.ipp,4793,a05cb953496affd25770be84a0c690421688a85b722241e7d65abf2862d9a764
code,cpp文件和脚本/cpp/include/stats_incl/prob/pgamma.hpp,src/cpp/include/stats_incl/prob/pgamma.hpp,5485,d4f15174d37daac3e279df7f1d3e92d8aaa6d6d54bf7750274561ce9cb4ed260
code,cpp文件和脚本/cpp/include/stats_incl/prob/pgamma.ipp,src/cpp/include/stats_incl/prob/pgamma.ipp,4995,9d27a59d7f65441ab081cf824845e70bbf44b8dfefcaad69b1186677f518fbcb
code,cpp文件和脚本/cpp/include/stats_incl/prob/pinvgamma.hpp,src/cpp/include/stats_incl/prob/pinvgamma.hpp,5570,b38ebd2ce3c08b0946fd8ec48481a259c30b6a43417ee579b303f521666c570e
code,cpp文件和脚本/cpp/include/stats_incl/prob/pinvgamma.ipp,src/cpp/include/stats_incl/prob/pinvgamma.ipp,4805,4eeacf7baebcdf52f58ec1aad47d7cdb2067eb723a852583461e06b2a1f92157
code,cpp文件和脚本/cpp/include/stats_incl/prob/pinvgauss.hpp,src/cpp/include/stats_incl/prob/pinvgauss.hpp,5602,a29b344e46799d3d84eeb0b7510eb3acccfe8c8d50f0d0e3c6855c8818f91517
code,cpp文件和脚本/cpp/include/stats_incl/prob/pinvgauss.ipp,src/cpp/include/stats_incl/prob/pinvgauss.ipp,5444,e0b12def8e00b5e09de9650f203c2d7b6d221cbc67c85f42554c3a76740e4484
code,cpp文件和脚本/cpp/include/stats_incl/prob/plaplace.hpp,src/cpp/include/stats_incl/prob/plaplace.hpp,5537,4742b41ad7c23bb530cf80c1b777cd5cdfe8792260e323b852d09617e7daaf84
code,cpp文件和脚本/cpp/include/stats_incl/prob/plaplace.ipp,src/cpp/include/stats_incl/prob/plaplace.ipp,5111,c83edb1f67ab0b92a51a7c08ce4bf35b2951905243b062149fe7be56674d6dc2
code,cpp文件和脚本/cpp/include/stats_incl/prob/plnorm.hpp,src/cpp/include/stats_incl/prob/plnorm.hpp,5529,ad6417386500cf2818b237f2630ea1cdbec45d1aff41748059685c711e4c749b
code,cpp文件和脚本/cpp/include/stats_incl/prob/plnorm.ipp,src/cpp/include/stats_incl/prob/plnorm.ipp,3873,8013ee9bfbed8d70cd37d7a3f451372b7385b2a86a29e52056fe9fe80027dad0
code,cpp文件和脚本/cpp/include/stats_incl/prob/plogis.hpp,src/cpp/include/stats_incl/prob/plogis.hpp,5514,973061276f1760c5bdd0e5373b1b1916b49fd5e19c453c3397040cac089fedd4
code,cpp文件和脚本/cpp/include/stats_incl/prob/plogis.ipp,src/cpp/include/stats_incl/prob/plogis.ipp,5018,5cc6d7c26d1efafa83b48128fef8b9b3172436af1dc9f8287337f7bb6a581b1f
code,cpp文件和脚本/cpp/include/stats_incl/prob/pnorm.hpp,src/cpp/include/stats_incl/prob/pnorm.hpp,5958,2d8d700ff13f3d873c3580afedcaf7349bb5865eb76b9b55edd8aafe1a377a19
code,cpp文件和脚本/cpp/include/stats_incl/prob/pnorm.ipp,src/cpp/include/stats_incl/prob/pnorm.ipp,5281,534fc5138c6b402be498109cce54640634f698e6b5f8d0b10fbc2dd339d3aa27
code,cpp文件和脚本/cpp/include/stats_incl/prob/ppois.hpp,src/cpp/include/stats_incl/prob/ppois.hpp,4829,d0945ba8f031d2fe6432b858763fb01ce14d2b9bd7ae5aa1500c3decceefdcc4
code,cpp文件和脚本/cpp/include/stats_incl/prob/ppois.ipp,src/cpp/include/stats_incl/prob/ppois.ipp,4337,0c92e901eb9631828895ebf95a9f06201ff5871cf66df8d5f3e3d9bb6a758efb
code,cpp文件和脚本/cpp/include/stats_incl/prob/pradem.hpp,src/cpp/include/stats_incl/prob/pradem.hpp,4866,d09ec6ebc328578d20cb5cfa6802289ccfa577a09a1127adb7b7dd0236153424
code,cpp文件和脚本/cpp/include/stats_incl/prob/pradem.ipp,src/cpp/include/stats_incl/prob/pradem.ipp,3391,d39351007d2e5954a88874b1487eea6a5c86a5c3b7aa07db5a85a2b143d6f39d
code,cpp文件和脚本/cpp/include/stats_incl/prob/prob.hpp,src/cpp/include/stats_incl/prob/prob.hpp,1397,6a7950b09e252740a4d7cc82148d9f5f6392b4eb3f9656dbf8acb31530e5dfed
code,cpp文件和脚本/cpp/include/stats_incl/prob/pt.hpp,src/cpp/include/stats_incl/prob/pt.hpp,4859,2a0ab802b7f139c49561586aef5510171d9500da74f8b753d65b15071a30027a
code,cpp文件和脚本/cpp/include/stats_incl/prob/pt.ipp,src/cpp/include/stats_incl/prob/pt.ipp,4536,cfa1fb66f9fd247125e9a336710b200362a4f8b3300a3273fa4d487fab64ded7
code,cpp文件和脚本/cpp/include/stats_incl/prob/punif.hpp,src/cpp/include/stats_incl/prob/punif.hpp,5476,1ff3c7c4508a7008ce39dc672246b52f8d9eb7d68bfc98c64f0e492b61d8df93
code,cpp文件和脚本/cpp/include/stats_incl/prob/punif.ipp,src/cpp/include/stats_incl/prob/punif.ipp,4010,0811da38ec5766683ac965a90890c9be75d6294f342aca69cac6e10dfb53bc60
code,cpp文件和脚本/cpp/include/stats_incl/prob/pweibull.hpp,src/cpp/include/stats_incl/prob/pweibull.hpp,5534,36ebbcc63d2af2a031934735d26de5c0ae85827ad26380c2982868052b070828
code,cpp文件和脚本/cpp/include/stats_incl/prob/pweibull.ipp,src/cpp/include/stats_incl/prob/pweibull.ipp,4935,64a5dfd8b94611c0aa33396603d816fa226b402465da719d09795aeb1ee1ffac
code,cpp文件和脚本/cpp/include/stats_incl/quant/qbern.hpp,src/cpp/include/stats_incl/quant/qbern.hpp,4324,67046f684e8219534a7d4d0e4344fee80e32c2607bd40845441c5d6674dc473b
code,cpp文件和脚本/cpp/include/stats_incl/quant/qbern.ipp,src/cpp/include/stats_incl/quant/qbern.ipp,3268,115a87c0901fec556d9be6465349e230d7680f677df9f019e0fd87161c4ce68d
code,cpp文件和脚本/cpp/include/stats_incl/quant/qbeta.hpp,src/cpp/include/stats_incl/quant/qbeta.hpp,4672,291aad7ecc22e25632a67bf3e69252bb7436bebe6e221b6085e3c8e40c4c5c48
code,cpp文件和脚本/cpp/include/stats_incl/quant/qbeta.ipp,src/cpp/include/stats_incl/quant/qbeta.ipp,4517,75759c50e3661661fee3cc0c16a1c17c8aea8ed582a695090eafc70144e3e95d
code,cpp文件和脚本/cpp/include/stats_incl/quant/qbinom.hpp,src/cpp/include/stats_incl/quant/qbinom.hpp,4855,a1ac760967ef6ef401c4cd0ecbd864ca1144c6c3d9352da719ac064235caac55
code,cpp文件和脚本/cpp/include/stats_incl/quant/qbinom.ipp,src/cpp/include/stats_incl/quant/qbinom.ipp,4064,1eff5b3d40cf8cd4873f4bb4ed469202e6f96111db6c95bf85f96f955cad3e1e
code,cpp文件和脚本/cpp/include/stats_incl/quant/qcauchy.hpp,src/cpp/include/stats_incl/quant/qcauchy.hpp,4902,1834d06bcf13bdf123c53b036a88b3ad73ed4f1b3ca5cb29c374922c464ee6c3
code,cpp文件和脚本/cpp/include/stats_incl/quant/qcauchy.ipp,src/cpp/include/stats_incl/quant/qcauchy.ipp,4281,e33897c8c4d793c93e1d49705509cbdf67519699b7094b4612313f36e94dabe4
code,cpp文件和脚本/cpp/include/stats_incl/quant/qchisq.hpp,src/cpp/include/stats_incl/quant/qchisq.hpp,4374,f86beec72aff627bfeecfaf730f5e97613b88dca02fbe706d1a910429983ee1b
code,cpp文件和脚本/cpp/include/stats_incl/quant/qchisq.ipp,src/cpp/include/stats_incl/quant/qchisq.ipp,3476,725b4d86309b201f59a3ab689715df6f1ea61ddd9416a86215e5bd610a7b8ca6
code,cpp文件和脚本/cpp/include/stats_incl/quant/qexp.hpp,src/cpp/include/stats_incl/quant/qexp.hpp,4274,36b5122f5e58afcdf6f10ae1d06b86be09b210bd50cc0ae6d49341a1bb376d47
code,cpp文件和脚本/cpp/include/stats_incl/quant/qexp.ipp,src/cpp/include/stats_incl/quant/qexp.ipp,3431,93ba8a6644e521cf05157de2dcf680d26155154d330c1fa53d0b4cc60b7aa7ed
code,cpp文件和脚本/cpp/include/stats_incl/quant/qf.hpp,src/cpp/include/stats_incl/quant/qf.hpp,4906,2ea4556c5205f15a88a420235d126d74511b7a1614d6ce2a7eb0f7a0c58664ba
code,cpp文件和脚本/cpp/include/stats_incl/quant/qf.ipp,src/cpp/include/stats_incl/quant/qf.ipp,4517,02698f5ad3c4293cd63ff8208ddfd967676be4ac35246838f0a8f5863965ca10
code,cpp文件和脚本/cpp/include/stats_incl/quant/qgamma.hpp,src/cpp/include/stats_incl/quant/qgamma.hpp,4903,f9ee2f7d670f2349a05c75b4675ceca67925fd529dac66fa9001e0c5ffb9ee42
code,cpp文件和脚本/cpp/include/stats_incl/quant/qgamma.ipp,src/cpp/include/stats_incl/quant/qgamma.ipp,4460,847e8df6236ad7867955c939e065350c3717e0b37bcc69e4da72cd6096a7624d
code,cpp文件和脚本/cpp/include/stats_incl/quant/qinvgamma.hpp,src/cpp/include/stats_incl/quant/qinvgamma.hpp,4986,18c1ee96bc2fae1bf1a3850edd313f29b157dd9f979b6f59117d86c260d020c0
code,cpp文件和脚本/cpp/include/stats_incl/quant/qinvgamma.ipp,src/cpp/include/stats_incl/quant/qinvgamma.ipp,4540,6b476f2c1d2d2ead6dea2a6bfb3d2b6ba12e7cd27e95734a114fa289299b74b4
code,cpp文件和脚本/cpp/include/stats_incl/quant/qinvgauss.hpp,src/cpp/include/stats_incl/quant/qinvgauss.hpp,5306,97140e446a5c88da2d6a5c8c4026cfe9b4496ee926edbdd8ae460cbf89ded84d
code,cpp文件和脚本/cpp/include/stats_incl/quant/qinvgauss.ipp,src/cpp/include/stats_incl/quant/qinvgauss.ipp,5490,f69b34385855462460a1069beb8d66eadf77bce67a9c287a565f4702e43009e3
code,cpp文件和脚本/cpp/include/stats_incl/quant/qlaplace.hpp,src/cpp/include/stats_incl/quant/qlaplace.hpp,4935,1d3ead4c591ac5b1b3925a7da070baf9993ff38e6770446fce93965b5ed4df8f
code,cpp文件和脚本/cpp/include/stats_incl/quant/qlaplace.ipp,src/cpp/include/stats_incl/quant/qlaplace.ipp,4354,64c725fe89a2bf87f2f6dc6cdca558c1f767085fc20923fec251248b21964d80
code,cpp文件和脚本/cpp/include/stats_incl/quant/qlnorm.hpp,src/cpp/include/stats_incl/quant/qlnorm.hpp,4933,6a1cd519c1be73978c2275aa16bd081c01bcc9ab93d6f9b6c3327b7732c87a56
code,cpp文件和脚本/cpp/include/stats_incl/quant/qlnorm.ipp,src/cpp/include/stats_incl/quant/qlnorm.ipp,3750,9204b9cf79179b9ccd10fa603daa56a9b339374cb52b09071181e83b62948cb7
code,cpp文件和脚本/cpp/include/stats_incl/quant/qlogis.hpp,src/cpp/include/stats_incl/quant/qlogis.hpp,4912,4002247d7699f11e95612fc900d20b1751f931dec434e2a9e909442fa7f8c723
code,cpp文件和脚本/cpp/include/stats_incl/quant/qlogis.ipp,src/cpp/include/stats_incl/quant/qlogis.ipp,4265,a98d7e2f35a1e2759692274b38e5ed38ce1863b845341868a8d1142fb1c8577f
code,cpp文件和脚本/cpp/include/stats_incl/quant/qnorm.hpp,src/cpp/include/stats_incl/quant/qnorm.hpp,5224,f956dd1999b10c77c39d2a75e6241ba7cfecc6b8b2b3b8b953807fba1f002c62
code,cpp文件和脚本/cpp/include/stats_incl/quant/qnorm.ipp,src/cpp/include/stats_incl/quant/qnorm.ipp,4396,bb23a3dba79141ff57a331bf50e0d70992e469a676760664fad9318b43241795
code,cpp文件和脚本/cpp/include/stats_incl/quant/qpois.hpp,src/cpp/include/stats_incl/quant/qpois.hpp,4261,5b61e0e73666297ab532728754bd12e7b946bcdda1c12d6792cdbc02395eeef2
code,cpp文件和脚本/cpp/include/stats_incl/quant/qpois.ipp,src/cpp/include/stats_incl/quant/qpois.ipp,4454,f38e9f753c0940515606cb2552f558afb1e5f898fa2ced5fdb35eb8c10f6296b
code,cpp文件和脚本/cpp/include/stats_incl/quant/qradem.hpp,src/cpp/include/stats_incl/quant/qradem.hpp,4346,a5db8a8b35582db6bbbb28a541590d8455be304a037edfac184cbd8f06c878a5
code,cpp文件和脚本/cpp/include/stats_incl/quant/qradem.ipp,src/cpp/include/stats_incl/quant/qradem.ipp,3289,dbf366ee6fced39f66d86908c32fe7fc9d987e4637bc293e823ecd4a77ba1ff8
code,cpp文件和脚本/cpp/include/stats_incl/quant/qt.hpp,src/cpp/include/stats_incl/quant/qt.hpp,4245,10f940022b218d959c98136610be2bd0e8e02c2aea28714e1fa1bd69d93fba58
code,cpp文件和脚本/cpp/include/stats_incl/quant/qt.ipp,src/cpp/include/stats_incl/quant/qt.ipp,9954,c8d87a84fb61b53d49f23ceb975410bff37af875de5eaa0b8b48625c9518c9d7
code,cpp文件和脚本/cpp/include/stats_incl/quant/quant.hpp,src/cpp/include/stats_incl/quant/quant.hpp,1398,b7b6fe3c290b4999263f31e69ed06404b3ff39960a439966630da8d46e73ee98
code,cpp文件和脚本/cpp/include/stats_incl/quant/qunif.hpp,src/cpp/include/stats_incl/quant/qunif.hpp,4884,e20c5112d750a3357e3a856470038969b9bf2305ba42382cdc7f3446f0b8a70c
code,cpp文件和脚本/cpp/include/stats_incl/quant/qunif.ipp,src/cpp/include/stats_incl/quant/qunif.ipp,3817,fa8f88cb25276d3441cdeced80f6d9b5ad755663425f520778cc9eae7543abdc
code,cpp文件和脚本/cpp/include/stats_incl/quant/qweibull.hpp,src/cpp/include/stats_incl/quant/qweibull.hpp,4952,5dd7d66d0756715812bb3c58417d27a8ba2b0db232104b339e7419240d2760e1
code,cpp文件和脚本/cpp/include/stats_incl/quant/qweibull.ipp,src/cpp/include/stats_incl/quant/qweibull.ipp,4166,b7761634058cb267a57af76023ba6b14f73ad49a573a40b25b131c7ce9cdbc49
code,cpp文件和脚本/cpp/include/stats_incl/rand/rand.hpp,src/cpp/include/stats_incl/rand/rand.hpp,1454,100aa88c76d0c5763e4d011738951abcef0b590fbe826de905c06e568c8d7fd6
code,cpp文件和脚本/cpp/include/stats_incl/rand/rbern.hpp,src/cpp/include/stats_incl/rand/rbern.hpp,4369,cefa64535cfefb7c0e29e2562a246fbe0dc74e403b40febbfacdf66528350a83
code,cpp文件和脚本/cpp/include/stats_incl/rand/rbern.ipp,src/cpp/include/stats_incl/rand/rbern.ipp,2684,fa54275a6c6388fa28405ffbcac4566c6ce2f4421fc94d398fdf310cdc5643c4
code,cpp文件和脚本/cpp/include/stats_incl/rand/rbeta.hpp,src/cpp/include/stats_incl/rand/rbeta.hpp,4602,d599ad30db6e51f46ca74ce5c5130bc93dafc0431f77fe64188bcbee1f038fed
code,cpp文件和脚本/cpp/include/stats_incl/rand/rbeta.ipp,src/cpp/include/stats_incl/rand/rbeta.ipp,3405,0b46e04ad85df18b2cea840cfb75b8a1641b9289900b2625be64a2604e84b1ee
code,cpp文件和脚本/cpp/include/stats_incl/rand/rbinom.hpp,src/cpp/include/stats_incl/rand/rbinom.hpp,4834,cbc0fddb06682c6b59916a7e074f05704549ccc8a269cb81a7c04cbd95946fb2
code,cpp文件和脚本/cpp/include/stats_incl/rand/rbinom.ipp,src/cpp/include/stats_incl/rand/rbinom.ipp,3080,423244fd497b2e4ce663f60c67f6c231c51d84ba5a0c878417f18913a175c68e
code,cpp文件和脚本/cpp/include/stats_incl/rand/rcauchy.hpp,src/cpp/include/stats_incl/rand/rcauchy.hpp,4782,fd806217ed002bd7ab1728d3ce800e3d4de565477d0bdb5ebd0f464c80098f21
code,cpp文件和脚本/cpp/include/stats_incl/rand/rcauchy.ipp,src/cpp/include/stats_incl/rand/rcauchy.ipp,3473,19ea4a5c2d453656289035b40fbf82ef8260ca8f98a3a93a5aadff7a188b125b
code,cpp文件和脚本/cpp/include/stats_incl/rand/rchisq.hpp,src/cpp/include/stats_incl/rand/rchisq.hpp,4404,32701719df1fef0bdd9cb88cb047204bb5076b0e74922a5f83fdefd4f3ecb908
code,cpp文件和脚本/cpp/include/stats_incl/rand/rchisq.ipp,src/cpp/include/stats_incl/rand/rchisq.ipp,2870,02339be75b7c2e7de0ff6339b0cd1aa66703609fa8f4b613364f3f5669a98af2
code,cpp文件和脚本/cpp/include/stats_incl/rand/rexp.hpp,src/cpp/include/stats_incl/rand/rexp.hpp,4351,eacd29381bfd765481c07c25494520523978d3f48cd632a3f2f5e0591ae200ef
code,cpp文件和脚本/cpp/include/stats_incl/rand/rexp.ipp,src/cpp/include/stats_incl/rand/rexp.ipp,2862,b2066b376ce4ac50011ee950d3d85eb2d53fd1704d2363d4080277c042a77e5f
code,cpp文件和脚本/cpp/include/stats_incl/rand/rf.hpp,src/cpp/include/stats_incl/rand/rf.hpp,4732,b41486444c43a1dee9ce3f621bb3d1f8e0078c8afa97efac156153793702d2a2
code,cpp文件和脚本/cpp/include/stats_incl/rand/rf.ipp,src/cpp/include/stats_incl/rand/rf.ipp,3421,3110b7bf320d5bdb40bbc3586eaf23422bdbe92f91941be953d8a9a3c4455f45
code,cpp文件和脚本/cpp/include/stats_incl/rand/rgamma.hpp,src/cpp/include/stats_incl/rand/rgamma.hpp,4780,ee8b904b1b743603ddd6b9284b73da9623764bcf77e6997319cf3a650ad97f9d
code,cpp文件和脚本/cpp/include/stats_incl/rand/rgamma.ipp,src/cpp/include/stats_incl/rand/rgamma.ipp,4290,f6c52c2ad559640f3c4209227636fc3e28818aa0706b45c3f240a47912757410
code,cpp文件和脚本/cpp/include/stats_incl/rand/rinvgamma.hpp,src/cpp/include/stats_incl/rand/rinvgamma.hpp,4892,65838435a420142607b724b2bd5034aa76f6ee904b09b05e6cd2c837531d8c0f
code,cpp文件和脚本/cpp/include/stats_incl/rand/rinvgamma.ipp,src/cpp/include/stats_incl/rand/rinvgamma.ipp,3543,3a43c0e51d322ec737f61b074e8db928f5e55844c06d157c7ff47678e66ab7ed
code,cpp文件和脚本/cpp/include/stats_incl/rand/rinvgauss.hpp,src/cpp/include/stats_incl/rand/rinvgauss.hpp,4932,d38eeb88416761819061ab38a683b14f666fe26f4fb5bdadc92058d29b8e3247
code,cpp文件和脚本/cpp/include/stats_incl/rand/rinvgauss.ipp,src/cpp/include/stats_incl/rand/rinvgauss.ipp,3746,f49f44e3fd0ff77316ce07f83bceef7d7b9405a2e9ed32053c084cdb16f3c28d
code,cpp文件和脚本/cpp/include/stats_incl/rand/rinvwish.hpp,src/cpp/include/stats_incl/rand/rinvwish.hpp,1971,2e30b97d34d2c49e3ef4c669defe7ffe67ce1c7228c81c659f6e8d87ae2a6851
code,cpp文件和脚本/cpp/include/stats_incl/rand/rinvwish.ipp,src/cpp/include/stats_incl/rand/rinvwish.ipp,2680,f9a3d007e26b26bf1758c0c9461c86f3d034cebd58925a18a2aad28be826a8b4
code,cpp文件和脚本/cpp/include/stats_incl/rand/rlaplace.hpp,src/cpp/include/stats_incl/rand/rlaplace.hpp,4806,3b4a3e76d16e01f56928fe23a1b3249ad93117a108722d67121120af6bfb507f
code,cpp文件和脚本/cpp/include/stats_incl/rand/rlaplace.ipp,src/cpp/include/stats_incl/rand/rlaplace.ipp,3502,15e61b216c2e902552b7ec53d1f1630884068188b32307932b2b9299c6c82e64
code,cpp文件和脚本/cpp/include/stats_incl/rand/rlnorm.hpp,src/cpp/include/stats_incl/rand/rlnorm.hpp,4799,76d0d2204c4028323d22d05f673820a4fedb7c6846c350d17e5a9ded4cac6bc6
code,cpp文件和脚本/cpp/include/stats_incl/rand/rlnorm.ipp,src/cpp/include/stats_incl/rand/rlnorm.ipp,3451,50058d36421267d5a228dd89b0002ab8816e2df4ad187576a95c11b5c97ac212
code,cpp文件和脚本/cpp/include/stats_incl/rand/rlogis.hpp,src/cpp/include/stats_incl/rand/rlogis.hpp,4781,65e5eb3f556d41eb7224bdeb251941d28c61334c17a2eee7ac30b5a9e95d490c
code,cpp文件和脚本/cpp/include/stats_incl/rand/rlogis.ipp,src/cpp/include/stats_incl/rand/rlogis.ipp,3464,9869655f121458785dac263e5e2901e4c590fd1a319d6c170dfcefb6c239bb0e
code,cpp文件和脚本/cpp/include/stats_incl/rand/rmultinom.hpp,src/cpp/include/stats_incl/rand/rmultinom.hpp,1453,bd0dfcded14519abf05110e7f5c445983715e5c19a531e41f818ee8f01390735
code,cpp文件和脚本/cpp/include/stats_incl/rand/rmultinom.ipp,src/cpp/include/stats_incl/rand/rmultinom.ipp,1660,93a2217fa6163f746ba2adfe2c3224022be06e95f98f357e7e3afd47476364e6
code,cpp文件和脚本/cpp/include/stats_incl/rand/rmvnorm.hpp,src/cpp/include/stats_incl/rand/rmvnorm.hpp,2776,f7def5bb5c079adcb05cb07aeb412bc436e6512f9bdc62fab4a4545b2e43439e
code,cpp文件和脚本/cpp/include/stats_incl/rand/rmvnorm.ipp,src/cpp/include/stats_incl/rand/rmvnorm.ipp,3702,7bd22cbee94ecb434c1b151e87e971fb2f0d11643ad08adc664c700787e1fa8e
code,cpp文件和脚本/cpp/include/stats_incl/rand/rnorm.hpp,src/cpp/include/stats_incl/rand/rnorm.hpp,7130,54afd2c5c96f70f7124c08b3f69ef99fb7c61794021b49a53be9c870808af846
code,cpp文件和脚本/cpp/include/stats_incl/rand/rnorm.ipp,src/cpp/include/stats_incl/rand/rnorm.ipp,3934,f113abc1827ab343078a2927b07bd033c7590944365d972d5c67975dd2a8584e
code,cpp文件和脚本/cpp/include/stats_incl/rand/rpois.hpp,src/cpp/include/stats_incl/rand/rpois.hpp,4305,e1624c5cfd88d0e31939f9c6143abe83c25dbb0b461896a1b408de1eca460278
code,cpp文件和脚本/cpp/include/stats_incl/rand/rpois.ipp,src/cpp/include/stats_incl/rand/rpois.ipp,2875,7a5c13c2a6a870d7d42b67e63d5d9d31a1df39461ec773f583aafc85f38b7824
code,cpp文件和脚本/cpp/include/stats_incl/rand/rradem.hpp,src/cpp/include/stats_incl/rand/rradem.hpp,4395,512fcf72f7c51293bc365e2b5c1e984f78e08db8e22430daca6b4802f5a690fc
code,cpp文件和脚本/cpp/include/stats_incl/rand/rradem.ipp,src/cpp/include/stats_incl/rand/rradem.ipp,2710,8eebcd794a9fdf5e44bd28f568904095884a37c665b7614716b50dda2bfaee00
code,cpp文件和脚本/cpp/include/stats_incl/rand/rt.hpp,src/cpp/include/stats_incl/rand/rt.hpp,4298,3fcbaeff3102896a7182e472ab1d8f2d897d323b7be71243deea3f557fe2f56b
code,cpp文件和脚本/cpp/include/stats_incl/rand/rt.ipp,src/cpp/include/stats_incl/rand/rt.ipp,2848,68be731e14df88612375d85c4c0837c2f2b689f12f376306bfaa1b13a2f3880c
code,cpp文件和脚本/cpp/include/stats_incl/rand/runif.hpp,src/cpp/include/stats_incl/rand/runif.hpp,5051,dbd74b684a618ec25a81ba568bcf89769d4d3f049874c211d544ca2ac96c934e
code,cpp文件和脚本/cpp/include/stats_incl/rand/runif.ipp,src/cpp/include/stats_incl/rand/runif.ipp,3547,322ec5e15c24f57eb5e62bd06fac2f48bf88d887ccfae3d33a7c47d2fea3c91a
code,cpp文件和脚本/cpp/include/stats_incl/rand/rweibull.hpp,src/cpp/include/stats_incl/rand/rweibull.hpp,4832,0d7b6bd6a628d43854403be7555e7004b6a501975a98ac0353e9ca52c024ca8a
code,cpp文件和脚本/cpp/include/stats_incl/rand/rweibull.ipp,src/cpp/include/stats_incl/rand/rweibull.ipp,3576,dddd61c46b90769a78136c1cfc352dde078ef9f3f5f95f03860eb6ad375e9788
code,cpp文件和脚本/cpp/include/stats_incl/rand/rwish.hpp,src/cpp/include/stats_incl/rand/rwish.hpp,1899,12f38972100c6cf8e3fffd885f55bab8739aaf9e82ef327375e49c9691e4738b
code,cpp文件和脚本/cpp/include/stats_incl/rand/rwish.ipp,src/cpp/include/stats_incl/rand/rwish.ipp,2513,86f4916317853e348a1e39ef40ec5120cf5f9c3b6cf97a9c391b1956a49ff78b
code,cpp文件和脚本/cpp/include/stats_incl/misc/internal_fns/exp_if.hpp,src/cpp/include/stats_incl/misc/internal_fns/exp_if.hpp,1142,24c99010a80dde130e25fcb4e0751472dc4c987f13cc2b943af335fc1e203a17
code,cpp文件和脚本/cpp/include/stats_incl/misc/internal_fns/internal_fns.hpp,src/cpp/include/stats_incl/misc/internal_fns/internal_fns.hpp,1062,bfc1dd5b6f4cc210544f2eb54fa15b8a0d5cc1c45dccb04bc912233a9f60c49d
code,cpp文件和脚本/cpp/include/stats_incl/misc/internal_fns/log_if.hpp,src/cpp/include/stats_incl/misc/internal_fns/log_if.hpp,1407,2a4037b09e8213215eac4990f7adab83c1f79a256c5b3008de72f4034c4f9f37
code,cpp文件和脚本/cpp/include/stats_incl/misc/internal_fns/seed_values.hpp,src/cpp/include/stats_incl/misc/internal_fns/seed_values.hpp,1296,346c3453d0d77bf0baf43d99bf9b138112f3e87bddb8c30412aabb072bda6fe6
code,cpp文件和脚本/cpp/include/stats_incl/misc/internal_fns/statslib_defs.hpp,src/cpp/include/stats_incl/misc/internal_fns/statslib_defs.hpp,16124,772ff71ce5428e782e3efae5d4bdccf3ce3d4218a1919a3bae4e5eb8cfbf5d97
code,cpp文件和脚本/cpp/include/stats_incl/misc/matrix_ops/accu.hpp,src/cpp/include/stats_incl/misc/matrix_ops/accu.hpp,2533,587b1e509cf382fc660eb108cbcf3654e6ee71b76139d4b151c4aeed952df770
code,cpp文件和脚本/cpp/include/stats_incl/misc/matrix_ops/cerr.hpp,src/cpp/include/stats_incl/misc/matrix_ops/cerr.hpp,1715,78307d81b0269b91d46d3b43ecf6c461d1e80544019298f943250b59638167d8
code,cpp文件和脚本/cpp/include/stats_incl/misc/matrix_ops/chol.hpp,src/cpp/include/stats_incl/misc/matrix_ops/chol.hpp,1572,8656dfca55d670f06664b3c50aa7da2f83e68ec6b2246625df8559e2e83fe817
code,cpp文件和脚本/cpp/include/stats_incl/misc/matrix_ops/cout.hpp,src/cpp/include/stats_incl/misc/matrix_ops/cout.hpp,1715,4918b7b0375eefccbc9a625bcb03ce4d05d4d86af06b70c98eacac08e6e95838
code,cpp文件和脚本/cpp/include/stats_incl/misc/matrix_ops/cumsum.hpp,src/cpp/include/stats_incl/misc/matrix_ops/cumsum.hpp,2282,f132ff887b6a773592f2df7593ee428cc148949e25847cf705fe9143a95fc4f0
code,cpp文件和脚本/cpp/include/stats_incl/misc/matrix_ops/det.hpp,src/cpp/include/stats_incl/misc/matrix_ops/det.hpp,1455,b423d58f5961f822225f2d79d5e39a9ffaf4e6cb679641e7c8cd91eca385be74
code,cpp文件和脚本/cpp/include/stats_incl/misc/matrix_ops/exp.hpp,src/cpp/include/stats_incl/misc/matrix_ops/exp.hpp,1776,cae57f5814d63a4041b1df8593866ef5b6538f1296ebd1d5448408d46af1213f
code,cpp文件和脚本/cpp/include/stats_incl/misc/matrix_ops/eye.hpp,src/cpp/include/stats_incl/misc/matrix_ops/eye.hpp,1597,c59de0da6cab5235286bcca6a16461901f47ddbc4c725eb0742e4772b2ffbe8c
code,cpp文件和脚本/cpp/include/stats_incl/misc/matrix_ops/fill.hpp,src/cpp/include/stats_incl/misc/matrix_ops/fill.hpp,1659,2cd095a7d9e21f585a783b779faf526e1b41036767927398a2464f7310521700
code,cpp文件和脚本/cpp/include/stats_incl/misc/matrix_ops/get_mem_ptr.hpp,src/cpp/include/stats_incl/misc/matrix_ops/get_mem_ptr.hpp,1698,8db948245402a56983825279e59196f05e5f60143bde51bb6b40571bf15b884f
code,cpp文件和脚本/cpp/include/stats_incl/misc/matrix_ops/get_row.hpp,src/cpp/include/stats_incl/misc/matrix_ops/get_row.hpp,1582,130798a1fe970147bf8101fec29e167bd21d47c3760131e0d554ef19bff3fa8d
code,cpp文件和脚本/cpp/include/stats_incl/misc/matrix_ops/inv.hpp,src/cpp/include/stats_incl/misc/matrix_ops/inv.hpp,1487,81b3d4dddc6cb3aae9aeb3a357c86b092f58c2222bdd404ad084afcd4bd312c9
code,cpp文件和脚本/cpp/include/stats_incl/misc/matrix_ops/log.hpp,src/cpp/include/stats_incl/misc/matrix_ops/log.hpp,1782,233d4ac7ea7a6537fea4a489dab3108fd31e00b752bd5cc9c5514074816269c5
code,cpp文件和脚本/cpp/include/stats_incl/misc/matrix_ops/log_det.hpp,src/cpp/include/stats_incl/misc/matrix_ops/log_det.hpp,1775,cb5469c5105d46c1a4b42664cff74475d73518faf74e9e9f1ff19a38fd4cf95c
code,cpp文件和脚本/cpp/include/stats_incl/misc/matrix_ops/matrix_ops.hpp,src/cpp/include/stats_incl/misc/matrix_ops/matrix_ops.hpp,1759,8ecbfd59374db9207df61c266c33270f7d12b6e2e39a01ada94d5680167fe2ee
code,cpp文件和脚本/cpp/include/stats_incl/misc/matrix_ops/mean.hpp,src/cpp/include/stats_incl/misc/matrix_ops/mean.hpp,1653,6f2c33b81c3d4d623ac2741d3212e8f7d4103df29b302c137777cc748d4b0404
code,cpp文件和脚本/cpp/include/stats_incl/misc/matrix_ops/n_cols.hpp,src/cpp/include/stats_incl/misc/matrix_ops/n_cols.hpp,1488,b3b86b615befc827776e94fb8e319b267236db31d288cbe0fb050e2d344a3931
code,cpp文件和脚本/cpp/include/stats_incl/misc/matrix_ops/n_elem.hpp,src/cpp/include/stats_incl/misc/matrix_ops/n_elem.hpp,1649,d2116f6891133339274e5783cf560bc94581aaf156ce27e780d51645a03d1656
code,cpp文件和脚本/cpp/include/stats_incl/misc/matrix_ops/n_rows.hpp,src/cpp/include/stats_incl/misc/matrix_ops/n_rows.hpp,1482,857e201c44b9d10faba2a3e857201d3c297446f142331c881c7f6c4992894886
code,cpp文件和脚本/cpp/include/stats_incl/misc/matrix_ops/quad_form.hpp,src/cpp/include/stats_incl/misc/matrix_ops/quad_form.hpp,2218,0e09682c266868270453fe03924b3f50f35784ade12a14cc3c8f20de72b3eda9
code,cpp文件和脚本/cpp/include/stats_incl/misc/matrix_ops/repmat.hpp,src/cpp/include/stats_incl/misc/matrix_ops/repmat.hpp,2025,56465c5773946bfd7a2350ce4eca9da31bec2d7e5f1360d32b7fce5350796eb2
code,cpp文件和脚本/cpp/include/stats_incl/misc/matrix_ops/resize.hpp,src/cpp/include/stats_incl/misc/matrix_ops/resize.hpp,1761,4b12c9d5521e8b07e15a6285dc2345aa27a1fec91e8282da84f2003b16a45031
code,cpp文件和脚本/cpp/include/stats_incl/misc/matrix_ops/solve.hpp,src/cpp/include/stats_incl/misc/matrix_ops/solve.hpp,1862,8b857e16d2ea4e23ae55aed547be83982c6411dc4646ee123a8c251b1a7316a4
code,cpp文件和脚本/cpp/include/stats_incl/misc/matrix_ops/spacing.hpp,src/cpp/include/stats_incl/misc/matrix_ops/spacing.hpp,1660,adc72ae4c8eaba8a218105ffca791370ae502a526631eb087afd8b9ddcf145d7
code,cpp文件和脚本/cpp/include/stats_incl/misc/matrix_ops/sum_absdiff.hpp,src/cpp/include/stats_incl/misc/matrix_ops/sum_absdiff.hpp,2028,8177cd111ccdb6663b72bdcc61b9200d86092a3bdbc8717c87fa2c7778182f4c
code,cpp文件和脚本/cpp/include/stats_incl/misc/matrix_ops/trace.hpp,src/cpp/include/stats_incl/misc/matrix_ops/trace.hpp,1453,592b3a3aeb8c8f63cc6ae97bc2d5a3e1287063ed46228ee4a718d38572f7c284
code,cpp文件和脚本/cpp/include/stats_incl/misc/matrix_ops/trans.hpp,src/cpp/include/stats_incl/misc/matrix_ops/trans.hpp,1492,e6689e758300e318ce9549a43ed8312eec0304587cfb511e4b810f8f0db6471c
code,cpp文件和脚本/cpp/include/stats_incl/misc/matrix_ops/var.hpp,src/cpp/include/stats_incl/misc/matrix_ops/var.hpp,1899,7122f1736f97f3401722e95a3185fddeff7d0a25a16d5e461a147f1427ea2e13
code,cpp文件和脚本/cpp/include/stats_incl/misc/matrix_ops/zeros.hpp,src/cpp/include/stats_incl/misc/matrix_ops/zeros.hpp,1743,6fbc29646090bd9e4b400049de66a10ccfc825c7f268bd135552de68bd59c3fc
code,cpp文件和脚本/cpp/include/stats_incl/misc/sanity_checks/bern.hpp,src/cpp/include/stats_incl/misc/sanity_checks/bern.hpp,1381,37a7e813dccf26598aa6b211276d256902cd4e3fd2f2eeae7995f13a3e73d700
code,cpp文件和脚本/cpp/include/stats_incl/misc/sanity_checks/beta.hpp,src/cpp/include/stats_incl/misc/sanity_checks/beta.hpp,1503,d6393eddf3a551188dc4a287d6d32d1dbc6159005f8da74bca550a9529f3845f
code,cpp文件和脚本/cpp/include/stats_incl/misc/sanity_checks/binom.hpp,src/cpp/include/stats_incl/misc/sanity_checks/binom.hpp,1490,9974b0feb84a804cf3c72ef99debdf1192e3119909903517c3943378a9499211
code,cpp文件和脚本/cpp/include/stats_incl/misc/sanity_checks/cauchy.hpp,src/cpp/include/stats_incl/misc/sanity_checks/cauchy.hpp,1467,baa73fe9d40f93833637f00be051267bea41a63d3bbb63596afb68f304798030
code,cpp文件和脚本/cpp/include/stats_incl/misc/sanity_checks/chisq.hpp,src/cpp/include/stats_incl/misc/sanity_checks/chisq.hpp,1412,b7d56c615e0ee158224e5665f5a002ec08719b89131bf6604ddb0c1a50710069
code,cpp文件和脚本/cpp/include/stats_incl/misc/sanity_checks/exp.hpp,src/cpp/include/stats_incl/misc/sanity_checks/exp.hpp,1411,fc5689de2c98cc6f846c9ed2addfff91fda4df55ad5306f0e17ac8fa84d93424
code,cpp文件和脚本/cpp/include/stats_incl/misc/sanity_checks/f.hpp,src/cpp/include/stats_incl/misc/sanity_checks/f.hpp,1541,1294e02290adb3e662a3957f3b5cd05e3a5e9d5b32b9aba389e985032448a746
code,cpp文件和脚本/cpp/include/stats_incl/misc/sanity_checks/gamma.hpp,src/cpp/include/stats_incl/misc/sanity_checks/gamma.hpp,1562,8b8ec8d96ade01c734d144272748272737f7ddc0467a3f22c087f67088a7134f
code,cpp文件和脚本/cpp/include/stats_incl/misc/sanity_checks/invgamma.hpp,src/cpp/include/stats_incl/misc/sanity_checks/invgamma.hpp,1559,b81043f6aca2861cc9796131e0187c14bfc37564ef8072eea8e0b3f1fc30c25e
code,cpp文件和脚本/cpp/include/stats_incl/misc/sanity_checks/invgauss.hpp,src/cpp/include/stats_incl/misc/sanity_checks/invgauss.hpp,1557,8ea6e57cf964ba3816e46552b40e4a96c78b0f32dd5ca03c4c46b18d5ce06009
code,cpp文件和脚本/cpp/include/stats_incl/misc/sanity_checks/laplace.hpp,src/cpp/include/stats_incl/misc/sanity_checks/laplace.hpp,1471,2c70d29ff631f9507c406de31b0421c21569d219f567526bae3414dceac943a4
code,cpp文件和脚本/cpp/include/stats_incl/misc/sanity_checks/lnorm.hpp,src/cpp/include/stats_incl/misc/sanity_checks/lnorm.hpp,1468,8a54b2e883edc8539a686adb3ff76056b163fa20040edf236cf5a6b495ff9929
code,cpp文件和脚本/cpp/include/stats_incl/misc/sanity_checks/logis.hpp,src/cpp/include/stats_incl/misc/sanity_checks/logis.hpp,1466,1ade2bb861cd0dc14455eff1c00190e443aa3ea414d9442d9b38130cdb69e884
code,cpp文件和脚本/cpp/include/stats_incl/misc/sanity_checks/norm.hpp,src/cpp/include/stats_incl/misc/sanity_checks/norm.hpp,1461,1f5f4dcb03ebfa21bf7297625c1803fdd9a4f5665b22b289a0cedfb3091fc889
code,cpp文件和脚本/cpp/include/stats_incl/misc/sanity_checks/pois.hpp,src/cpp/include/stats_incl/misc/sanity_checks/pois.hpp,1229,0e511fc5aa3d322670c7197075b0ef178732da54a8755d6e48df612536d8e051
code,cpp文件和脚本/cpp/include/stats_incl/misc/sanity_checks/prob_val.hpp,src/cpp/include/stats_incl/misc/sanity_checks/prob_val.hpp,1292,7d8fcc6ea2c15cd2a377f67ed79ae77944c1877f299f45463f8dde10779cee66
code,cpp文件和脚本/cpp/include/stats_incl/misc/sanity_checks/radem.hpp,src/cpp/include/stats_incl/misc/sanity_checks/radem.hpp,1383,6bc550561723b34320eb5130c5876f2d68baf5c24f9bb524d3cb14f5269e5409
code,cpp文件和脚本/cpp/include/stats_incl/misc/sanity_checks/sanity_checks.hpp,src/cpp/include/stats_incl/misc/sanity_checks/sanity_checks.hpp,1457,307226de8a761023a3d01695bb4b52f826d1a796f9b3dba74452d38f5ff484f3
code,cpp文件和脚本/cpp/include/stats_incl/misc/sanity_checks/t.hpp,src/cpp/include/stats_incl/misc/sanity_checks/t.hpp,1405,14c252ce03bf9b2d8ed951db267ed04c86864855ccadddda64d689265ed0ae26
code,cpp文件和脚本/cpp/include/stats_incl/misc/sanity_checks/unif.hpp,src/cpp/include/stats_incl/misc/sanity_checks/unif.hpp,1440,36ee3b056b64647d3aa3c8b30d26b13ebcb7e57b9b67157287031fa58f451645
code,cpp文件和脚本/cpp/include/stats_incl/misc/sanity_checks/weibull.hpp,src/cpp/include/stats_incl/misc/sanity_checks/weibull.hpp,1585,1bbd81790bab44a8cc61b9f7efaf813ec023b3584503615ef232edbcf1d5eb39
code,cpp文件和脚本/cpp/include/gcem_incl/quadrature/gauss_legendre_30.hpp,src/cpp/include/gcem_incl/quadrature/gauss_legendre_30.hpp,3548,413befcbdf6d7803ddd8e15ac1a75728580355dd6a6e6299eafe527cae1489c6
code,cpp文件和脚本/cpp/include/gcem_incl/quadrature/gauss_legendre_50.hpp,src/cpp/include/gcem_incl/quadrature/gauss_legendre_50.hpp,5208,9b195a470f27b20e76add06ad9e1c0ae98314e050f5c188cd47232a99fe8815f
code,<generated>,Makefile,409,9f907c823d4eb5d6dc725c816a11ff35554c3114a24ae30920fc6107b2aa55e8
figure,结果图片/panel_metric_rel_clean.png,figures/final_panels/panel_metric_rel_clean.png,664596,5f8fe7b24cf9c48531a7dc4c6a4c8225bc5fccc0f9fe401d86851d00facc931b
figure,结果图片/panel_metric_rel_true.png,figures/final_panels/panel_metric_rel_true.png,1463027,eaf62e14af2ab9a70ce37003acff378b5c2b91f05d76e92ec26bf22181c96388
figure,结果图片/panel_original_data_rel_clean.png,figures/final_panels/panel_original_data_rel_clean.png,1342652,733e91b00a2d1349dd5d44ca0204d361b85f54139e655fd156c6e87f394b0f83
figure,结果图片/panel_original_data_rel_true.png,figures/final_panels/panel_original_data_rel_true.png,1269101,eb2775b464ef275db9a37fc4ffaa3de116827f0e136b43c4d56ad61c667e8181
figure,结果图片/panel_post_laplace_decrease_rel_clean.png,figures/final_panels/panel_post_laplace_decrease_rel_clean.png,689680,f38f66f73f479647b0bea72579e46152933ec9f3744c29bbbbfd585d826b0bd7
figure,结果图片/panel_post_laplace_decrease_rel_true.png,figures/final_panels/panel_post_laplace_decrease_rel_true.png,1467720,a6e058ce0344ec02efd929312a83d8421f9f8f23d20a03dc4cc89eecf01eac73
figure,结果图片/panel_post_laplace_increase_rel_clean.png,figures/final_panels/panel_post_laplace_increase_rel_clean.png,690231,1cfcd28fc8b59804e9ba74f2e7c27f5019b119fd051afdb221e305210e26f7e1
figure,结果图片/panel_post_laplace_increase_rel_true.png,figures/final_panels/panel_post_laplace_increase_rel_true.png,1486493,6f9d8630bdd35f4279d834372046d758244170061f0355fb91915753422aea09
figure,结果图片/panel_post_laplace_rel_clean.png,figures/final_panels/panel_post_laplace_rel_clean.png,1531974,fb351f1282245a708f5ebe111758ece2dcadb22f65099a3a8ead7436d5d470df
figure,结果图片/panel_post_laplace_rel_true.png,figures/final_panels/panel_post_laplace_rel_true.png,1711657,a7cf1139f557ee2e991aa58e7798cc61a897f38cc4bd56d84981938b0d20ac6b
figure,结果图片/panel_post_rr_rel_clean.png,figures/final_panels/panel_post_rr_rel_clean.png,1388863,765fe769b9fb4799e4ba7e24b6b67fdd15cb6ff4771f335cad125c5eb338338c
figure,结果图片/panel_post_rr_rel_true.png,figures/final_panels/panel_post_rr_rel_true.png,1405220,ed9ff547ab49790a040228a1c07743291524defdba16088879a2a241134d8210
raw_result_csv,全部实验数据/25robust/Gplus_n10000_TDPVC_results.csv,data/raw_results/tdp_vc_2025/gplus_n10000_tdpvc_results.csv,332072,d665d115e4a64b3436c305831e3d23ccc6d006182989263fe6c670c0a52e39ea
raw_result_csv,全部实验数据/25robust/IMDB_n10000_TDPVC_results.csv,data/raw_results/tdp_vc_2025/imdb_n10000_tdpvc_results.csv,316901,d100cd7bfe285ee73c9db025afd096a69014db71aee06f5221c330fa0cf23393
raw_result_csv,全部实验数据/DDP/Gplus_n10000_DDP_Phase2_Robust.csv,data/raw_results/ddp/gplus_n10000_ddp_phase2_robust.csv,494489,4ca4b0d87a72e1593e57faad09d836652246cac90791171a8cc4bda69a3a78fd
raw_result_csv,全部实验数据/DDP/IMDB_n10000_DDP_Phase2_Robust.csv,data/raw_results/ddp/imdb_n10000_ddp_phase2_robust.csv,461706,2cf1c2b73a5c8e52e6428cacafe1a73275cba933125193b0e74222197c284383
raw_result_csv,全部实验数据/results_anomaly_defense/Gplus_DDP_lap_local_inc_defense.csv,data/raw_results/defense/gplus_ddp_lap_local_inc_defense.csv,5367,05a712c8c6b01518d431081eec9d6ff4e13bc64b2e5df50f77d8f3463872d752
raw_result_csv,全部实验数据/results_anomaly_defense/Gplus_DDP_lap_scale_inc_defense.csv,data/raw_results/defense/gplus_ddp_lap_scale_inc_defense.csv,4906,4f628cbcf12852359e9998c1bb208c5371ab4ab657012cbf52cb627dbc50144b
raw_result_csv,全部实验数据/results_anomaly_defense/Gplus_EdgeOrient_rr_inc_defense.csv,data/raw_results/defense/gplus_edgeorient_rr_inc_defense.csv,5404,df966b6fc61be8fd53cbed13da8ced18dfe5162d869099940e43edf11bfab81b
raw_result_csv,全部实验数据/results_anomaly_defense/Gplus_GenShuffleDP_rr_inc_defense.csv,data/raw_results/defense/gplus_genshuffledp_rr_inc_defense.csv,5404,b3b36b2b13b67182e139a0af8f30bf5615ed5e0cac4e3140d57fe557b9b23260
raw_result_csv,全部实验数据/results_anomaly_defense/Gplus_LDP2022_ARROneNS_orig_inc_defense.csv,data/raw_results/defense/gplus_ldp2022_arronens_orig_inc_defense.csv,5460,52ff80549b8b7789e8dbac5a0d6c9976573a7b1931d39b7f131602bfe185e245
raw_result_csv,全部实验数据/results_anomaly_defense/Gplus_PRIVET_lap_local_inc_defense.csv,data/raw_results/defense/gplus_privet_lap_local_inc_defense.csv,5412,cc87cca1a867e4db068f5dff7fcbf39434249be875aa397920d09f78f434ede7
raw_result_csv,全部实验数据/results_anomaly_defense/Gplus_PRIVET_lap_scale_inc_defense.csv,data/raw_results/defense/gplus_privet_lap_scale_inc_defense.csv,4951,271d034070d544e099f912a9bc352d69e957e12ac961a462f1c7b0c32061fece
raw_result_csv,全部实验数据/results_anomaly_defense/Gplus_TDPVC_rr_inc_defense.csv,data/raw_results/defense/gplus_tdpvc_rr_inc_defense.csv,5344,e500f3c9f2779061517a17ec95df7541398c72e2b76eb84f0f7908f0b1bf4750
raw_result_csv,"全部实验数据/vldb/Gplus/(13%,1)EdgeOrientDelta_original_decrease_results.csv",data/raw_results/edge_orient_vldb/gplus/13pct_1edgeorientdelta_original_decrease_results.csv,6902,028145009436211197bea4cd4080dba3d2866fe78eeca33874ec1ea660a15396
raw_result_csv,"全部实验数据/vldb/Gplus/(13%,1)EdgeOrientDelta_original_increase_results.csv",data/raw_results/edge_orient_vldb/gplus/13pct_1edgeorientdelta_original_increase_results.csv,7052,4679a97e91e10d9594a141c274ca9e17192ec37466e8585819398b2dda034d52
raw_result_csv,"全部实验数据/vldb/Gplus/(15%,1)EdgeOrientDelta_original_decrease_results.csv",data/raw_results/edge_orient_vldb/gplus/15pct_1edgeorientdelta_original_decrease_results.csv,6904,aa8b70ea03681082f0c3aa60cc140c9bc1d0ff62505c455be9d408cdb2fde543
raw_result_csv,"全部实验数据/vldb/Gplus/(15%,1)EdgeOrientDelta_original_increase_results.csv",data/raw_results/edge_orient_vldb/gplus/15pct_1edgeorientdelta_original_increase_results.csv,7082,f87364b44406864796237094409808f841faaad9fc87f5c72b94655c6ecb2aad
raw_result_csv,"全部实验数据/vldb/Gplus/(18%,1)EdgeOrientDelta_original_decrease_results.csv",data/raw_results/edge_orient_vldb/gplus/18pct_1edgeorientdelta_original_decrease_results.csv,6908,c605bcffc0f6618d215f14d6cbfc0ea7e34ef3ee0d71beb1faa05a74f4e55caa
raw_result_csv,"全部实验数据/vldb/Gplus/(18%,1)EdgeOrientDelta_original_increase_results.csv",data/raw_results/edge_orient_vldb/gplus/18pct_1edgeorientdelta_original_increase_results.csv,7132,d36587a67e5f1d64ec662827012afcc2f01f50d519476470400d81294c7e4647
raw_result_csv,"全部实验数据/vldb/Gplus/(20%,1)EdgeOrientDelta_original_decrease_results.csv",data/raw_results/edge_orient_vldb/gplus/20pct_1edgeorientdelta_original_decrease_results.csv,6906,d5efa865f767533332199ff51460da3dd29b0d8ac94a613a509e1f6a09b50d9a
raw_result_csv,"全部实验数据/vldb/Gplus/(20%,1)EdgeOrientDelta_original_increase_results.csv",data/raw_results/edge_orient_vldb/gplus/20pct_1edgeorientdelta_original_increase_results.csv,7160,9d6dd0d25af3b6a38337fdf70059a633582491513645ee30b10c6bbc13305a14
raw_result_csv,"全部实验数据/vldb/Gplus/(3%,1)EdgeOrientDelta_original_decrease_results.csv",data/raw_results/edge_orient_vldb/gplus/3pct_1edgeorientdelta_original_decrease_results.csv,6848,26cd7a0886bf3f390376f07be1a92cdd4b98d7277f0ecaed35a27baa2af14f70
raw_result_csv,"全部实验数据/vldb/Gplus/(3%,1)EdgeOrientDelta_original_increase_results.csv",data/raw_results/edge_orient_vldb/gplus/3pct_1edgeorientdelta_original_increase_results.csv,6894,6a6503c2eb6540d2662ba3f5cd7c52ed5dd1f94041c162150b0495e28579c274
raw_result_csv,"全部实验数据/vldb/Gplus/(5%,1)EdgeOrientDelta_original_decrease_results.csv",data/raw_results/edge_orient_vldb/gplus/5pct_1edgeorientdelta_original_decrease_results.csv,6883,3afb36ab7611f00a8be6ba23255ec9cf2cae5b1578cf438aafc61e83745472be
raw_result_csv,"全部实验数据/vldb/Gplus/(5%,1)EdgeOrientDelta_original_increase_results.csv",data/raw_results/edge_orient_vldb/gplus/5pct_1edgeorientdelta_original_increase_results.csv,6939,7e63967b9f793606bbf3c26de6dc1c21c5141fe8768c97fd22f0e107e6c3c219
raw_result_csv,"全部实验数据/vldb/Gplus/(8%,1)EdgeOrientDelta_original_decrease_results.csv",data/raw_results/edge_orient_vldb/gplus/8pct_1edgeorientdelta_original_decrease_results.csv,6868,3876fad1c8e7ea3bc0e353b9077246dd97a48ee00d40ec7cec5b6d335c647bdb
raw_result_csv,"全部实验数据/vldb/Gplus/(8%,1)EdgeOrientDelta_original_increase_results.csv",data/raw_results/edge_orient_vldb/gplus/8pct_1edgeorientdelta_original_increase_results.csv,6981,cddf7d5c2e2e393445ba8b196920387952beb7e3f9d41e7e20ce65a4845b0264
raw_result_csv,全部实验数据/vldb/Gplus/EdgeOrientDelta_LaplaceAttack_decrease_fixed_n10000_eps0.5_1.0_2.0_p0.025_0.275_0.15_prob1.0_val1.csv,data/raw_results/edge_orient_vldb/gplus/edgeorientdelta_laplaceattack_decrease_fixed_n10000_eps0p5_1p0_2p0_p0p025_0p275_0p15_prob1p0_val1.csv,17984,2f821a6eb20786d70af5467656d90ac613aa2e5f475a9ac7ce13ce884f7c7d77
raw_result_csv,全部实验数据/vldb/Gplus/EdgeOrientDelta_LaplaceAttack_decrease_fixed_n10000_eps0.5_1.0_2.0_p0.05_0.10_0.20_prob1.0_val1.csv,data/raw_results/edge_orient_vldb/gplus/edgeorientdelta_laplaceattack_decrease_fixed_n10000_eps0p5_1p0_2p0_p0p05_0p10_0p20_prob1p0_val1.csv,17954,30b02b6bc4f4aac24c3fa314c769eee0346638897285084d84a0ac8fcf4f6560
raw_result_csv,全部实验数据/vldb/Gplus/EdgeOrientDelta_LaplaceAttack_decrease_fixed_n10000_eps0.5_1.0_2.0_p0.125_0.075_0.175_prob1.0_val1.csv,data/raw_results/edge_orient_vldb/gplus/edgeorientdelta_laplaceattack_decrease_fixed_n10000_eps0p5_1p0_2p0_p0p125_0p075_0p175_prob1p0_val1.csv,17976,174fdd2611bc4285b4fdc042bd4936b0d69e9a889549d179a5952e039acb9ca0
raw_result_csv,全部实验数据/vldb/Gplus/EdgeOrientDelta_LaplaceAttack_decrease_local_n10000_eps0.5_1.0_2.0_p0.025_0.275_0.15_prob1.0_val1.csv,data/raw_results/edge_orient_vldb/gplus/edgeorientdelta_laplaceattack_decrease_local_n10000_eps0p5_1p0_2p0_p0p025_0p275_0p15_prob1p0_val1.csv,18395,71e56b076d7e86c14c35580a9999dc310bcb75bac11b445e87a2e3d43c4d78a3
raw_result_csv,全部实验数据/vldb/Gplus/EdgeOrientDelta_LaplaceAttack_decrease_local_n10000_eps0.5_1.0_2.0_p0.05_0.10_0.20_prob1.0_val1.csv,data/raw_results/edge_orient_vldb/gplus/edgeorientdelta_laplaceattack_decrease_local_n10000_eps0p5_1p0_2p0_p0p05_0p10_0p20_prob1p0_val1.csv,18341,5771042fdabf388a619f0f60be18c81936e34fce3cedc9d80851460d92b40659
raw_result_csv,全部实验数据/vldb/Gplus/EdgeOrientDelta_LaplaceAttack_decrease_local_n10000_eps0.5_1.0_2.0_p0.125_0.075_0.175_prob1.0_val1.csv,data/raw_results/edge_orient_vldb/gplus/edgeorientdelta_laplaceattack_decrease_local_n10000_eps0p5_1p0_2p0_p0p125_0p075_0p175_prob1p0_val1.csv,18413,998fcd87b394a900dcc68c82a9c4b4a0379e20faeb8896b82ad944bf30e052b3
raw_result_csv,全部实验数据/vldb/Gplus/EdgeOrientDelta_LaplaceAttack_decrease_scale_n10000_eps0.5_1.0_2.0_p0.025_0.275_0.15_prob1.0_val1.csv,data/raw_results/edge_orient_vldb/gplus/edgeorientdelta_laplaceattack_decrease_scale_n10000_eps0p5_1p0_2p0_p0p025_0p275_0p15_prob1p0_val1.csv,18316,6d7f452bcdfcd514022e8d2139539877bccf95d1edd5827bd3e9ef9f3c5efbad
raw_result_csv,全部实验数据/vldb/Gplus/EdgeOrientDelta_LaplaceAttack_decrease_scale_n10000_eps0.5_1.0_2.0_p0.05_0.10_0.20_prob1.0_val1.csv,data/raw_results/edge_orient_vldb/gplus/edgeorientdelta_laplaceattack_decrease_scale_n10000_eps0p5_1p0_2p0_p0p05_0p10_0p20_prob1p0_val1.csv,18294,910d423b29f52df1ded51a93a997f4741d16530f10b4738d2a362f2e7d132f7c
raw_result_csv,全部实验数据/vldb/Gplus/EdgeOrientDelta_LaplaceAttack_decrease_scale_n10000_eps0.5_1.0_2.0_p0.125_0.075_0.175_prob1.0_val1.csv,data/raw_results/edge_orient_vldb/gplus/edgeorientdelta_laplaceattack_decrease_scale_n10000_eps0p5_1p0_2p0_p0p125_0p075_0p175_prob1p0_val1.csv,18337,4ce2406554215bcb81357c4950c72339cd6915acce47c3981df1fb62d482b41f
raw_result_csv,全部实验数据/vldb/Gplus/EdgeOrientDelta_LaplaceAttack_increase_fixed_n10000_eps0.5_1.0_2.0_p0.025_0.275_0.15_prob1.0_val1.csv,data/raw_results/edge_orient_vldb/gplus/edgeorientdelta_laplaceattack_increase_fixed_n10000_eps0p5_1p0_2p0_p0p025_0p275_0p15_prob1p0_val1.csv,17939,fa41047cd797697ed8132730235c622814d0e5145d04728d46587f7b8f92f1bf
raw_result_csv,全部实验数据/vldb/Gplus/EdgeOrientDelta_LaplaceAttack_increase_fixed_n10000_eps0.5_1.0_2.0_p0.05_0.10_0.20_prob1.0_val1.csv,data/raw_results/edge_orient_vldb/gplus/edgeorientdelta_laplaceattack_increase_fixed_n10000_eps0p5_1p0_2p0_p0p05_0p10_0p20_prob1p0_val1.csv,17909,887b999132b3ca35f503b7496e85c9c55cccef0c46851e1225f8593b6d9ea6e8
raw_result_csv,全部实验数据/vldb/Gplus/EdgeOrientDelta_LaplaceAttack_increase_fixed_n10000_eps0.5_1.0_2.0_p0.125_0.075_0.175_prob1.0_val1.csv,data/raw_results/edge_orient_vldb/gplus/edgeorientdelta_laplaceattack_increase_fixed_n10000_eps0p5_1p0_2p0_p0p125_0p075_0p175_prob1p0_val1.csv,17930,ace54da4b7e8cc8d6764d8ef7869d2bb5486dc2aba20ed31c25fa5ec87045808
raw_result_csv,全部实验数据/vldb/Gplus/EdgeOrientDelta_LaplaceAttack_increase_local_n10000_eps0.5_1.0_2.0_p0.025_0.275_0.15_prob1.0_val1.csv,data/raw_results/edge_orient_vldb/gplus/edgeorientdelta_laplaceattack_increase_local_n10000_eps0p5_1p0_2p0_p0p025_0p275_0p15_prob1p0_val1.csv,18366,6678e079cac0088d9f49b60a887b57e32679b5a2a87b3c0a6fba33a1cb8513e6
raw_result_csv,全部实验数据/vldb/Gplus/EdgeOrientDelta_LaplaceAttack_increase_local_n10000_eps0.5_1.0_2.0_p0.05_0.10_0.20_prob1.0_val1.csv,data/raw_results/edge_orient_vldb/gplus/edgeorientdelta_laplaceattack_increase_local_n10000_eps0p5_1p0_2p0_p0p05_0p10_0p20_prob1p0_val1.csv,18295,9d28baecf52e1241d2708758ee2f4afb2f9a0f2351786d13a845e1fa93e3c66e
raw_result_csv,全部实验数据/vldb/Gplus/EdgeOrientDelta_LaplaceAttack_increase_local_n10000_eps0.5_1.0_2.0_p0.125_0.075_0.175_prob1.0_val1.csv,data/raw_results/edge_orient_vldb/gplus/edgeorientdelta_laplaceattack_increase_local_n10000_eps0p5_1p0_2p0_p0p125_0p075_0p175_prob1p0_val1.csv,18367,94ee3d755c6661a2188ffc89d647d4aff1c709ec3b7d75ba4e88732da8ba02c9
raw_result_csv,全部实验数据/vldb/Gplus/EdgeOrientDelta_LaplaceAttack_increase_scale_n10000_eps0.5_1.0_2.0_p0.025_0.275_0.15_prob1.0_val1.csv,data/raw_results/edge_orient_vldb/gplus/edgeorientdelta_laplaceattack_increase_scale_n10000_eps0p5_1p0_2p0_p0p025_0p275_0p15_prob1p0_val1.csv,18272,f8e02fcf95815b87cb7505fa0e36db6cfb96e94f19549c91c51d3a0dadce4eab
raw_result_csv,全部实验数据/vldb/Gplus/EdgeOrientDelta_LaplaceAttack_increase_scale_n10000_eps0.5_1.0_2.0_p0.05_0.10_0.20_prob1.0_val1.csv,data/raw_results/edge_orient_vldb/gplus/edgeorientdelta_laplaceattack_increase_scale_n10000_eps0p5_1p0_2p0_p0p05_0p10_0p20_prob1p0_val1.csv,18249,5c403e1b5edf4e1d1f1443ed7c535658a87ee41b3bbcdea6074ca9c3efde52b5
raw_result_csv,全部实验数据/vldb/Gplus/EdgeOrientDelta_LaplaceAttack_increase_scale_n10000_eps0.5_1.0_2.0_p0.125_0.075_0.175_prob1.0_val1.csv,data/raw_results/edge_orient_vldb/gplus/edgeorientdelta_laplaceattack_increase_scale_n10000_eps0p5_1p0_2p0_p0p125_0p075_0p175_prob1p0_val1.csv,18292,f3c65b8169ca8ea67a3e3d4ed7e0be0d4c92cb6d371828f4c31bf93193fa28d1
raw_result_csv,"全部实验数据/vldb/IMDB/(13%,1)EdgeOrientDelta_original_decrease_results.csv",data/raw_results/edge_orient_vldb/imdb/13pct_1edgeorientdelta_original_decrease_results.csv,6636,a290ca7b4ae06b976e3eb202ed780bb3f5e7829d2e9349b993dad9b96f83f74e
raw_result_csv,"全部实验数据/vldb/IMDB/(13%,1)EdgeOrientDelta_original_increase_results.csv",data/raw_results/edge_orient_vldb/imdb/13pct_1edgeorientdelta_original_increase_results.csv,6988,00fb866c2206dbe7b96eddd6815eb97483c2810cd72a2ecd4889a7bc36887cb9
raw_result_csv,"全部实验数据/vldb/IMDB/(15%,1)EdgeOrientDelta_original_decrease_results.csv",data/raw_results/edge_orient_vldb/imdb/15pct_1edgeorientdelta_original_decrease_results.csv,6636,8305929d33f3f98b8364e75a7a2baef8aff2e4b6591f564561e87a19daa26c7d
raw_result_csv,"全部实验数据/vldb/IMDB/(15%,1)EdgeOrientDelta_original_increase_results.csv",data/raw_results/edge_orient_vldb/imdb/15pct_1edgeorientdelta_original_increase_results.csv,7022,3175fc03b650da897242cd2bfe77eb6699860022b425d4aa9e1bb46ff8bbfbc8
raw_result_csv,"全部实验数据/vldb/IMDB/(18%,1)EdgeOrientDelta_original_decrease_results.csv",data/raw_results/edge_orient_vldb/imdb/18pct_1edgeorientdelta_original_decrease_results.csv,6635,f12ba08da9a6121431638f998ea7373cb8a2c1df4bee833e25f1ddf64e236b1a
raw_result_csv,"全部实验数据/vldb/IMDB/(18%,1)EdgeOrientDelta_original_increase_results.csv",data/raw_results/edge_orient_vldb/imdb/18pct_1edgeorientdelta_original_increase_results.csv,7082,a23ed00fa187667a057728e89b5bd145a7c33712b057c78a2c83e42f54f4e4fb
raw_result_csv,"全部实验数据/vldb/IMDB/(20%,1)EdgeOrientDelta_original_decrease_results.csv",data/raw_results/edge_orient_vldb/imdb/20pct_1edgeorientdelta_original_decrease_results.csv,6634,0e947a4cdc84db8b1ae11a7925a6a1dd998436e6fee0e2b18fde3f4b0633e14a
raw_result_csv,"全部实验数据/vldb/IMDB/(20%,1)EdgeOrientDelta_original_increase_results.csv",data/raw_results/edge_orient_vldb/imdb/20pct_1edgeorientdelta_original_increase_results.csv,7116,6febe057037d9c404c424fce4d5b5b349ba721d6b946d33f7035857a6d7730b4
raw_result_csv,"全部实验数据/vldb/IMDB/(3%,1)EdgeOrientDelta_original_decrease_results.csv",data/raw_results/edge_orient_vldb/imdb/3pct_1edgeorientdelta_original_decrease_results.csv,6591,baca40f7057e830d0cc62cef70296a4d93e5d3ea9a41081b2b17eec12dfa76af
raw_result_csv,"全部实验数据/vldb/IMDB/(3%,1)EdgeOrientDelta_original_increase_results.csv",data/raw_results/edge_orient_vldb/imdb/3pct_1edgeorientdelta_original_increase_results.csv,6785,ae9580907a95c7363f0aa9fb1ade4841fc34e156b5f72f77db2fd088b9d10cce
raw_result_csv,"全部实验数据/vldb/IMDB/(5%,1)EdgeOrientDelta_original_decrease_results.csv",data/raw_results/edge_orient_vldb/imdb/5pct_1edgeorientdelta_original_decrease_results.csv,6606,a60ac8fff14c519cca92d465c0e1a94eb655a1d02c9c5a36453833bc47027943
raw_result_csv,"全部实验数据/vldb/IMDB/(5%,1)EdgeOrientDelta_original_increase_results.csv",data/raw_results/edge_orient_vldb/imdb/5pct_1edgeorientdelta_original_increase_results.csv,6877,06f758db999fdb0ac587e9453caedf3d20b65409c338ea9bc826fe9c3f3f6859
raw_result_csv,"全部实验数据/vldb/IMDB/(8%,1)EdgeOrientDelta_original_decrease_results.csv",data/raw_results/edge_orient_vldb/imdb/8pct_1edgeorientdelta_original_decrease_results.csv,6606,30ddde93c6ee3ad1b4c22c59ded29483889d293d0a1059699da04dd8c540cfd2
raw_result_csv,"全部实验数据/vldb/IMDB/(8%,1)EdgeOrientDelta_original_increase_results.csv",data/raw_results/edge_orient_vldb/imdb/8pct_1edgeorientdelta_original_increase_results.csv,6897,c1276409305b448341848fe6071bfd2aab118b3e1d225d71a804072234fe2529
raw_result_csv,全部实验数据/vldb/IMDB/EdgeOrientDelta_LaplaceAttack_decrease_fixed_n10000_eps0.5_1.0_2.0_p0.025_0.275_0.15_prob1.0_val1.csv,data/raw_results/edge_orient_vldb/imdb/edgeorientdelta_laplaceattack_decrease_fixed_n10000_eps0p5_1p0_2p0_p0p025_0p275_0p15_prob1p0_val1.csv,17250,be9964ca6021ded6458c03ee074d6b0af68da67d5ba3d7bf7f71c9ad231355a6
raw_result_csv,全部实验数据/vldb/IMDB/EdgeOrientDelta_LaplaceAttack_decrease_fixed_n10000_eps0.5_1.0_2.0_p0.05_0.10_0.20_prob1.0_val1.csv,data/raw_results/edge_orient_vldb/imdb/edgeorientdelta_laplaceattack_decrease_fixed_n10000_eps0p5_1p0_2p0_p0p05_0p10_0p20_prob1p0_val1.csv,17316,5ef848c8e314c68c74db635e6ad30c51c70aa3e32b226c61c5721ae6f08b1adc
raw_result_csv,全部实验数据/vldb/IMDB/EdgeOrientDelta_LaplaceAttack_decrease_fixed_n10000_eps0.5_1.0_2.0_p0.125_0.075_0.175_prob1.0_val1.csv,data/raw_results/edge_orient_vldb/imdb/edgeorientdelta_laplaceattack_decrease_fixed_n10000_eps0p5_1p0_2p0_p0p125_0p075_0p175_prob1p0_val1.csv,17285,6a2ca6cf5d38440dbe862ec520227b5f4b38d346d87d9b0b4d44609d38d28150
raw_result_csv,全部实验数据/vldb/IMDB/EdgeOrientDelta_LaplaceAttack_decrease_local_n10000_eps0.5_1.0_2.0_p0.025_0.275_0.15_prob1.0_val1.csv,data/raw_results/edge_orient_vldb/imdb/edgeorientdelta_laplaceattack_decrease_local_n10000_eps0p5_1p0_2p0_p0p025_0p275_0p15_prob1p0_val1.csv,17356,922915f8aa302a44c2fd45c4cf20c7fe34c0b16d835111bb5d4cce664415fb19
raw_result_csv,全部实验数据/vldb/IMDB/EdgeOrientDelta_LaplaceAttack_decrease_local_n10000_eps0.5_1.0_2.0_p0.05_0.10_0.20_prob1.0_val1.csv,data/raw_results/edge_orient_vldb/imdb/edgeorientdelta_laplaceattack_decrease_local_n10000_eps0p5_1p0_2p0_p0p05_0p10_0p20_prob1p0_val1.csv,17413,ce19ad275160c35c5d9a46c9414256268295d689c1cb4865a4ff9d6857768f9f
raw_result_csv,全部实验数据/vldb/IMDB/EdgeOrientDelta_LaplaceAttack_decrease_local_n10000_eps0.5_1.0_2.0_p0.125_0.075_0.175_prob1.0_val1.csv,data/raw_results/edge_orient_vldb/imdb/edgeorientdelta_laplaceattack_decrease_local_n10000_eps0p5_1p0_2p0_p0p125_0p075_0p175_prob1p0_val1.csv,17396,2909f899ebdd5fd4b3aa4cdd65896ba23df7c85cbd9ce3e8b322e8b3df7a5f0a
raw_result_csv,全部实验数据/vldb/IMDB/EdgeOrientDelta_LaplaceAttack_decrease_scale_n10000_eps0.5_1.0_2.0_p0.025_0.275_0.15_prob1.0_val1.csv,data/raw_results/edge_orient_vldb/imdb/edgeorientdelta_laplaceattack_decrease_scale_n10000_eps0p5_1p0_2p0_p0p025_0p275_0p15_prob1p0_val1.csv,17673,d670606ed4082393de2604cffd59edbd67a2566f4073325b3e83f7885d687f4a
raw_result_csv,全部实验数据/vldb/IMDB/EdgeOrientDelta_LaplaceAttack_decrease_scale_n10000_eps0.5_1.0_2.0_p0.05_0.10_0.20_prob1.0_val1.csv,data/raw_results/edge_orient_vldb/imdb/edgeorientdelta_laplaceattack_decrease_scale_n10000_eps0p5_1p0_2p0_p0p05_0p10_0p20_prob1p0_val1.csv,17678,7b57c1ccf8660f6869281dadccbcc5614f1c87db2b51510115d85801692ad3c5
raw_result_csv,全部实验数据/vldb/IMDB/EdgeOrientDelta_LaplaceAttack_decrease_scale_n10000_eps0.5_1.0_2.0_p0.125_0.075_0.175_prob1.0_val1.csv,data/raw_results/edge_orient_vldb/imdb/edgeorientdelta_laplaceattack_decrease_scale_n10000_eps0p5_1p0_2p0_p0p125_0p075_0p175_prob1p0_val1.csv,17653,d80e07ad4490f35c4d1d59eeb10d2d374a07ff27453811f6bc274a1f6a2c21b8
raw_result_csv,全部实验数据/vldb/IMDB/EdgeOrientDelta_LaplaceAttack_increase_fixed_n10000_eps0.5_1.0_2.0_p0.025_0.275_0.15_prob1.0_val1.csv,data/raw_results/edge_orient_vldb/imdb/edgeorientdelta_laplaceattack_increase_fixed_n10000_eps0p5_1p0_2p0_p0p025_0p275_0p15_prob1p0_val1.csv,17254,b157b4aaf1deb223bbb6543ee9d4bf1a87f157a539ec474fecd847a1aadb7f43
raw_result_csv,全部实验数据/vldb/IMDB/EdgeOrientDelta_LaplaceAttack_increase_fixed_n10000_eps0.5_1.0_2.0_p0.05_0.10_0.20_prob1.0_val1.csv,data/raw_results/edge_orient_vldb/imdb/edgeorientdelta_laplaceattack_increase_fixed_n10000_eps0p5_1p0_2p0_p0p05_0p10_0p20_prob1p0_val1.csv,17269,0aee20125d6b91d256c11e6758b55fa210cfac366bfd079246363bc60eeb6d97
raw_result_csv,全部实验数据/vldb/IMDB/EdgeOrientDelta_LaplaceAttack_increase_fixed_n10000_eps0.5_1.0_2.0_p0.125_0.075_0.175_prob1.0_val1.csv,data/raw_results/edge_orient_vldb/imdb/edgeorientdelta_laplaceattack_increase_fixed_n10000_eps0p5_1p0_2p0_p0p125_0p075_0p175_prob1p0_val1.csv,17240,5df096dfc08e5857ab54b819b44369e23a9feb79f50777bf22a95eb2210a0dfe
raw_result_csv,全部实验数据/vldb/IMDB/EdgeOrientDelta_LaplaceAttack_increase_local_n10000_eps0.5_1.0_2.0_p0.025_0.275_0.15_prob1.0_val1.csv,data/raw_results/edge_orient_vldb/imdb/edgeorientdelta_laplaceattack_increase_local_n10000_eps0p5_1p0_2p0_p0p025_0p275_0p15_prob1p0_val1.csv,17312,90e153fe5a7676b66a16f9a2ef36666f6ee09dd2b022b8992f7a65ea9be6bfc6
raw_result_csv,全部实验数据/vldb/IMDB/EdgeOrientDelta_LaplaceAttack_increase_local_n10000_eps0.5_1.0_2.0_p0.05_0.10_0.20_prob1.0_val1.csv,data/raw_results/edge_orient_vldb/imdb/edgeorientdelta_laplaceattack_increase_local_n10000_eps0p5_1p0_2p0_p0p05_0p10_0p20_prob1p0_val1.csv,17365,3f12618b980c17f9b3001af788c2568ae9f0b05d8d608e2f8d4d9286cbcf7828
raw_result_csv,全部实验数据/vldb/IMDB/EdgeOrientDelta_LaplaceAttack_increase_local_n10000_eps0.5_1.0_2.0_p0.125_0.075_0.175_prob1.0_val1.csv,data/raw_results/edge_orient_vldb/imdb/edgeorientdelta_laplaceattack_increase_local_n10000_eps0p5_1p0_2p0_p0p125_0p075_0p175_prob1p0_val1.csv,17343,b3954067b0072fa8dc3b0401c109476b9a05bf7ad7c1bdb4d424193712b2b1dc
raw_result_csv,全部实验数据/vldb/IMDB/EdgeOrientDelta_LaplaceAttack_increase_scale_n10000_eps0.5_1.0_2.0_p0.025_0.275_0.15_prob1.0_val1.csv,data/raw_results/edge_orient_vldb/imdb/edgeorientdelta_laplaceattack_increase_scale_n10000_eps0p5_1p0_2p0_p0p025_0p275_0p15_prob1p0_val1.csv,17590,036b1f55395bd88b06c6879ec162218b063fb15813b2d744dacef5f892b81e4f
raw_result_csv,全部实验数据/vldb/IMDB/EdgeOrientDelta_LaplaceAttack_increase_scale_n10000_eps0.5_1.0_2.0_p0.05_0.10_0.20_prob1.0_val1.csv,data/raw_results/edge_orient_vldb/imdb/edgeorientdelta_laplaceattack_increase_scale_n10000_eps0p5_1p0_2p0_p0p05_0p10_0p20_prob1p0_val1.csv,17593,20f52487429b21fa0af9581ed87b353203fe4d91412fd8659f2a26afeb251496
raw_result_csv,全部实验数据/vldb/IMDB/EdgeOrientDelta_LaplaceAttack_increase_scale_n10000_eps0.5_1.0_2.0_p0.125_0.075_0.175_prob1.0_val1.csv,data/raw_results/edge_orient_vldb/imdb/edgeorientdelta_laplaceattack_increase_scale_n10000_eps0p5_1p0_2p0_p0p125_0p075_0p175_prob1p0_val1.csv,17613,a18d0ca931464115f5bf2ef566285019f838241c1d88d5d33fe0095466cadbea
raw_result_csv,全部实验数据/vldb/results_edgeorient_rr_strict/Gplus_EdgeOrient_RR_clean.csv,data/raw_results/edge_orient_vldb/results_edgeorient_rr_strict/gplus_edgeorient_rr_clean.csv,5095,c38b06f49e978cdba5d61ef791fe7b9e018352d7e44fdc16db36af06903cca61
raw_result_csv,全部实验数据/vldb/results_edgeorient_rr_strict/Gplus_EdgeOrient_RR_decrease.csv,data/raw_results/edge_orient_vldb/results_edgeorient_rr_strict/gplus_edgeorient_rr_decrease.csv,40549,46f68ceadb698060eb6ce9f2dea020a7b8f5dd05dfdce76bd25dba1390504aad
raw_result_csv,全部实验数据/vldb/results_edgeorient_rr_strict/Gplus_EdgeOrient_RR_increase.csv,data/raw_results/edge_orient_vldb/results_edgeorient_rr_strict/gplus_edgeorient_rr_increase.csv,40557,4dede33eec5988f72e07fc54deb6152804b08e7a27876443e568b8aba55ed9a6
raw_result_csv,全部实验数据/vldb/results_edgeorient_rr_strict/IMDB_EdgeOrient_RR_clean.csv,data/raw_results/edge_orient_vldb/results_edgeorient_rr_strict/imdb_edgeorient_rr_clean.csv,4956,f6a12fa6d9d986fbf778059e73487564e1d8f3692c0bfab25e33639462c67b06
raw_result_csv,全部实验数据/vldb/results_edgeorient_rr_strict/IMDB_EdgeOrient_RR_decrease.csv,data/raw_results/edge_orient_vldb/results_edgeorient_rr_strict/imdb_edgeorient_rr_decrease.csv,39615,08904f226eb5c01a93e810074dcff0333ef9bdd716fc214470b63d04bc66f428
raw_result_csv,全部实验数据/vldb/results_edgeorient_rr_strict/IMDB_EdgeOrient_RR_increase.csv,data/raw_results/edge_orient_vldb/results_edgeorient_rr_strict/imdb_edgeorient_rr_increase.csv,39610,12a24f4b901a0aaa5c86b965931dba2de798124c9ccb81d4ec65914b75dda98b
raw_result_csv,全部实验数据/shuffleDP_new/shuffleDP_IMDB/robust_strict_RR_decrease/ratio_10_res_n20000_alg2n_eps1-8_pair-1_itr20-1.csv,data/raw_results/shuffle_dp/shuffledp_imdb/robust_strict_rr_decrease/ratio_10_res_n20000_alg2n_eps1_8_pair_1_itr20_1.csv,3684,36a327b7225aa5e7a66adb64f18cfc0b3e063a0dbbe61b2dd15f73bab4020361
raw_result_csv,全部实验数据/shuffleDP_new/shuffleDP_IMDB/robust_strict_RR_decrease/ratio_10_res_n20000_alg3n_eps1-8_pair-1_itr20-1.csv,data/raw_results/shuffle_dp/shuffledp_imdb/robust_strict_rr_decrease/ratio_10_res_n20000_alg3n_eps1_8_pair_1_itr20_1.csv,3687,ba2438e54615b35bb6799301efdc1919e2b505f598943298053c803262f81a30
raw_result_csv,全部实验数据/shuffleDP_new/shuffleDP_IMDB/robust_strict_RR_decrease/ratio_10_res_n20000_alg4n_eps1-8_pair-1_itr20-1.csv,data/raw_results/shuffle_dp/shuffledp_imdb/robust_strict_rr_decrease/ratio_10_res_n20000_alg4n_eps1_8_pair_1_itr20_1.csv,3681,99b7b1e6465ce26b13ca5439a578e6f9904b3065c85dc838e15203964edfb294
raw_result_csv,全部实验数据/shuffleDP_new/shuffleDP_IMDB/robust_strict_RR_decrease/ratio_12p5_res_n20000_alg2n_eps1-8_pair-1_itr20-1.csv,data/raw_results/shuffle_dp/shuffledp_imdb/robust_strict_rr_decrease/ratio_12p5_res_n20000_alg2n_eps1_8_pair_1_itr20_1.csv,3684,e6002dda5cbe623a08606a162d17da34678436dcd0210c3a1ba64e628af0c170
raw_result_csv,全部实验数据/shuffleDP_new/shuffleDP_IMDB/robust_strict_RR_decrease/ratio_12p5_res_n20000_alg3n_eps1-8_pair-1_itr20-1.csv,data/raw_results/shuffle_dp/shuffledp_imdb/robust_strict_rr_decrease/ratio_12p5_res_n20000_alg3n_eps1_8_pair_1_itr20_1.csv,3686,8319aded53b57595126d36db8a72eb0c028e01360741f83d3b876314274bb265
raw_result_csv,全部实验数据/shuffleDP_new/shuffleDP_IMDB/robust_strict_RR_decrease/ratio_12p5_res_n20000_alg4n_eps1-8_pair-1_itr20-1.csv,data/raw_results/shuffle_dp/shuffledp_imdb/robust_strict_rr_decrease/ratio_12p5_res_n20000_alg4n_eps1_8_pair_1_itr20_1.csv,3679,3fb4e9a87d79204470026dbec0dfb2726593218154ebdba8ee3f1d8b21cb4a67
raw_result_csv,全部实验数据/shuffleDP_new/shuffleDP_IMDB/robust_strict_RR_decrease/ratio_15_res_n20000_alg2n_eps1-8_pair-1_itr20-1.csv,data/raw_results/shuffle_dp/shuffledp_imdb/robust_strict_rr_decrease/ratio_15_res_n20000_alg2n_eps1_8_pair_1_itr20_1.csv,3684,7557bd83e088eb0fe4184050da2de0d341f487b327d06bdf45607b5d6d2187db
raw_result_csv,全部实验数据/shuffleDP_new/shuffleDP_IMDB/robust_strict_RR_decrease/ratio_15_res_n20000_alg3n_eps1-8_pair-1_itr20-1.csv,data/raw_results/shuffle_dp/shuffledp_imdb/robust_strict_rr_decrease/ratio_15_res_n20000_alg3n_eps1_8_pair_1_itr20_1.csv,3686,aeabe95503e33647168ba62fa44279cc7dfdc40a0bf538b459a05463d3a84d13
raw_result_csv,全部实验数据/shuffleDP_new/shuffleDP_IMDB/robust_strict_RR_decrease/ratio_15_res_n20000_alg4n_eps1-8_pair-1_itr20-1.csv,data/raw_results/shuffle_dp/shuffledp_imdb/robust_strict_rr_decrease/ratio_15_res_n20000_alg4n_eps1_8_pair_1_itr20_1.csv,3679,074f329dd1f1c55f437b0515b702ef646bfd0a30e6df237cf0fab0b5897efcf5
raw_result_csv,全部实验数据/shuffleDP_new/shuffleDP_IMDB/robust_strict_RR_decrease/ratio_17p5_res_n20000_alg2n_eps1-8_pair-1_itr20-1.csv,data/raw_results/shuffle_dp/shuffledp_imdb/robust_strict_rr_decrease/ratio_17p5_res_n20000_alg2n_eps1_8_pair_1_itr20_1.csv,3684,ee7c0affe1ba050ab4caf64d77c717fdf6a50abf831868b619bd1131939ecd97
raw_result_csv,全部实验数据/shuffleDP_new/shuffleDP_IMDB/robust_strict_RR_decrease/ratio_17p5_res_n20000_alg3n_eps1-8_pair-1_itr20-1.csv,data/raw_results/shuffle_dp/shuffledp_imdb/robust_strict_rr_decrease/ratio_17p5_res_n20000_alg3n_eps1_8_pair_1_itr20_1.csv,3685,a28fa0570b468b9d04aeb53e10759b1059aeb1a07d602c11d6aa9b6b66ac14fc
raw_result_csv,全部实验数据/shuffleDP_new/shuffleDP_IMDB/robust_strict_RR_decrease/ratio_17p5_res_n20000_alg4n_eps1-8_pair-1_itr20-1.csv,data/raw_results/shuffle_dp/shuffledp_imdb/robust_strict_rr_decrease/ratio_17p5_res_n20000_alg4n_eps1_8_pair_1_itr20_1.csv,3678,bd992377b52845e3a459db1ff6e913acc0e7a15b213345a24c39cd8f2a9edb1e
raw_result_csv,全部实验数据/shuffleDP_new/shuffleDP_IMDB/robust_strict_RR_decrease/ratio_20_res_n20000_alg2n_eps1-8_pair-1_itr20-1.csv,data/raw_results/shuffle_dp/shuffledp_imdb/robust_strict_rr_decrease/ratio_20_res_n20000_alg2n_eps1_8_pair_1_itr20_1.csv,3684,92f519b82fbe8282cc2ea0023f3958e3c7361629a7ed0a7e19eb721d17c9353b
raw_result_csv,全部实验数据/shuffleDP_new/shuffleDP_IMDB/robust_strict_RR_decrease/ratio_20_res_n20000_alg3n_eps1-8_pair-1_itr20-1.csv,data/raw_results/shuffle_dp/shuffledp_imdb/robust_strict_rr_decrease/ratio_20_res_n20000_alg3n_eps1_8_pair_1_itr20_1.csv,3687,86392fe8de11da269f3bb8eb7569192152468fb466f2e1073ac8867d63363665
raw_result_csv,全部实验数据/shuffleDP_new/shuffleDP_IMDB/robust_strict_RR_decrease/ratio_20_res_n20000_alg4n_eps1-8_pair-1_itr20-1.csv,data/raw_results/shuffle_dp/shuffledp_imdb/robust_strict_rr_decrease/ratio_20_res_n20000_alg4n_eps1_8_pair_1_itr20_1.csv,3679,cf7c6ee6d2cd4ea5ab78bc8e96c3bf4ba21b007afce7efe990a13a2e04cf2d91
raw_result_csv,全部实验数据/shuffleDP_new/shuffleDP_IMDB/robust_strict_RR_decrease/ratio_2p5_res_n20000_alg2n_eps1-8_pair-1_itr20-1.csv,data/raw_results/shuffle_dp/shuffledp_imdb/robust_strict_rr_decrease/ratio_2p5_res_n20000_alg2n_eps1_8_pair_1_itr20_1.csv,3684,a3b8348c09d5c72a5fa5d930d6f4335869b4e299814c283df9726cdf58b553ba
raw_result_csv,全部实验数据/shuffleDP_new/shuffleDP_IMDB/robust_strict_RR_decrease/ratio_2p5_res_n20000_alg3n_eps1-8_pair-1_itr20-1.csv,data/raw_results/shuffle_dp/shuffledp_imdb/robust_strict_rr_decrease/ratio_2p5_res_n20000_alg3n_eps1_8_pair_1_itr20_1.csv,3686,2c3430b3c1e125cb665645028b449d3f5949c0f306e69c5f5e756593144f5228
raw_result_csv,全部实验数据/shuffleDP_new/shuffleDP_IMDB/robust_strict_RR_decrease/ratio_2p5_res_n20000_alg4n_eps1-8_pair-1_itr20-1.csv,data/raw_results/shuffle_dp/shuffledp_imdb/robust_strict_rr_decrease/ratio_2p5_res_n20000_alg4n_eps1_8_pair_1_itr20_1.csv,3681,90b17aa5da506abd528a6668483f95a18f6484c91301e21e210a0f6acf6c5400
raw_result_csv,全部实验数据/shuffleDP_new/shuffleDP_IMDB/robust_strict_RR_decrease/ratio_5_res_n20000_alg2n_eps1-8_pair-1_itr20-1.csv,data/raw_results/shuffle_dp/shuffledp_imdb/robust_strict_rr_decrease/ratio_5_res_n20000_alg2n_eps1_8_pair_1_itr20_1.csv,3684,68091514b953921a4fc4750fe50e7e2339f64370d5530965d88d36fecf43b2c4
raw_result_csv,全部实验数据/shuffleDP_new/shuffleDP_IMDB/robust_strict_RR_decrease/ratio_5_res_n20000_alg3n_eps1-8_pair-1_itr20-1.csv,data/raw_results/shuffle_dp/shuffledp_imdb/robust_strict_rr_decrease/ratio_5_res_n20000_alg3n_eps1_8_pair_1_itr20_1.csv,3686,42d64f605d32cfdb420ab745258b06275a150b8337b0a72b58adbb075dde06d0
raw_result_csv,全部实验数据/shuffleDP_new/shuffleDP_IMDB/robust_strict_RR_decrease/ratio_5_res_n20000_alg4n_eps1-8_pair-1_itr20-1.csv,data/raw_results/shuffle_dp/shuffledp_imdb/robust_strict_rr_decrease/ratio_5_res_n20000_alg4n_eps1_8_pair_1_itr20_1.csv,3682,fd332eaf57572ec17f615a3d44500640f6fd1d3b3289da42134f27dea5012c75
raw_result_csv,全部实验数据/shuffleDP_new/shuffleDP_IMDB/robust_strict_RR_decrease/ratio_7p5_res_n20000_alg2n_eps1-8_pair-1_itr20-1.csv,data/raw_results/shuffle_dp/shuffledp_imdb/robust_strict_rr_decrease/ratio_7p5_res_n20000_alg2n_eps1_8_pair_1_itr20_1.csv,3684,91e42f5425d95826d1576403eb399a38f6e9c261cc624f2902133d210378039a
raw_result_csv,全部实验数据/shuffleDP_new/shuffleDP_IMDB/robust_strict_RR_decrease/ratio_7p5_res_n20000_alg3n_eps1-8_pair-1_itr20-1.csv,data/raw_results/shuffle_dp/shuffledp_imdb/robust_strict_rr_decrease/ratio_7p5_res_n20000_alg3n_eps1_8_pair_1_itr20_1.csv,3686,18a946034c0c91abcf3dd6c26f528ecc4d48b36551a1b9428d47a5537024ea54
raw_result_csv,全部实验数据/shuffleDP_new/shuffleDP_IMDB/robust_strict_RR_decrease/ratio_7p5_res_n20000_alg4n_eps1-8_pair-1_itr20-1.csv,data/raw_results/shuffle_dp/shuffledp_imdb/robust_strict_rr_decrease/ratio_7p5_res_n20000_alg4n_eps1_8_pair_1_itr20_1.csv,3681,d6d1be9dbd8469f03c4dd8d4aae2165eea69bf863bdeb8e233ccb6c822d45122
raw_result_csv,全部实验数据/shuffleDP_new/shuffleDP_IMDB/robust_strict_RR_increase/ratio_10_res_n20000_alg2n_eps1-8_pair-1_itr20-1.csv,data/raw_results/shuffle_dp/shuffledp_imdb/robust_strict_rr_increase/ratio_10_res_n20000_alg2n_eps1_8_pair_1_itr20_1.csv,3683,90bec9da3595bff4a262f3f33c0b91378520dd97b25b85d6daf86dbd86418ea4
raw_result_csv,全部实验数据/shuffleDP_new/shuffleDP_IMDB/robust_strict_RR_increase/ratio_10_res_n20000_alg3n_eps1-8_pair-1_itr20-1.csv,data/raw_results/shuffle_dp/shuffledp_imdb/robust_strict_rr_increase/ratio_10_res_n20000_alg3n_eps1_8_pair_1_itr20_1.csv,3686,014266746593d0dbf737cc1b04a76c17f78afa9d2e1b2743dc1bfbe9ee68f1fa
raw_result_csv,全部实验数据/shuffleDP_new/shuffleDP_IMDB/robust_strict_RR_increase/ratio_10_res_n20000_alg4n_eps1-8_pair-1_itr20-1.csv,data/raw_results/shuffle_dp/shuffledp_imdb/robust_strict_rr_increase/ratio_10_res_n20000_alg4n_eps1_8_pair_1_itr20_1.csv,3681,29a019acedfd9a19698587b76ea6538c942fc77e4551a8ada5d8a7f9732ef675
raw_result_csv,全部实验数据/shuffleDP_new/shuffleDP_IMDB/robust_strict_RR_increase/ratio_12p5_res_n20000_alg2n_eps1-8_pair-1_itr20-1.csv,data/raw_results/shuffle_dp/shuffledp_imdb/robust_strict_rr_increase/ratio_12p5_res_n20000_alg2n_eps1_8_pair_1_itr20_1.csv,3684,8c7e53edf7dd5e8bc5d7637323c318a88891380e53c85c486b081fa6fdf205b3
raw_result_csv,全部实验数据/shuffleDP_new/shuffleDP_IMDB/robust_strict_RR_increase/ratio_12p5_res_n20000_alg3n_eps1-8_pair-1_itr20-1.csv,data/raw_results/shuffle_dp/shuffledp_imdb/robust_strict_rr_increase/ratio_12p5_res_n20000_alg3n_eps1_8_pair_1_itr20_1.csv,3686,c5391cdb5da2da67910d0997f5d3599736a21723f20e84a7645191b1ca5b920a
raw_result_csv,全部实验数据/shuffleDP_new/shuffleDP_IMDB/robust_strict_RR_increase/ratio_12p5_res_n20000_alg4n_eps1-8_pair-1_itr20-1.csv,data/raw_results/shuffle_dp/shuffledp_imdb/robust_strict_rr_increase/ratio_12p5_res_n20000_alg4n_eps1_8_pair_1_itr20_1.csv,3684,fe89b418ada9d93cac9721ab53bba87f6e59ddefe4eed3a2e65cd053094a15dc
raw_result_csv,全部实验数据/shuffleDP_new/shuffleDP_IMDB/robust_strict_RR_increase/ratio_15_res_n20000_alg2n_eps1-8_pair-1_itr20-1.csv,data/raw_results/shuffle_dp/shuffledp_imdb/robust_strict_rr_increase/ratio_15_res_n20000_alg2n_eps1_8_pair_1_itr20_1.csv,3686,a86a3580b980f8bf1b96672c7545689d157a85dd3661bf4a22f92f2b445b15b2
raw_result_csv,全部实验数据/shuffleDP_new/shuffleDP_IMDB/robust_strict_RR_increase/ratio_15_res_n20000_alg3n_eps1-8_pair-1_itr20-1.csv,data/raw_results/shuffle_dp/shuffledp_imdb/robust_strict_rr_increase/ratio_15_res_n20000_alg3n_eps1_8_pair_1_itr20_1.csv,3688,e0d59ad30665c98cf64f52e70a5c950be4ae7dc7c0f6e81231e26127109410f0
raw_result_csv,全部实验数据/shuffleDP_new/shuffleDP_IMDB/robust_strict_RR_increase/ratio_15_res_n20000_alg4n_eps1-8_pair-1_itr20-1.csv,data/raw_results/shuffle_dp/shuffledp_imdb/robust_strict_rr_increase/ratio_15_res_n20000_alg4n_eps1_8_pair_1_itr20_1.csv,3684,733005cd0a8ee1c9dd990663f34c1133f96ea39c1245bbd276ddcf35c9f7fa54
raw_result_csv,全部实验数据/shuffleDP_new/shuffleDP_IMDB/robust_strict_RR_increase/ratio_17p5_res_n20000_alg2n_eps1-8_pair-1_itr20-1.csv,data/raw_results/shuffle_dp/shuffledp_imdb/robust_strict_rr_increase/ratio_17p5_res_n20000_alg2n_eps1_8_pair_1_itr20_1.csv,3685,3142b58dfb7742fa7246a18f9640c1d4b7f101bc052b16e95d79eefe180e3a7f
raw_result_csv,全部实验数据/shuffleDP_new/shuffleDP_IMDB/robust_strict_RR_increase/ratio_17p5_res_n20000_alg3n_eps1-8_pair-1_itr20-1.csv,data/raw_results/shuffle_dp/shuffledp_imdb/robust_strict_rr_increase/ratio_17p5_res_n20000_alg3n_eps1_8_pair_1_itr20_1.csv,3687,1dce5349365d3c63c4601e77cdf077c645aef6c1f4fd1725e2740be37ffcaf0e
raw_result_csv,全部实验数据/shuffleDP_new/shuffleDP_IMDB/robust_strict_RR_increase/ratio_17p5_res_n20000_alg4n_eps1-8_pair-1_itr20-1.csv,data/raw_results/shuffle_dp/shuffledp_imdb/robust_strict_rr_increase/ratio_17p5_res_n20000_alg4n_eps1_8_pair_1_itr20_1.csv,3684,2a858706450fb29acbcc5630b5f23276ca052e4639bf6eab26f6dbddd000d42c
raw_result_csv,全部实验数据/shuffleDP_new/shuffleDP_IMDB/robust_strict_RR_increase/ratio_20_res_n20000_alg2n_eps1-8_pair-1_itr20-1.csv,data/raw_results/shuffle_dp/shuffledp_imdb/robust_strict_rr_increase/ratio_20_res_n20000_alg2n_eps1_8_pair_1_itr20_1.csv,3686,14bb4c72994a0c5f64b0c8aaaffd8eb87e39800c61205612e8d6fe6b09ce4375
raw_result_csv,全部实验数据/shuffleDP_new/shuffleDP_IMDB/robust_strict_RR_increase/ratio_20_res_n20000_alg3n_eps1-8_pair-1_itr20-1.csv,data/raw_results/shuffle_dp/shuffledp_imdb/robust_strict_rr_increase/ratio_20_res_n20000_alg3n_eps1_8_pair_1_itr20_1.csv,3687,eb89b691e5ad9e98b2fd753f96b87ffdc5c5853590ec0f10625c2a2efb259c26
raw_result_csv,全部实验数据/shuffleDP_new/shuffleDP_IMDB/robust_strict_RR_increase/ratio_20_res_n20000_alg4n_eps1-8_pair-1_itr20-1.csv,data/raw_results/shuffle_dp/shuffledp_imdb/robust_strict_rr_increase/ratio_20_res_n20000_alg4n_eps1_8_pair_1_itr20_1.csv,3685,8630ef499752f0129e0326f20a0b01af519e224f7a0d3d0b9b3968cd78eb8b2f
raw_result_csv,全部实验数据/shuffleDP_new/shuffleDP_IMDB/robust_strict_RR_increase/ratio_2p5_res_n20000_alg2n_eps1-8_pair-1_itr20-1.csv,data/raw_results/shuffle_dp/shuffledp_imdb/robust_strict_rr_increase/ratio_2p5_res_n20000_alg2n_eps1_8_pair_1_itr20_1.csv,3684,9451f12ad7528b87223705b3bc0376b094bb82174ae872c16c05a0f597b7b5d9
raw_result_csv,全部实验数据/shuffleDP_new/shuffleDP_IMDB/robust_strict_RR_increase/ratio_2p5_res_n20000_alg3n_eps1-8_pair-1_itr20-1.csv,data/raw_results/shuffle_dp/shuffledp_imdb/robust_strict_rr_increase/ratio_2p5_res_n20000_alg3n_eps1_8_pair_1_itr20_1.csv,3686,594bd7a5e7ed575c6e3ef6e3afc27f2ae3754c728f26d3a9098a6510c4eb6561
raw_result_csv,全部实验数据/shuffleDP_new/shuffleDP_IMDB/robust_strict_RR_increase/ratio_2p5_res_n20000_alg4n_eps1-8_pair-1_itr20-1.csv,data/raw_results/shuffle_dp/shuffledp_imdb/robust_strict_rr_increase/ratio_2p5_res_n20000_alg4n_eps1_8_pair_1_itr20_1.csv,3681,55177e45cebf3e5276d8a146a62d8c5b41a00c81455eb3cfb47caf8263b051f2
raw_result_csv,全部实验数据/shuffleDP_new/shuffleDP_IMDB/robust_strict_RR_increase/ratio_5_res_n20000_alg2n_eps1-8_pair-1_itr20-1.csv,data/raw_results/shuffle_dp/shuffledp_imdb/robust_strict_rr_increase/ratio_5_res_n20000_alg2n_eps1_8_pair_1_itr20_1.csv,3684,3a38363849ee99c107af48ec56c8d7d532992412c6f64a4ccb53b0f80d1ce520
raw_result_csv,全部实验数据/shuffleDP_new/shuffleDP_IMDB/robust_strict_RR_increase/ratio_5_res_n20000_alg3n_eps1-8_pair-1_itr20-1.csv,data/raw_results/shuffle_dp/shuffledp_imdb/robust_strict_rr_increase/ratio_5_res_n20000_alg3n_eps1_8_pair_1_itr20_1.csv,3686,70cbf27407a5c37a0c32db770971f80f224d9980fdaec2b1f5cbdb0c4d47c63d
raw_result_csv,全部实验数据/shuffleDP_new/shuffleDP_IMDB/robust_strict_RR_increase/ratio_5_res_n20000_alg4n_eps1-8_pair-1_itr20-1.csv,data/raw_results/shuffle_dp/shuffledp_imdb/robust_strict_rr_increase/ratio_5_res_n20000_alg4n_eps1_8_pair_1_itr20_1.csv,3682,58c9c9e6be92f5d6118feaccce45ce7bec9096e9ec2cfbe9c5bbd694f667c2ae
raw_result_csv,全部实验数据/shuffleDP_new/shuffleDP_IMDB/robust_strict_RR_increase/ratio_7p5_res_n20000_alg2n_eps1-8_pair-1_itr20-1.csv,data/raw_results/shuffle_dp/shuffledp_imdb/robust_strict_rr_increase/ratio_7p5_res_n20000_alg2n_eps1_8_pair_1_itr20_1.csv,3684,949b748b49aa00b942c05ba0c6dfcdb4dc8840bf44dbe05d82b1acf6d2e0ccbf
raw_result_csv,全部实验数据/shuffleDP_new/shuffleDP_IMDB/robust_strict_RR_increase/ratio_7p5_res_n20000_alg3n_eps1-8_pair-1_itr20-1.csv,data/raw_results/shuffle_dp/shuffledp_imdb/robust_strict_rr_increase/ratio_7p5_res_n20000_alg3n_eps1_8_pair_1_itr20_1.csv,3686,a742ecbc1453fcceea735131d3e5f36fdb6932b516cbc46a04024ad0a8270b50
raw_result_csv,全部实验数据/shuffleDP_new/shuffleDP_IMDB/robust_strict_RR_increase/ratio_7p5_res_n20000_alg4n_eps1-8_pair-1_itr20-1.csv,data/raw_results/shuffle_dp/shuffledp_imdb/robust_strict_rr_increase/ratio_7p5_res_n20000_alg4n_eps1_8_pair_1_itr20_1.csv,3683,8d55cf56ef3325b4191148b4455e4332524640fd965a50a763fd9165adbf4434
raw_result_csv,全部实验数据/shuffleDP_new/shuffleDP_IMDB/robust_strict_shuffle_decrease/ratio_10_res_n20000_alg2n_eps1-8_pair-1_itr20-1.csv,data/raw_results/shuffle_dp/shuffledp_imdb/robust_strict_shuffle_decrease/ratio_10_res_n20000_alg2n_eps1_8_pair_1_itr20_1.csv,3684,2751cbf288974a3b4953bf356a40a47297c0c3e19a4a717105a675e6a67f2801
raw_result_csv,全部实验数据/shuffleDP_new/shuffleDP_IMDB/robust_strict_shuffle_decrease/ratio_10_res_n20000_alg3n_eps1-8_pair-1_itr20-1.csv,data/raw_results/shuffle_dp/shuffledp_imdb/robust_strict_shuffle_decrease/ratio_10_res_n20000_alg3n_eps1_8_pair_1_itr20_1.csv,3685,75fdd902da3f504904a09b02b389df9af380df06249f5d2b92b2687ad55d91d0
raw_result_csv,全部实验数据/shuffleDP_new/shuffleDP_IMDB/robust_strict_shuffle_decrease/ratio_10_res_n20000_alg4n_eps1-8_pair-1_itr20-1.csv,data/raw_results/shuffle_dp/shuffledp_imdb/robust_strict_shuffle_decrease/ratio_10_res_n20000_alg4n_eps1_8_pair_1_itr20_1.csv,3681,ab71aed4fc5b176fb47cbd1519d6014b6bfdfa617caf6d61a33d223b4572dbdf
raw_result_csv,全部实验数据/shuffleDP_new/shuffleDP_IMDB/robust_strict_shuffle_decrease/ratio_12p5_res_n20000_alg2n_eps1-8_pair-1_itr20-1.csv,data/raw_results/shuffle_dp/shuffledp_imdb/robust_strict_shuffle_decrease/ratio_12p5_res_n20000_alg2n_eps1_8_pair_1_itr20_1.csv,3682,72aa25602d31753eed84318df3e87217cb08081745354f5ab28bca2f9239f67b
raw_result_csv,全部实验数据/shuffleDP_new/shuffleDP_IMDB/robust_strict_shuffle_decrease/ratio_12p5_res_n20000_alg3n_eps1-8_pair-1_itr20-1.csv,data/raw_results/shuffle_dp/shuffledp_imdb/robust_strict_shuffle_decrease/ratio_12p5_res_n20000_alg3n_eps1_8_pair_1_itr20_1.csv,3685,7762b72990ccf30742e8db23f7604ad5d56db230a1a2d362b9ca873680a5cfab
raw_result_csv,全部实验数据/shuffleDP_new/shuffleDP_IMDB/robust_strict_shuffle_decrease/ratio_12p5_res_n20000_alg4n_eps1-8_pair-1_itr20-1.csv,data/raw_results/shuffle_dp/shuffledp_imdb/robust_strict_shuffle_decrease/ratio_12p5_res_n20000_alg4n_eps1_8_pair_1_itr20_1.csv,3680,93115952f2661edd6bdfd22fd6742ac99dce3b9bf68f28ac4941954ab6b6018e
raw_result_csv,全部实验数据/shuffleDP_new/shuffleDP_IMDB/robust_strict_shuffle_decrease/ratio_15_res_n20000_alg2n_eps1-8_pair-1_itr20-1.csv,data/raw_results/shuffle_dp/shuffledp_imdb/robust_strict_shuffle_decrease/ratio_15_res_n20000_alg2n_eps1_8_pair_1_itr20_1.csv,3683,3e2abfb9d1a13d9caeee7bf463dcfb3b82fd3fc99e220491947946ce29697391
raw_result_csv,全部实验数据/shuffleDP_new/shuffleDP_IMDB/robust_strict_shuffle_decrease/ratio_15_res_n20000_alg3n_eps1-8_pair-1_itr20-1.csv,data/raw_results/shuffle_dp/shuffledp_imdb/robust_strict_shuffle_decrease/ratio_15_res_n20000_alg3n_eps1_8_pair_1_itr20_1.csv,3687,c98e896d691b1b8443ce0e4b9a151d07a1820b181113553dcae51c3382428eb4
raw_result_csv,全部实验数据/shuffleDP_new/shuffleDP_IMDB/robust_strict_shuffle_decrease/ratio_15_res_n20000_alg4n_eps1-8_pair-1_itr20-1.csv,data/raw_results/shuffle_dp/shuffledp_imdb/robust_strict_shuffle_decrease/ratio_15_res_n20000_alg4n_eps1_8_pair_1_itr20_1.csv,3683,05b7d04e9d9203e115c1d43281e689a7b7c9069519251990f317f09a39188434
raw_result_csv,全部实验数据/shuffleDP_new/shuffleDP_IMDB/robust_strict_shuffle_decrease/ratio_17p5_res_n20000_alg2n_eps1-8_pair-1_itr20-1.csv,data/raw_results/shuffle_dp/shuffledp_imdb/robust_strict_shuffle_decrease/ratio_17p5_res_n20000_alg2n_eps1_8_pair_1_itr20_1.csv,3686,39a9907ce482fd8f9b8edbced4c3d7aff14ac58594580af1d3dde54a7b496e02
raw_result_csv,全部实验数据/shuffleDP_new/shuffleDP_IMDB/robust_strict_shuffle_decrease/ratio_17p5_res_n20000_alg3n_eps1-8_pair-1_itr20-1.csv,data/raw_results/shuffle_dp/shuffledp_imdb/robust_strict_shuffle_decrease/ratio_17p5_res_n20000_alg3n_eps1_8_pair_1_itr20_1.csv,3686,a526e6bb1594774580e72b6865fc5a9dc0fd4168823ddf86cb81220071bab41c
raw_result_csv,全部实验数据/shuffleDP_new/shuffleDP_IMDB/robust_strict_shuffle_decrease/ratio_17p5_res_n20000_alg4n_eps1-8_pair-1_itr20-1.csv,data/raw_results/shuffle_dp/shuffledp_imdb/robust_strict_shuffle_decrease/ratio_17p5_res_n20000_alg4n_eps1_8_pair_1_itr20_1.csv,3684,86e6bb3805b9d768632b6d93ef808df2d4cfd72f7d06d21ec9591b245150a2b3
raw_result_csv,全部实验数据/shuffleDP_new/shuffleDP_IMDB/robust_strict_shuffle_decrease/ratio_20_res_n20000_alg2n_eps1-8_pair-1_itr20-1.csv,data/raw_results/shuffle_dp/shuffledp_imdb/robust_strict_shuffle_decrease/ratio_20_res_n20000_alg2n_eps1_8_pair_1_itr20_1.csv,3687,7027df08cfd4d828876b911c15e1494f039f9fc7cd4a1dadd3de202094b64979
raw_result_csv,全部实验数据/shuffleDP_new/shuffleDP_IMDB/robust_strict_shuffle_decrease/ratio_20_res_n20000_alg3n_eps1-8_pair-1_itr20-1.csv,data/raw_results/shuffle_dp/shuffledp_imdb/robust_strict_shuffle_decrease/ratio_20_res_n20000_alg3n_eps1_8_pair_1_itr20_1.csv,3686,f80c15fa7f6910851210c6435ad54fc828b2d46f47ddd81c6b79d89f1a69bc5c
raw_result_csv,全部实验数据/shuffleDP_new/shuffleDP_IMDB/robust_strict_shuffle_decrease/ratio_20_res_n20000_alg4n_eps1-8_pair-1_itr20-1.csv,data/raw_results/shuffle_dp/shuffledp_imdb/robust_strict_shuffle_decrease/ratio_20_res_n20000_alg4n_eps1_8_pair_1_itr20_1.csv,3685,06163e68511200de5d61e45ff4f664c5ea5a490dc9e7c1ef795f6a499a25c3b7
raw_result_csv,全部实验数据/shuffleDP_new/shuffleDP_IMDB/robust_strict_shuffle_decrease/ratio_2p5_res_n20000_alg2n_eps1-8_pair-1_itr20-1.csv,data/raw_results/shuffle_dp/shuffledp_imdb/robust_strict_shuffle_decrease/ratio_2p5_res_n20000_alg2n_eps1_8_pair_1_itr20_1.csv,3684,ee8afdc86bceaff7774b29bdba22bdf6029bd8d64a8bd66a6425121b0d6df322
raw_result_csv,全部实验数据/shuffleDP_new/shuffleDP_IMDB/robust_strict_shuffle_decrease/ratio_2p5_res_n20000_alg3n_eps1-8_pair-1_itr20-1.csv,data/raw_results/shuffle_dp/shuffledp_imdb/robust_strict_shuffle_decrease/ratio_2p5_res_n20000_alg3n_eps1_8_pair_1_itr20_1.csv,3686,1b76467475c9eb9e2beda30b7d32c524188cfa315ee682ba0a2c89689e73f086
raw_result_csv,全部实验数据/shuffleDP_new/shuffleDP_IMDB/robust_strict_shuffle_decrease/ratio_2p5_res_n20000_alg4n_eps1-8_pair-1_itr20-1.csv,data/raw_results/shuffle_dp/shuffledp_imdb/robust_strict_shuffle_decrease/ratio_2p5_res_n20000_alg4n_eps1_8_pair_1_itr20_1.csv,3681,b2fe9d71416afde6715149c96b7792628ba443a51181a61727e0d81f587214a7
raw_result_csv,全部实验数据/shuffleDP_new/shuffleDP_IMDB/robust_strict_shuffle_decrease/ratio_5_res_n20000_alg2n_eps1-8_pair-1_itr20-1.csv,data/raw_results/shuffle_dp/shuffledp_imdb/robust_strict_shuffle_decrease/ratio_5_res_n20000_alg2n_eps1_8_pair_1_itr20_1.csv,3684,4bb58bc2229ca31924e1338bc8c131a06adb8156904f2c945a3b51198c81f4d6
raw_result_csv,全部实验数据/shuffleDP_new/shuffleDP_IMDB/robust_strict_shuffle_decrease/ratio_5_res_n20000_alg3n_eps1-8_pair-1_itr20-1.csv,data/raw_results/shuffle_dp/shuffledp_imdb/robust_strict_shuffle_decrease/ratio_5_res_n20000_alg3n_eps1_8_pair_1_itr20_1.csv,3686,6d1828b9c69cb0eb2cfe2870a6129fff11d6c24093f0280e4f632e3dcac68b62
raw_result_csv,全部实验数据/shuffleDP_new/shuffleDP_IMDB/robust_strict_shuffle_decrease/ratio_5_res_n20000_alg4n_eps1-8_pair-1_itr20-1.csv,data/raw_results/shuffle_dp/shuffledp_imdb/robust_strict_shuffle_decrease/ratio_5_res_n20000_alg4n_eps1_8_pair_1_itr20_1.csv,3681,becca37ced58d115c6ad01f3a3817caabe9ec75535575b3d1d4aaa9cfeee94dc
raw_result_csv,全部实验数据/shuffleDP_new/shuffleDP_IMDB/robust_strict_shuffle_decrease/ratio_7p5_res_n20000_alg2n_eps1-8_pair-1_itr20-1.csv,data/raw_results/shuffle_dp/shuffledp_imdb/robust_strict_shuffle_decrease/ratio_7p5_res_n20000_alg2n_eps1_8_pair_1_itr20_1.csv,3684,909963c8bb66f03e3910eba51cc666698e35c3f57ed96253a0b21c3c81f32461
raw_result_csv,全部实验数据/shuffleDP_new/shuffleDP_IMDB/robust_strict_shuffle_decrease/ratio_7p5_res_n20000_alg3n_eps1-8_pair-1_itr20-1.csv,data/raw_results/shuffle_dp/shuffledp_imdb/robust_strict_shuffle_decrease/ratio_7p5_res_n20000_alg3n_eps1_8_pair_1_itr20_1.csv,3686,d1050a844d54a7b272480bd5ab303a47c2efdde26fbbee1df7cbb249d1b12488
raw_result_csv,全部实验数据/shuffleDP_new/shuffleDP_IMDB/robust_strict_shuffle_decrease/ratio_7p5_res_n20000_alg4n_eps1-8_pair-1_itr20-1.csv,data/raw_results/shuffle_dp/shuffledp_imdb/robust_strict_shuffle_decrease/ratio_7p5_res_n20000_alg4n_eps1_8_pair_1_itr20_1.csv,3681,825ec8c66456ac26aa94a969e524c9138342632c6b6cc33f917af2b2c0551a46
raw_result_csv,全部实验数据/shuffleDP_new/shuffleDP_IMDB/robust_strict_shuffle_increase/ratio_10_res_n20000_alg2n_eps1-8_pair-1_itr20-1.csv,data/raw_results/shuffle_dp/shuffledp_imdb/robust_strict_shuffle_increase/ratio_10_res_n20000_alg2n_eps1_8_pair_1_itr20_1.csv,3690,3a59b0c9e73f49a2f33727917e9a157a483e414b90446a43d746e76db29d2584
raw_result_csv,全部实验数据/shuffleDP_new/shuffleDP_IMDB/robust_strict_shuffle_increase/ratio_10_res_n20000_alg3n_eps1-8_pair-1_itr20-1.csv,data/raw_results/shuffle_dp/shuffledp_imdb/robust_strict_shuffle_increase/ratio_10_res_n20000_alg3n_eps1_8_pair_1_itr20_1.csv,3687,acf258fc6c17677dad605c407cd6c0ffbea5eb2f8dc26e9a0b81e6cc15079966
raw_result_csv,全部实验数据/shuffleDP_new/shuffleDP_IMDB/robust_strict_shuffle_increase/ratio_10_res_n20000_alg4n_eps1-8_pair-1_itr20-1.csv,data/raw_results/shuffle_dp/shuffledp_imdb/robust_strict_shuffle_increase/ratio_10_res_n20000_alg4n_eps1_8_pair_1_itr20_1.csv,3685,bafc2c936e8b4610177c38cc08dc9799ddd2f147af133c1fa170287b2ff342df
raw_result_csv,全部实验数据/shuffleDP_new/shuffleDP_IMDB/robust_strict_shuffle_increase/ratio_12p5_res_n20000_alg2n_eps1-8_pair-1_itr20-1.csv,data/raw_results/shuffle_dp/shuffledp_imdb/robust_strict_shuffle_increase/ratio_12p5_res_n20000_alg2n_eps1_8_pair_1_itr20_1.csv,3690,1a6f3707d0101c49ca4f7ee43d725cc17bd41b56e4f87be174beeb1055a9c58f
raw_result_csv,全部实验数据/shuffleDP_new/shuffleDP_IMDB/robust_strict_shuffle_increase/ratio_12p5_res_n20000_alg3n_eps1-8_pair-1_itr20-1.csv,data/raw_results/shuffle_dp/shuffledp_imdb/robust_strict_shuffle_increase/ratio_12p5_res_n20000_alg3n_eps1_8_pair_1_itr20_1.csv,3688,b7398061cbdcf22fb12302d28780ffe1bc1ff0a0feab8aa00b1191b1ec998238
raw_result_csv,全部实验数据/shuffleDP_new/shuffleDP_IMDB/robust_strict_shuffle_increase/ratio_12p5_res_n20000_alg4n_eps1-8_pair-1_itr20-1.csv,data/raw_results/shuffle_dp/shuffledp_imdb/robust_strict_shuffle_increase/ratio_12p5_res_n20000_alg4n_eps1_8_pair_1_itr20_1.csv,3687,367fa72d357fd31668b29bbb87c29b8538d2e3ec4d8e9d524db0c192bca57561
raw_result_csv,全部实验数据/shuffleDP_new/shuffleDP_IMDB/robust_strict_shuffle_increase/ratio_15_res_n20000_alg2n_eps1-8_pair-1_itr20-1.csv,data/raw_results/shuffle_dp/shuffledp_imdb/robust_strict_shuffle_increase/ratio_15_res_n20000_alg2n_eps1_8_pair_1_itr20_1.csv,3681,61d2da06151ed0060e3e99c4cf0e2cf26f1c509e52cbd3f5d1ec8917bddd34f5
raw_result_csv,全部实验数据/shuffleDP_new/shuffleDP_IMDB/robust_strict_shuffle_increase/ratio_15_res_n20000_alg3n_eps1-8_pair-1_itr20-1.csv,data/raw_results/shuffle_dp/shuffledp_imdb/robust_strict_shuffle_increase/ratio_15_res_n20000_alg3n_eps1_8_pair_1_itr20_1.csv,3688,4d491bba9dea3d91413daf17d6a72b80c92e57e9303f5d9ad93d0216a300d1fc
raw_result_csv,全部实验数据/shuffleDP_new/shuffleDP_IMDB/robust_strict_shuffle_increase/ratio_15_res_n20000_alg4n_eps1-8_pair-1_itr20-1.csv,data/raw_results/shuffle_dp/shuffledp_imdb/robust_strict_shuffle_increase/ratio_15_res_n20000_alg4n_eps1_8_pair_1_itr20_1.csv,3684,dd1978d761f5d079879b16d0181a0e8c50faf5363e67c4c722e59c61e7914563
raw_result_csv,全部实验数据/shuffleDP_new/shuffleDP_IMDB/robust_strict_shuffle_increase/ratio_17p5_res_n20000_alg2n_eps1-8_pair-1_itr20-1.csv,data/raw_results/shuffle_dp/shuffledp_imdb/robust_strict_shuffle_increase/ratio_17p5_res_n20000_alg2n_eps1_8_pair_1_itr20_1.csv,3681,d8a20c06d3489d557887f03314f587c65ae3eee9ad7c3009bc6809b8d1811574
raw_result_csv,全部实验数据/shuffleDP_new/shuffleDP_IMDB/robust_strict_shuffle_increase/ratio_17p5_res_n20000_alg3n_eps1-8_pair-1_itr20-1.csv,data/raw_results/shuffle_dp/shuffledp_imdb/robust_strict_shuffle_increase/ratio_17p5_res_n20000_alg3n_eps1_8_pair_1_itr20_1.csv,3688,36c6d0fb2ea4f648c81559493edd2f882e3d6b5706f2cf4b71315eea1c544dff
raw_result_csv,全部实验数据/shuffleDP_new/shuffleDP_IMDB/robust_strict_shuffle_increase/ratio_17p5_res_n20000_alg4n_eps1-8_pair-1_itr20-1.csv,data/raw_results/shuffle_dp/shuffledp_imdb/robust_strict_shuffle_increase/ratio_17p5_res_n20000_alg4n_eps1_8_pair_1_itr20_1.csv,3683,de2970099d16cf5f9f9ddc894021b9aba319f1961903c5ba07202bfafba4baf6
raw_result_csv,全部实验数据/shuffleDP_new/shuffleDP_IMDB/robust_strict_shuffle_increase/ratio_20_res_n20000_alg2n_eps1-8_pair-1_itr20-1.csv,data/raw_results/shuffle_dp/shuffledp_imdb/robust_strict_shuffle_increase/ratio_20_res_n20000_alg2n_eps1_8_pair_1_itr20_1.csv,3682,1c16e48dd7d8eae40d8f07dbf4c8339f3e7c45ddb9e134d956c179bd72e431e3
raw_result_csv,全部实验数据/shuffleDP_new/shuffleDP_IMDB/robust_strict_shuffle_increase/ratio_20_res_n20000_alg3n_eps1-8_pair-1_itr20-1.csv,data/raw_results/shuffle_dp/shuffledp_imdb/robust_strict_shuffle_increase/ratio_20_res_n20000_alg3n_eps1_8_pair_1_itr20_1.csv,3687,a4da48b337a2fb2491406ccba3d697e82556d136082505fc974ee4249c3c40a6
raw_result_csv,全部实验数据/shuffleDP_new/shuffleDP_IMDB/robust_strict_shuffle_increase/ratio_20_res_n20000_alg4n_eps1-8_pair-1_itr20-1.csv,data/raw_results/shuffle_dp/shuffledp_imdb/robust_strict_shuffle_increase/ratio_20_res_n20000_alg4n_eps1_8_pair_1_itr20_1.csv,3682,95c3021c772880a9292f2a66850c7c3549b22ca611bf0036be49a1b185bc754e
raw_result_csv,全部实验数据/shuffleDP_new/shuffleDP_IMDB/robust_strict_shuffle_increase/ratio_2p5_res_n20000_alg2n_eps1-8_pair-1_itr20-1.csv,data/raw_results/shuffle_dp/shuffledp_imdb/robust_strict_shuffle_increase/ratio_2p5_res_n20000_alg2n_eps1_8_pair_1_itr20_1.csv,3686,fe3ed31a49724d3153f8bba2a82ce6daef96f88e2ac15850de9b986c08b04330
raw_result_csv,全部实验数据/shuffleDP_new/shuffleDP_IMDB/robust_strict_shuffle_increase/ratio_2p5_res_n20000_alg3n_eps1-8_pair-1_itr20-1.csv,data/raw_results/shuffle_dp/shuffledp_imdb/robust_strict_shuffle_increase/ratio_2p5_res_n20000_alg3n_eps1_8_pair_1_itr20_1.csv,3685,4803c63e1add8906b67140e0afbacf6ff126dbe00cd944aad58c4461f24295bc
raw_result_csv,全部实验数据/shuffleDP_new/shuffleDP_IMDB/robust_strict_shuffle_increase/ratio_2p5_res_n20000_alg4n_eps1-8_pair-1_itr20-1.csv,data/raw_results/shuffle_dp/shuffledp_imdb/robust_strict_shuffle_increase/ratio_2p5_res_n20000_alg4n_eps1_8_pair_1_itr20_1.csv,3683,056bc645d0660e21ff73c3d3abb5c503035c51688d2b8124a2f69303a5f6b31d
raw_result_csv,全部实验数据/shuffleDP_new/shuffleDP_IMDB/robust_strict_shuffle_increase/ratio_5_res_n20000_alg2n_eps1-8_pair-1_itr20-1.csv,data/raw_results/shuffle_dp/shuffledp_imdb/robust_strict_shuffle_increase/ratio_5_res_n20000_alg2n_eps1_8_pair_1_itr20_1.csv,3686,f66bcfa4e6ca25444fe161074eff319256c47d020abb654fe8778383be902e6e
raw_result_csv,全部实验数据/shuffleDP_new/shuffleDP_IMDB/robust_strict_shuffle_increase/ratio_5_res_n20000_alg3n_eps1-8_pair-1_itr20-1.csv,data/raw_results/shuffle_dp/shuffledp_imdb/robust_strict_shuffle_increase/ratio_5_res_n20000_alg3n_eps1_8_pair_1_itr20_1.csv,3684,5556dca4fb483bfedb42ba6b1698dd27c71bb00611a748dec4cd6cd72af58fb0
raw_result_csv,全部实验数据/shuffleDP_new/shuffleDP_IMDB/robust_strict_shuffle_increase/ratio_5_res_n20000_alg4n_eps1-8_pair-1_itr20-1.csv,data/raw_results/shuffle_dp/shuffledp_imdb/robust_strict_shuffle_increase/ratio_5_res_n20000_alg4n_eps1_8_pair_1_itr20_1.csv,3686,b6d6f89446a3672f8c76231401ca6c85e3c368f37e96e7c5699cada497d14e6d
raw_result_csv,全部实验数据/shuffleDP_new/shuffleDP_IMDB/robust_strict_shuffle_increase/ratio_7p5_res_n20000_alg2n_eps1-8_pair-1_itr20-1.csv,data/raw_results/shuffle_dp/shuffledp_imdb/robust_strict_shuffle_increase/ratio_7p5_res_n20000_alg2n_eps1_8_pair_1_itr20_1.csv,3688,6d1ec0520f73498949ba39c86c8d37d677b8ab35dfab5b12f0e5f5976d0a555d
raw_result_csv,全部实验数据/shuffleDP_new/shuffleDP_IMDB/robust_strict_shuffle_increase/ratio_7p5_res_n20000_alg3n_eps1-8_pair-1_itr20-1.csv,data/raw_results/shuffle_dp/shuffledp_imdb/robust_strict_shuffle_increase/ratio_7p5_res_n20000_alg3n_eps1_8_pair_1_itr20_1.csv,3688,0dc646b1619f436fdcfdcb62f4db5e04f592de947842d5c4d8bf8472f5a069f4
raw_result_csv,全部实验数据/shuffleDP_new/shuffleDP_IMDB/robust_strict_shuffle_increase/ratio_7p5_res_n20000_alg4n_eps1-8_pair-1_itr20-1.csv,data/raw_results/shuffle_dp/shuffledp_imdb/robust_strict_shuffle_increase/ratio_7p5_res_n20000_alg4n_eps1_8_pair_1_itr20_1.csv,3686,c2fbe24d52a50105811977ba63b238a494ff2ded2208eb8537aeae4132d6e6d2
raw_result_csv,全部实验数据/shuffleDP_new/shuffleDP_Gplus/robust_strict_RR_decrease/ratio_10_res_n20000_alg2n_eps1-8_pair-1_itr20-1.csv,data/raw_results/shuffle_dp/shuffledp_gplus/robust_strict_rr_decrease/ratio_10_res_n20000_alg2n_eps1_8_pair_1_itr20_1.csv,3701,75e2ca5af48e65cb5ffdbdf4a4a8ff2e62eaf366daa82a651fb2face5f3e8ad5
raw_result_csv,全部实验数据/shuffleDP_new/shuffleDP_Gplus/robust_strict_RR_decrease/ratio_10_res_n20000_alg3n_eps1-8_pair-1_itr20-1.csv,data/raw_results/shuffle_dp/shuffledp_gplus/robust_strict_rr_decrease/ratio_10_res_n20000_alg3n_eps1_8_pair_1_itr20_1.csv,3697,f7911e354c3bf082e0744fe9a3044fd5c8e671748da7bb50143f115d49e12797
raw_result_csv,全部实验数据/shuffleDP_new/shuffleDP_Gplus/robust_strict_RR_decrease/ratio_10_res_n20000_alg4n_eps1-8_pair-1_itr20-1.csv,data/raw_results/shuffle_dp/shuffledp_gplus/robust_strict_rr_decrease/ratio_10_res_n20000_alg4n_eps1_8_pair_1_itr20_1.csv,3698,952d861693840e945f75f5f42a6174ace78358954df18225483c40248190863a
raw_result_csv,全部实验数据/shuffleDP_new/shuffleDP_Gplus/robust_strict_RR_decrease/ratio_12p5_res_n20000_alg2n_eps1-8_pair-1_itr20-1.csv,data/raw_results/shuffle_dp/shuffledp_gplus/robust_strict_rr_decrease/ratio_12p5_res_n20000_alg2n_eps1_8_pair_1_itr20_1.csv,3701,52e1210644fd8321ab500f8fe24743426dba772a402daac9267b148594cf19e7
raw_result_csv,全部实验数据/shuffleDP_new/shuffleDP_Gplus/robust_strict_RR_decrease/ratio_12p5_res_n20000_alg3n_eps1-8_pair-1_itr20-1.csv,data/raw_results/shuffle_dp/shuffledp_gplus/robust_strict_rr_decrease/ratio_12p5_res_n20000_alg3n_eps1_8_pair_1_itr20_1.csv,3697,a25253cf387ba7e2a423f5f7b911af5d656b7e695664dd8c354e918732f32b76
raw_result_csv,全部实验数据/shuffleDP_new/shuffleDP_Gplus/robust_strict_RR_decrease/ratio_12p5_res_n20000_alg4n_eps1-8_pair-1_itr20-1.csv,data/raw_results/shuffle_dp/shuffledp_gplus/robust_strict_rr_decrease/ratio_12p5_res_n20000_alg4n_eps1_8_pair_1_itr20_1.csv,3698,1235b2e5490b32b27e4e751e2b7baeb1fe6f7c0cedea4a0d9caf58bee457c28e
raw_result_csv,全部实验数据/shuffleDP_new/shuffleDP_Gplus/robust_strict_RR_decrease/ratio_15_res_n20000_alg2n_eps1-8_pair-1_itr20-1.csv,data/raw_results/shuffle_dp/shuffledp_gplus/robust_strict_rr_decrease/ratio_15_res_n20000_alg2n_eps1_8_pair_1_itr20_1.csv,3702,59c67428c2a4637142b9396ec95abc0270e8a874eda8ed7a1b8c4ee829dca91c
raw_result_csv,全部实验数据/shuffleDP_new/shuffleDP_Gplus/robust_strict_RR_decrease/ratio_15_res_n20000_alg3n_eps1-8_pair-1_itr20-1.csv,data/raw_results/shuffle_dp/shuffledp_gplus/robust_strict_rr_decrease/ratio_15_res_n20000_alg3n_eps1_8_pair_1_itr20_1.csv,3697,e46e7d5f5cea9ac3c7ed29e278377430c0e2849ff471d6cbd15206a6d9298710
raw_result_csv,全部实验数据/shuffleDP_new/shuffleDP_Gplus/robust_strict_RR_decrease/ratio_15_res_n20000_alg4n_eps1-8_pair-1_itr20-1.csv,data/raw_results/shuffle_dp/shuffledp_gplus/robust_strict_rr_decrease/ratio_15_res_n20000_alg4n_eps1_8_pair_1_itr20_1.csv,3698,3f237dfad64e2e24c86652e2113f4919965ff6de2dec1247b9b2d4ce4f3b46ce
raw_result_csv,全部实验数据/shuffleDP_new/shuffleDP_Gplus/robust_strict_RR_decrease/ratio_17p5_res_n20000_alg2n_eps1-8_pair-1_itr20-1.csv,data/raw_results/shuffle_dp/shuffledp_gplus/robust_strict_rr_decrease/ratio_17p5_res_n20000_alg2n_eps1_8_pair_1_itr20_1.csv,3700,49ebc67f981c7e47e81a4b619b21245224f31faa49438ff5f2f9cfc5409f67e2
raw_result_csv,全部实验数据/shuffleDP_new/shuffleDP_Gplus/robust_strict_RR_decrease/ratio_17p5_res_n20000_alg3n_eps1-8_pair-1_itr20-1.csv,data/raw_results/shuffle_dp/shuffledp_gplus/robust_strict_rr_decrease/ratio_17p5_res_n20000_alg3n_eps1_8_pair_1_itr20_1.csv,3697,d84c5b63572b124592233f1a0aa0693087f977f1f6dad40f43d8f35cef85f182
raw_result_csv,全部实验数据/shuffleDP_new/shuffleDP_Gplus/robust_strict_RR_decrease/ratio_17p5_res_n20000_alg4n_eps1-8_pair-1_itr20-1.csv,data/raw_results/shuffle_dp/shuffledp_gplus/robust_strict_rr_decrease/ratio_17p5_res_n20000_alg4n_eps1_8_pair_1_itr20_1.csv,3698,ff7fcceb1b70bf0240806591a1238a1180b6548bf2336b0548c57a6be5ffa331
raw_result_csv,全部实验数据/shuffleDP_new/shuffleDP_Gplus/robust_strict_RR_decrease/ratio_20_res_n20000_alg2n_eps1-8_pair-1_itr20-1.csv,data/raw_results/shuffle_dp/shuffledp_gplus/robust_strict_rr_decrease/ratio_20_res_n20000_alg2n_eps1_8_pair_1_itr20_1.csv,3701,fe3ad43f607a3a83280fd8ba23ec2c6e69ee79474da04bda528b82aaab735258
raw_result_csv,全部实验数据/shuffleDP_new/shuffleDP_Gplus/robust_strict_RR_decrease/ratio_20_res_n20000_alg3n_eps1-8_pair-1_itr20-1.csv,data/raw_results/shuffle_dp/shuffledp_gplus/robust_strict_rr_decrease/ratio_20_res_n20000_alg3n_eps1_8_pair_1_itr20_1.csv,3697,582a539c1f02877c1daeea0adb68de86d344dec5ca30de02f18f92ac974072e1
raw_result_csv,全部实验数据/shuffleDP_new/shuffleDP_Gplus/robust_strict_RR_decrease/ratio_20_res_n20000_alg4n_eps1-8_pair-1_itr20-1.csv,data/raw_results/shuffle_dp/shuffledp_gplus/robust_strict_rr_decrease/ratio_20_res_n20000_alg4n_eps1_8_pair_1_itr20_1.csv,3698,07fd0e74e00962a06f5cbe728ffdbd0fd65c793846fd547fca98d92e7d3d7f77
raw_result_csv,全部实验数据/shuffleDP_new/shuffleDP_Gplus/robust_strict_RR_decrease/ratio_2p5_res_n20000_alg2n_eps1-8_pair-1_itr20-1.csv,data/raw_results/shuffle_dp/shuffledp_gplus/robust_strict_rr_decrease/ratio_2p5_res_n20000_alg2n_eps1_8_pair_1_itr20_1.csv,3700,6545e8898083bbde9230084bc7d9744c3a038c99aa2c698501e18b7ce3e816b4
raw_result_csv,全部实验数据/shuffleDP_new/shuffleDP_Gplus/robust_strict_RR_decrease/ratio_2p5_res_n20000_alg3n_eps1-8_pair-1_itr20-1.csv,data/raw_results/shuffle_dp/shuffledp_gplus/robust_strict_rr_decrease/ratio_2p5_res_n20000_alg3n_eps1_8_pair_1_itr20_1.csv,3697,f205c75c0f2a799d76236332021499712bc7a0d0bc0ac17cd0ffb2ac2533b057
raw_result_csv,全部实验数据/shuffleDP_new/shuffleDP_Gplus/robust_strict_RR_decrease/ratio_2p5_res_n20000_alg4n_eps1-8_pair-1_itr20-1.csv,data/raw_results/shuffle_dp/shuffledp_gplus/robust_strict_rr_decrease/ratio_2p5_res_n20000_alg4n_eps1_8_pair_1_itr20_1.csv,3698,c940e60e774e95298d9444b380512a6e18fba63f652a04cb572eeff58fe4b5d5
raw_result_csv,全部实验数据/shuffleDP_new/shuffleDP_Gplus/robust_strict_RR_decrease/ratio_5_res_n20000_alg2n_eps1-8_pair-1_itr20-1.csv,data/raw_results/shuffle_dp/shuffledp_gplus/robust_strict_rr_decrease/ratio_5_res_n20000_alg2n_eps1_8_pair_1_itr20_1.csv,3700,926cd96325465e52173c9d78098f0bddf8227593370fa960b9947303f88799a2
raw_result_csv,全部实验数据/shuffleDP_new/shuffleDP_Gplus/robust_strict_RR_decrease/ratio_5_res_n20000_alg3n_eps1-8_pair-1_itr20-1.csv,data/raw_results/shuffle_dp/shuffledp_gplus/robust_strict_rr_decrease/ratio_5_res_n20000_alg3n_eps1_8_pair_1_itr20_1.csv,3697,81bc0e56c3167a8bc3b12a45d72fd3698562bf4d6d7c69786c82e3a5f1b81077
raw_result_csv,全部实验数据/shuffleDP_new/shuffleDP_Gplus/robust_strict_RR_decrease/ratio_5_res_n20000_alg4n_eps1-8_pair-1_itr20-1.csv,data/raw_results/shuffle_dp/shuffledp_gplus/robust_strict_rr_decrease/ratio_5_res_n20000_alg4n_eps1_8_pair_1_itr20_1.csv,3698,fec3b5fbb7fe2a52156b65eeae3c1b1a2a2a1c06d30e7e113b83f858213c140e
raw_result_csv,全部实验数据/shuffleDP_new/shuffleDP_Gplus/robust_strict_RR_decrease/ratio_7p5_res_n20000_alg2n_eps1-8_pair-1_itr20-1.csv,data/raw_results/shuffle_dp/shuffledp_gplus/robust_strict_rr_decrease/ratio_7p5_res_n20000_alg2n_eps1_8_pair_1_itr20_1.csv,3701,8254b16f557faaea903fb6924652b7a075029706b567502ed4de5a6e1130b1f5
raw_result_csv,全部实验数据/shuffleDP_new/shuffleDP_Gplus/robust_strict_RR_decrease/ratio_7p5_res_n20000_alg3n_eps1-8_pair-1_itr20-1.csv,data/raw_results/shuffle_dp/shuffledp_gplus/robust_strict_rr_decrease/ratio_7p5_res_n20000_alg3n_eps1_8_pair_1_itr20_1.csv,3697,382d4f2c51cfa7d29fb11bdc0090ad8000e240eed7e4d0a73a4f4a93135aee33
raw_result_csv,全部实验数据/shuffleDP_new/shuffleDP_Gplus/robust_strict_RR_decrease/ratio_7p5_res_n20000_alg4n_eps1-8_pair-1_itr20-1.csv,data/raw_results/shuffle_dp/shuffledp_gplus/robust_strict_rr_decrease/ratio_7p5_res_n20000_alg4n_eps1_8_pair_1_itr20_1.csv,3698,fb2037172c766b7b7b18ea3eb26a75f7c39dbd78dcd275348323a91ca95f2ed1
raw_result_csv,全部实验数据/shuffleDP_new/shuffleDP_Gplus/robust_strict_RR_increase/ratio_10_res_n20000_alg2n_eps1-8_pair-1_itr20-1.csv,data/raw_results/shuffle_dp/shuffledp_gplus/robust_strict_rr_increase/ratio_10_res_n20000_alg2n_eps1_8_pair_1_itr20_1.csv,3699,eb1eeb2ea069bfeddf7124be940274dfe7b3af829f6416d7b5d4f3e2885d438c
raw_result_csv,全部实验数据/shuffleDP_new/shuffleDP_Gplus/robust_strict_RR_increase/ratio_10_res_n20000_alg3n_eps1-8_pair-1_itr20-1.csv,data/raw_results/shuffle_dp/shuffledp_gplus/robust_strict_rr_increase/ratio_10_res_n20000_alg3n_eps1_8_pair_1_itr20_1.csv,3697,677bf4087b299a071e6bb9828ef308fbced03b91f8e455b0b83948835f862aa1
raw_result_csv,全部实验数据/shuffleDP_new/shuffleDP_Gplus/robust_strict_RR_increase/ratio_10_res_n20000_alg4n_eps1-8_pair-1_itr20-1.csv,data/raw_results/shuffle_dp/shuffledp_gplus/robust_strict_rr_increase/ratio_10_res_n20000_alg4n_eps1_8_pair_1_itr20_1.csv,3696,c1732b3aaf8ced7b21d7734db99b7fa89cd4c14998b94c71feb7f55047a697fc
raw_result_csv,全部实验数据/shuffleDP_new/shuffleDP_Gplus/robust_strict_RR_increase/ratio_12p5_res_n20000_alg2n_eps1-8_pair-1_itr20-1.csv,data/raw_results/shuffle_dp/shuffledp_gplus/robust_strict_rr_increase/ratio_12p5_res_n20000_alg2n_eps1_8_pair_1_itr20_1.csv,3699,0d5d65190fa51d232090f279b92711e4f4ea33d7c7c149fc88f494d5a690cc81
raw_result_csv,全部实验数据/shuffleDP_new/shuffleDP_Gplus/robust_strict_RR_increase/ratio_12p5_res_n20000_alg3n_eps1-8_pair-1_itr20-1.csv,data/raw_results/shuffle_dp/shuffledp_gplus/robust_strict_rr_increase/ratio_12p5_res_n20000_alg3n_eps1_8_pair_1_itr20_1.csv,3697,9ed1de9c01db9307d91577b0a3f2461cfdfb8f9332814589701caafb0d989d6e
raw_result_csv,全部实验数据/shuffleDP_new/shuffleDP_Gplus/robust_strict_RR_increase/ratio_12p5_res_n20000_alg4n_eps1-8_pair-1_itr20-1.csv,data/raw_results/shuffle_dp/shuffledp_gplus/robust_strict_rr_increase/ratio_12p5_res_n20000_alg4n_eps1_8_pair_1_itr20_1.csv,3696,0157d068c4b04850fbcea72db9044a13f56c993eca106953e2ee9310edde002c
raw_result_csv,全部实验数据/shuffleDP_new/shuffleDP_Gplus/robust_strict_RR_increase/ratio_15_res_n20000_alg2n_eps1-8_pair-1_itr20-1.csv,data/raw_results/shuffle_dp/shuffledp_gplus/robust_strict_rr_increase/ratio_15_res_n20000_alg2n_eps1_8_pair_1_itr20_1.csv,3699,2960977d7b33828a25309398563939b9453c9cf388b60d4b177af91548f3069d
raw_result_csv,全部实验数据/shuffleDP_new/shuffleDP_Gplus/robust_strict_RR_increase/ratio_15_res_n20000_alg3n_eps1-8_pair-1_itr20-1.csv,data/raw_results/shuffle_dp/shuffledp_gplus/robust_strict_rr_increase/ratio_15_res_n20000_alg3n_eps1_8_pair_1_itr20_1.csv,3697,121ba7b91e3c0c81652507e86f09fe6b5b06e81d54b4ea9e692a18c4e96384f8
raw_result_csv,全部实验数据/shuffleDP_new/shuffleDP_Gplus/robust_strict_RR_increase/ratio_15_res_n20000_alg4n_eps1-8_pair-1_itr20-1.csv,data/raw_results/shuffle_dp/shuffledp_gplus/robust_strict_rr_increase/ratio_15_res_n20000_alg4n_eps1_8_pair_1_itr20_1.csv,3696,ee09a38d4d70694f7a79a9682c9b53e6d7bdeb244ffcff06c29a46154a708eec
raw_result_csv,全部实验数据/shuffleDP_new/shuffleDP_Gplus/robust_strict_RR_increase/ratio_17p5_res_n20000_alg2n_eps1-8_pair-1_itr20-1.csv,data/raw_results/shuffle_dp/shuffledp_gplus/robust_strict_rr_increase/ratio_17p5_res_n20000_alg2n_eps1_8_pair_1_itr20_1.csv,3700,fcde43822e5caa55b565c91fdd2e0661b4e0efa0a4b3242018ac73d2e05d3b28
raw_result_csv,全部实验数据/shuffleDP_new/shuffleDP_Gplus/robust_strict_RR_increase/ratio_17p5_res_n20000_alg3n_eps1-8_pair-1_itr20-1.csv,data/raw_results/shuffle_dp/shuffledp_gplus/robust_strict_rr_increase/ratio_17p5_res_n20000_alg3n_eps1_8_pair_1_itr20_1.csv,3697,efbea2fee8e88c1d6aa98455f2bf52c09d28774e0ba71e2c4f6ab208f89761d4
raw_result_csv,全部实验数据/shuffleDP_new/shuffleDP_Gplus/robust_strict_RR_increase/ratio_17p5_res_n20000_alg4n_eps1-8_pair-1_itr20-1.csv,data/raw_results/shuffle_dp/shuffledp_gplus/robust_strict_rr_increase/ratio_17p5_res_n20000_alg4n_eps1_8_pair_1_itr20_1.csv,3696,b1298062b59ee9234efab55617e93f651b18c512de9176835edf8bea6767d7d9
raw_result_csv,全部实验数据/shuffleDP_new/shuffleDP_Gplus/robust_strict_RR_increase/ratio_20_res_n20000_alg2n_eps1-8_pair-1_itr20-1.csv,data/raw_results/shuffle_dp/shuffledp_gplus/robust_strict_rr_increase/ratio_20_res_n20000_alg2n_eps1_8_pair_1_itr20_1.csv,3700,0cdd7fa62182037217e237f51de8c0257a4712eba203db3a09f43c302837da2b
raw_result_csv,全部实验数据/shuffleDP_new/shuffleDP_Gplus/robust_strict_RR_increase/ratio_20_res_n20000_alg3n_eps1-8_pair-1_itr20-1.csv,data/raw_results/shuffle_dp/shuffledp_gplus/robust_strict_rr_increase/ratio_20_res_n20000_alg3n_eps1_8_pair_1_itr20_1.csv,3697,161c66f6dd889f0dbddc871c588bb0e2f9d8fe0cf432a9350da11df286f340e3
raw_result_csv,全部实验数据/shuffleDP_new/shuffleDP_Gplus/robust_strict_RR_increase/ratio_20_res_n20000_alg4n_eps1-8_pair-1_itr20-1.csv,data/raw_results/shuffle_dp/shuffledp_gplus/robust_strict_rr_increase/ratio_20_res_n20000_alg4n_eps1_8_pair_1_itr20_1.csv,3696,17a56ebdb9ce4ef058fecbb5402a44bffb8d73e19bfc3ca075e281439cc01dc8
raw_result_csv,全部实验数据/shuffleDP_new/shuffleDP_Gplus/robust_strict_RR_increase/ratio_2p5_res_n20000_alg2n_eps1-8_pair-1_itr20-1.csv,data/raw_results/shuffle_dp/shuffledp_gplus/robust_strict_rr_increase/ratio_2p5_res_n20000_alg2n_eps1_8_pair_1_itr20_1.csv,3700,f1eceabbfb3a63d01e8b4c582a5348769e21a123f929ad543233c9ee673995eb
raw_result_csv,全部实验数据/shuffleDP_new/shuffleDP_Gplus/robust_strict_RR_increase/ratio_2p5_res_n20000_alg3n_eps1-8_pair-1_itr20-1.csv,data/raw_results/shuffle_dp/shuffledp_gplus/robust_strict_rr_increase/ratio_2p5_res_n20000_alg3n_eps1_8_pair_1_itr20_1.csv,3697,d687644afa856d0a2b09fae8585f2a337792857bedb58e1401431a8ec2c4ae92
raw_result_csv,全部实验数据/shuffleDP_new/shuffleDP_Gplus/robust_strict_RR_increase/ratio_2p5_res_n20000_alg4n_eps1-8_pair-1_itr20-1.csv,data/raw_results/shuffle_dp/shuffledp_gplus/robust_strict_rr_increase/ratio_2p5_res_n20000_alg4n_eps1_8_pair_1_itr20_1.csv,3697,8c11977311d8a47e017bd9553a1ac811b05c3aa65b05894d70c7e83372ad09e3
raw_result_csv,全部实验数据/shuffleDP_new/shuffleDP_Gplus/robust_strict_RR_increase/ratio_5_res_n20000_alg2n_eps1-8_pair-1_itr20-1.csv,data/raw_results/shuffle_dp/shuffledp_gplus/robust_strict_rr_increase/ratio_5_res_n20000_alg2n_eps1_8_pair_1_itr20_1.csv,3701,32967dd08458c4751cdb26657462623cdb0a7f8db738a1af88570905e6ae23f2
raw_result_csv,全部实验数据/shuffleDP_new/shuffleDP_Gplus/robust_strict_RR_increase/ratio_5_res_n20000_alg3n_eps1-8_pair-1_itr20-1.csv,data/raw_results/shuffle_dp/shuffledp_gplus/robust_strict_rr_increase/ratio_5_res_n20000_alg3n_eps1_8_pair_1_itr20_1.csv,3697,983879b418172a3899b00214c63140aafdea331c5942d78e3fac232d92171bdb
raw_result_csv,全部实验数据/shuffleDP_new/shuffleDP_Gplus/robust_strict_RR_increase/ratio_5_res_n20000_alg4n_eps1-8_pair-1_itr20-1.csv,data/raw_results/shuffle_dp/shuffledp_gplus/robust_strict_rr_increase/ratio_5_res_n20000_alg4n_eps1_8_pair_1_itr20_1.csv,3697,82256cf97720f90f08e0f5abedd7ff3ec2375a9790f1b0ba29ddcd302dd4fce3
raw_result_csv,全部实验数据/shuffleDP_new/shuffleDP_Gplus/robust_strict_RR_increase/ratio_7p5_res_n20000_alg2n_eps1-8_pair-1_itr20-1.csv,data/raw_results/shuffle_dp/shuffledp_gplus/robust_strict_rr_increase/ratio_7p5_res_n20000_alg2n_eps1_8_pair_1_itr20_1.csv,3701,996fc37527213da8294e6355fd6384dca44c606da61a7d4c2a82dd8bbe7eb774
raw_result_csv,全部实验数据/shuffleDP_new/shuffleDP_Gplus/robust_strict_RR_increase/ratio_7p5_res_n20000_alg3n_eps1-8_pair-1_itr20-1.csv,data/raw_results/shuffle_dp/shuffledp_gplus/robust_strict_rr_increase/ratio_7p5_res_n20000_alg3n_eps1_8_pair_1_itr20_1.csv,3697,3d8f25b4a47ab59adddfaa8bd995282c856c6d8b7ab3167770f1a2102a1a93bb
raw_result_csv,全部实验数据/shuffleDP_new/shuffleDP_Gplus/robust_strict_RR_increase/ratio_7p5_res_n20000_alg4n_eps1-8_pair-1_itr20-1.csv,data/raw_results/shuffle_dp/shuffledp_gplus/robust_strict_rr_increase/ratio_7p5_res_n20000_alg4n_eps1_8_pair_1_itr20_1.csv,3697,789ae3ffd528ec6bb828b1aa4a3950799a286c7fc127615bde07996dcab565c1
raw_result_csv,全部实验数据/shuffleDP_new/shuffleDP_Gplus/robust_strict_shuffle_decrease/ratio_10_res_n20000_alg2n_eps1-8_pair-1_itr20-1.csv,data/raw_results/shuffle_dp/shuffledp_gplus/robust_strict_shuffle_decrease/ratio_10_res_n20000_alg2n_eps1_8_pair_1_itr20_1.csv,3700,efeb38e30a8a1678282af49d1cc21c1378ceb26727610104ca8d52a313633ce6
raw_result_csv,全部实验数据/shuffleDP_new/shuffleDP_Gplus/robust_strict_shuffle_decrease/ratio_10_res_n20000_alg3n_eps1-8_pair-1_itr20-1.csv,data/raw_results/shuffle_dp/shuffledp_gplus/robust_strict_shuffle_decrease/ratio_10_res_n20000_alg3n_eps1_8_pair_1_itr20_1.csv,3697,bb8b4e4c566983cb95fbfad802ee9eb34ef5469a2912b22408b2865ecc80abac
raw_result_csv,全部实验数据/shuffleDP_new/shuffleDP_Gplus/robust_strict_shuffle_decrease/ratio_10_res_n20000_alg4n_eps1-8_pair-1_itr20-1.csv,data/raw_results/shuffle_dp/shuffledp_gplus/robust_strict_shuffle_decrease/ratio_10_res_n20000_alg4n_eps1_8_pair_1_itr20_1.csv,3698,b586dd70faf447c59457c506e83b2fc688f2fdb55042304de595dfa2dd7ca2ef
raw_result_csv,全部实验数据/shuffleDP_new/shuffleDP_Gplus/robust_strict_shuffle_decrease/ratio_12p5_res_n20000_alg2n_eps1-8_pair-1_itr20-1.csv,data/raw_results/shuffle_dp/shuffledp_gplus/robust_strict_shuffle_decrease/ratio_12p5_res_n20000_alg2n_eps1_8_pair_1_itr20_1.csv,3700,e87032d10428c7caa534791f6b8954e78259c76b6128e91f964e7ded809c4be1
raw_result_csv,全部实验数据/shuffleDP_new/shuffleDP_Gplus/robust_strict_shuffle_decrease/ratio_12p5_res_n20000_alg3n_eps1-8_pair-1_itr20-1.csv,data/raw_results/shuffle_dp/shuffledp_gplus/robust_strict_shuffle_decrease/ratio_12p5_res_n20000_alg3n_eps1_8_pair_1_itr20_1.csv,3697,fcaa6109bffc3e3b54ca8d5002606618a1b69206ff3bfc20a382ea7b09c464d6
raw_result_csv,全部实验数据/shuffleDP_new/shuffleDP_Gplus/robust_strict_shuffle_decrease/ratio_12p5_res_n20000_alg4n_eps1-8_pair-1_itr20-1.csv,data/raw_results/shuffle_dp/shuffledp_gplus/robust_strict_shuffle_decrease/ratio_12p5_res_n20000_alg4n_eps1_8_pair_1_itr20_1.csv,3697,e5f1eb310ad1c8d34bdae9f5befd4a77ae9b61b6e80c8c41c92f1d72ee1ed6fd
raw_result_csv,全部实验数据/shuffleDP_new/shuffleDP_Gplus/robust_strict_shuffle_decrease/ratio_15_res_n20000_alg2n_eps1-8_pair-1_itr20-1.csv,data/raw_results/shuffle_dp/shuffledp_gplus/robust_strict_shuffle_decrease/ratio_15_res_n20000_alg2n_eps1_8_pair_1_itr20_1.csv,3701,88d90db5fb8f87356d8b8386c17aca920a855e7fd8976cd856d4603a3df6a5c0
raw_result_csv,全部实验数据/shuffleDP_new/shuffleDP_Gplus/robust_strict_shuffle_decrease/ratio_15_res_n20000_alg3n_eps1-8_pair-1_itr20-1.csv,data/raw_results/shuffle_dp/shuffledp_gplus/robust_strict_shuffle_decrease/ratio_15_res_n20000_alg3n_eps1_8_pair_1_itr20_1.csv,3697,fa1b4b1025755af09100c6c9b5a1167de0c4e6a884d7f3b076dff90559ab2f30
raw_result_csv,全部实验数据/shuffleDP_new/shuffleDP_Gplus/robust_strict_shuffle_decrease/ratio_15_res_n20000_alg4n_eps1-8_pair-1_itr20-1.csv,data/raw_results/shuffle_dp/shuffledp_gplus/robust_strict_shuffle_decrease/ratio_15_res_n20000_alg4n_eps1_8_pair_1_itr20_1.csv,3697,ab8426ef4284b1afc79d25903c2a596df34b9f84c42a91e457df59cbfd33e2ee
raw_result_csv,全部实验数据/shuffleDP_new/shuffleDP_Gplus/robust_strict_shuffle_decrease/ratio_17p5_res_n20000_alg2n_eps1-8_pair-1_itr20-1.csv,data/raw_results/shuffle_dp/shuffledp_gplus/robust_strict_shuffle_decrease/ratio_17p5_res_n20000_alg2n_eps1_8_pair_1_itr20_1.csv,3702,583f734128bd4615abfa2e2559c3fa4933f40ffead2a5a55630293d15dcb51fb
raw_result_csv,全部实验数据/shuffleDP_new/shuffleDP_Gplus/robust_strict_shuffle_decrease/ratio_17p5_res_n20000_alg3n_eps1-8_pair-1_itr20-1.csv,data/raw_results/shuffle_dp/shuffledp_gplus/robust_strict_shuffle_decrease/ratio_17p5_res_n20000_alg3n_eps1_8_pair_1_itr20_1.csv,3697,6048f325ccd67cc5176353355476b42afeca14ab5af407acab7a8c814a58fcb1
raw_result_csv,全部实验数据/shuffleDP_new/shuffleDP_Gplus/robust_strict_shuffle_decrease/ratio_17p5_res_n20000_alg4n_eps1-8_pair-1_itr20-1.csv,data/raw_results/shuffle_dp/shuffledp_gplus/robust_strict_shuffle_decrease/ratio_17p5_res_n20000_alg4n_eps1_8_pair_1_itr20_1.csv,3697,34beaa64b37fb1601dd0035bbfdfa01521c91f4028beec565033ae6742d3a5f7
raw_result_csv,全部实验数据/shuffleDP_new/shuffleDP_Gplus/robust_strict_shuffle_decrease/ratio_20_res_n20000_alg2n_eps1-8_pair-1_itr20-1.csv,data/raw_results/shuffle_dp/shuffledp_gplus/robust_strict_shuffle_decrease/ratio_20_res_n20000_alg2n_eps1_8_pair_1_itr20_1.csv,3703,6846bc725a87c57e651eb211d94cd8d327ba4aa8b0aa2cfd8ca423ab9cb66af9
raw_result_csv,全部实验数据/shuffleDP_new/shuffleDP_Gplus/robust_strict_shuffle_decrease/ratio_20_res_n20000_alg3n_eps1-8_pair-1_itr20-1.csv,data/raw_results/shuffle_dp/shuffledp_gplus/robust_strict_shuffle_decrease/ratio_20_res_n20000_alg3n_eps1_8_pair_1_itr20_1.csv,3697,bfe6e376b24c75e7b8521b50d6c66fcf54c00795a40141c996cbe25f1e80edb9
raw_result_csv,全部实验数据/shuffleDP_new/shuffleDP_Gplus/robust_strict_shuffle_decrease/ratio_20_res_n20000_alg4n_eps1-8_pair-1_itr20-1.csv,data/raw_results/shuffle_dp/shuffledp_gplus/robust_strict_shuffle_decrease/ratio_20_res_n20000_alg4n_eps1_8_pair_1_itr20_1.csv,3696,c512653ae80e95efd60414b77684ba51772b08d384776d022864cb93c57300c5
raw_result_csv,全部实验数据/shuffleDP_new/shuffleDP_Gplus/robust_strict_shuffle_decrease/ratio_2p5_res_n20000_alg2n_eps1-8_pair-1_itr20-1.csv,data/raw_results/shuffle_dp/shuffledp_gplus/robust_strict_shuffle_decrease/ratio_2p5_res_n20000_alg2n_eps1_8_pair_1_itr20_1.csv,3700,dcf6bc2a0e910925125cdf504f3676ef613571bb7190afea06c1820c5c9590be
raw_result_csv,全部实验数据/shuffleDP_new/shuffleDP_Gplus/robust_strict_shuffle_decrease/ratio_2p5_res_n20000_alg3n_eps1-8_pair-1_itr20-1.csv,data/raw_results/shuffle_dp/shuffledp_gplus/robust_strict_shuffle_decrease/ratio_2p5_res_n20000_alg3n_eps1_8_pair_1_itr20_1.csv,3697,f34f8f53c46cd1716f813315546ff243a19b9f5e982905e47fef3cebb8168ac5
raw_result_csv,全部实验数据/shuffleDP_new/shuffleDP_Gplus/robust_strict_shuffle_decrease/ratio_2p5_res_n20000_alg4n_eps1-8_pair-1_itr20-1.csv,data/raw_results/shuffle_dp/shuffledp_gplus/robust_strict_shuffle_decrease/ratio_2p5_res_n20000_alg4n_eps1_8_pair_1_itr20_1.csv,3697,0db0534cf2da54787aeb0808e20c5e6054737369cf398f16e676f3fe2b360813
raw_result_csv,全部实验数据/shuffleDP_new/shuffleDP_Gplus/robust_strict_shuffle_decrease/ratio_5_res_n20000_alg2n_eps1-8_pair-1_itr20-1.csv,data/raw_results/shuffle_dp/shuffledp_gplus/robust_strict_shuffle_decrease/ratio_5_res_n20000_alg2n_eps1_8_pair_1_itr20_1.csv,3700,ecb31449195a7c2dc95da9de79f0ad2914558e49c3261c7c8e195c28149415b7
raw_result_csv,全部实验数据/shuffleDP_new/shuffleDP_Gplus/robust_strict_shuffle_decrease/ratio_5_res_n20000_alg3n_eps1-8_pair-1_itr20-1.csv,data/raw_results/shuffle_dp/shuffledp_gplus/robust_strict_shuffle_decrease/ratio_5_res_n20000_alg3n_eps1_8_pair_1_itr20_1.csv,3697,c7c0d7790b9249752dfb3416c1499d168a0d9c7cd4cc7a1629fb9c27eda56ca0
raw_result_csv,全部实验数据/shuffleDP_new/shuffleDP_Gplus/robust_strict_shuffle_decrease/ratio_5_res_n20000_alg4n_eps1-8_pair-1_itr20-1.csv,data/raw_results/shuffle_dp/shuffledp_gplus/robust_strict_shuffle_decrease/ratio_5_res_n20000_alg4n_eps1_8_pair_1_itr20_1.csv,3698,7c66a63ae90829942dfcfd5e91eae960988f5555e8f222bda256f2c1f66e6220
raw_result_csv,全部实验数据/shuffleDP_new/shuffleDP_Gplus/robust_strict_shuffle_decrease/ratio_7p5_res_n20000_alg2n_eps1-8_pair-1_itr20-1.csv,data/raw_results/shuffle_dp/shuffledp_gplus/robust_strict_shuffle_decrease/ratio_7p5_res_n20000_alg2n_eps1_8_pair_1_itr20_1.csv,3701,c95da3b8023e437117c170a55d528215a5bf6f1b5dce7742f6eab98bca7e2b67
raw_result_csv,全部实验数据/shuffleDP_new/shuffleDP_Gplus/robust_strict_shuffle_decrease/ratio_7p5_res_n20000_alg3n_eps1-8_pair-1_itr20-1.csv,data/raw_results/shuffle_dp/shuffledp_gplus/robust_strict_shuffle_decrease/ratio_7p5_res_n20000_alg3n_eps1_8_pair_1_itr20_1.csv,3697,8c50e5e8ef190e151d335b4b4f998b0af32560a42f3aeaf11d4604d7dff1f486
raw_result_csv,全部实验数据/shuffleDP_new/shuffleDP_Gplus/robust_strict_shuffle_decrease/ratio_7p5_res_n20000_alg4n_eps1-8_pair-1_itr20-1.csv,data/raw_results/shuffle_dp/shuffledp_gplus/robust_strict_shuffle_decrease/ratio_7p5_res_n20000_alg4n_eps1_8_pair_1_itr20_1.csv,3698,c556f5a059bc5212c702015922edf732415f805c6333fac940bf702de3dc43a9
raw_result_csv,全部实验数据/shuffleDP_new/shuffleDP_Gplus/robust_strict_shuffle_increase/ratio_10_res_n20000_alg2n_eps1-8_pair-1_itr20-1.csv,data/raw_results/shuffle_dp/shuffledp_gplus/robust_strict_shuffle_increase/ratio_10_res_n20000_alg2n_eps1_8_pair_1_itr20_1.csv,3709,f8958a3190caf4ff73476592c90f7ec1460541afbf138f2dcf57712d9a43b4ff
raw_result_csv,全部实验数据/shuffleDP_new/shuffleDP_Gplus/robust_strict_shuffle_increase/ratio_10_res_n20000_alg3n_eps1-8_pair-1_itr20-1.csv,data/raw_results/shuffle_dp/shuffledp_gplus/robust_strict_shuffle_increase/ratio_10_res_n20000_alg3n_eps1_8_pair_1_itr20_1.csv,3700,7b175c21a6ab44dd003d132c312283bf845c8f5b7abe1017c9ba903b44cf6be8
raw_result_csv,全部实验数据/shuffleDP_new/shuffleDP_Gplus/robust_strict_shuffle_increase/ratio_10_res_n20000_alg4n_eps1-8_pair-1_itr20-1.csv,data/raw_results/shuffle_dp/shuffledp_gplus/robust_strict_shuffle_increase/ratio_10_res_n20000_alg4n_eps1_8_pair_1_itr20_1.csv,3704,fcd5fa83bad83c76a981aff917d2e837c36e7ae38b6b88aa6cfdc3e9b7b25ab0
raw_result_csv,全部实验数据/shuffleDP_new/shuffleDP_Gplus/robust_strict_shuffle_increase/ratio_12p5_res_n20000_alg2n_eps1-8_pair-1_itr20-1.csv,data/raw_results/shuffle_dp/shuffledp_gplus/robust_strict_shuffle_increase/ratio_12p5_res_n20000_alg2n_eps1_8_pair_1_itr20_1.csv,3709,8a5fa52bc393e9c4e4ad83cde5f485d7198a6b1866b8abebce356d0a2140204c
raw_result_csv,全部实验数据/shuffleDP_new/shuffleDP_Gplus/robust_strict_shuffle_increase/ratio_12p5_res_n20000_alg3n_eps1-8_pair-1_itr20-1.csv,data/raw_results/shuffle_dp/shuffledp_gplus/robust_strict_shuffle_increase/ratio_12p5_res_n20000_alg3n_eps1_8_pair_1_itr20_1.csv,3700,2757559773d67eac5af143072eb46c6c20ea69f70c7faa22ba2201df45991f9d
raw_result_csv,全部实验数据/shuffleDP_new/shuffleDP_Gplus/robust_strict_shuffle_increase/ratio_12p5_res_n20000_alg4n_eps1-8_pair-1_itr20-1.csv,data/raw_results/shuffle_dp/shuffledp_gplus/robust_strict_shuffle_increase/ratio_12p5_res_n20000_alg4n_eps1_8_pair_1_itr20_1.csv,3706,91c801824179658a992d8be59d46a448411d0fdec03d6bda64e7109b8f14177e
raw_result_csv,全部实验数据/shuffleDP_new/shuffleDP_Gplus/robust_strict_shuffle_increase/ratio_15_res_n20000_alg2n_eps1-8_pair-1_itr20-1.csv,data/raw_results/shuffle_dp/shuffledp_gplus/robust_strict_shuffle_increase/ratio_15_res_n20000_alg2n_eps1_8_pair_1_itr20_1.csv,3701,d8c7f542eb47eaedece921d3ae615a428ef314953c5218776f0ad88e3dd6402b
raw_result_csv,全部实验数据/shuffleDP_new/shuffleDP_Gplus/robust_strict_shuffle_increase/ratio_15_res_n20000_alg3n_eps1-8_pair-1_itr20-1.csv,data/raw_results/shuffle_dp/shuffledp_gplus/robust_strict_shuffle_increase/ratio_15_res_n20000_alg3n_eps1_8_pair_1_itr20_1.csv,3706,271460320dab43ff42a0fe4751b5d2bc14c46a797e0179c402c2f34b4a448477
raw_result_csv,全部实验数据/shuffleDP_new/shuffleDP_Gplus/robust_strict_shuffle_increase/ratio_15_res_n20000_alg4n_eps1-8_pair-1_itr20-1.csv,data/raw_results/shuffle_dp/shuffledp_gplus/robust_strict_shuffle_increase/ratio_15_res_n20000_alg4n_eps1_8_pair_1_itr20_1.csv,3706,c4a6ae42cbf7c1592093b091b3d2f67516773c9e9261f40aea656ca983a788f1
raw_result_csv,全部实验数据/shuffleDP_new/shuffleDP_Gplus/robust_strict_shuffle_increase/ratio_17p5_res_n20000_alg2n_eps1-8_pair-1_itr20-1.csv,data/raw_results/shuffle_dp/shuffledp_gplus/robust_strict_shuffle_increase/ratio_17p5_res_n20000_alg2n_eps1_8_pair_1_itr20_1.csv,3701,4b72e1022ddf66e26a6d0d0f8de2fe2c76fb087c5a76d38d945f4fbbcac91ce6
raw_result_csv,全部实验数据/shuffleDP_new/shuffleDP_Gplus/robust_strict_shuffle_increase/ratio_17p5_res_n20000_alg3n_eps1-8_pair-1_itr20-1.csv,data/raw_results/shuffle_dp/shuffledp_gplus/robust_strict_shuffle_increase/ratio_17p5_res_n20000_alg3n_eps1_8_pair_1_itr20_1.csv,3704,f7a4506917566e5cbbaa7958ebcd222d26599915e6789d8f02cfb76317e17dda
raw_result_csv,全部实验数据/shuffleDP_new/shuffleDP_Gplus/robust_strict_shuffle_increase/ratio_17p5_res_n20000_alg4n_eps1-8_pair-1_itr20-1.csv,data/raw_results/shuffle_dp/shuffledp_gplus/robust_strict_shuffle_increase/ratio_17p5_res_n20000_alg4n_eps1_8_pair_1_itr20_1.csv,3706,aaff934ac54306e61b19c4ef07bb31469948f8d9fe21ab7a9e5b0159123761ae
raw_result_csv,全部实验数据/shuffleDP_new/shuffleDP_Gplus/robust_strict_shuffle_increase/ratio_20_res_n20000_alg2n_eps1-8_pair-1_itr20-1.csv,data/raw_results/shuffle_dp/shuffledp_gplus/robust_strict_shuffle_increase/ratio_20_res_n20000_alg2n_eps1_8_pair_1_itr20_1.csv,3700,2f98b993b5d9b6a4e12fbc007ab56d69585b06d20ff856f22100c25b689b75b3
raw_result_csv,全部实验数据/shuffleDP_new/shuffleDP_Gplus/robust_strict_shuffle_increase/ratio_20_res_n20000_alg3n_eps1-8_pair-1_itr20-1.csv,data/raw_results/shuffle_dp/shuffledp_gplus/robust_strict_shuffle_increase/ratio_20_res_n20000_alg3n_eps1_8_pair_1_itr20_1.csv,3705,e6acdce66c448b11be7fbfb44bbdc048955ff4d535b7cb559db4769a823edd15
raw_result_csv,全部实验数据/shuffleDP_new/shuffleDP_Gplus/robust_strict_shuffle_increase/ratio_20_res_n20000_alg4n_eps1-8_pair-1_itr20-1.csv,data/raw_results/shuffle_dp/shuffledp_gplus/robust_strict_shuffle_increase/ratio_20_res_n20000_alg4n_eps1_8_pair_1_itr20_1.csv,3705,a97f0388207397fe3c8f27aef1734a0a847e50dd0e77403e42a2737439b7696e
raw_result_csv,全部实验数据/shuffleDP_new/shuffleDP_Gplus/robust_strict_shuffle_increase/ratio_2p5_res_n20000_alg2n_eps1-8_pair-1_itr20-1.csv,data/raw_results/shuffle_dp/shuffledp_gplus/robust_strict_shuffle_increase/ratio_2p5_res_n20000_alg2n_eps1_8_pair_1_itr20_1.csv,3702,7b8f4ea0ff4c866ad4a8baf716d0157d11efec211f813d56a422cda491920ab3
raw_result_csv,全部实验数据/shuffleDP_new/shuffleDP_Gplus/robust_strict_shuffle_increase/ratio_2p5_res_n20000_alg3n_eps1-8_pair-1_itr20-1.csv,data/raw_results/shuffle_dp/shuffledp_gplus/robust_strict_shuffle_increase/ratio_2p5_res_n20000_alg3n_eps1_8_pair_1_itr20_1.csv,3697,1f221523ea5fb370a3945500c9a3f2147bc11337e384d43b584149645e0788b1
raw_result_csv,全部实验数据/shuffleDP_new/shuffleDP_Gplus/robust_strict_shuffle_increase/ratio_2p5_res_n20000_alg4n_eps1-8_pair-1_itr20-1.csv,data/raw_results/shuffle_dp/shuffledp_gplus/robust_strict_shuffle_increase/ratio_2p5_res_n20000_alg4n_eps1_8_pair_1_itr20_1.csv,3697,4a9be52aea0251819b8e87e18127e77ad4fe291e05a3bda67cf2a3bfef66ca0c
raw_result_csv,全部实验数据/shuffleDP_new/shuffleDP_Gplus/robust_strict_shuffle_increase/ratio_5_res_n20000_alg2n_eps1-8_pair-1_itr20-1.csv,data/raw_results/shuffle_dp/shuffledp_gplus/robust_strict_shuffle_increase/ratio_5_res_n20000_alg2n_eps1_8_pair_1_itr20_1.csv,3704,630135766d998210bf97ca29ebf4bed1e05f95bc7ff11fc0a738db0bf74b08eb
raw_result_csv,全部实验数据/shuffleDP_new/shuffleDP_Gplus/robust_strict_shuffle_increase/ratio_5_res_n20000_alg3n_eps1-8_pair-1_itr20-1.csv,data/raw_results/shuffle_dp/shuffledp_gplus/robust_strict_shuffle_increase/ratio_5_res_n20000_alg3n_eps1_8_pair_1_itr20_1.csv,3697,3aacd11fbba787c34c5b2d2185f315142d49b5e92e3861397cf268df252a7c43
raw_result_csv,全部实验数据/shuffleDP_new/shuffleDP_Gplus/robust_strict_shuffle_increase/ratio_5_res_n20000_alg4n_eps1-8_pair-1_itr20-1.csv,data/raw_results/shuffle_dp/shuffledp_gplus/robust_strict_shuffle_increase/ratio_5_res_n20000_alg4n_eps1_8_pair_1_itr20_1.csv,3697,20d2b7b5b9f5f1b1bd839f2d998b07c19172e9edd5772909144b54b599db1c21
raw_result_csv,全部实验数据/shuffleDP_new/shuffleDP_Gplus/robust_strict_shuffle_increase/ratio_7p5_res_n20000_alg2n_eps1-8_pair-1_itr20-1.csv,data/raw_results/shuffle_dp/shuffledp_gplus/robust_strict_shuffle_increase/ratio_7p5_res_n20000_alg2n_eps1_8_pair_1_itr20_1.csv,3708,441c38ff6c6747b5bb2ac91ca4f1726df6b9649cf079469e67379ec17b500952
raw_result_csv,全部实验数据/shuffleDP_new/shuffleDP_Gplus/robust_strict_shuffle_increase/ratio_7p5_res_n20000_alg3n_eps1-8_pair-1_itr20-1.csv,data/raw_results/shuffle_dp/shuffledp_gplus/robust_strict_shuffle_increase/ratio_7p5_res_n20000_alg3n_eps1_8_pair_1_itr20_1.csv,3700,69be79c6175c8fbff175587a0c7a97586ff9eeae792f636248e2c77d0bd97eb1
raw_result_csv,全部实验数据/shuffleDP_new/shuffleDP_Gplus/robust_strict_shuffle_increase/ratio_7p5_res_n20000_alg4n_eps1-8_pair-1_itr20-1.csv,data/raw_results/shuffle_dp/shuffledp_gplus/robust_strict_shuffle_increase/ratio_7p5_res_n20000_alg4n_eps1_8_pair_1_itr20_1.csv,3705,e9f88d7b0683c34c08c7c5eff4efbac9fb991db9c51e4b85b75d57a99f964c93
raw_result_csv,全部实验数据/shuffle DP/IMDB/robust_strict_original_decrease/ratio_10_res_n20000_alg2n_eps1-8_pair-1_itr20-1.csv,data/raw_results/shuffle_dp_legacy/imdb/robust_strict_original_decrease/ratio_10_res_n20000_alg2n_eps1_8_pair_1_itr20_1.csv,3684,a9d191e5ddea8ac905fc55eef4d90f000b5b71c92d71d2d3d3c2ac3a2e09abd1
raw_result_csv,全部实验数据/shuffle DP/IMDB/robust_strict_original_decrease/ratio_10_res_n20000_alg3n_eps1-8_pair-1_itr20-1.csv,data/raw_results/shuffle_dp_legacy/imdb/robust_strict_original_decrease/ratio_10_res_n20000_alg3n_eps1_8_pair_1_itr20_1.csv,3687,9060a464ba52a7665b715fe44a1fc5bcb2be35a9b11741b0b382865512f153d6
raw_result_csv,全部实验数据/shuffle DP/IMDB/robust_strict_original_decrease/ratio_10_res_n20000_alg4n_eps1-8_pair-1_itr20-1.csv,data/raw_results/shuffle_dp_legacy/imdb/robust_strict_original_decrease/ratio_10_res_n20000_alg4n_eps1_8_pair_1_itr20_1.csv,3680,5d3519f0a0f1dc34dcd4a820614dbc02fe23b7576f1c1758efec565103bb6b5c
raw_result_csv,全部实验数据/shuffle DP/IMDB/robust_strict_original_decrease/ratio_15_res_n20000_alg2n_eps1-8_pair-1_itr20-1.csv,data/raw_results/shuffle_dp_legacy/imdb/robust_strict_original_decrease/ratio_15_res_n20000_alg2n_eps1_8_pair_1_itr20_1.csv,3684,07244be56e4e65839b21e52428f625937fa8888a558102355dfbdaa53d77e4f9
raw_result_csv,全部实验数据/shuffle DP/IMDB/robust_strict_original_decrease/ratio_15_res_n20000_alg3n_eps1-8_pair-1_itr20-1.csv,data/raw_results/shuffle_dp_legacy/imdb/robust_strict_original_decrease/ratio_15_res_n20000_alg3n_eps1_8_pair_1_itr20_1.csv,3687,18b0cf80d1f1f6ff1d885cfa365617f71bb56ca4bc18b5e5d8d423f41d3b00d4
raw_result_csv,全部实验数据/shuffle DP/IMDB/robust_strict_original_decrease/ratio_15_res_n20000_alg4n_eps1-8_pair-1_itr20-1.csv,data/raw_results/shuffle_dp_legacy/imdb/robust_strict_original_decrease/ratio_15_res_n20000_alg4n_eps1_8_pair_1_itr20_1.csv,3680,815a4221571f2b8768a9c71843a01899deec5a9cf94c13b45c855aeaa7d0f296
raw_result_csv,全部实验数据/shuffle DP/IMDB/robust_strict_original_decrease/ratio_20_res_n20000_alg2n_eps1-8_pair-1_itr20-1.csv,data/raw_results/shuffle_dp_legacy/imdb/robust_strict_original_decrease/ratio_20_res_n20000_alg2n_eps1_8_pair_1_itr20_1.csv,3684,6eaf07946930adc50d2b1929c5eff6e8bc30bdd771e039bb517d73908c3ea212
raw_result_csv,全部实验数据/shuffle DP/IMDB/robust_strict_original_decrease/ratio_20_res_n20000_alg3n_eps1-8_pair-1_itr20-1.csv,data/raw_results/shuffle_dp_legacy/imdb/robust_strict_original_decrease/ratio_20_res_n20000_alg3n_eps1_8_pair_1_itr20_1.csv,3686,ba1a225af0bbb9f14c7d3bab468ae62d3df4ba6c757066897a692793c333c20f
raw_result_csv,全部实验数据/shuffle DP/IMDB/robust_strict_original_decrease/ratio_20_res_n20000_alg4n_eps1-8_pair-1_itr20-1.csv,data/raw_results/shuffle_dp_legacy/imdb/robust_strict_original_decrease/ratio_20_res_n20000_alg4n_eps1_8_pair_1_itr20_1.csv,3680,5c7414d858e6b8d65e7870c55a5ee1f5fb3ba7f8fba2d492bc299b15b09bb5fb
raw_result_csv,全部实验数据/shuffle DP/IMDB/robust_strict_original_decrease/ratio_5_res_n20000_alg2n_eps1-8_pair-1_itr20-1.csv,data/raw_results/shuffle_dp_legacy/imdb/robust_strict_original_decrease/ratio_5_res_n20000_alg2n_eps1_8_pair_1_itr20_1.csv,3684,80813041ecef090066f74826e90d7ffad3c2de17808e2f5ef4105f5ced1dd7da
raw_result_csv,全部实验数据/shuffle DP/IMDB/robust_strict_original_decrease/ratio_5_res_n20000_alg3n_eps1-8_pair-1_itr20-1.csv,data/raw_results/shuffle_dp_legacy/imdb/robust_strict_original_decrease/ratio_5_res_n20000_alg3n_eps1_8_pair_1_itr20_1.csv,3686,7cdbc8027adec04316f610b6c304db54f9b564e72d56adc257a80497e35d0aef
raw_result_csv,全部实验数据/shuffle DP/IMDB/robust_strict_original_decrease/ratio_5_res_n20000_alg4n_eps1-8_pair-1_itr20-1.csv,data/raw_results/shuffle_dp_legacy/imdb/robust_strict_original_decrease/ratio_5_res_n20000_alg4n_eps1_8_pair_1_itr20_1.csv,3680,fb4556d53f7285b0a1f17bdbbc97afa5d8bcc4cc054b1d27aa1bb0c6036b6a6c
raw_result_csv,全部实验数据/shuffle DP/IMDB/robust_strict_original_increase/ratio_10_res_n20000_alg2n_eps1-8_pair-1_itr20-1.csv,data/raw_results/shuffle_dp_legacy/imdb/robust_strict_original_increase/ratio_10_res_n20000_alg2n_eps1_8_pair_1_itr20_1.csv,3696,e8e16ba1db6db70e5e96800c364572fd5d4581a740804608e2f4fada2312e503
raw_result_csv,全部实验数据/shuffle DP/IMDB/robust_strict_original_increase/ratio_10_res_n20000_alg3n_eps1-8_pair-1_itr20-1.csv,data/raw_results/shuffle_dp_legacy/imdb/robust_strict_original_increase/ratio_10_res_n20000_alg3n_eps1_8_pair_1_itr20_1.csv,3696,88fc9b8b5dc204cca6e9b2174f522b05ec677bcf19c2078320ef059cc60fe25f
raw_result_csv,全部实验数据/shuffle DP/IMDB/robust_strict_original_increase/ratio_10_res_n20000_alg4n_eps1-8_pair-1_itr20-1.csv,data/raw_results/shuffle_dp_legacy/imdb/robust_strict_original_increase/ratio_10_res_n20000_alg4n_eps1_8_pair_1_itr20_1.csv,3696,3e7ed443660495a345919550045bba030b923d1299774f8558dc173ad8015725
raw_result_csv,全部实验数据/shuffle DP/IMDB/robust_strict_original_increase/ratio_15_res_n20000_alg2n_eps1-8_pair-1_itr20-1.csv,data/raw_results/shuffle_dp_legacy/imdb/robust_strict_original_increase/ratio_15_res_n20000_alg2n_eps1_8_pair_1_itr20_1.csv,3696,e7a9afc39080e94edbfd6d6ad776b8f4e0875590214a02a852aec323da5f8642
raw_result_csv,全部实验数据/shuffle DP/IMDB/robust_strict_original_increase/ratio_15_res_n20000_alg3n_eps1-8_pair-1_itr20-1.csv,data/raw_results/shuffle_dp_legacy/imdb/robust_strict_original_increase/ratio_15_res_n20000_alg3n_eps1_8_pair_1_itr20_1.csv,3696,82f734c980c14fdba938300e50225561719f529664ebba9a53b077cb939f3738
raw_result_csv,全部实验数据/shuffle DP/IMDB/robust_strict_original_increase/ratio_15_res_n20000_alg4n_eps1-8_pair-1_itr20-1.csv,data/raw_results/shuffle_dp_legacy/imdb/robust_strict_original_increase/ratio_15_res_n20000_alg4n_eps1_8_pair_1_itr20_1.csv,3696,4bd8326d4cd7448df0d40e259f94702c4257838f961b07fa8c8bcdc82fad153c
raw_result_csv,全部实验数据/shuffle DP/IMDB/robust_strict_original_increase/ratio_20_res_n20000_alg2n_eps1-8_pair-1_itr20-1.csv,data/raw_results/shuffle_dp_legacy/imdb/robust_strict_original_increase/ratio_20_res_n20000_alg2n_eps1_8_pair_1_itr20_1.csv,3696,1cb4088b03d8b576294be6f28eaf7e8584c2133a141b557b370c16896e79ffe4
raw_result_csv,全部实验数据/shuffle DP/IMDB/robust_strict_original_increase/ratio_20_res_n20000_alg3n_eps1-8_pair-1_itr20-1.csv,data/raw_results/shuffle_dp_legacy/imdb/robust_strict_original_increase/ratio_20_res_n20000_alg3n_eps1_8_pair_1_itr20_1.csv,3696,adca9ded74aa22bd06b069a76398b6008d932448535b5f08800ae41215c733ea
raw_result_csv,全部实验数据/shuffle DP/IMDB/robust_strict_original_increase/ratio_20_res_n20000_alg4n_eps1-8_pair-1_itr20-1.csv,data/raw_results/shuffle_dp_legacy/imdb/robust_strict_original_increase/ratio_20_res_n20000_alg4n_eps1_8_pair_1_itr20_1.csv,3696,8aade3880d9ae4f217010c46c7bb8a51de6e085d9e365c8210077dc80940732f
raw_result_csv,全部实验数据/shuffle DP/IMDB/robust_strict_original_increase/ratio_5_res_n20000_alg2n_eps1-8_pair-1_itr20-1.csv,data/raw_results/shuffle_dp_legacy/imdb/robust_strict_original_increase/ratio_5_res_n20000_alg2n_eps1_8_pair_1_itr20_1.csv,3696,fabe0f3fe4f3a99460038fdbf533083a025098a17e884b1a7c59dc671c298620
raw_result_csv,全部实验数据/shuffle DP/IMDB/robust_strict_original_increase/ratio_5_res_n20000_alg3n_eps1-8_pair-1_itr20-1.csv,data/raw_results/shuffle_dp_legacy/imdb/robust_strict_original_increase/ratio_5_res_n20000_alg3n_eps1_8_pair_1_itr20_1.csv,3696,38124fba9717a35f32db63a23a6644869dbee048b1f4347ec9e7291cf9db9d9b
raw_result_csv,全部实验数据/shuffle DP/IMDB/robust_strict_original_increase/ratio_5_res_n20000_alg4n_eps1-8_pair-1_itr20-1.csv,data/raw_results/shuffle_dp_legacy/imdb/robust_strict_original_increase/ratio_5_res_n20000_alg4n_eps1_8_pair_1_itr20_1.csv,3696,7473a2bb39cac1bf01e2babd4c8d59fbcb580eb1fd7fb90efe05a28ad50f7534
raw_result_csv,全部实验数据/shuffle DP/IMDB/修改原始数据增加数量/res_n20000_alg2n_eps1-8_pair-1_itr20-1.csv,data/raw_results/shuffle_dp_legacy/imdb/original_increase/res_n20000_alg2n_eps1_8_pair_1_itr20_1.csv,3696,104da10e690a9d261ba5fc3d6ba9182c77aae913b045c5457f3d7d7a5f91dc51
raw_result_csv,全部实验数据/shuffle DP/IMDB/修改原始数据增加数量/res_n20000_alg3n_eps1-8_pair-1_itr20-1.csv,data/raw_results/shuffle_dp_legacy/imdb/original_increase/res_n20000_alg3n_eps1_8_pair_1_itr20_1.csv,3696,0602e73ead48911c5c6f173b49c6af2ff6f053eba764bc34404f4c8f3f8c6b6b
raw_result_csv,全部实验数据/shuffle DP/IMDB/修改原始数据增加数量/res_n20000_alg4n_eps1-8_pair-1_itr20-1.csv,data/raw_results/shuffle_dp_legacy/imdb/original_increase/res_n20000_alg4n_eps1_8_pair_1_itr20_1.csv,3696,f2aa58556582c1b332d98526759c2bada957f63b8218936dc04a474267e896ec
raw_result_csv,全部实验数据/shuffle DP/IMDB/修改原始数据增加数量/res_n20000_alg5_eps1-8_pair-1_itr20-1.csv,data/raw_results/shuffle_dp_legacy/imdb/original_increase/res_n20000_alg5_eps1_8_pair_1_itr20_1.csv,3696,9281631fb3040ab86c1bc05a3b6d154ceded1804974e653209eb276d7281e68f
raw_result_csv,全部实验数据/shuffle DP/IMDB/修改原始数据增加数量/res_n20000_alg6-0.1_eps1-8_pair-1_itr20-1.csv,data/raw_results/shuffle_dp_legacy/imdb/original_increase/res_n20000_alg6_0p1_eps1_8_pair_1_itr20_1.csv,3703,77f66fed2744dfd99c85d8b989c8222b8ea79b5b80a391fae81368089c6d5f36
raw_result_csv,全部实验数据/shuffle DP/IMDB/修改原始数据增加数量/res_n20000_alg8n_eps1-8_pair-1_itr20-1.csv,data/raw_results/shuffle_dp_legacy/imdb/original_increase/res_n20000_alg8n_eps1_8_pair_1_itr20_1.csv,1456,7bc62d26ec5201f11b504ab7f47c26516c8753e947be2194d3e463b80302838a
raw_result_csv,全部实验数据/shuffle DP/IMDB/修改原始数据增加数量/res_n20000_alg9_eps1-8_pair-1_itr20-1.csv,data/raw_results/shuffle_dp_legacy/imdb/original_increase/res_n20000_alg9_eps1_8_pair_1_itr20_1.csv,1456,dcdd1eb7fbafb6c46bfee6362adab993859139c28bfdf96afc9caf669beb120f
raw_result_csv,全部实验数据/shuffle DP/IMDB/原始数据/res_n20000_alg2n_eps1-8_pair-1_itr20-1.csv,data/raw_results/shuffle_dp_legacy/imdb/clean_baseline/res_n20000_alg2n_eps1_8_pair_1_itr20_1.csv,3684,aef56cbdd1b564719decf183387d0d7d5cdb33c608cde82b50d64465058d9e8a
raw_result_csv,全部实验数据/shuffle DP/IMDB/原始数据/res_n20000_alg3n_eps1-8_pair-1_itr20-1.csv,data/raw_results/shuffle_dp_legacy/imdb/clean_baseline/res_n20000_alg3n_eps1_8_pair_1_itr20_1.csv,3686,26679890ba43fe9590f6e2486a35b18fdabb883266f61dfb6f2c3689ca09aec0
raw_result_csv,全部实验数据/shuffle DP/IMDB/原始数据/res_n20000_alg4n_eps1-8_pair-1_itr20-1.csv,data/raw_results/shuffle_dp_legacy/imdb/clean_baseline/res_n20000_alg4n_eps1_8_pair_1_itr20_1.csv,3681,723e9a4bc31292010deaf2c03e6be46e2ca4d95d9fe17c3d5a9c4fefd05b93ed
raw_result_csv,全部实验数据/shuffle DP/IMDB/原始数据/res_n20000_alg5_eps1-8_pair-1_itr20-1.csv,data/raw_results/shuffle_dp_legacy/imdb/clean_baseline/res_n20000_alg5_eps1_8_pair_1_itr20_1.csv,3680,1680b0f34fa1e31fd3511725e0d3f05200d6a1d17f0f980eb5dd81198e40624a
raw_result_csv,全部实验数据/shuffle DP/IMDB/原始数据/res_n20000_alg6-0.1_eps1-8_pair-1_itr20-1.csv,data/raw_results/shuffle_dp_legacy/imdb/clean_baseline/res_n20000_alg6_0p1_eps1_8_pair_1_itr20_1.csv,3688,f138b3311cf12c2cd077a149a0ee448d3935edb60401f5afc3e348d4984f8890
raw_result_csv,全部实验数据/shuffle DP/IMDB/原始数据/res_n20000_alg8n_eps1-8_pair-1_itr20-1.csv,data/raw_results/shuffle_dp_legacy/imdb/clean_baseline/res_n20000_alg8n_eps1_8_pair_1_itr20_1.csv,1449,0689babf31191f8468fd90ffdcef634a1bd4ad2be0a1005a416ae068c131bf4b
raw_result_csv,全部实验数据/shuffle DP/IMDB/原始数据/res_n20000_alg9_eps1-8_pair-1_itr20-1.csv,data/raw_results/shuffle_dp_legacy/imdb/clean_baseline/res_n20000_alg9_eps1_8_pair_1_itr20_1.csv,1445,e928096aca3164b5c86ba2c94c71e1f5bdd9ba2a780f9d16dbd44e0ea060324a
raw_result_csv,全部实验数据/shuffle DP/Gplus/robust_strict_original_decrease/ratio_10_res_n20000_alg2n_eps1-8_pair-1_itr20-1.csv,data/raw_results/shuffle_dp_legacy/gplus/robust_strict_original_decrease/ratio_10_res_n20000_alg2n_eps1_8_pair_1_itr20_1.csv,3700,6aadff379f2dc842211a53e997a522f9c356a542288576dc91b6c7949505baa8
raw_result_csv,全部实验数据/shuffle DP/Gplus/robust_strict_original_decrease/ratio_10_res_n20000_alg3n_eps1-8_pair-1_itr20-1.csv,data/raw_results/shuffle_dp_legacy/gplus/robust_strict_original_decrease/ratio_10_res_n20000_alg3n_eps1_8_pair_1_itr20_1.csv,3697,0cc65b3835e7b93b6eaabfe2542cd342f1c1080bf6bcb233f6d518a7927a9d5a
raw_result_csv,全部实验数据/shuffle DP/Gplus/robust_strict_original_decrease/ratio_10_res_n20000_alg4n_eps1-8_pair-1_itr20-1.csv,data/raw_results/shuffle_dp_legacy/gplus/robust_strict_original_decrease/ratio_10_res_n20000_alg4n_eps1_8_pair_1_itr20_1.csv,3697,ea922c45e145d55ef7d00020350700a68c2d20b9f41e840b43f5d2e6e3c654c2
raw_result_csv,全部实验数据/shuffle DP/Gplus/robust_strict_original_decrease/ratio_15_res_n20000_alg2n_eps1-8_pair-1_itr20-1.csv,data/raw_results/shuffle_dp_legacy/gplus/robust_strict_original_decrease/ratio_15_res_n20000_alg2n_eps1_8_pair_1_itr20_1.csv,3701,b60f3da9bc0374fe385a1c0fa73829796128ee34b45858c92d0f6aab0ccce5c0
raw_result_csv,全部实验数据/shuffle DP/Gplus/robust_strict_original_decrease/ratio_15_res_n20000_alg3n_eps1-8_pair-1_itr20-1.csv,data/raw_results/shuffle_dp_legacy/gplus/robust_strict_original_decrease/ratio_15_res_n20000_alg3n_eps1_8_pair_1_itr20_1.csv,3697,9605b90266961fef14cd8ebb208366103eeb0e71a01f16c62df0e4fcc1cd3159
raw_result_csv,全部实验数据/shuffle DP/Gplus/robust_strict_original_decrease/ratio_15_res_n20000_alg4n_eps1-8_pair-1_itr20-1.csv,data/raw_results/shuffle_dp_legacy/gplus/robust_strict_original_decrease/ratio_15_res_n20000_alg4n_eps1_8_pair_1_itr20_1.csv,3697,4d4b279e32ffff0da99b62cd6773ebd4f2e3449b7537c703e01b2f505b1283e2
raw_result_csv,全部实验数据/shuffle DP/Gplus/robust_strict_original_decrease/ratio_20_res_n20000_alg2n_eps1-8_pair-1_itr20-1.csv,data/raw_results/shuffle_dp_legacy/gplus/robust_strict_original_decrease/ratio_20_res_n20000_alg2n_eps1_8_pair_1_itr20_1.csv,3702,01e7edd3a5cd90a05b4341ad1e77601bcc4cc72f7183c6e65ea062c0c1a169f4
raw_result_csv,全部实验数据/shuffle DP/Gplus/robust_strict_original_decrease/ratio_20_res_n20000_alg3n_eps1-8_pair-1_itr20-1.csv,data/raw_results/shuffle_dp_legacy/gplus/robust_strict_original_decrease/ratio_20_res_n20000_alg3n_eps1_8_pair_1_itr20_1.csv,3697,c7c9cf0adc2ca453d9ed935c87a049e61eaadd7c26d6497c03c1fb6f8bd659f7
raw_result_csv,全部实验数据/shuffle DP/Gplus/robust_strict_original_decrease/ratio_20_res_n20000_alg4n_eps1-8_pair-1_itr20-1.csv,data/raw_results/shuffle_dp_legacy/gplus/robust_strict_original_decrease/ratio_20_res_n20000_alg4n_eps1_8_pair_1_itr20_1.csv,3698,0b676b591900e69daea99903f9d5e3d625400c3d487be214a19426354f92dbfd
raw_result_csv,全部实验数据/shuffle DP/Gplus/robust_strict_original_decrease/ratio_5_res_n20000_alg2n_eps1-8_pair-1_itr20-1.csv,data/raw_results/shuffle_dp_legacy/gplus/robust_strict_original_decrease/ratio_5_res_n20000_alg2n_eps1_8_pair_1_itr20_1.csv,3700,c4392e59fd61f0e2fe0d1a5cbcdecf7bbf6860a403c37d410430620c4ccc88a2
raw_result_csv,全部实验数据/shuffle DP/Gplus/robust_strict_original_decrease/ratio_5_res_n20000_alg3n_eps1-8_pair-1_itr20-1.csv,data/raw_results/shuffle_dp_legacy/gplus/robust_strict_original_decrease/ratio_5_res_n20000_alg3n_eps1_8_pair_1_itr20_1.csv,3697,6dcf62188fdc126d49f280bd31d7ebf499c79ebbda899fdd3aed665f680f252e
raw_result_csv,全部实验数据/shuffle DP/Gplus/robust_strict_original_decrease/ratio_5_res_n20000_alg4n_eps1-8_pair-1_itr20-1.csv,data/raw_results/shuffle_dp_legacy/gplus/robust_strict_original_decrease/ratio_5_res_n20000_alg4n_eps1_8_pair_1_itr20_1.csv,3697,188703de9f7cede57a540749e055c6791961dbed6f41746a4f8ce2c07a13aa94
raw_result_csv,全部实验数据/shuffle DP/Gplus/robust_strict_original_increase/ratio_10_res_n20000_alg2n_eps1-8_pair-1_itr20-1.csv,data/raw_results/shuffle_dp_legacy/gplus/robust_strict_original_increase/ratio_10_res_n20000_alg2n_eps1_8_pair_1_itr20_1.csv,3696,4bcfe736758fb1b2bc02048b4acfd5a2019274444abe4bc00cb39917d4e90a4f
raw_result_csv,全部实验数据/shuffle DP/Gplus/robust_strict_original_increase/ratio_10_res_n20000_alg3n_eps1-8_pair-1_itr20-1.csv,data/raw_results/shuffle_dp_legacy/gplus/robust_strict_original_increase/ratio_10_res_n20000_alg3n_eps1_8_pair_1_itr20_1.csv,3696,40a82addf919913ea924abc99067529696ef066fae8a3e211e0297beb7f960b1
raw_result_csv,全部实验数据/shuffle DP/Gplus/robust_strict_original_increase/ratio_10_res_n20000_alg4n_eps1-8_pair-1_itr20-1.csv,data/raw_results/shuffle_dp_legacy/gplus/robust_strict_original_increase/ratio_10_res_n20000_alg4n_eps1_8_pair_1_itr20_1.csv,3696,0bb94a6bf779e3d39bc7f0ac382d2463e4d080fa02a7456585061f64f4451808
raw_result_csv,全部实验数据/shuffle DP/Gplus/robust_strict_original_increase/ratio_15_res_n20000_alg2n_eps1-8_pair-1_itr20-1.csv,data/raw_results/shuffle_dp_legacy/gplus/robust_strict_original_increase/ratio_15_res_n20000_alg2n_eps1_8_pair_1_itr20_1.csv,3696,dd0f1f00da1824f8fbf1cdb4167d1a9f37f5647e97e5e02fab1bdf668c902a1f
raw_result_csv,全部实验数据/shuffle DP/Gplus/robust_strict_original_increase/ratio_15_res_n20000_alg3n_eps1-8_pair-1_itr20-1.csv,data/raw_results/shuffle_dp_legacy/gplus/robust_strict_original_increase/ratio_15_res_n20000_alg3n_eps1_8_pair_1_itr20_1.csv,3696,f647b166c675483024fd62fe77ac8bd56a368d60e6a0df84ab3fb1006687c81d
raw_result_csv,全部实验数据/shuffle DP/Gplus/robust_strict_original_increase/ratio_15_res_n20000_alg4n_eps1-8_pair-1_itr20-1.csv,data/raw_results/shuffle_dp_legacy/gplus/robust_strict_original_increase/ratio_15_res_n20000_alg4n_eps1_8_pair_1_itr20_1.csv,3696,bfb4bc651723474295b1654bbd985e0e403e00e6fe63c9e49d5acc8345be607d
raw_result_csv,全部实验数据/shuffle DP/Gplus/robust_strict_original_increase/ratio_20_res_n20000_alg2n_eps1-8_pair-1_itr20-1.csv,data/raw_results/shuffle_dp_legacy/gplus/robust_strict_original_increase/ratio_20_res_n20000_alg2n_eps1_8_pair_1_itr20_1.csv,3696,53e2b55336358fd5fcbaad0703bb51b6d08c956ddabb967617079a9d64ba0d3a
raw_result_csv,全部实验数据/shuffle DP/Gplus/robust_strict_original_increase/ratio_20_res_n20000_alg3n_eps1-8_pair-1_itr20-1.csv,data/raw_results/shuffle_dp_legacy/gplus/robust_strict_original_increase/ratio_20_res_n20000_alg3n_eps1_8_pair_1_itr20_1.csv,3696,32ef43fe006cfd291f92c72ba92efdff7530cde149ba8fa68c6bdb1c55751541
raw_result_csv,全部实验数据/shuffle DP/Gplus/robust_strict_original_increase/ratio_20_res_n20000_alg4n_eps1-8_pair-1_itr20-1.csv,data/raw_results/shuffle_dp_legacy/gplus/robust_strict_original_increase/ratio_20_res_n20000_alg4n_eps1_8_pair_1_itr20_1.csv,3696,36dc244b81f404d1321ebd7b18a63893249def7fa18c9c98cdaf42a807e06756
raw_result_csv,全部实验数据/shuffle DP/Gplus/robust_strict_original_increase/ratio_5_res_n20000_alg2n_eps1-8_pair-1_itr20-1.csv,data/raw_results/shuffle_dp_legacy/gplus/robust_strict_original_increase/ratio_5_res_n20000_alg2n_eps1_8_pair_1_itr20_1.csv,3696,59bea073d4578415ccf7def603112244d79889f1ba43f00e2a48d8dd1de54c27
raw_result_csv,全部实验数据/shuffle DP/Gplus/robust_strict_original_increase/ratio_5_res_n20000_alg3n_eps1-8_pair-1_itr20-1.csv,data/raw_results/shuffle_dp_legacy/gplus/robust_strict_original_increase/ratio_5_res_n20000_alg3n_eps1_8_pair_1_itr20_1.csv,3696,98bd1b9ddda315e4b18ca2b7a9fbeb69c6cebe95c5f74e0527faa10be1b9b35f
raw_result_csv,全部实验数据/shuffle DP/Gplus/robust_strict_original_increase/ratio_5_res_n20000_alg4n_eps1-8_pair-1_itr20-1.csv,data/raw_results/shuffle_dp_legacy/gplus/robust_strict_original_increase/ratio_5_res_n20000_alg4n_eps1_8_pair_1_itr20_1.csv,3696,b5139bc77cafe2b22a1e0268c0c93379e0f1cd5136ef2e87a9f97bb35dfcd549
raw_result_csv,全部实验数据/shuffle DP/Gplus/原始数据/res_n20000_alg2n_eps1-8_pair-1_itr20-1.csv,data/raw_results/shuffle_dp_legacy/gplus/clean_baseline/res_n20000_alg2n_eps1_8_pair_1_itr20_1.csv,3699,b579395301f48899795ef74502c075305cb991a60d2bc15e9d3a8c061a80711a
raw_result_csv,全部实验数据/shuffle DP/Gplus/原始数据/res_n20000_alg3n_eps1-8_pair-1_itr20-1.csv,data/raw_results/shuffle_dp_legacy/gplus/clean_baseline/res_n20000_alg3n_eps1_8_pair_1_itr20_1.csv,3697,06cb84dacf6c34e65b47e6f7b945e3320916f858513e1901c1058c2fd4d3f9b7
raw_result_csv,全部实验数据/shuffle DP/Gplus/原始数据/res_n20000_alg4n_eps1-8_pair-1_itr20-1.csv,data/raw_results/shuffle_dp_legacy/gplus/clean_baseline/res_n20000_alg4n_eps1_8_pair_1_itr20_1.csv,3697,5589aa3552ac721a074302dacdc19b6d095b8173209f2d0b8c5c1b96de1c978b
raw_result_csv,全部实验数据/shuffle DP/Gplus/原始数据/res_n20000_alg5_eps1-8_pair-1_itr20-1.csv,data/raw_results/shuffle_dp_legacy/gplus/clean_baseline/res_n20000_alg5_eps1_8_pair_1_itr20_1.csv,3699,97f0f1d85a15ccb523be2f8852a01f31a21493f026172d92c6671081668d6169
raw_result_csv,全部实验数据/shuffle DP/Gplus/原始数据/res_n20000_alg6-0.1_eps1-8_pair-1_itr20-1.csv,data/raw_results/shuffle_dp_legacy/gplus/clean_baseline/res_n20000_alg6_0p1_eps1_8_pair_1_itr20_1.csv,3706,e8118e8a44a2b853158ee213749736b8cc43c951adc5c9a5d73d51b06bd3bff2
raw_result_csv,全部实验数据/shuffle DP/Gplus/原始数据/res_n20000_alg8n_eps1-8_pair-1_itr20-1.csv,data/raw_results/shuffle_dp_legacy/gplus/clean_baseline/res_n20000_alg8n_eps1_8_pair_1_itr20_1.csv,1456,34abc13767755ffd83ee83773ab33c4ca53c8ed28cbe51e5201caaf6b3ff255e
raw_result_csv,全部实验数据/shuffle DP/Gplus/原始数据/res_n20000_alg9_eps1-8_pair-1_itr20-1.csv,data/raw_results/shuffle_dp_legacy/gplus/clean_baseline/res_n20000_alg9_eps1_8_pair_1_itr20_1.csv,1464,16cf3a11f60d86c512212ee47f590e1efcc82a517e9f4cbd5f4783512bab0fe0
raw_result_csv,全部实验数据/results_anomaly_defense/logs_all_defense_Gplus_n10000_r3_20260611_031107/run_status.csv,data/raw_results/defense/logs_all_defense_gplus_n10000_r3_20260611_031107/run_status.csv,1165,6f02afa8ef2fae749b6b49068aa875febe6d93e49bf781d1c68e14102d97cf73
raw_result_csv,全部实验数据/results_anomaly_defense/logs_all_defense_Gplus_n10000_r3_20260611_101904/run_status.csv,data/raw_results/defense/logs_all_defense_gplus_n10000_r3_20260611_101904/run_status.csv,1165,d1064b08d61849d1636eae6d6b77e2d1a0dac83fb638a3223252c6042e14b068
raw_result_csv,全部实验数据/LDP/IMDB/+ARR/(10%)res_n10000_alg2_eps1-0.001_ns0_cl0_ba1-1_itr10-1.csv,data/raw_results/ldp/imdb/post_rr_increase/10pctres_n10000_alg2_eps1_0p001_ns0_cl0_ba1_1_itr10_1.csv,3261,f2285af0e70e97412987b23c127674b1e5f138d5f0cd69ac7bc2492e66a94137
raw_result_csv,全部实验数据/LDP/IMDB/+ARR/(10%)res_n10000_alg2_eps1-0.001_ns2_cl6-150_ba1-1_itr10-1.csv,data/raw_results/ldp/imdb/post_rr_increase/10pctres_n10000_alg2_eps1_0p001_ns2_cl6_150_ba1_1_itr10_1.csv,3240,ef2dc5543976bab949e89d07e699d9ebfbdec2502da778867fe6ad8c2297eea5
raw_result_csv,全部实验数据/LDP/IMDB/+ARR/(10%)res_n10000_alg3_eps1-0.001_ns0_cl0_ba1-1_itr10-1.csv,data/raw_results/ldp/imdb/post_rr_increase/10pctres_n10000_alg3_eps1_0p001_ns0_cl0_ba1_1_itr10_1.csv,3251,58e199c8440eaf61ecf2160ef718de9a10f2f1bb5b1de3ddcf7f692028dc6208
raw_result_csv,全部实验数据/LDP/IMDB/+ARR/(10%)res_n10000_alg3_eps1-0.001_ns2_cl6-150_ba1-1_itr10-1.csv,data/raw_results/ldp/imdb/post_rr_increase/10pctres_n10000_alg3_eps1_0p001_ns2_cl6_150_ba1_1_itr10_1.csv,3240,a079086e69cca4e60c0015eb2218c4588a498a6a60a83089e65129b5963da30c
raw_result_csv,全部实验数据/LDP/IMDB/+ARR/(10%)res_n10000_alg4_eps1-0.001_ns0_cl0_ba1-1_itr10-1.csv,data/raw_results/ldp/imdb/post_rr_increase/10pctres_n10000_alg4_eps1_0p001_ns0_cl0_ba1_1_itr10_1.csv,3251,ccb05e74b5465ee54aa18ca75395f9669bdfc7820c0e3d7d5bf608cc211e0218
raw_result_csv,全部实验数据/LDP/IMDB/+ARR/(10%)res_n10000_alg4_eps1-0.001_ns2_cl6-150_ba1-1_itr10-1.csv,data/raw_results/ldp/imdb/post_rr_increase/10pctres_n10000_alg4_eps1_0p001_ns2_cl6_150_ba1_1_itr10_1.csv,3240,c613658051de792af4b22f61bc3cdca9e34648a82e486e253c721f3895eddbc0
raw_result_csv,全部实验数据/LDP/IMDB/+ARR/(20%)res_n10000_alg2_eps1-0.001_ns0_cl0_ba1-1_itr10-1.csv,data/raw_results/ldp/imdb/post_rr_increase/20pctres_n10000_alg2_eps1_0p001_ns0_cl0_ba1_1_itr10_1.csv,3261,5378b8af1fa363216a1c6f5ac7723e45db5c20f0dc9909511f44a3684951cfc5
raw_result_csv,全部实验数据/LDP/IMDB/+ARR/(20%)res_n10000_alg2_eps1-0.001_ns2_cl6-150_ba1-1_itr10-1.csv,data/raw_results/ldp/imdb/post_rr_increase/20pctres_n10000_alg2_eps1_0p001_ns2_cl6_150_ba1_1_itr10_1.csv,3250,bdce28145a11eb679922585a3b00b12d27f512745dd65ef84cc0ef24969132ff
raw_result_csv,全部实验数据/LDP/IMDB/+ARR/(20%)res_n10000_alg3_eps1-0.001_ns0_cl0_ba1-1_itr10-1.csv,data/raw_results/ldp/imdb/post_rr_increase/20pctres_n10000_alg3_eps1_0p001_ns0_cl0_ba1_1_itr10_1.csv,3261,470a8d4125228875e1fe71446eb67dab7fefde961362a55db9c7bd23575a3edd
raw_result_csv,全部实验数据/LDP/IMDB/+ARR/(20%)res_n10000_alg3_eps1-0.001_ns2_cl6-150_ba1-1_itr10-1.csv,data/raw_results/ldp/imdb/post_rr_increase/20pctres_n10000_alg3_eps1_0p001_ns2_cl6_150_ba1_1_itr10_1.csv,3240,753fdeedaa047327d8af9a170529cb0f4e0f45728c1818efee460c2723de58d6
raw_result_csv,全部实验数据/LDP/IMDB/+ARR/(20%)res_n10000_alg4_eps1-0.001_ns0_cl0_ba1-1_itr10-1.csv,data/raw_results/ldp/imdb/post_rr_increase/20pctres_n10000_alg4_eps1_0p001_ns0_cl0_ba1_1_itr10_1.csv,3253,a017ff53412229872e04ab5f23d943564278028f1e615ed634049bb536312c0a
raw_result_csv,全部实验数据/LDP/IMDB/+ARR/(20%)res_n10000_alg4_eps1-0.001_ns2_cl6-150_ba1-1_itr10-1.csv,data/raw_results/ldp/imdb/post_rr_increase/20pctres_n10000_alg4_eps1_0p001_ns2_cl6_150_ba1_1_itr10_1.csv,3240,0add1a2117102f503dad8de97fd5c2256eb752983d0e11565818f83eafbde8c6
raw_result_csv,全部实验数据/LDP/IMDB/+ARR/(3%)res_n10000_alg2_eps1-0.001_ns0_cl0_ba1-1_itr10-1.csv,data/raw_results/ldp/imdb/post_rr_increase/3pctres_n10000_alg2_eps1_0p001_ns0_cl0_ba1_1_itr10_1.csv,3251,47a1793b04d2e365010bae38aec66520257467d1884b6417cf8cfc0564b06ddb
raw_result_csv,全部实验数据/LDP/IMDB/+ARR/(3%)res_n10000_alg2_eps1-0.001_ns2_cl6-150_ba1-1_itr10-1.csv,data/raw_results/ldp/imdb/post_rr_increase/3pctres_n10000_alg2_eps1_0p001_ns2_cl6_150_ba1_1_itr10_1.csv,3240,c8d4310e82747d2966f84feaf2eec7115a160417e8f3a5a962c041b271fdf0c8
raw_result_csv,全部实验数据/LDP/IMDB/+ARR/(3%)res_n10000_alg3_eps1-0.001_ns0_cl0_ba1-1_itr10-1.csv,data/raw_results/ldp/imdb/post_rr_increase/3pctres_n10000_alg3_eps1_0p001_ns0_cl0_ba1_1_itr10_1.csv,3248,05b6e9fc07ef400e207a84ca025c3cc96c2c33503800ede92ce904769fb038a8
raw_result_csv,全部实验数据/LDP/IMDB/+ARR/(3%)res_n10000_alg3_eps1-0.001_ns2_cl6-150_ba1-1_itr10-1.csv,data/raw_results/ldp/imdb/post_rr_increase/3pctres_n10000_alg3_eps1_0p001_ns2_cl6_150_ba1_1_itr10_1.csv,3240,fb270282f8091dc861edb0999ff2b2aa9bf497245b19c85a04a060e8feecf4e1
raw_result_csv,全部实验数据/LDP/IMDB/+ARR/(3%)res_n10000_alg4_eps1-0.001_ns0_cl0_ba1-1_itr10-1.csv,data/raw_results/ldp/imdb/post_rr_increase/3pctres_n10000_alg4_eps1_0p001_ns0_cl0_ba1_1_itr10_1.csv,3251,a929e6487a884981bf1cad6e6db0f00f1d3d48fdb8aafcbafbf44a36946dfa2f
raw_result_csv,全部实验数据/LDP/IMDB/+ARR/(3%)res_n10000_alg4_eps1-0.001_ns2_cl6-150_ba1-1_itr10-1.csv,data/raw_results/ldp/imdb/post_rr_increase/3pctres_n10000_alg4_eps1_0p001_ns2_cl6_150_ba1_1_itr10_1.csv,3240,bd903a766e421818fca877ed5e91344ce0d9efbd613a6feecad68e2c6eb23d62
raw_result_csv,全部实验数据/LDP/IMDB/+ARR/(30%)res_n10000_alg2_eps1-0.001_ns0_cl0_ba1-1_itr10-1.csv,data/raw_results/ldp/imdb/post_rr_increase/30pctres_n10000_alg2_eps1_0p001_ns0_cl0_ba1_1_itr10_1.csv,3261,d6895259b8b369abe537f679208ca6664b4293548fbe60b83ce97fa33237ab78
raw_result_csv,全部实验数据/LDP/IMDB/+ARR/(30%)res_n10000_alg2_eps1-0.001_ns2_cl6-150_ba1-1_itr10-1.csv,data/raw_results/ldp/imdb/post_rr_increase/30pctres_n10000_alg2_eps1_0p001_ns2_cl6_150_ba1_1_itr10_1.csv,3249,a9aed65cc5c8793053722133ccd658aa1753b94d8bc3b76a16924a7bc44eee83
raw_result_csv,全部实验数据/LDP/IMDB/+ARR/(30%)res_n10000_alg3_eps1-0.001_ns0_cl0_ba1-1_itr10-1.csv,data/raw_results/ldp/imdb/post_rr_increase/30pctres_n10000_alg3_eps1_0p001_ns0_cl0_ba1_1_itr10_1.csv,3261,76c2bfe4fc07d354f18913b5a774f8697ab055f90261ec0313cbfb5b32fde833
raw_result_csv,全部实验数据/LDP/IMDB/+ARR/(30%)res_n10000_alg3_eps1-0.001_ns2_cl6-150_ba1-1_itr10-1.csv,data/raw_results/ldp/imdb/post_rr_increase/30pctres_n10000_alg3_eps1_0p001_ns2_cl6_150_ba1_1_itr10_1.csv,3250,4cdbba210ea5f6b4afea8b1be7e364b3e30862f6b3f170ceacb8effbd2b80eb6
raw_result_csv,全部实验数据/LDP/IMDB/+ARR/(30%)res_n10000_alg4_eps1-0.001_ns0_cl0_ba1-1_itr10-1.csv,data/raw_results/ldp/imdb/post_rr_increase/30pctres_n10000_alg4_eps1_0p001_ns0_cl0_ba1_1_itr10_1.csv,3261,205459a0f33375a31f5a5b6d855b885e44164899ab89842fce07f7c6b6f3b3d9
raw_result_csv,全部实验数据/LDP/IMDB/+ARR/(30%)res_n10000_alg4_eps1-0.001_ns2_cl6-150_ba1-1_itr10-1.csv,data/raw_results/ldp/imdb/post_rr_increase/30pctres_n10000_alg4_eps1_0p001_ns2_cl6_150_ba1_1_itr10_1.csv,3240,cb1210148c6ab788d93992b38ed5476e5f16f09b6154075444296603de8d49ef
raw_result_csv,全部实验数据/LDP/IMDB/+ARR/(5%)res_n10000_alg2_eps1-0.001_ns0_cl0_ba1-1_itr10-1.csv,data/raw_results/ldp/imdb/post_rr_increase/5pctres_n10000_alg2_eps1_0p001_ns0_cl0_ba1_1_itr10_1.csv,3251,3e1445888e24b4b89c8453da38d61f62bbd4f06a6b7077251052474455bc442f
raw_result_csv,全部实验数据/LDP/IMDB/+ARR/(5%)res_n10000_alg2_eps1-0.001_ns2_cl6-150_ba1-1_itr10-1.csv,data/raw_results/ldp/imdb/post_rr_increase/5pctres_n10000_alg2_eps1_0p001_ns2_cl6_150_ba1_1_itr10_1.csv,3240,54e451329a7db1a0d37d64c735168c2a94f066d98f70b6aa15d7f68da8ed95ab
raw_result_csv,全部实验数据/LDP/IMDB/+ARR/(5%)res_n10000_alg3_eps1-0.001_ns0_cl0_ba1-1_itr10-1.csv,data/raw_results/ldp/imdb/post_rr_increase/5pctres_n10000_alg3_eps1_0p001_ns0_cl0_ba1_1_itr10_1.csv,3251,212a47abf4c2c69f314df238dce2a5626d9ded2d57c92863c6c738e60cb209a7
raw_result_csv,全部实验数据/LDP/IMDB/+ARR/(5%)res_n10000_alg3_eps1-0.001_ns2_cl6-150_ba1-1_itr10-1.csv,data/raw_results/ldp/imdb/post_rr_increase/5pctres_n10000_alg3_eps1_0p001_ns2_cl6_150_ba1_1_itr10_1.csv,3240,92ed885e3bd96b5bdd237cc1e901bbef994ee5e60b79c959a762000fc060ee15
raw_result_csv,全部实验数据/LDP/IMDB/+ARR/(5%)res_n10000_alg4_eps1-0.001_ns0_cl0_ba1-1_itr10-1.csv,data/raw_results/ldp/imdb/post_rr_increase/5pctres_n10000_alg4_eps1_0p001_ns0_cl0_ba1_1_itr10_1.csv,3251,45dc40e57e319152e15b42bc577ddfa7503d9bf0516110aee58ee6c4bf204143
raw_result_csv,全部实验数据/LDP/IMDB/+ARR/(5%)res_n10000_alg4_eps1-0.001_ns2_cl6-150_ba1-1_itr10-1.csv,data/raw_results/ldp/imdb/post_rr_increase/5pctres_n10000_alg4_eps1_0p001_ns2_cl6_150_ba1_1_itr10_1.csv,3240,41a5f2dd87a02c2e209b6f635bd9b32cc53fcd2ab34c1ff83452a3c3ef93f794
raw_result_csv,全部实验数据/LDP/IMDB/+ARR/(50%)res_n10000_alg2_eps1-0.001_ns0_cl0_ba1-1_itr10-1.csv,data/raw_results/ldp/imdb/post_rr_increase/50pctres_n10000_alg2_eps1_0p001_ns0_cl0_ba1_1_itr10_1.csv,3271,705df3c9d60753c180b63c6947eff6fae7870ed724343a95648583b765667e37
raw_result_csv,全部实验数据/LDP/IMDB/+ARR/(50%)res_n10000_alg2_eps1-0.001_ns2_cl6-150_ba1-1_itr10-1.csv,data/raw_results/ldp/imdb/post_rr_increase/50pctres_n10000_alg2_eps1_0p001_ns2_cl6_150_ba1_1_itr10_1.csv,3256,f522aa868923c7a562e8d96c7a476260027c2f1a7aa7f8b6f03e2f1996ed909f
raw_result_csv,全部实验数据/LDP/IMDB/+ARR/(50%)res_n10000_alg3_eps1-0.001_ns0_cl0_ba1-1_itr10-1.csv,data/raw_results/ldp/imdb/post_rr_increase/50pctres_n10000_alg3_eps1_0p001_ns0_cl0_ba1_1_itr10_1.csv,3261,56e4c3096682462c0b09becd328eba1409b1c6c4194200a88d12b035eac7c8f2
raw_result_csv,全部实验数据/LDP/IMDB/+ARR/(50%)res_n10000_alg3_eps1-0.001_ns2_cl6-150_ba1-1_itr10-1.csv,data/raw_results/ldp/imdb/post_rr_increase/50pctres_n10000_alg3_eps1_0p001_ns2_cl6_150_ba1_1_itr10_1.csv,3257,10c0a36af9a4367ab0aab7e1abdf48b66f754214f3c90ab64dab277774b2c6b2
raw_result_csv,全部实验数据/LDP/IMDB/+ARR/(50%)res_n10000_alg4_eps1-0.001_ns0_cl0_ba1-1_itr10-1.csv,data/raw_results/ldp/imdb/post_rr_increase/50pctres_n10000_alg4_eps1_0p001_ns0_cl0_ba1_1_itr10_1.csv,3261,d316bf02d621d28778b2c0d44bf2f2ab07f9d1b976bf848fbf23e7075d9a49df
raw_result_csv,全部实验数据/LDP/IMDB/+ARR/(50%)res_n10000_alg4_eps1-0.001_ns2_cl6-150_ba1-1_itr10-1.csv,data/raw_results/ldp/imdb/post_rr_increase/50pctres_n10000_alg4_eps1_0p001_ns2_cl6_150_ba1_1_itr10_1.csv,3250,c847942b30d802847aaff441e123314eda0fd4ec516a5408ef6b616446608906
raw_result_csv,全部实验数据/LDP/IMDB/+ARR/(8%)res_n10000_alg2_eps1-0.001_ns0_cl0_ba1-1_itr10-1.csv,data/raw_results/ldp/imdb/post_rr_increase/8pctres_n10000_alg2_eps1_0p001_ns0_cl0_ba1_1_itr10_1.csv,3261,8309c10ffa2efcc91fc01a391e40cb8a9939fa31e2472b616cb8e747edfa5a6c
raw_result_csv,全部实验数据/LDP/IMDB/+ARR/(8%)res_n10000_alg2_eps1-0.001_ns2_cl6-150_ba1-1_itr10-1.csv,data/raw_results/ldp/imdb/post_rr_increase/8pctres_n10000_alg2_eps1_0p001_ns2_cl6_150_ba1_1_itr10_1.csv,3240,b5277210cabc36531e5c30f04bfb0d3b292e42194a3647695e50d67eea86721b
raw_result_csv,全部实验数据/LDP/IMDB/+ARR/(8%)res_n10000_alg3_eps1-0.001_ns0_cl0_ba1-1_itr10-1.csv,data/raw_results/ldp/imdb/post_rr_increase/8pctres_n10000_alg3_eps1_0p001_ns0_cl0_ba1_1_itr10_1.csv,3251,81bb0ce9740059725f3141185ff0c6862e41ddd371f26434f17d957be91280f4
raw_result_csv,全部实验数据/LDP/IMDB/+ARR/(8%)res_n10000_alg3_eps1-0.001_ns2_cl6-150_ba1-1_itr10-1.csv,data/raw_results/ldp/imdb/post_rr_increase/8pctres_n10000_alg3_eps1_0p001_ns2_cl6_150_ba1_1_itr10_1.csv,3240,064533fa98d8a88d396c1c131d91025fce8be8bbd1776790f827ac31bcaf2950
raw_result_csv,全部实验数据/LDP/IMDB/+ARR/(8%)res_n10000_alg4_eps1-0.001_ns0_cl0_ba1-1_itr10-1.csv,data/raw_results/ldp/imdb/post_rr_increase/8pctres_n10000_alg4_eps1_0p001_ns0_cl0_ba1_1_itr10_1.csv,3251,bb7daebc306c2064d2809d864c6f4254f3457b496add332d3f1e1bb94de75ce2
raw_result_csv,全部实验数据/LDP/IMDB/+ARR/(8%)res_n10000_alg4_eps1-0.001_ns2_cl6-150_ba1-1_itr10-1.csv,data/raw_results/ldp/imdb/post_rr_increase/8pctres_n10000_alg4_eps1_0p001_ns2_cl6_150_ba1_1_itr10_1.csv,3240,0e8849d5e7a25aa5ec50e6b17595d1a69e48cdd422c98f82462a57c48654ff70
raw_result_csv,全部实验数据/LDP/IMDB/-ARR/(10%)res_n10000_alg2_eps1-0.001_ns0_cl0_ba1-1_itr10-1.csv,data/raw_results/ldp/imdb/post_rr_decrease/10pctres_n10000_alg2_eps1_0p001_ns0_cl0_ba1_1_itr10_1.csv,3251,2d505d494c9a1a9234b15a6065c8fd9f0b23003ebb7258bc147acb7ce7ff5f61
raw_result_csv,全部实验数据/LDP/IMDB/-ARR/(10%)res_n10000_alg2_eps1-0.001_ns2_cl6-150_ba1-1_itr10-1.csv,data/raw_results/ldp/imdb/post_rr_decrease/10pctres_n10000_alg2_eps1_0p001_ns2_cl6_150_ba1_1_itr10_1.csv,3240,5c214d6f4b99fd620d9bccbc7ba77ab326e263315aa4d2c8aca3c30bb2dc84f6
raw_result_csv,全部实验数据/LDP/IMDB/-ARR/(10%)res_n10000_alg3_eps1-0.001_ns0_cl0_ba1-1_itr10-1.csv,data/raw_results/ldp/imdb/post_rr_decrease/10pctres_n10000_alg3_eps1_0p001_ns0_cl0_ba1_1_itr10_1.csv,3251,d4176448b41cba9675f1029cce49b2f76a51341534f8dea40590972991132022
raw_result_csv,全部实验数据/LDP/IMDB/-ARR/(10%)res_n10000_alg3_eps1-0.001_ns2_cl6-150_ba1-1_itr10-1.csv,data/raw_results/ldp/imdb/post_rr_decrease/10pctres_n10000_alg3_eps1_0p001_ns2_cl6_150_ba1_1_itr10_1.csv,3240,9fced33316584a5b69daacf05fb319319cd4af1e31a96312235451625754eeb1
raw_result_csv,全部实验数据/LDP/IMDB/-ARR/(10%)res_n10000_alg4_eps1-0.001_ns0_cl0_ba1-1_itr10-1.csv,data/raw_results/ldp/imdb/post_rr_decrease/10pctres_n10000_alg4_eps1_0p001_ns0_cl0_ba1_1_itr10_1.csv,3250,58a2481c452cf39e39212b6af0e68b6cc61a265eda66c906ba766153339d9f40
raw_result_csv,全部实验数据/LDP/IMDB/-ARR/(10%)res_n10000_alg4_eps1-0.001_ns2_cl6-150_ba1-1_itr10-1.csv,data/raw_results/ldp/imdb/post_rr_decrease/10pctres_n10000_alg4_eps1_0p001_ns2_cl6_150_ba1_1_itr10_1.csv,3240,e74b460b9f9ae5c72f81ea8f521eebef709a1d6e4c3c20fb787dab1daacc5954
raw_result_csv,全部实验数据/LDP/IMDB/-ARR/(20%)res_n10000_alg2_eps1-0.001_ns0_cl0_ba1-1_itr10-1.csv,data/raw_results/ldp/imdb/post_rr_decrease/20pctres_n10000_alg2_eps1_0p001_ns0_cl0_ba1_1_itr10_1.csv,3251,e4b14b6086763d054a2f17011468dc1a2cd1d205acb367434b7756523bd8a015
raw_result_csv,全部实验数据/LDP/IMDB/-ARR/(20%)res_n10000_alg2_eps1-0.001_ns2_cl6-150_ba1-1_itr10-1.csv,data/raw_results/ldp/imdb/post_rr_decrease/20pctres_n10000_alg2_eps1_0p001_ns2_cl6_150_ba1_1_itr10_1.csv,3240,b8ea5981cf69024051770282d60f6653099f991c656888917c10b6a1bd733cf5
raw_result_csv,全部实验数据/LDP/IMDB/-ARR/(20%)res_n10000_alg3_eps1-0.001_ns0_cl0_ba1-1_itr10-1.csv,data/raw_results/ldp/imdb/post_rr_decrease/20pctres_n10000_alg3_eps1_0p001_ns0_cl0_ba1_1_itr10_1.csv,3251,edcf7dd28d1a453e415445f56e4febbd7ba2c544bf44a8323c4438ab9b9fb577
raw_result_csv,全部实验数据/LDP/IMDB/-ARR/(20%)res_n10000_alg3_eps1-0.001_ns2_cl6-150_ba1-1_itr10-1.csv,data/raw_results/ldp/imdb/post_rr_decrease/20pctres_n10000_alg3_eps1_0p001_ns2_cl6_150_ba1_1_itr10_1.csv,3240,7f726c213dbd2fe349c0802d1b94728b58b6138a05357e140b53f68b59a78486
raw_result_csv,全部实验数据/LDP/IMDB/-ARR/(20%)res_n10000_alg4_eps1-0.001_ns0_cl0_ba1-1_itr10-1.csv,data/raw_results/ldp/imdb/post_rr_decrease/20pctres_n10000_alg4_eps1_0p001_ns0_cl0_ba1_1_itr10_1.csv,3251,031550d9492b65c0194a8f1b90ca154015b2100116b3a0692228465e21be5073
raw_result_csv,全部实验数据/LDP/IMDB/-ARR/(20%)res_n10000_alg4_eps1-0.001_ns2_cl6-150_ba1-1_itr10-1.csv,data/raw_results/ldp/imdb/post_rr_decrease/20pctres_n10000_alg4_eps1_0p001_ns2_cl6_150_ba1_1_itr10_1.csv,3240,868fd7f437f354b74b1c787aadffd52c3929d079ce15f77ec2473efb3f4d0e03
raw_result_csv,全部实验数据/LDP/IMDB/-yuanshi/(10%)res_n10000_alg2_eps1-0.001_ns0_cl0_ba1-1_itr10-1.csv,data/raw_results/ldp/imdb/original_decrease/10pctres_n10000_alg2_eps1_0p001_ns0_cl0_ba1_1_itr10_1.csv,3251,3ba8cb0534cae15773ffc659cbf0b83deaa2344590291f5f4ea5b66f3f9a33a2
raw_result_csv,全部实验数据/LDP/IMDB/-yuanshi/(10%)res_n10000_alg2_eps1-0.001_ns2_cl6-150_ba1-1_itr10-1.csv,data/raw_results/ldp/imdb/original_decrease/10pctres_n10000_alg2_eps1_0p001_ns2_cl6_150_ba1_1_itr10_1.csv,3240,ade8c63c171037c1fa9e05ececaecbb0319ef50e9539a587d76b1939075a443e
raw_result_csv,全部实验数据/LDP/IMDB/-yuanshi/(10%)res_n10000_alg3_eps1-0.001_ns0_cl0_ba1-1_itr10-1.csv,data/raw_results/ldp/imdb/original_decrease/10pctres_n10000_alg3_eps1_0p001_ns0_cl0_ba1_1_itr10_1.csv,3251,aca27baa5b0f7cf25fc91ce19ff3fcff484bc8ac8200edf543fa72dae87b95a4
raw_result_csv,全部实验数据/LDP/IMDB/-yuanshi/(10%)res_n10000_alg3_eps1-0.001_ns2_cl6-150_ba1-1_itr10-1.csv,data/raw_results/ldp/imdb/original_decrease/10pctres_n10000_alg3_eps1_0p001_ns2_cl6_150_ba1_1_itr10_1.csv,3240,a6d0ab49eea1b90ad077b194e0bc52fe4ca0f207247563b0a020ae5b0f1e4f6d
raw_result_csv,全部实验数据/LDP/IMDB/-yuanshi/(10%)res_n10000_alg4_eps1-0.001_ns0_cl0_ba1-1_itr10-1.csv,data/raw_results/ldp/imdb/original_decrease/10pctres_n10000_alg4_eps1_0p001_ns0_cl0_ba1_1_itr10_1.csv,3249,fe2ebb2bbb8edb439b5b7b269b6d370bec58c2786db4aedee18cd21c07786ef5
raw_result_csv,全部实验数据/LDP/IMDB/-yuanshi/(10%)res_n10000_alg4_eps1-0.001_ns2_cl6-150_ba1-1_itr10-1.csv,data/raw_results/ldp/imdb/original_decrease/10pctres_n10000_alg4_eps1_0p001_ns2_cl6_150_ba1_1_itr10_1.csv,3240,f3eab182a352b082ef99d2e768cf2bf599aa44347b9f01da2760aad4d2a85ade
raw_result_csv,全部实验数据/LDP/IMDB/-yuanshi/(20%)res_n10000_alg2_eps1-0.001_ns0_cl0_ba1-1_itr10-1.csv,data/raw_results/ldp/imdb/original_decrease/20pctres_n10000_alg2_eps1_0p001_ns0_cl0_ba1_1_itr10_1.csv,3251,f5cd4c1dfef43f59bc0e96c25cfe42f0d0ebdf5c8da700a52faf3ec10d5d8f31
raw_result_csv,全部实验数据/LDP/IMDB/-yuanshi/(20%)res_n10000_alg2_eps1-0.001_ns2_cl6-150_ba1-1_itr10-1.csv,data/raw_results/ldp/imdb/original_decrease/20pctres_n10000_alg2_eps1_0p001_ns2_cl6_150_ba1_1_itr10_1.csv,3240,507354ffd83b7db1e6077073de197107291a80f1bd20f808ac9f3601618c604f
raw_result_csv,全部实验数据/LDP/IMDB/-yuanshi/(20%)res_n10000_alg3_eps1-0.001_ns0_cl0_ba1-1_itr10-1.csv,data/raw_results/ldp/imdb/original_decrease/20pctres_n10000_alg3_eps1_0p001_ns0_cl0_ba1_1_itr10_1.csv,3251,08e5c196bf9d4f5cc6ee86504eb41c71af601796344009e0a3753b16685ced6a
raw_result_csv,全部实验数据/LDP/IMDB/-yuanshi/(20%)res_n10000_alg3_eps1-0.001_ns2_cl6-150_ba1-1_itr10-1.csv,data/raw_results/ldp/imdb/original_decrease/20pctres_n10000_alg3_eps1_0p001_ns2_cl6_150_ba1_1_itr10_1.csv,3240,c786d30259a5f6af446359e4a56108bd1640df5a7ba20e4b65058565871aa698
raw_result_csv,全部实验数据/LDP/IMDB/-yuanshi/(20%)res_n10000_alg4_eps1-0.001_ns0_cl0_ba1-1_itr10-1.csv,data/raw_results/ldp/imdb/original_decrease/20pctres_n10000_alg4_eps1_0p001_ns0_cl0_ba1_1_itr10_1.csv,3250,625b2cc4ea55126d4bf0ec8263037edf7ae28626296e5dcade46012233e3173d
raw_result_csv,全部实验数据/LDP/IMDB/-yuanshi/(20%)res_n10000_alg4_eps1-0.001_ns2_cl6-150_ba1-1_itr10-1.csv,data/raw_results/ldp/imdb/original_decrease/20pctres_n10000_alg4_eps1_0p001_ns2_cl6_150_ba1_1_itr10_1.csv,3240,4991295133a63cd13880f2dee48c188d9060b6f197a55d5e685c98c636859eaf
raw_result_csv,全部实验数据/LDP/IMDB/-yuanshi/(5%)res_n10000_alg2_eps1-0.001_ns0_cl0_ba1-1_itr10-1.csv,data/raw_results/ldp/imdb/original_decrease/5pctres_n10000_alg2_eps1_0p001_ns0_cl0_ba1_1_itr10_1.csv,3250,be94fc578d5923398a647b135f31be8a95e3fef78dba0aebb31a7a5a43a75f40
raw_result_csv,全部实验数据/LDP/IMDB/-yuanshi/(5%)res_n10000_alg2_eps1-0.001_ns2_cl6-150_ba1-1_itr10-1.csv,data/raw_results/ldp/imdb/original_decrease/5pctres_n10000_alg2_eps1_0p001_ns2_cl6_150_ba1_1_itr10_1.csv,3240,b72b80a19765c6271277241632dfffe95f95d1eef8ff6ab8a611648fde34a758
raw_result_csv,全部实验数据/LDP/IMDB/-yuanshi/(5%)res_n10000_alg3_eps1-0.001_ns0_cl0_ba1-1_itr10-1.csv,data/raw_results/ldp/imdb/original_decrease/5pctres_n10000_alg3_eps1_0p001_ns0_cl0_ba1_1_itr10_1.csv,3251,9f3417816ab59cf807b2cc065b3a3109709f20911011f15351cd3843bbe7f33c
raw_result_csv,全部实验数据/LDP/IMDB/-yuanshi/(5%)res_n10000_alg3_eps1-0.001_ns2_cl6-150_ba1-1_itr10-1.csv,data/raw_results/ldp/imdb/original_decrease/5pctres_n10000_alg3_eps1_0p001_ns2_cl6_150_ba1_1_itr10_1.csv,3240,b7212933717a216c8db843fa558d7adde952f57739657f0bd2b70afbf1186dda
raw_result_csv,全部实验数据/LDP/IMDB/-yuanshi/(5%)res_n10000_alg4_eps1-0.001_ns0_cl0_ba1-1_itr10-1.csv,data/raw_results/ldp/imdb/original_decrease/5pctres_n10000_alg4_eps1_0p001_ns0_cl0_ba1_1_itr10_1.csv,3249,4c85fb85744172439d7e04db6e589673c3a844bb4adb340879bc1a47578897ed
raw_result_csv,全部实验数据/LDP/IMDB/-yuanshi/(5%)res_n10000_alg4_eps1-0.001_ns2_cl6-150_ba1-1_itr10-1.csv,data/raw_results/ldp/imdb/original_decrease/5pctres_n10000_alg4_eps1_0p001_ns2_cl6_150_ba1_1_itr10_1.csv,3240,15c08efb891060413899d87835302dd39117a71dd637bb5c87408395268816c6
raw_result_csv,全部实验数据/LDP/IMDB/yuanshishuju/res_n10000_alg2_eps1-0.001_ns0_cl0_ba1-1_itr10-1.csv,data/raw_results/ldp/imdb/clean_baseline/res_n10000_alg2_eps1_0p001_ns0_cl0_ba1_1_itr10_1.csv,3249,0415b698eae9ca65fca42743c4ca52ce79cee690980df29c63a20b634e766c74
raw_result_csv,全部实验数据/LDP/IMDB/yuanshishuju/res_n10000_alg2_eps1-0.001_ns2_cl6-150_ba1-1_itr10-1.csv,data/raw_results/ldp/imdb/clean_baseline/res_n10000_alg2_eps1_0p001_ns2_cl6_150_ba1_1_itr10_1.csv,3240,1658a1944f17ed0bc27a56e9b819bd405e9db99ce3555b0ef80bbd3ab292b76b
raw_result_csv,全部实验数据/LDP/IMDB/yuanshishuju/res_n10000_alg3_eps1-0.001_ns0_cl0_ba1-1_itr10-1.csv,data/raw_results/ldp/imdb/clean_baseline/res_n10000_alg3_eps1_0p001_ns0_cl0_ba1_1_itr10_1.csv,3250,ea80dc5632ebedd396fa51c8fd755ced3e40fe01e1249907f8b5ac1677a501df
raw_result_csv,全部实验数据/LDP/IMDB/yuanshishuju/res_n10000_alg3_eps1-0.001_ns2_cl6-150_ba1-1_itr10-1.csv,data/raw_results/ldp/imdb/clean_baseline/res_n10000_alg3_eps1_0p001_ns2_cl6_150_ba1_1_itr10_1.csv,3240,8949091eb13d2ddfcd61635a11b2a7f4455a082ca85f9f1b46ad8b2509e0e9c4
raw_result_csv,全部实验数据/LDP/IMDB/yuanshishuju/res_n10000_alg4_eps1-0.001_ns0_cl0_ba1-1_itr10-1.csv,data/raw_results/ldp/imdb/clean_baseline/res_n10000_alg4_eps1_0p001_ns0_cl0_ba1_1_itr10_1.csv,3251,b219eea31d3c4eac9a1c86d0388733dd650be17be21fc707d82dbb5e6a76ade4
raw_result_csv,全部实验数据/LDP/IMDB/yuanshishuju/res_n10000_alg4_eps1-0.001_ns2_cl6-150_ba1-1_itr10-1.csv,data/raw_results/ldp/imdb/clean_baseline/res_n10000_alg4_eps1_0p001_ns2_cl6_150_ba1_1_itr10_1.csv,3240,fa570ddb56b43ae4672587c4171113b080b6d09bc54a2fde22c4d2970e867792
raw_result_csv,全部实验数据/LDP/Gplus/RR攻击减少数量/(10%)res_n10000_alg2_eps1-0.001_ns0_cl0_ba1-1_itr10-1.csv,data/raw_results/ldp/gplus/post_rr_decrease/10pctres_n10000_alg2_eps1_0p001_ns0_cl0_ba1_1_itr10_1.csv,3290,bf56c1fe27b3c25e72ea779e35d943a9ea9787f54a80cdefca92527a2ea32ef7
raw_result_csv,全部实验数据/LDP/Gplus/RR攻击减少数量/(10%)res_n10000_alg2_eps1-0.001_ns2_cl6-150_ba1-1_itr10-1.csv,data/raw_results/ldp/gplus/post_rr_decrease/10pctres_n10000_alg2_eps1_0p001_ns2_cl6_150_ba1_1_itr10_1.csv,3256,1b0043bba17da2120d84cff12bf5b15ef0560558dbd019d4ddab02211411e290
raw_result_csv,全部实验数据/LDP/Gplus/RR攻击减少数量/(10%)res_n10000_alg3_eps1-0.001_ns0_cl0_ba1-1_itr10-1.csv,data/raw_results/ldp/gplus/post_rr_decrease/10pctres_n10000_alg3_eps1_0p001_ns0_cl0_ba1_1_itr10_1.csv,3290,4a96cf439fb7d3d2ef65a56971b064ae23724310896941f4819805318f5ba9ef
raw_result_csv,全部实验数据/LDP/Gplus/RR攻击减少数量/(10%)res_n10000_alg3_eps1-0.001_ns2_cl6-150_ba1-1_itr10-1.csv,data/raw_results/ldp/gplus/post_rr_decrease/10pctres_n10000_alg3_eps1_0p001_ns2_cl6_150_ba1_1_itr10_1.csv,3256,c96e1f10e15e06121ce5d5c7cbcb0f1b6fca4b632367025f5bed5ca7e2b84d32
raw_result_csv,全部实验数据/LDP/Gplus/RR攻击减少数量/(10%)res_n10000_alg4_eps1-0.001_ns0_cl0_ba1-1_itr10-1.csv,data/raw_results/ldp/gplus/post_rr_decrease/10pctres_n10000_alg4_eps1_0p001_ns0_cl0_ba1_1_itr10_1.csv,3290,46ed215b548f012a887ac33bdde7af77cdcafff5ee13e4e70aa5c4c6ba476771
raw_result_csv,全部实验数据/LDP/Gplus/RR攻击减少数量/(10%)res_n10000_alg4_eps1-0.001_ns2_cl6-150_ba1-1_itr10-1.csv,data/raw_results/ldp/gplus/post_rr_decrease/10pctres_n10000_alg4_eps1_0p001_ns2_cl6_150_ba1_1_itr10_1.csv,3256,66376a7a898b587a54ab08d7a50ee760f9aeb9f1a4cef32ffb0bc81672c13364
raw_result_csv,全部实验数据/LDP/Gplus/RR攻击减少数量/(20%)res_n10000_alg2_eps1-0.001_ns0_cl0_ba1-1_itr10-1.csv,data/raw_results/ldp/gplus/post_rr_decrease/20pctres_n10000_alg2_eps1_0p001_ns0_cl0_ba1_1_itr10_1.csv,3290,85a620c84e3360d7b0ea901ad547057a7ce7c1b59660faa1a497e1feb4174055
raw_result_csv,全部实验数据/LDP/Gplus/RR攻击减少数量/(20%)res_n10000_alg2_eps1-0.001_ns2_cl6-150_ba1-1_itr10-1.csv,data/raw_results/ldp/gplus/post_rr_decrease/20pctres_n10000_alg2_eps1_0p001_ns2_cl6_150_ba1_1_itr10_1.csv,3256,cf167b2ea3cf0e1d394c130d73040621faa6412d73d8b57b7d6f6ddfe1eb2679
raw_result_csv,全部实验数据/LDP/Gplus/RR攻击减少数量/(20%)res_n10000_alg3_eps1-0.001_ns0_cl0_ba1-1_itr10-1.csv,data/raw_results/ldp/gplus/post_rr_decrease/20pctres_n10000_alg3_eps1_0p001_ns0_cl0_ba1_1_itr10_1.csv,3290,89c10f1a280a64a0264b16fde3cec90d4ac0624918b939899af25261b2477815
raw_result_csv,全部实验数据/LDP/Gplus/RR攻击减少数量/(20%)res_n10000_alg3_eps1-0.001_ns2_cl6-150_ba1-1_itr10-1.csv,data/raw_results/ldp/gplus/post_rr_decrease/20pctres_n10000_alg3_eps1_0p001_ns2_cl6_150_ba1_1_itr10_1.csv,3256,944720bf4ca793d65e9ef620cdc7379191e2f5fe261546ebfcda26446a69bdba
raw_result_csv,全部实验数据/LDP/Gplus/RR攻击减少数量/(20%)res_n10000_alg4_eps1-0.001_ns0_cl0_ba1-1_itr10-1.csv,data/raw_results/ldp/gplus/post_rr_decrease/20pctres_n10000_alg4_eps1_0p001_ns0_cl0_ba1_1_itr10_1.csv,3290,e7f3f738d976f9c489a84cb02960437751fddf0c4bef328931e43ec834411290
raw_result_csv,全部实验数据/LDP/Gplus/RR攻击减少数量/(20%)res_n10000_alg4_eps1-0.001_ns2_cl6-150_ba1-1_itr10-1.csv,data/raw_results/ldp/gplus/post_rr_decrease/20pctres_n10000_alg4_eps1_0p001_ns2_cl6_150_ba1_1_itr10_1.csv,3256,53b2fbec2aae704b2c1366f9d864718a632676be95d59014e718e5165820288f
raw_result_csv,全部实验数据/LDP/Gplus/RR攻击增加数量/(10%)res_n10000_alg2_eps1-0.001_ns0_cl0_ba1-1_itr10-1.csv,data/raw_results/ldp/gplus/post_rr_increase/10pctres_n10000_alg2_eps1_0p001_ns0_cl0_ba1_1_itr10_1.csv,3300,7aad365684032e76305dfdc99ca34db4a70c92209bbfcb1799650b5167d2e948
raw_result_csv,全部实验数据/LDP/Gplus/RR攻击增加数量/(10%)res_n10000_alg2_eps1-0.001_ns2_cl6-150_ba1-1_itr10-1.csv,data/raw_results/ldp/gplus/post_rr_increase/10pctres_n10000_alg2_eps1_0p001_ns2_cl6_150_ba1_1_itr10_1.csv,3282,88f301bc34d32df2a6f2dbe8e920a55a7b64e4b3ef764ececf309c9e06c9574c
raw_result_csv,全部实验数据/LDP/Gplus/RR攻击增加数量/(10%)res_n10000_alg3_eps1-0.001_ns0_cl0_ba1-1_itr10-1.csv,data/raw_results/ldp/gplus/post_rr_increase/10pctres_n10000_alg3_eps1_0p001_ns0_cl0_ba1_1_itr10_1.csv,3290,a69332b30b754828223321f71231f3360c40f60c734831cd347b96484f851276
raw_result_csv,全部实验数据/LDP/Gplus/RR攻击增加数量/(10%)res_n10000_alg3_eps1-0.001_ns2_cl6-150_ba1-1_itr10-1.csv,data/raw_results/ldp/gplus/post_rr_increase/10pctres_n10000_alg3_eps1_0p001_ns2_cl6_150_ba1_1_itr10_1.csv,3272,423b0a915bad248c761452943f41e593d1d8f1bafd167b9510ac928dddf0f593
raw_result_csv,全部实验数据/LDP/Gplus/RR攻击增加数量/(10%)res_n10000_alg4_eps1-0.001_ns0_cl0_ba1-1_itr10-1.csv,data/raw_results/ldp/gplus/post_rr_increase/10pctres_n10000_alg4_eps1_0p001_ns0_cl0_ba1_1_itr10_1.csv,3290,f96dd3cd300d5e09e7f23d30b74c5f820b15058857252f418b503a952c2ca349
raw_result_csv,全部实验数据/LDP/Gplus/RR攻击增加数量/(10%)res_n10000_alg4_eps1-0.001_ns2_cl6-150_ba1-1_itr10-1.csv,data/raw_results/ldp/gplus/post_rr_increase/10pctres_n10000_alg4_eps1_0p001_ns2_cl6_150_ba1_1_itr10_1.csv,3262,5197e46a3e3f0f9806703da5dfacf0f1f6962a750725b8056d3119572b414ffb
raw_result_csv,全部实验数据/LDP/Gplus/RR攻击增加数量/(20%)res_n10000_alg2_eps1-0.001_ns0_cl0_ba1-1_itr10-1.csv,data/raw_results/ldp/gplus/post_rr_increase/20pctres_n10000_alg2_eps1_0p001_ns0_cl0_ba1_1_itr10_1.csv,3300,f321a3708e6483de46225a24f916837fec987011ee6d395d5dd6a43e5eb8da0c
raw_result_csv,全部实验数据/LDP/Gplus/RR攻击增加数量/(20%)res_n10000_alg2_eps1-0.001_ns2_cl6-150_ba1-1_itr10-1.csv,data/raw_results/ldp/gplus/post_rr_increase/20pctres_n10000_alg2_eps1_0p001_ns2_cl6_150_ba1_1_itr10_1.csv,3282,e0f2d3dc942a5eca662277ee9ae1feac6238520660ebdafa9931456f4a2d7ad7
raw_result_csv,全部实验数据/LDP/Gplus/RR攻击增加数量/(20%)res_n10000_alg3_eps1-0.001_ns0_cl0_ba1-1_itr10-1.csv,data/raw_results/ldp/gplus/post_rr_increase/20pctres_n10000_alg3_eps1_0p001_ns0_cl0_ba1_1_itr10_1.csv,3300,687f101bb9143635025526dcf2ca5b7a72f97720c5e92d16fce90f185fc8664f
raw_result_csv,全部实验数据/LDP/Gplus/RR攻击增加数量/(20%)res_n10000_alg3_eps1-0.001_ns2_cl6-150_ba1-1_itr10-1.csv,data/raw_results/ldp/gplus/post_rr_increase/20pctres_n10000_alg3_eps1_0p001_ns2_cl6_150_ba1_1_itr10_1.csv,3282,b04f61f72f8132f30741f17d8acb9516b792fdb87aaaba59b35cfd6394c46a68
raw_result_csv,全部实验数据/LDP/Gplus/RR攻击增加数量/(20%)res_n10000_alg4_eps1-0.001_ns0_cl0_ba1-1_itr10-1.csv,data/raw_results/ldp/gplus/post_rr_increase/20pctres_n10000_alg4_eps1_0p001_ns0_cl0_ba1_1_itr10_1.csv,3290,dfffc680eedbc86f9f02f71245c86ad23c002cc063682763b61129ad2b998a6e
raw_result_csv,全部实验数据/LDP/Gplus/RR攻击增加数量/(20%)res_n10000_alg4_eps1-0.001_ns2_cl6-150_ba1-1_itr10-1.csv,data/raw_results/ldp/gplus/post_rr_increase/20pctres_n10000_alg4_eps1_0p001_ns2_cl6_150_ba1_1_itr10_1.csv,3272,c3fce34a83b2567cede9920c8d614318ef8bea537fcc08e2e6f3ecff456320b6
raw_result_csv,全部实验数据/LDP/Gplus/RR攻击增加数量/(3%)res_n10000_alg2_eps1-0.001_ns0_cl0_ba1-1_itr10-1.csv,data/raw_results/ldp/gplus/post_rr_increase/3pctres_n10000_alg2_eps1_0p001_ns0_cl0_ba1_1_itr10_1.csv,3290,e1b2821bca821eb1c67d7830b2aff6c4b7f14386ea1e65a67f7b3e6957d84db1
raw_result_csv,全部实验数据/LDP/Gplus/RR攻击增加数量/(3%)res_n10000_alg2_eps1-0.001_ns2_cl6-150_ba1-1_itr10-1.csv,data/raw_results/ldp/gplus/post_rr_increase/3pctres_n10000_alg2_eps1_0p001_ns2_cl6_150_ba1_1_itr10_1.csv,3272,77bf4fbff287d6e42ffc7dad3e9a6971d50a727d0c751349467a9150d9cc833b
raw_result_csv,全部实验数据/LDP/Gplus/RR攻击增加数量/(3%)res_n10000_alg3_eps1-0.001_ns0_cl0_ba1-1_itr10-1.csv,data/raw_results/ldp/gplus/post_rr_increase/3pctres_n10000_alg3_eps1_0p001_ns0_cl0_ba1_1_itr10_1.csv,3290,3de6b4d32f0a198c59b157a07443ce55e7c71caeaaaa0ff97b0e978fc6013729
raw_result_csv,全部实验数据/LDP/Gplus/RR攻击增加数量/(3%)res_n10000_alg3_eps1-0.001_ns2_cl6-150_ba1-1_itr10-1.csv,data/raw_results/ldp/gplus/post_rr_increase/3pctres_n10000_alg3_eps1_0p001_ns2_cl6_150_ba1_1_itr10_1.csv,3256,87fa99fee0d4c26761aeb90456dd4a5c6497767e66d6d3be7e5b11cd235269fb
raw_result_csv,全部实验数据/LDP/Gplus/RR攻击增加数量/(3%)res_n10000_alg4_eps1-0.001_ns0_cl0_ba1-1_itr10-1.csv,data/raw_results/ldp/gplus/post_rr_increase/3pctres_n10000_alg4_eps1_0p001_ns0_cl0_ba1_1_itr10_1.csv,3290,7c7897cf47e8aa150161b2ead2b6afe2cd71e8da3970dce4a442f734c2392c34
raw_result_csv,全部实验数据/LDP/Gplus/RR攻击增加数量/(3%)res_n10000_alg4_eps1-0.001_ns2_cl6-150_ba1-1_itr10-1.csv,data/raw_results/ldp/gplus/post_rr_increase/3pctres_n10000_alg4_eps1_0p001_ns2_cl6_150_ba1_1_itr10_1.csv,3256,1968e7ba87ab7584de8a571fdd2aa6b80347f9044f3d6329d218eed8dc8c62b8
raw_result_csv,全部实验数据/LDP/Gplus/RR攻击增加数量/(30%)res_n10000_alg2_eps1-0.001_ns0_cl0_ba1-1_itr10-1.csv,data/raw_results/ldp/gplus/post_rr_increase/30pctres_n10000_alg2_eps1_0p001_ns0_cl0_ba1_1_itr10_1.csv,3300,e26ffb75df7f0bfb47ffa7cd839e90be3bf1ae651fb8df1fdd26af265b3129b3
raw_result_csv,全部实验数据/LDP/Gplus/RR攻击增加数量/(30%)res_n10000_alg2_eps1-0.001_ns2_cl6-150_ba1-1_itr10-1.csv,data/raw_results/ldp/gplus/post_rr_increase/30pctres_n10000_alg2_eps1_0p001_ns2_cl6_150_ba1_1_itr10_1.csv,3292,361299e894fe316995bb40322a2b093623a9d62f911bcc4abd0920bd07681bda
raw_result_csv,全部实验数据/LDP/Gplus/RR攻击增加数量/(30%)res_n10000_alg3_eps1-0.001_ns0_cl0_ba1-1_itr10-1.csv,data/raw_results/ldp/gplus/post_rr_increase/30pctres_n10000_alg3_eps1_0p001_ns0_cl0_ba1_1_itr10_1.csv,3300,36800d17e14603bf395fb0b8ef6fb54e62f3007f87ceef4d0753b2cf08cb6a77
raw_result_csv,全部实验数据/LDP/Gplus/RR攻击增加数量/(30%)res_n10000_alg3_eps1-0.001_ns2_cl6-150_ba1-1_itr10-1.csv,data/raw_results/ldp/gplus/post_rr_increase/30pctres_n10000_alg3_eps1_0p001_ns2_cl6_150_ba1_1_itr10_1.csv,3282,67097619af41f6566404cf3f0d644841996d85469cfd605747a2bb9e61796927
raw_result_csv,全部实验数据/LDP/Gplus/RR攻击增加数量/(30%)res_n10000_alg4_eps1-0.001_ns0_cl0_ba1-1_itr10-1.csv,data/raw_results/ldp/gplus/post_rr_increase/30pctres_n10000_alg4_eps1_0p001_ns0_cl0_ba1_1_itr10_1.csv,3300,3f3fa4327362996b005eff3b93016d0e6b183d832d6dd14620f6f4c758e5d744
raw_result_csv,全部实验数据/LDP/Gplus/RR攻击增加数量/(30%)res_n10000_alg4_eps1-0.001_ns2_cl6-150_ba1-1_itr10-1.csv,data/raw_results/ldp/gplus/post_rr_increase/30pctres_n10000_alg4_eps1_0p001_ns2_cl6_150_ba1_1_itr10_1.csv,3282,5bc5662dfb6a18ef65341c635de4ebf74f295391f212338135127baa64ed9125
raw_result_csv,全部实验数据/LDP/Gplus/RR攻击增加数量/(5%)res_n10000_alg2_eps1-0.001_ns0_cl0_ba1-1_itr10-1.csv,data/raw_results/ldp/gplus/post_rr_increase/5pctres_n10000_alg2_eps1_0p001_ns0_cl0_ba1_1_itr10_1.csv,3290,fca93580452ab0101b45d89104ac17a471828ff6f52503044b0aed7e482b8a5b
raw_result_csv,全部实验数据/LDP/Gplus/RR攻击增加数量/(5%)res_n10000_alg2_eps1-0.001_ns2_cl6-150_ba1-1_itr10-1.csv,data/raw_results/ldp/gplus/post_rr_increase/5pctres_n10000_alg2_eps1_0p001_ns2_cl6_150_ba1_1_itr10_1.csv,3272,f1e1277ac7cf8ec55316dcd8be18960d796542a7d2fdb684f3b541d4d610b547
raw_result_csv,全部实验数据/LDP/Gplus/RR攻击增加数量/(5%)res_n10000_alg3_eps1-0.001_ns0_cl0_ba1-1_itr10-1.csv,data/raw_results/ldp/gplus/post_rr_increase/5pctres_n10000_alg3_eps1_0p001_ns0_cl0_ba1_1_itr10_1.csv,3290,34fd584f74a8bac2852c774c2e96800700724b40069e6e8ae4908cc03b7f9161
raw_result_csv,全部实验数据/LDP/Gplus/RR攻击增加数量/(5%)res_n10000_alg3_eps1-0.001_ns2_cl6-150_ba1-1_itr10-1.csv,data/raw_results/ldp/gplus/post_rr_increase/5pctres_n10000_alg3_eps1_0p001_ns2_cl6_150_ba1_1_itr10_1.csv,3266,65ef0662cc8963fbc03291540d5052c92ea1821bc504faf93ed106530394790d
raw_result_csv,全部实验数据/LDP/Gplus/RR攻击增加数量/(5%)res_n10000_alg4_eps1-0.001_ns0_cl0_ba1-1_itr10-1.csv,data/raw_results/ldp/gplus/post_rr_increase/5pctres_n10000_alg4_eps1_0p001_ns0_cl0_ba1_1_itr10_1.csv,3290,fd345ff9f25f6682dde4b50ce87ab745692c49c8b445a4118ce6c39987747930
raw_result_csv,全部实验数据/LDP/Gplus/RR攻击增加数量/(5%)res_n10000_alg4_eps1-0.001_ns2_cl6-150_ba1-1_itr10-1.csv,data/raw_results/ldp/gplus/post_rr_increase/5pctres_n10000_alg4_eps1_0p001_ns2_cl6_150_ba1_1_itr10_1.csv,3256,6ef62836e53ad4106c6e26206d95e4d7b569f78d8bec43150c8d539bfc54be2b
raw_result_csv,全部实验数据/LDP/Gplus/RR攻击增加数量/(50%)res_n10000_alg2_eps1-0.001_ns0_cl0_ba1-1_itr10-1.csv,data/raw_results/ldp/gplus/post_rr_increase/50pctres_n10000_alg2_eps1_0p001_ns0_cl0_ba1_1_itr10_1.csv,3299,4bcb8bf7b84cb6409824f65b3e6661b3459f895d5bbebbe567fe1e72b44b2b79
raw_result_csv,全部实验数据/LDP/Gplus/RR攻击增加数量/(50%)res_n10000_alg2_eps1-0.001_ns2_cl6-150_ba1-1_itr10-1.csv,data/raw_results/ldp/gplus/post_rr_increase/50pctres_n10000_alg2_eps1_0p001_ns2_cl6_150_ba1_1_itr10_1.csv,3292,1d96996dc74dae277597169f5861ccb254816937f2f0e550248e7afbaf2fab09
raw_result_csv,全部实验数据/LDP/Gplus/RR攻击增加数量/(50%)res_n10000_alg3_eps1-0.001_ns0_cl0_ba1-1_itr10-1.csv,data/raw_results/ldp/gplus/post_rr_increase/50pctres_n10000_alg3_eps1_0p001_ns0_cl0_ba1_1_itr10_1.csv,3299,b0ba2d94874abdc9b77341e245b64a244e48220ccdb71f219bec611aaed27879
raw_result_csv,全部实验数据/LDP/Gplus/RR攻击增加数量/(50%)res_n10000_alg3_eps1-0.001_ns2_cl6-150_ba1-1_itr10-1.csv,data/raw_results/ldp/gplus/post_rr_increase/50pctres_n10000_alg3_eps1_0p001_ns2_cl6_150_ba1_1_itr10_1.csv,3292,0ee885101890c4394783619584d84bdfa18d3dabbad4b635708888336285407e
raw_result_csv,全部实验数据/LDP/Gplus/RR攻击增加数量/(50%)res_n10000_alg4_eps1-0.001_ns0_cl0_ba1-1_itr10-1.csv,data/raw_results/ldp/gplus/post_rr_increase/50pctres_n10000_alg4_eps1_0p001_ns0_cl0_ba1_1_itr10_1.csv,3300,563334e3e7e89c48678dcd3167c6e6a1b4f35dec1df48ecc6edb573f84d02570
raw_result_csv,全部实验数据/LDP/Gplus/RR攻击增加数量/(50%)res_n10000_alg4_eps1-0.001_ns2_cl6-150_ba1-1_itr10-1.csv,data/raw_results/ldp/gplus/post_rr_increase/50pctres_n10000_alg4_eps1_0p001_ns2_cl6_150_ba1_1_itr10_1.csv,3292,6e11fbd8bb2470f315b9e644f0672b502c654a0028556c648623a070c9c46519
raw_result_csv,全部实验数据/LDP/Gplus/RR攻击增加数量/(8%)res_n10000_alg2_eps1-0.001_ns0_cl0_ba1-1_itr10-1.csv,data/raw_results/ldp/gplus/post_rr_increase/8pctres_n10000_alg2_eps1_0p001_ns0_cl0_ba1_1_itr10_1.csv,3290,110bed22420f8fc4c93dbd989c8004698dbec34992a6aeb636e80c1afda3b160
raw_result_csv,全部实验数据/LDP/Gplus/RR攻击增加数量/(8%)res_n10000_alg2_eps1-0.001_ns2_cl6-150_ba1-1_itr10-1.csv,data/raw_results/ldp/gplus/post_rr_increase/8pctres_n10000_alg2_eps1_0p001_ns2_cl6_150_ba1_1_itr10_1.csv,3282,bda6663da91906f1a89899170b45e468210318d83ad7d4131a312295315534c2
raw_result_csv,全部实验数据/LDP/Gplus/RR攻击增加数量/(8%)res_n10000_alg3_eps1-0.001_ns0_cl0_ba1-1_itr10-1.csv,data/raw_results/ldp/gplus/post_rr_increase/8pctres_n10000_alg3_eps1_0p001_ns0_cl0_ba1_1_itr10_1.csv,3290,523a132db8d121915154bdbcb01994fdd39be84e69765bf698ddc5f519c28ad4
raw_result_csv,全部实验数据/LDP/Gplus/RR攻击增加数量/(8%)res_n10000_alg3_eps1-0.001_ns2_cl6-150_ba1-1_itr10-1.csv,data/raw_results/ldp/gplus/post_rr_increase/8pctres_n10000_alg3_eps1_0p001_ns2_cl6_150_ba1_1_itr10_1.csv,3272,bc4f0ec1bd0ae0b9353107870bea54b9d64ab981320f6a387b813fc33af11a84
raw_result_csv,全部实验数据/LDP/Gplus/RR攻击增加数量/(8%)res_n10000_alg4_eps1-0.001_ns0_cl0_ba1-1_itr10-1.csv,data/raw_results/ldp/gplus/post_rr_increase/8pctres_n10000_alg4_eps1_0p001_ns0_cl0_ba1_1_itr10_1.csv,3290,096e46e91fbb7dbb5d1df7b01af73bf7c34410aaccd4010bb8bf3a18c26f1461
raw_result_csv,全部实验数据/LDP/Gplus/RR攻击增加数量/(8%)res_n10000_alg4_eps1-0.001_ns2_cl6-150_ba1-1_itr10-1.csv,data/raw_results/ldp/gplus/post_rr_increase/8pctres_n10000_alg4_eps1_0p001_ns2_cl6_150_ba1_1_itr10_1.csv,3265,6d9e8afe6ed2e0a2e4dd8c50d207b2e8120c9236ac2fd9cbb13421563d407516
raw_result_csv,全部实验数据/LDP/Gplus/原始数据/res_n10000_alg2_eps1-0.001_ns0_cl0_ba1-1_itr10-1.csv,data/raw_results/ldp/gplus/clean_baseline/res_n10000_alg2_eps1_0p001_ns0_cl0_ba1_1_itr10_1.csv,3290,ba43263b1658d72aac8ba26d9e206902abaedf4264ad36574d6f442c3dbe31db
raw_result_csv,全部实验数据/LDP/Gplus/原始数据/res_n10000_alg2_eps1-0.001_ns2_cl6-150_ba1-1_itr10-1.csv,data/raw_results/ldp/gplus/clean_baseline/res_n10000_alg2_eps1_0p001_ns2_cl6_150_ba1_1_itr10_1.csv,3256,d5341ae40b48e2b3c60a933e31b014ca6aabf2f546c552cfee1e071f0fb7b19b
raw_result_csv,全部实验数据/LDP/Gplus/原始数据/res_n10000_alg3_eps1-0.001_ns0_cl0_ba1-1_itr10-1.csv,data/raw_results/ldp/gplus/clean_baseline/res_n10000_alg3_eps1_0p001_ns0_cl0_ba1_1_itr10_1.csv,3290,0a1f8c1aea893ecf7387d976f2f5de20797bfa052d9114843fc05f1d8c5dfdf5
raw_result_csv,全部实验数据/LDP/Gplus/原始数据/res_n10000_alg3_eps1-0.001_ns2_cl6-150_ba1-1_itr10-1.csv,data/raw_results/ldp/gplus/clean_baseline/res_n10000_alg3_eps1_0p001_ns2_cl6_150_ba1_1_itr10_1.csv,3256,0ef427d2d60e87944ce960a80fce974deb0685ecce604d79d57e74125a6f3fb5
raw_result_csv,全部实验数据/LDP/Gplus/原始数据/res_n10000_alg4_eps1-0.001_ns0_cl0_ba1-1_itr10-1.csv,data/raw_results/ldp/gplus/clean_baseline/res_n10000_alg4_eps1_0p001_ns0_cl0_ba1_1_itr10_1.csv,3290,2ff1c0d25fc8c815bd9c75a1283a67eedd4d7385f50748171406066689793ed6
raw_result_csv,全部实验数据/LDP/Gplus/原始数据/res_n10000_alg4_eps1-0.001_ns2_cl6-150_ba1-1_itr10-1.csv,data/raw_results/ldp/gplus/clean_baseline/res_n10000_alg4_eps1_0p001_ns2_cl6_150_ba1_1_itr10_1.csv,3256,f1c68fa4d799bd595df02c0bd87365324722d3256dab968cca9107bc36a4a768
raw_result_csv,全部实验数据/LDP/Gplus/攻击原始数据减少数量/(10%)res_n10000_alg2_eps1-0.001_ns0_cl0_ba1-1_itr10-1.csv,data/raw_results/ldp/gplus/original_decrease/10pctres_n10000_alg2_eps1_0p001_ns0_cl0_ba1_1_itr10_1.csv,3290,c7a74f9bab2d5376e07364d6a1bec6b1ad837f5b9bc8e9390e6a24e4c73e9592
raw_result_csv,全部实验数据/LDP/Gplus/攻击原始数据减少数量/(10%)res_n10000_alg2_eps1-0.001_ns2_cl6-150_ba1-1_itr10-1.csv,data/raw_results/ldp/gplus/original_decrease/10pctres_n10000_alg2_eps1_0p001_ns2_cl6_150_ba1_1_itr10_1.csv,3256,028895a48a9047c7cb3f815b3e1eccede4c7103ab73256a5527c48f52176da69
raw_result_csv,全部实验数据/LDP/Gplus/攻击原始数据减少数量/(10%)res_n10000_alg3_eps1-0.001_ns0_cl0_ba1-1_itr10-1.csv,data/raw_results/ldp/gplus/original_decrease/10pctres_n10000_alg3_eps1_0p001_ns0_cl0_ba1_1_itr10_1.csv,3290,fb90b214198da1e9b3d8eb1aaf730a5894fe4b55c91f4faa9419b0888731c12e
raw_result_csv,全部实验数据/LDP/Gplus/攻击原始数据减少数量/(10%)res_n10000_alg3_eps1-0.001_ns2_cl6-150_ba1-1_itr10-1.csv,data/raw_results/ldp/gplus/original_decrease/10pctres_n10000_alg3_eps1_0p001_ns2_cl6_150_ba1_1_itr10_1.csv,3256,528bc31d5423bd413b39861178a79f86ec04e8c9d9a2758998b923fe7544a54a
raw_result_csv,全部实验数据/LDP/Gplus/攻击原始数据减少数量/(10%)res_n10000_alg4_eps1-0.001_ns0_cl0_ba1-1_itr10-1.csv,data/raw_results/ldp/gplus/original_decrease/10pctres_n10000_alg4_eps1_0p001_ns0_cl0_ba1_1_itr10_1.csv,3290,bf98b953ab43535ec31fa29983eeba43bd834af63ec1c8437db19479339bd438
raw_result_csv,全部实验数据/LDP/Gplus/攻击原始数据减少数量/(10%)res_n10000_alg4_eps1-0.001_ns2_cl6-150_ba1-1_itr10-1.csv,data/raw_results/ldp/gplus/original_decrease/10pctres_n10000_alg4_eps1_0p001_ns2_cl6_150_ba1_1_itr10_1.csv,3256,b6cf01c71bd275b7d8cf477ab6a00374194fb936b1b6468741769ca5c91376d9
raw_result_csv,全部实验数据/LDP/Gplus/攻击原始数据减少数量/(20%)res_n10000_alg2_eps1-0.001_ns0_cl0_ba1-1_itr10-1.csv,data/raw_results/ldp/gplus/original_decrease/20pctres_n10000_alg2_eps1_0p001_ns0_cl0_ba1_1_itr10_1.csv,3280,cf131cb5145d8ef4188c097012f414b183034252814ba0ff3073140bfdcbd0b2
raw_result_csv,全部实验数据/LDP/Gplus/攻击原始数据减少数量/(20%)res_n10000_alg2_eps1-0.001_ns2_cl6-150_ba1-1_itr10-1.csv,data/raw_results/ldp/gplus/original_decrease/20pctres_n10000_alg2_eps1_0p001_ns2_cl6_150_ba1_1_itr10_1.csv,3246,418ab1342235325c2f9571ec806cc0e4f5275032ccbeee7573013ae294fe8171
raw_result_csv,全部实验数据/LDP/Gplus/攻击原始数据减少数量/(20%)res_n10000_alg3_eps1-0.001_ns0_cl0_ba1-1_itr10-1.csv,data/raw_results/ldp/gplus/original_decrease/20pctres_n10000_alg3_eps1_0p001_ns0_cl0_ba1_1_itr10_1.csv,3280,a276eba97ce3752d4b0b0a7445717352b9a8be14b389d10eb5dad8825d35d714
raw_result_csv,全部实验数据/LDP/Gplus/攻击原始数据减少数量/(20%)res_n10000_alg3_eps1-0.001_ns2_cl6-150_ba1-1_itr10-1.csv,data/raw_results/ldp/gplus/original_decrease/20pctres_n10000_alg3_eps1_0p001_ns2_cl6_150_ba1_1_itr10_1.csv,3246,6cb546a3179f2f3026eb93affd2d4cb611b6e338e51fa70295637bd44c16d720
raw_result_csv,全部实验数据/LDP/Gplus/攻击原始数据减少数量/(20%)res_n10000_alg4_eps1-0.001_ns0_cl0_ba1-1_itr10-1.csv,data/raw_results/ldp/gplus/original_decrease/20pctres_n10000_alg4_eps1_0p001_ns0_cl0_ba1_1_itr10_1.csv,3280,6542dcf4b19c86f708901f17764cccb5b839e5ff26c19206f9e2a2ff2e908174
raw_result_csv,全部实验数据/LDP/Gplus/攻击原始数据减少数量/(20%)res_n10000_alg4_eps1-0.001_ns2_cl6-150_ba1-1_itr10-1.csv,data/raw_results/ldp/gplus/original_decrease/20pctres_n10000_alg4_eps1_0p001_ns2_cl6_150_ba1_1_itr10_1.csv,3246,40fd04b0409aa801db2741c97f3c82414684a5a66d57d65cfd7c50ab2e97738a
raw_result_csv,全部实验数据/LDP/Gplus/攻击原始数据减少数量/(5%)res_n10000_alg2_eps1-0.001_ns0_cl0_ba1-1_itr10-1.csv,data/raw_results/ldp/gplus/original_decrease/5pctres_n10000_alg2_eps1_0p001_ns0_cl0_ba1_1_itr10_1.csv,3290,1a571e559b4803976a10e065808038b3cdbfe57a126bdfead1f1e6f84bbcc0f1
raw_result_csv,全部实验数据/LDP/Gplus/攻击原始数据减少数量/(5%)res_n10000_alg2_eps1-0.001_ns2_cl6-150_ba1-1_itr10-1.csv,data/raw_results/ldp/gplus/original_decrease/5pctres_n10000_alg2_eps1_0p001_ns2_cl6_150_ba1_1_itr10_1.csv,3256,87677a03790c93e2bed2c4ca265b220f9ce02d56c90ec87a06840352e45dec27
raw_result_csv,全部实验数据/LDP/Gplus/攻击原始数据减少数量/(5%)res_n10000_alg3_eps1-0.001_ns0_cl0_ba1-1_itr10-1.csv,data/raw_results/ldp/gplus/original_decrease/5pctres_n10000_alg3_eps1_0p001_ns0_cl0_ba1_1_itr10_1.csv,3290,95a68509e07325fcf5fa317a45f0c3a88c74710c000fda3625c48f49f916f17f
raw_result_csv,全部实验数据/LDP/Gplus/攻击原始数据减少数量/(5%)res_n10000_alg3_eps1-0.001_ns2_cl6-150_ba1-1_itr10-1.csv,data/raw_results/ldp/gplus/original_decrease/5pctres_n10000_alg3_eps1_0p001_ns2_cl6_150_ba1_1_itr10_1.csv,3256,3234540c605a506c60f1efdf9aa29769cb5fb61306d1b2f0a7da7c3cc78bcf5a
raw_result_csv,全部实验数据/LDP/Gplus/攻击原始数据减少数量/(5%)res_n10000_alg4_eps1-0.001_ns0_cl0_ba1-1_itr10-1.csv,data/raw_results/ldp/gplus/original_decrease/5pctres_n10000_alg4_eps1_0p001_ns0_cl0_ba1_1_itr10_1.csv,3290,1a374ae08591e60845a9ec671868ebec82e69e9f972195d2da2dcc0765dfcd99
raw_result_csv,全部实验数据/LDP/Gplus/攻击原始数据减少数量/(5%)res_n10000_alg4_eps1-0.001_ns2_cl6-150_ba1-1_itr10-1.csv,data/raw_results/ldp/gplus/original_decrease/5pctres_n10000_alg4_eps1_0p001_ns2_cl6_150_ba1_1_itr10_1.csv,3256,9c554fc5564d2856d40c693a27047db2686cc4b8c7e43709fe7ed6c7be2be657
raw_result_csv,全部实验数据/genshuffle DP/results_ccs25_shuffle/summary.csv,data/raw_results/genshuffle_dp/results_ccs25_shuffle/summary.csv,168152,732a719b642e02b950b4bcaa254104c7fe8a87b10653d01562b230bb09cee7bf
raw_result_csv,全部实验数据/genshuffle DP/results_ccs25_shuffle_rr_fixed/summary_rr_fixed.csv,data/raw_results/genshuffle_dp/results_ccs25_shuffle_rr_fixed/summary_rr_fixed.csv,85190,c25b53cba5363a48c7a52556853dad9988033adcbdedbaa93d4298f7f9dc31aa
raw_result_csv,全部实验数据/2024-RLDP/results_laplace_all_attacks_Gplus/summary.csv,data/raw_results/rldp_2024/results_laplace_all_attacks_gplus/summary.csv,61769,0dff046ae5c634aeeb3536cdba85ee5143e3ed6c41a3ed3870d79d83d8b4b8ef
raw_result_csv,全部实验数据/2024-RLDP/results_laplace_all_attacks_IMDB/summary.csv,data/raw_results/rldp_2024/results_laplace_all_attacks_imdb/summary.csv,63304,824b529803037210524ec2cabffd645d699e23e633a62604368d51289d73ab04
logs_archive,全部实验数据/**/*.log,logs/raw_run_logs.zip,1514312,19085a8ce9d9a8e43f4fa37d7db0664f998a02b6ad981075575804f2c53abb95
processed_seed,cpp文件和脚本/cpp/combined_laplace_attack_summary.csv,data/processed/combined_laplace_attack_summary.csv,124912,9d430ebeb4d1c005f2a60647e1860d1c15594aa9b2f9fa65507da31b4820ab04
