source_file,schema_id,study,dataset_inferred,attack_family_inferred,attack_direction_inferred,rows,columns,epsilon_values,malicious_ratio_values,attack_values,mean_relative_error,std_relative_error,mean_signed_error,mean_estimate,mean_true_triangles,sha256
data/raw_results/ddp/gplus_n10000_ddp_phase2_robust.csv,schema_01,ddp,Gplus,clean,clean,1935,29,0.5;1;2,0.0;0.05;0.1;0.15;0.2,lap_count_decrease;lap_count_increase;lap_fixed_decrease;lap_fixed_increase;lap_scale_decrease;lap_scale_increase;none;orig_decrease;orig_increase,0.8617208342519876,4.219977578595523,,58205689.76965359,32950647.0,4ca4b0d87a72e1593e57faad09d836652246cac90791171a8cc4bda69a3a78fd
data/raw_results/ddp/imdb_n10000_ddp_phase2_robust.csv,schema_01,ddp,IMDB,clean,clean,1935,29,0.5;1;2,0.0;0.05;0.1;0.15;0.2,lap_count_decrease;lap_count_increase;lap_fixed_decrease;lap_fixed_increase;lap_scale_decrease;lap_scale_increase;none;orig_decrease;orig_increase,3317.047036239891,17659.892595509285,,25007749.696142368,7790.0,2cf1c2b73a5c8e52e6428cacafe1a73275cba933125193b0e74222197c284383
data/raw_results/defense/gplus_ddp_lap_local_inc_defense.csv,schema_02,defense,Gplus,defense,increase,15,32,1.0000000000,0.0;0.025;0.05;0.075;0.1,lap_local_inc,0.00473884216,0.003495356030429533,,33106748.11487105,32950647.0,05a712c8c6b01518d431081eec9d6ff4e13bc64b2e5df50f77d8f3463872d752
data/raw_results/defense/gplus_ddp_lap_scale_inc_defense.csv,schema_03,defense,Gplus,defense,increase,15,29,1.0000000000,0.0;0.025;0.05;0.075;0.1,lap_scale_inc,1.497958e-05,1.0533571472351763e-05,,32951088.854871046,32950647.0,4f628cbcf12852359e9998c1bb208c5371ab4ab657012cbf52cb627dbc50144b
data/raw_results/defense/gplus_edgeorient_rr_inc_defense.csv,schema_02,defense,Gplus,defense,increase,15,32,1.0000000000,0.0;0.025;0.05;0.075;0.1,rr_inc,0.0072722652333333335,0.007569532277057659,,33190254.12435551,32950647.0,df966b6fc61be8fd53cbed13da8ced18dfe5162d869099940e43edf11bfab81b
data/raw_results/defense/gplus_genshuffledp_rr_inc_defense.csv,schema_02,defense,Gplus,defense,increase,15,32,1.0000000000,0.0;0.025;0.05;0.075;0.1,rr_inc,0.007272173426666667,0.0075693841147178,,33190238.61898779,32950647.0,b3b36b2b13b67182e139a0af8f30bf5615ed5e0cac4e3140d57fe557b9b23260
data/raw_results/defense/gplus_ldp2022_arronens_orig_inc_defense.csv,schema_02,defense,Gplus,defense,increase,15,32,1.0000000000,0.0;0.025;0.05;0.075;0.1,orig_inc,1.6110175877800001,1.9960344704630242,,86034703.2453726,32950647.0,52ff80549b8b7789e8dbac5a0d6c9976573a7b1931d39b7f131602bfe185e245
data/raw_results/defense/gplus_privet_lap_local_inc_defense.csv,schema_02,defense,Gplus,defense,increase,15,32,1.0000000000,0.0;0.025;0.05;0.075;0.1,lap_local_inc,0.00473895692,0.003495812266191194,,33106767.496580593,32950647.0,cc87cca1a867e4db068f5dff7fcbf39434249be875aa397920d09f78f434ede7
data/raw_results/defense/gplus_privet_lap_scale_inc_defense.csv,schema_03,defense,Gplus,defense,increase,15,29,1.0000000000,0.0;0.025;0.05;0.075;0.1,lap_scale_inc,9.9864e-06,7.022378102385056e-06,,32950941.569913905,32950647.0,271d034070d544e099f912a9bc352d69e957e12ac961a462f1c7b0c32061fece
data/raw_results/defense/gplus_tdpvc_rr_inc_defense.csv,schema_02,defense,Gplus,defense,increase,15,32,1.0000000000,0.0;0.025;0.05;0.075;0.1,rr_inc,0.007272230793333333,0.007569476670098056,,33190248.309842646,32950647.0,e500f3c9f2779061517a17ec95df7541398c72e2b76eb84f0f7908f0b1bf4750
data/raw_results/defense/logs_all_defense_gplus_n10000_r3_20260611_031107/run_status.csv,schema_04,defense,Gplus,defense,increase,6,5,,,,,,,,,6f02afa8ef2fae749b6b49068aa875febe6d93e49bf781d1c68e14102d97cf73
data/raw_results/defense/logs_all_defense_gplus_n10000_r3_20260611_101904/run_status.csv,schema_04,defense,Gplus,defense,increase,6,5,,,,,,,,,d1064b08d61849d1636eae6d6b77e2d1a0dac83fb638a3223252c6042e14b068
data/raw_results/edge_orient_vldb/gplus/13pct_1edgeorientdelta_original_decrease_results.csv,schema_05,edge_orient_vldb,Gplus,original_data,decrease,15,43,0.50000000;1.00000000;2.00000000,0.13,original_decrease,0.052404681333333335,0.03012685746057965,,31233495.123738147,32950647.0,028145009436211197bea4cd4080dba3d2866fe78eeca33874ec1ea660a15396
data/raw_results/edge_orient_vldb/gplus/13pct_1edgeorientdelta_original_increase_results.csv,schema_05,edge_orient_vldb,Gplus,original_data,increase,15,43,0.50000000;1.00000000;2.00000000,0.13,original_increase,11.210386934,0.10694731474386551,,402340149.5982937,32950647.0,4679a97e91e10d9594a141c274ca9e17192ec37466e8585819398b2dda034d52
data/raw_results/edge_orient_vldb/gplus/15pct_1edgeorientdelta_original_decrease_results.csv,schema_05,edge_orient_vldb,Gplus,original_data,decrease,15,43,0.50000000;1.00000000;2.00000000,0.15,original_decrease,0.06559808066666667,0.031010305643167462,,30789147.767253697,32950647.0,aa8b70ea03681082f0c3aa60cc140c9bc1d0ff62505c455be9d408cdb2fde543
data/raw_results/edge_orient_vldb/gplus/15pct_1edgeorientdelta_original_increase_results.csv,schema_05,edge_orient_vldb,Gplus,original_data,increase,15,43,0.50000000;1.00000000;2.00000000,0.15,original_increase,17.204940181999998,0.16845836123234725,,599864557.5973384,32950647.0,f87364b44406864796237094409808f841faaad9fc87f5c72b94655c6ecb2aad
data/raw_results/edge_orient_vldb/gplus/18pct_1edgeorientdelta_original_decrease_results.csv,schema_05,edge_orient_vldb,Gplus,original_data,decrease,15,43,0.50000000;1.00000000;2.00000000,0.18,original_decrease,0.09147127733333334,0.030373044858904432,,29936609.24377258,32950647.0,c605bcffc0f6618d215f14d6cbfc0ea7e34ef3ee0d71beb1faa05a74f4e55caa
data/raw_results/edge_orient_vldb/gplus/18pct_1edgeorientdelta_original_increase_results.csv,schema_05,edge_orient_vldb,Gplus,original_data,increase,15,43,0.50000000;1.00000000;2.00000000,0.18,original_increase,29.660628726000002,0.28989745495580826,,1010287553.9275092,32950647.0,d36587a67e5f1d64ec662827012afcc2f01f50d519476470400d81294c7e4647
data/raw_results/edge_orient_vldb/gplus/20pct_1edgeorientdelta_original_decrease_results.csv,schema_05,edge_orient_vldb,Gplus,original_data,decrease,15,43,0.50000000;1.00000000;2.00000000,0.2,original_decrease,0.10896442533333332,0.030082458755555742,,29360198.66747209,32950647.0,d5efa865f767533332199ff51460da3dd29b0d8ac94a613a509e1f6a09b50d9a
data/raw_results/edge_orient_vldb/gplus/20pct_1edgeorientdelta_original_increase_results.csv,schema_05,edge_orient_vldb,Gplus,original_data,increase,15,43,0.50000000;1.00000000;2.00000000,0.2,original_increase,40.648231054,0.33195940148549086,,1372336159.5938318,32950647.0,9d6dd0d25af3b6a38337fdf70059a633582491513645ee30b10c6bbc13305a14
data/raw_results/edge_orient_vldb/gplus/3pct_1edgeorientdelta_original_decrease_results.csv,schema_05,edge_orient_vldb,Gplus,original_data,decrease,15,43,0.50000000;1.00000000;2.00000000,0.03,original_decrease,0.024371354,0.02064115086638748,,32668057.43182434,32950647.0,26cd7a0886bf3f390376f07be1a92cdd4b98d7277f0ecaed35a27baa2af14f70
data/raw_results/edge_orient_vldb/gplus/3pct_1edgeorientdelta_original_increase_results.csv,schema_05,edge_orient_vldb,Gplus,original_data,increase,15,43,0.50000000;1.00000000;2.00000000,0.03,original_increase,0.13495465066666668,0.0350235636220491,,37397490.09716499,32950647.0,6a6503c2eb6540d2662ba3f5cd7c52ed5dd1f94041c162150b0495e28579c274
data/raw_results/edge_orient_vldb/gplus/5pct_1edgeorientdelta_original_decrease_results.csv,schema_05,edge_orient_vldb,Gplus,original_data,decrease,15,43,0.50000000;1.00000000;2.00000000,0.1,original_decrease,0.03830021066666667,0.02327581970329278,,31869514.688929122,32950647.0,3afb36ab7611f00a8be6ba23255ec9cf2cae5b1578cf438aafc61e83745472be
data/raw_results/edge_orient_vldb/gplus/5pct_1edgeorientdelta_original_increase_results.csv,schema_05,edge_orient_vldb,Gplus,original_data,increase,15,43,0.50000000;1.00000000;2.00000000,0.05,original_increase,0.6399914453333333,0.04220025917039167,,54038779.220060624,32950647.0,7e63967b9f793606bbf3c26de6dc1c21c5141fe8768c97fd22f0e107e6c3c219
data/raw_results/edge_orient_vldb/gplus/8pct_1edgeorientdelta_original_decrease_results.csv,schema_05,edge_orient_vldb,Gplus,original_data,decrease,15,43,0.50000000;1.00000000;2.00000000,0.08,original_decrease,0.031862848,0.020640208395928908,,32205912.348243233,32950647.0,3876fad1c8e7ea3bc0e353b9077246dd97a48ee00d40ec7cec5b6d335c647bdb
data/raw_results/edge_orient_vldb/gplus/8pct_1edgeorientdelta_original_increase_results.csv,schema_05,edge_orient_vldb,Gplus,original_data,increase,15,43,0.50000000;1.00000000;2.00000000,0.08,original_increase,2.627241432,0.06662634575520184,,119519951.99418782,32950647.0,cddf7d5c2e2e393445ba8b196920387952beb7e3f9d41e7e20ce65a4845b0264
data/raw_results/edge_orient_vldb/gplus/edgeorientdelta_laplaceattack_decrease_fixed_n10000_eps0p5_1p0_2p0_p0p025_0p275_0p15_prob1p0_val1.csv,schema_06,edge_orient_vldb,Gplus,post_laplace,decrease,45,40,0.50000000;1.00000000;2.00000000,0.025;0.15;0.275,,0.020255753777777778,0.020975786189490805,,32995612.81110381,32950647.0,2f821a6eb20786d70af5467656d90ac613aa2e5f475a9ac7ce13ce884f7c7d77
data/raw_results/edge_orient_vldb/gplus/edgeorientdelta_laplaceattack_decrease_fixed_n10000_eps0p5_1p0_2p0_p0p05_0p10_0p20_prob1p0_val1.csv,schema_06,edge_orient_vldb,Gplus,post_laplace,decrease,45,40,0.50000000;1.00000000;2.00000000,0.05;0.1;0.2,,0.018713662444444445,0.01714345659659634,,32807380.192647547,32950647.0,30b02b6bc4f4aac24c3fa314c769eee0346638897285084d84a0ac8fcf4f6560
data/raw_results/edge_orient_vldb/gplus/edgeorientdelta_laplaceattack_decrease_fixed_n10000_eps0p5_1p0_2p0_p0p125_0p075_0p175_prob1p0_val1.csv,schema_06,edge_orient_vldb,Gplus,post_laplace,decrease,45,40,0.50000000;1.00000000;2.00000000,0.075;0.125;0.175,,0.01914876,0.01613428421366735,,32890325.689111643,32950647.0,174fdd2611bc4285b4fdc042bd4936b0d69e9a889549d179a5952e039acb9ca0
data/raw_results/edge_orient_vldb/gplus/edgeorientdelta_laplaceattack_decrease_local_n10000_eps0p5_1p0_2p0_p0p025_0p275_0p15_prob1p0_val1.csv,schema_06,edge_orient_vldb,Gplus,post_laplace,decrease,45,40,0.50000000;1.00000000;2.00000000,0.025;0.15;0.275,,0.40692149822222223,0.2894530503045462,,19542320.341875665,32950647.0,71e56b076d7e86c14c35580a9999dc310bcb75bac11b445e87a2e3d43c4d78a3
data/raw_results/edge_orient_vldb/gplus/edgeorientdelta_laplaceattack_decrease_local_n10000_eps0p5_1p0_2p0_p0p05_0p10_0p20_prob1p0_val1.csv,schema_06,edge_orient_vldb,Gplus,post_laplace,decrease,45,40,0.50000000;1.00000000;2.00000000,0.05;0.1;0.2,,0.3226488431111111,0.1948763823809169,,22319158.877830483,32950647.0,5771042fdabf388a619f0f60be18c81936e34fce3cedc9d80851460d92b40659
data/raw_results/edge_orient_vldb/gplus/edgeorientdelta_laplaceattack_decrease_local_n10000_eps0p5_1p0_2p0_p0p125_0p075_0p175_prob1p0_val1.csv,schema_06,edge_orient_vldb,Gplus,post_laplace,decrease,45,40,0.50000000;1.00000000;2.00000000,0.075;0.125;0.175,,0.35559745888888883,0.13177381908955602,,21233480.635082837,32950647.0,998fcd87b394a900dcc68c82a9c4b4a0379e20faeb8896b82ad944bf30e052b3
data/raw_results/edge_orient_vldb/gplus/edgeorientdelta_laplaceattack_decrease_scale_n10000_eps0p5_1p0_2p0_p0p025_0p275_0p15_prob1p0_val1.csv,schema_06,edge_orient_vldb,Gplus,post_laplace,decrease,45,40,0.50000000;1.00000000;2.00000000,0.025;0.15;0.275,,0.17745405422222224,0.16680077815540437,,27131801.699992716,32950647.0,6d7f452bcdfcd514022e8d2139539877bccf95d1edd5827bd3e9ef9f3c5efbad
data/raw_results/edge_orient_vldb/gplus/edgeorientdelta_laplaceattack_decrease_scale_n10000_eps0p5_1p0_2p0_p0p05_0p10_0p20_prob1p0_val1.csv,schema_06,edge_orient_vldb,Gplus,post_laplace,decrease,45,40,0.50000000;1.00000000;2.00000000,0.05;0.1;0.2,,0.1477634148888889,0.12170898158257058,,28081746.859314207,32950647.0,910d423b29f52df1ded51a93a997f4741d16530f10b4738d2a362f2e7d132f7c
data/raw_results/edge_orient_vldb/gplus/edgeorientdelta_laplaceattack_decrease_scale_n10000_eps0p5_1p0_2p0_p0p125_0p075_0p175_prob1p0_val1.csv,schema_06,edge_orient_vldb,Gplus,post_laplace,decrease,45,40,0.50000000;1.00000000;2.00000000,0.075;0.125;0.175,,0.15069554666666665,0.09540104998040423,,27985131.244667206,32950647.0,4ce2406554215bcb81357c4950c72339cd6915acce47c3981df1fb62d482b41f
data/raw_results/edge_orient_vldb/gplus/edgeorientdelta_laplaceattack_increase_fixed_n10000_eps0p5_1p0_2p0_p0p025_0p275_0p15_prob1p0_val1.csv,schema_06,edge_orient_vldb,Gplus,post_laplace,increase,45,40,0.50000000;1.00000000;2.00000000,0.025;0.15;0.275,,0.020250358666666666,0.02098407013015464,,32998612.811103806,32950647.0,fa41047cd797697ed8132730235c622814d0e5145d04728d46587f7b8f92f1bf
data/raw_results/edge_orient_vldb/gplus/edgeorientdelta_laplaceattack_increase_fixed_n10000_eps0p5_1p0_2p0_p0p05_0p10_0p20_prob1p0_val1.csv,schema_06,edge_orient_vldb,Gplus,post_laplace,increase,45,40,0.50000000;1.00000000;2.00000000,0.05;0.1;0.2,,0.018703546888888888,0.017139873593938895,,32809713.525980882,32950647.0,887b999132b3ca35f503b7496e85c9c55cccef0c46851e1225f8593b6d9ea6e8
data/raw_results/edge_orient_vldb/gplus/edgeorientdelta_laplaceattack_increase_fixed_n10000_eps0p5_1p0_2p0_p0p125_0p075_0p175_prob1p0_val1.csv,schema_06,edge_orient_vldb,Gplus,post_laplace,increase,45,40,0.50000000;1.00000000;2.00000000,0.075;0.125;0.175,,0.01913898088888889,0.016145516185713468,,32892825.689111643,32950647.0,ace54da4b7e8cc8d6764d8ef7869d2bb5486dc2aba20ed31c25fa5ec87045808
data/raw_results/edge_orient_vldb/gplus/edgeorientdelta_laplaceattack_increase_local_n10000_eps0p5_1p0_2p0_p0p025_0p275_0p15_prob1p0_val1.csv,schema_06,edge_orient_vldb,Gplus,post_laplace,increase,45,40,0.50000000;1.00000000;2.00000000,0.025;0.15;0.275,,0.4097418271111111,0.28879495577111236,,46451905.28033195,32950647.0,6678e079cac0088d9f49b60a887b57e32679b5a2a87b3c0a6fba33a1cb8513e6
data/raw_results/edge_orient_vldb/gplus/edgeorientdelta_laplaceattack_increase_local_n10000_eps0p5_1p0_2p0_p0p05_0p10_0p20_prob1p0_val1.csv,schema_06,edge_orient_vldb,Gplus,post_laplace,increase,45,40,0.50000000;1.00000000;2.00000000,0.05;0.1;0.2,,0.3140238148888889,0.19838926304033402,,43297934.84079797,32950647.0,9d28baecf52e1241d2708758ee2f4afb2f9a0f2351786d13a845e1fa93e3c66e
data/raw_results/edge_orient_vldb/gplus/edgeorientdelta_laplaceattack_increase_local_n10000_eps0p5_1p0_2p0_p0p125_0p075_0p175_prob1p0_val1.csv,schema_06,edge_orient_vldb,Gplus,post_laplace,increase,45,40,0.50000000;1.00000000;2.00000000,0.075;0.125;0.175,,0.3520120182222222,0.14348364519223766,,44549670.74314042,32950647.0,94ee3d755c6661a2188ffc89d647d4aff1c709ec3b7d75ba4e88732da8ba02c9
data/raw_results/edge_orient_vldb/gplus/edgeorientdelta_laplaceattack_increase_scale_n10000_eps0p5_1p0_2p0_p0p025_0p275_0p15_prob1p0_val1.csv,schema_06,edge_orient_vldb,Gplus,post_laplace,increase,45,40,0.50000000;1.00000000;2.00000000,0.025;0.15;0.275,,0.1800636417777778,0.17127186919381474,,38862423.92221491,32950647.0,f8e02fcf95815b87cb7505fa0e36db6cfb96e94f19549c91c51d3a0dadce4eab
data/raw_results/edge_orient_vldb/gplus/edgeorientdelta_laplaceattack_increase_scale_n10000_eps0p5_1p0_2p0_p0p05_0p10_0p20_prob1p0_val1.csv,schema_06,edge_orient_vldb,Gplus,post_laplace,increase,45,40,0.50000000;1.00000000;2.00000000,0.05;0.1;0.2,,0.13913838688888888,0.12463572354812456,,37535346.859314226,32950647.0,5c403e1b5edf4e1d1f1443ed7c535658a87ee41b3bbcdea6074ca9c3efde52b5
data/raw_results/edge_orient_vldb/gplus/edgeorientdelta_laplaceattack_increase_scale_n10000_eps0p5_1p0_2p0_p0p125_0p075_0p175_prob1p0_val1.csv,schema_06,edge_orient_vldb,Gplus,post_laplace,increase,45,40,0.50000000;1.00000000;2.00000000,0.075;0.125;0.175,,0.1471101051111111,0.09866975834889745,,37798020.13355609,32950647.0,f3c65b8169ca8ea67a3e3d4ed7e0be0d4c92cb6d371828f4c31bf93193fa28d1
data/raw_results/edge_orient_vldb/imdb/13pct_1edgeorientdelta_original_decrease_results.csv,schema_05,edge_orient_vldb,IMDB,original_data,decrease,15,43,0.50000000;1.00000000;2.00000000,0.13,original_decrease,31.010718798000003,32.22146881616143,,-2948.4001778933325,7790.0,a290ca7b4ae06b976e3eb202ed780bb3f5e7829d2e9349b993dad9b96f83f74e
data/raw_results/edge_orient_vldb/imdb/13pct_1edgeorientdelta_original_increase_results.csv,schema_05,edge_orient_vldb,IMDB,original_data,increase,15,43,0.50000000;1.00000000;2.00000000,0.13,original_increase,46757.873066288,494.0160660221589,,364251621.1863874,7790.0,00fb866c2206dbe7b96eddd6815eb97483c2810cd72a2ecd4889a7bc36887cb9
data/raw_results/edge_orient_vldb/imdb/15pct_1edgeorientdelta_original_decrease_results.csv,schema_05,edge_orient_vldb,IMDB,original_data,decrease,15,43,0.50000000;1.00000000;2.00000000,0.15,original_decrease,31.00870123,32.22857515313628,,-3085.1848608800005,7790.0,8305929d33f3f98b8364e75a7a2baef8aff2e4b6591f564561e87a19daa26c7d
data/raw_results/edge_orient_vldb/imdb/15pct_1edgeorientdelta_original_increase_results.csv,schema_05,edge_orient_vldb,IMDB,original_data,increase,15,43,0.50000000;1.00000000;2.00000000,0.15,original_increase,71890.38017857267,764.2502265463289,,560033851.5910795,7790.0,3175fc03b650da897242cd2bfe77eb6699860022b425d4aa9e1bb46ff8bbfbc8
data/raw_results/edge_orient_vldb/imdb/18pct_1edgeorientdelta_original_decrease_results.csv,schema_05,edge_orient_vldb,IMDB,original_data,decrease,15,43,0.50000000;1.00000000;2.00000000,0.18,original_decrease,30.979510920666666,32.263961094488174,,-3417.73128520866,7790.0,f12ba08da9a6121431638f998ea7373cb8a2c1df4bee833e25f1ddf64e236b1a
data/raw_results/edge_orient_vldb/imdb/18pct_1edgeorientdelta_original_increase_results.csv,schema_05,edge_orient_vldb,IMDB,original_data,increase,15,43,0.50000000;1.00000000;2.00000000,0.18,original_increase,124224.115696326,1171.4113591388186,,967713651.2743737,7790.0,a23ed00fa187667a057728e89b5bd145a7c33712b057c78a2c83e42f54f4e4fb
data/raw_results/edge_orient_vldb/imdb/20pct_1edgeorientdelta_original_decrease_results.csv,schema_05,edge_orient_vldb,IMDB,original_data,decrease,15,43,0.50000000;1.00000000;2.00000000,0.2,original_decrease,30.965717590666667,32.26040226909587,,-3553.5772677360087,7790.0,0e947a4cdc84db8b1ae11a7925a6a1dd998436e6fee0e2b18fde3f4b0633e14a
data/raw_results/edge_orient_vldb/imdb/20pct_1edgeorientdelta_original_increase_results.csv,schema_05,edge_orient_vldb,IMDB,original_data,increase,15,43,0.50000000;1.00000000;2.00000000,0.2,original_increase,170573.15445474532,1361.1478593108416,,1328772663.202459,7790.0,6febe057037d9c404c424fce4d5b5b349ba721d6b946d33f7035857a6d7730b4
data/raw_results/edge_orient_vldb/imdb/3pct_1edgeorientdelta_original_decrease_results.csv,schema_05,edge_orient_vldb,IMDB,original_data,decrease,15,43,0.50000000;1.00000000;2.00000000,0.03,original_decrease,31.023945546666667,32.22673320292149,,-2660.5959127533274,7790.0,baca40f7057e830d0cc62cef70296a4d93e5d3ea9a41081b2b17eec12dfa76af
data/raw_results/edge_orient_vldb/imdb/3pct_1edgeorientdelta_original_increase_results.csv,schema_05,edge_orient_vldb,IMDB,original_data,increase,15,43,0.50000000;1.00000000;2.00000000,0.03,original_increase,562.6984435013333,99.65070601324669,,4391210.874876993,7790.0,ae9580907a95c7363f0aa9fb1ade4841fc34e156b5f72f77db2fd088b9d10cce
data/raw_results/edge_orient_vldb/imdb/5pct_1edgeorientdelta_original_decrease_results.csv,schema_05,edge_orient_vldb,IMDB,original_data,decrease,15,43,0.50000000;1.00000000;2.00000000,0.05,original_decrease,31.027596426666666,32.2322571844459,,-2666.986863451332,7790.0,a60ac8fff14c519cca92d465c0e1a94eb655a1d02c9c5a36453833bc47027943
data/raw_results/edge_orient_vldb/imdb/5pct_1edgeorientdelta_original_increase_results.csv,schema_05,edge_orient_vldb,IMDB,original_data,increase,15,43,0.50000000;1.00000000;2.00000000,0.05,original_increase,2637.2484850446663,158.7750028939995,,20551955.69849788,7790.0,06f758db999fdb0ac587e9453caedf3d20b65409c338ea9bc826fe9c3f3f6859
data/raw_results/edge_orient_vldb/imdb/8pct_1edgeorientdelta_original_decrease_results.csv,schema_05,edge_orient_vldb,IMDB,original_data,decrease,15,43,0.50000000;1.00000000;2.00000000,0.08,original_decrease,31.027531842,32.23431452598454,,-2728.337704501333,7790.0,30ddde93c6ee3ad1b4c22c59ded29483889d293d0a1059699da04dd8c540cfd2
data/raw_results/edge_orient_vldb/imdb/8pct_1edgeorientdelta_original_increase_results.csv,schema_05,edge_orient_vldb,IMDB,original_data,increase,15,43,0.50000000;1.00000000;2.00000000,0.08,original_increase,10874.437529804001,258.6865247393687,,84719658.35717297,7790.0,c1276409305b448341848fe6071bfd2aab118b3e1d225d71a804072234fe2529
data/raw_results/edge_orient_vldb/imdb/edgeorientdelta_laplaceattack_decrease_fixed_n10000_eps0p5_1p0_2p0_p0p025_0p275_0p15_prob1p0_val1.csv,schema_06,edge_orient_vldb,IMDB,post_laplace,decrease,45,40,0.50000000;1.00000000;2.00000000,0.025;0.15;0.275,,7.674212262444444,10.027260046768612,,15305.771373630667,7790.0,be9964ca6021ded6458c03ee074d6b0af68da67d5ba3d7bf7f71c9ad231355a6
data/raw_results/edge_orient_vldb/imdb/edgeorientdelta_laplaceattack_decrease_fixed_n10000_eps0p5_1p0_2p0_p0p05_0p10_0p20_prob1p0_val1.csv,schema_06,edge_orient_vldb,IMDB,post_laplace,decrease,45,40,0.50000000;1.00000000;2.00000000,0.05;0.1;0.2,,9.812094761555555,10.788183620550676,,-10917.724828443112,7790.0,5ef848c8e314c68c74db635e6ad30c51c70aa3e32b226c61c5721ae6f08b1adc
data/raw_results/edge_orient_vldb/imdb/edgeorientdelta_laplaceattack_decrease_fixed_n10000_eps0p5_1p0_2p0_p0p125_0p075_0p175_prob1p0_val1.csv,schema_06,edge_orient_vldb,IMDB,post_laplace,decrease,45,40,0.50000000;1.00000000;2.00000000,0.075;0.125;0.175,,6.772118131333333,8.06396440259059,,15295.83632516889,7790.0,6a2ca6cf5d38440dbe862ec520227b5f4b38d346d87d9b0b4d44609d38d28150
data/raw_results/edge_orient_vldb/imdb/edgeorientdelta_laplaceattack_decrease_local_n10000_eps0p5_1p0_2p0_p0p025_0p275_0p15_prob1p0_val1.csv,schema_06,edge_orient_vldb,IMDB,post_laplace,decrease,45,40,0.50000000;1.00000000;2.00000000,0.025;0.15;0.275,,7.849601161333333,9.95203150286548,,2057.633123016224,7790.0,922915f8aa302a44c2fd45c4cf20c7fe34c0b16d835111bb5d4cce664415fb19
data/raw_results/edge_orient_vldb/imdb/edgeorientdelta_laplaceattack_decrease_local_n10000_eps0p5_1p0_2p0_p0p05_0p10_0p20_prob1p0_val1.csv,schema_06,edge_orient_vldb,IMDB,post_laplace,decrease,45,40,0.50000000;1.00000000;2.00000000,0.05;0.1;0.2,,10.374445144666668,10.956677482722426,,-24706.966483957553,7790.0,ce19ad275160c35c5d9a46c9414256268295d689c1cb4865a4ff9d6857768f9f
data/raw_results/edge_orient_vldb/imdb/edgeorientdelta_laplaceattack_decrease_local_n10000_eps0p5_1p0_2p0_p0p125_0p075_0p175_prob1p0_val1.csv,schema_06,edge_orient_vldb,IMDB,post_laplace,decrease,45,40,0.50000000;1.00000000;2.00000000,0.075;0.125;0.175,,6.745936620222222,7.992246961467294,,1457.6217987335556,7790.0,2909f899ebdd5fd4b3aa4cdd65896ba23df7c85cbd9ce3e8b322e8b3df7a5f0a
data/raw_results/edge_orient_vldb/imdb/edgeorientdelta_laplaceattack_decrease_scale_n10000_eps0p5_1p0_2p0_p0p025_0p275_0p15_prob1p0_val1.csv,schema_06,edge_orient_vldb,IMDB,post_laplace,decrease,45,40,0.50000000;1.00000000;2.00000000,0.025;0.15;0.275,,106.96417141222221,130.89473999338747,,-825460.8952930357,7790.0,d670606ed4082393de2604cffd59edbd67a2566f4073325b3e83f7885d687f4a
data/raw_results/edge_orient_vldb/imdb/edgeorientdelta_laplaceattack_decrease_scale_n10000_eps0p5_1p0_2p0_p0p05_0p10_0p20_prob1p0_val1.csv,schema_06,edge_orient_vldb,IMDB,post_laplace,decrease,45,40,0.50000000;1.00000000;2.00000000,0.05;0.1;0.2,,84.08314824533333,83.17530385622435,,-647217.7248284443,7790.0,7b57c1ccf8660f6869281dadccbcc5614f1c87db2b51510115d85801692ad3c5
data/raw_results/edge_orient_vldb/imdb/edgeorientdelta_laplaceattack_decrease_scale_n10000_eps0p5_1p0_2p0_p0p125_0p075_0p175_prob1p0_val1.csv,schema_06,edge_orient_vldb,IMDB,post_laplace,decrease,45,40,0.50000000;1.00000000;2.00000000,0.075;0.125;0.175,,91.12533836911112,85.5117047446535,,-702076.3858970535,7790.0,d80e07ad4490f35c4d1d59eeb10d2d374a07ff27453811f6bc274a1f6a2c21b8
data/raw_results/edge_orient_vldb/imdb/edgeorientdelta_laplaceattack_increase_fixed_n10000_eps0p5_1p0_2p0_p0p025_0p275_0p15_prob1p0_val1.csv,schema_06,edge_orient_vldb,IMDB,post_laplace,increase,45,40,0.50000000;1.00000000;2.00000000,0.025;0.15;0.275,,7.701366441555556,10.028736041500407,,18305.77137363067,7790.0,b157b4aaf1deb223bbb6543ee9d4bf1a87f157a539ec474fecd847a1aadb7f43
data/raw_results/edge_orient_vldb/imdb/edgeorientdelta_laplaceattack_increase_fixed_n10000_eps0p5_1p0_2p0_p0p05_0p10_0p20_prob1p0_val1.csv,schema_06,edge_orient_vldb,IMDB,post_laplace,increase,45,40,0.50000000;1.00000000;2.00000000,0.05;0.1;0.2,,9.761836950222222,10.76072976788188,,-8584.39149510978,7790.0,0aee20125d6b91d256c11e6758b55fa210cfac366bfd079246363bc60eeb6d97
data/raw_results/edge_orient_vldb/imdb/edgeorientdelta_laplaceattack_increase_fixed_n10000_eps0p5_1p0_2p0_p0p125_0p075_0p175_prob1p0_val1.csv,schema_06,edge_orient_vldb,IMDB,post_laplace,increase,45,40,0.50000000;1.00000000;2.00000000,0.075;0.125;0.175,,6.793513081333333,8.101919032084977,,17795.836325168668,7790.0,5df096dfc08e5857ab54b819b44369e23a9feb79f50777bf22a95eb2210a0dfe
data/raw_results/edge_orient_vldb/imdb/edgeorientdelta_laplaceattack_increase_local_n10000_eps0p5_1p0_2p0_p0p025_0p275_0p15_prob1p0_val1.csv,schema_06,edge_orient_vldb,IMDB,post_laplace,increase,45,40,0.50000000;1.00000000;2.00000000,0.025;0.15;0.275,,7.922123369333334,10.222678321237021,,31553.909624245334,7790.0,90e153fe5a7676b66a16f9a2ef36666f6ee09dd2b022b8992f7a65ea9be6bfc6
data/raw_results/edge_orient_vldb/imdb/edgeorientdelta_laplaceattack_increase_local_n10000_eps0p5_1p0_2p0_p0p05_0p10_0p20_prob1p0_val1.csv,schema_06,edge_orient_vldb,IMDB,post_laplace,increase,45,40,0.50000000;1.00000000;2.00000000,0.05;0.1;0.2,,9.530515289111111,10.666036201374073,,5204.850160405111,7790.0,3f12618b980c17f9b3001af788c2568ae9f0b05d8d608e2f8d4d9286cbcf7828
data/raw_results/edge_orient_vldb/imdb/edgeorientdelta_laplaceattack_increase_local_n10000_eps0p5_1p0_2p0_p0p125_0p075_0p175_prob1p0_val1.csv,schema_06,edge_orient_vldb,IMDB,post_laplace,increase,45,40,0.50000000;1.00000000;2.00000000,0.075;0.125;0.175,,7.137638008888889,8.418403098706374,,31634.05085160311,7790.0,b3954067b0072fa8dc3b0401c109476b9a05bf7ad7c1bdb4d424193712b2b1dc
data/raw_results/edge_orient_vldb/imdb/edgeorientdelta_laplaceattack_increase_scale_n10000_eps0p5_1p0_2p0_p0p025_0p275_0p15_prob1p0_val1.csv,schema_06,edge_orient_vldb,IMDB,post_laplace,increase,45,40,0.50000000;1.00000000;2.00000000,0.025;0.15;0.275,,109.27887523022223,131.59825746356628,,859072.4380402969,7790.0,036b1f55395bd88b06c6879ec162218b063fb15813b2d744dacef5f892b81e4f
data/raw_results/edge_orient_vldb/imdb/edgeorientdelta_laplaceattack_increase_scale_n10000_eps0p5_1p0_2p0_p0p05_0p10_0p20_prob1p0_val1.csv,schema_06,edge_orient_vldb,IMDB,post_laplace,increase,45,40,0.50000000;1.00000000;2.00000000,0.05;0.1;0.2,,79.57966733066667,79.6387270320515,,627715.60850489,7790.0,20f52487429b21fa0af9581ed87b353203fe4d91412fd8659f2a26afeb251496
data/raw_results/edge_orient_vldb/imdb/edgeorientdelta_laplaceattack_increase_scale_n10000_eps0p5_1p0_2p0_p0p125_0p075_0p175_prob1p0_val1.csv,schema_06,edge_orient_vldb,IMDB,post_laplace,increase,45,40,0.50000000;1.00000000;2.00000000,0.075;0.125;0.175,,93.37330661688888,90.67756025633479,,735168.0585473911,7790.0,a18d0ca931464115f5bf2ef566285019f838241c1d88d5d33fe0095466cadbea
data/raw_results/edge_orient_vldb/results_edgeorient_rr_strict/gplus_edgeorient_rr_clean.csv,schema_07,edge_orient_vldb,Gplus,post_rr,increase,15,37,0.50000000;1.00000000;2.00000000,0.0,,0.024942665333333332,0.025555710640510154,,32494544.832200382,32950647.0,c38b06f49e978cdba5d61ef791fe7b9e018352d7e44fdc16db36af06903cca61
data/raw_results/edge_orient_vldb/results_edgeorient_rr_strict/gplus_edgeorient_rr_decrease.csv,schema_07,edge_orient_vldb,Gplus,post_rr,decrease,120,37,0.50000000;1.00000000;2.00000000,0.025;0.05;0.075;0.1;0.125;0.15;0.175;0.2,,0.16468069416666667,0.18246131489926268,,27573167.76773906,32950647.0,46f68ceadb698060eb6ce9f2dea020a7b8f5dd05dfdce76bd25dba1390504aad
data/raw_results/edge_orient_vldb/results_edgeorient_rr_strict/gplus_edgeorient_rr_increase.csv,schema_07,edge_orient_vldb,Gplus,post_rr,increase,120,37,0.50000000;1.00000000;2.00000000,0.025;0.05;0.075;0.1;0.125;0.15;0.175;0.2,,0.16349572816666666,0.18751192352295004,,38280525.94496536,32950647.0,4dede33eec5988f72e07fc54deb6152804b08e7a27876443e568b8aba55ed9a6
data/raw_results/edge_orient_vldb/results_edgeorient_rr_strict/imdb_edgeorient_rr_clean.csv,schema_07,edge_orient_vldb,IMDB,post_rr,clean,15,37,0.50000000;1.00000000;2.00000000,0.0,,1.1059649693333333,1.1575162688925869,,9278.303560345334,54097.0,f6a12fa6d9d986fbf778059e73487564e1d8f3692c0bfab25e33639462c67b06
data/raw_results/edge_orient_vldb/results_edgeorient_rr_strict/imdb_edgeorient_rr_decrease.csv,schema_07,edge_orient_vldb,IMDB,post_rr,decrease,120,37,0.50000000;1.00000000;2.00000000,0.025;0.05;0.075;0.1;0.125;0.15;0.175;0.2,,2.0399506585833334,2.185330931757932,,22082.988720028083,54097.0,08904f226eb5c01a93e810074dcff0333ef9bdd716fc214470b63d04bc66f428
data/raw_results/edge_orient_vldb/results_edgeorient_rr_strict/imdb_edgeorient_rr_increase.csv,schema_07,edge_orient_vldb,IMDB,post_rr,increase,120,37,0.50000000;1.00000000;2.00000000,0.025;0.05;0.075;0.1;0.125;0.15;0.175;0.2,,2.02074316075,2.2164601815662333,,46159.90699657267,54097.0,12a24f4b901a0aaa5c86b965931dba2de798124c9ccb81d4ec65914b75dda98b
data/raw_results/genshuffle_dp/results_ccs25_shuffle/summary.csv,schema_08,genshuffle_dp,,clean,clean,660,29,1.0000000000;6.0000000000,0.0;0.025;0.05;0.075;0.1;0.125;0.15;0.175;0.2,clean;orig_decrease;orig_increase;rr_decrease;rr_increase,7616.48806308901,31086.806073206153,7608.36635819778,480586111.4531424,16502372.0,732a719b642e02b950b4bcaa254104c7fe8a87b10653d01562b230bb09cee7bf
data/raw_results/genshuffle_dp/results_ccs25_shuffle_rr_fixed/summary_rr_fixed.csv,schema_08,genshuffle_dp,,post_laplace,clean,340,29,1.0000000000;6.0000000000,0.0;0.025;0.05;0.075;0.1;0.125;0.15;0.175;0.2,clean;rr_decrease;rr_increase,12.688177425413823,28.19701415211483,2.4463470744738234,16226730.91574119,16502372.0,c25b53cba5363a48c7a52556853dad9988033adcbdedbaa93d4298f7f9dc31aa
data/raw_results/ldp/gplus/clean_baseline/res_n10000_alg2_eps1_0p001_ns0_cl0_ba1_1_itr10_1.csv,schema_09,ldp,Gplus,clean,clean,15,24,,,,5.1895902136007736e+16,1.905829805178593e+17,,-338765663.82283676,797698.0,ba43263b1658d72aac8ba26d9e206902abaedf4264ad36574d6f442c3dbe31db
data/raw_results/ldp/gplus/clean_baseline/res_n10000_alg2_eps1_0p001_ns2_cl6_150_ba1_1_itr10_1.csv,schema_09,ldp,Gplus,clean,clean,15,24,,,,4142618500390.301,10532105372204.773,,855358.3950926221,797698.0,d5341ae40b48e2b3c60a933e31b014ca6aabf2f546c552cfee1e071f0fb7b19b
data/raw_results/ldp/gplus/clean_baseline/res_n10000_alg3_eps1_0p001_ns0_cl0_ba1_1_itr10_1.csv,schema_09,ldp,Gplus,clean,clean,15,24,,,,5.190804499315059e+16,1.906284078924447e+17,,-338791741.4623796,797698.0,0a1f8c1aea893ecf7387d976f2f5de20797bfa052d9114843fc05f1d8c5dfdf5
data/raw_results/ldp/gplus/clean_baseline/res_n10000_alg3_eps1_0p001_ns2_cl6_150_ba1_1_itr10_1.csv,schema_09,ldp,Gplus,clean,clean,15,24,,,,4234211357533.271,10772397650195.156,,795632.761266122,797698.0,0ef427d2d60e87944ce960a80fce974deb0685ecce604d79d57e74125a6f3fb5
data/raw_results/ldp/gplus/clean_baseline/res_n10000_alg4_eps1_0p001_ns0_cl0_ba1_1_itr10_1.csv,schema_09,ldp,Gplus,clean,clean,15,24,,,,5.197239499315059e+16,1.9086914631167405e+17,,-339517989.62087244,797698.0,2ff1c0d25fc8c815bd9c75a1283a67eedd4d7385f50748171406066689793ed6
data/raw_results/ldp/gplus/clean_baseline/res_n10000_alg4_eps1_0p001_ns2_cl6_150_ba1_1_itr10_1.csv,schema_09,ldp,Gplus,clean,clean,15,24,,,,10944617071823.746,33617270836940.125,,1538513.3360470508,797698.0,f1c68fa4d799bd595df02c0bd87365324722d3256dab968cca9107bc36a4a768
data/raw_results/ldp/gplus/original_decrease/10pctres_n10000_alg2_eps1_0p001_ns0_cl0_ba1_1_itr10_1.csv,schema_09,ldp,Gplus,original_data,decrease,15,24,,0.1,,5.189376642172205e+16,1.905749906446762e+17,,-338684445.68103063,768109.0,c7a74f9bab2d5376e07364d6a1bec6b1ad837f5b9bc8e9390e6a24e4c73e9592
data/raw_results/ldp/gplus/original_decrease/10pctres_n10000_alg2_eps1_0p001_ns2_cl6_150_ba1_1_itr10_1.csv,schema_09,ldp,Gplus,original_data,decrease,15,24,,0.1,,4395877952812.1685,11235412401759.861,,1005553.146178249,768109.0,028895a48a9047c7cb3f815b3e1eccede4c7103ab73256a5527c48f52176da69
data/raw_results/ldp/gplus/original_decrease/10pctres_n10000_alg3_eps1_0p001_ns0_cl0_ba1_1_itr10_1.csv,schema_09,ldp,Gplus,original_data,decrease,15,24,,0.1,,5.190478070743634e+16,1.906161959449471e+17,,-338706216.02771634,768109.0,fb90b214198da1e9b3d8eb1aaf730a5894fe4b55c91f4faa9419b0888731c12e
data/raw_results/ldp/gplus/original_decrease/10pctres_n10000_alg3_eps1_0p001_ns2_cl6_150_ba1_1_itr10_1.csv,schema_09,ldp,Gplus,original_data,decrease,15,24,,0.1,,4101305809954.765,10431615660579.695,,892606.7643636062,768109.0,528bc31d5423bd413b39861178a79f86ec04e8c9d9a2758998b923fe7544a54a
data/raw_results/ldp/gplus/original_decrease/10pctres_n10000_alg4_eps1_0p001_ns0_cl0_ba1_1_itr10_1.csv,schema_09,ldp,Gplus,original_data,decrease,15,24,,0.1,,5.196165213600776e+16,1.908289564302913e+17,,-339435028.7648592,768109.0,bf98b953ab43535ec31fa29983eeba43bd834af63ec1c8437db19479339bd438
data/raw_results/ldp/gplus/original_decrease/10pctres_n10000_alg4_eps1_0p001_ns2_cl6_150_ba1_1_itr10_1.csv,schema_09,ldp,Gplus,original_data,decrease,15,24,,0.1,,10838899381388.281,33390259774469.586,,1455635.5070503918,768109.0,b6cf01c71bd275b7d8cf477ab6a00374194fb936b1b6468741769ca5c91376d9
data/raw_results/ldp/gplus/original_decrease/20pctres_n10000_alg2_eps1_0p001_ns0_cl0_ba1_1_itr10_1.csv,schema_09,ldp,Gplus,original_data,decrease,15,24,,0.2,,3.539593867219341e+16,1.3076148024013099e+17,,-280885414.95532787,715693.0,cf131cb5145d8ef4188c097012f414b183034252814ba0ff3073140bfdcbd0b2
data/raw_results/ldp/gplus/original_decrease/20pctres_n10000_alg2_eps1_0p001_ns2_cl6_150_ba1_1_itr10_1.csv,schema_09,ldp,Gplus,original_data,decrease,15,24,,0.2,,3986937181255.2827,10215970714045.549,,1013920.9770612944,715693.0,418ab1342235325c2f9571ec806cc0e4f5275032ccbeee7573013ae294fe8171
data/raw_results/ldp/gplus/original_decrease/20pctres_n10000_alg3_eps1_0p001_ns0_cl0_ba1_1_itr10_1.csv,schema_09,ldp,Gplus,original_data,decrease,15,24,,0.2,,3.5396552957907692e+16,1.3076377852278987e+17,,-280877784.0228778,715693.0,a276eba97ce3752d4b0b0a7445717352b9a8be14b389d10eb5dad8825d35d714
data/raw_results/ldp/gplus/original_decrease/20pctres_n10000_alg3_eps1_0p001_ns2_cl6_150_ba1_1_itr10_1.csv,schema_09,ldp,Gplus,original_data,decrease,15,24,,0.2,,3849836466969.4243,9828339781742.336,,981791.4580900088,715693.0,6cb546a3179f2f3026eb93affd2d4cb611b6e338e51fa70295637bd44c16d720
data/raw_results/ldp/gplus/original_decrease/20pctres_n10000_alg4_eps1_0p001_ns0_cl0_ba1_1_itr10_1.csv,schema_09,ldp,Gplus,original_data,decrease,15,24,,0.2,,3.544816724362198e+16,1.3095688773513523e+17,,-281543253.2575993,715693.0,6542dcf4b19c86f708901f17764cccb5b839e5ff26c19206f9e2a2ff2e908174
data/raw_results/ldp/gplus/original_decrease/20pctres_n10000_alg4_eps1_0p001_ns2_cl6_150_ba1_1_itr10_1.csv,schema_09,ldp,Gplus,original_data,decrease,15,24,,0.2,,10670653609831.87,33487079101982.676,,1455178.8704355801,715693.0,40fd04b0409aa801db2741c97f3c82414684a5a66d57d65cfd7c50ab2e97738a
data/raw_results/ldp/gplus/original_decrease/5pctres_n10000_alg2_eps1_0p001_ns0_cl0_ba1_1_itr10_1.csv,schema_09,ldp,Gplus,original_data,decrease,15,24,,0.05,,5.19009949931506e+16,1.906020332927917e+17,,-338737658.45925075,788162.0,1a571e559b4803976a10e065808038b3cdbfe57a126bdfead1f1e6f84bbcc0f1
data/raw_results/ldp/gplus/original_decrease/5pctres_n10000_alg2_eps1_0p001_ns2_cl6_150_ba1_1_itr10_1.csv,schema_09,ldp,Gplus,original_data,decrease,15,24,,0.05,,4436842946069.27,11330006164727.05,,1025437.0757110176,788162.0,87677a03790c93e2bed2c4ca265b220f9ce02d56c90ec87a06840352e45dec27
data/raw_results/ldp/gplus/original_decrease/5pctres_n10000_alg3_eps1_0p001_ns0_cl0_ba1_1_itr10_1.csv,schema_09,ldp,Gplus,original_data,decrease,15,24,,0.05,,5.19096949931506e+16,1.9063458067125014e+17,,-338808924.3107793,788162.0,95a68509e07325fcf5fa317a45f0c3a88c74710c000fda3625c48f49f916f17f
data/raw_results/ldp/gplus/original_decrease/5pctres_n10000_alg3_eps1_0p001_ns2_cl6_150_ba1_1_itr10_1.csv,schema_09,ldp,Gplus,original_data,decrease,15,24,,0.05,,4328732231783.435,11031380489050.812,,767020.5619655891,788162.0,3234540c605a506c60f1efdf9aa29769cb5fb61306d1b2f0a7da7c3cc78bcf5a
data/raw_results/ldp/gplus/original_decrease/5pctres_n10000_alg4_eps1_0p001_ns0_cl0_ba1_1_itr10_1.csv,schema_09,ldp,Gplus,original_data,decrease,15,24,,0.05,,5.197203785029346e+16,1.90867810211852e+17,,-339489966.0454079,788162.0,1a374ae08591e60845a9ec671868ebec82e69e9f972195d2da2dcc0765dfcd99
data/raw_results/ldp/gplus/original_decrease/5pctres_n10000_alg4_eps1_0p001_ns2_cl6_150_ba1_1_itr10_1.csv,schema_09,ldp,Gplus,original_data,decrease,15,24,,0.05,,10931182946073.771,33612577385924.473,,1536129.9779916606,788162.0,9c554fc5564d2856d40c693a27047db2686cc4b8c7e43709fe7ed6c7be2be657
data/raw_results/ldp/gplus/post_rr_decrease/10pctres_n10000_alg2_eps1_0p001_ns0_cl0_ba1_1_itr10_1.csv,schema_09,ldp,Gplus,post_rr,decrease,15,24,,0.1,,5.189988785029345e+16,1.9059789138514752e+17,,-338751039.25156534,797698.0,bf56c1fe27b3c25e72ea779e35d943a9ea9787f54a80cdefca92527a2ea32ef7
data/raw_results/ldp/gplus/post_rr_decrease/10pctres_n10000_alg2_eps1_0p001_ns2_cl6_150_ba1_1_itr10_1.csv,schema_09,ldp,Gplus,post_rr,decrease,15,24,,0.1,,4121098500390.296,10476474906611.246,,1007333.170336765,797698.0,1b0043bba17da2120d84cff12bf5b15ef0560558dbd019d4ddab02211411e290
data/raw_results/ldp/gplus/post_rr_decrease/10pctres_n10000_alg3_eps1_0p001_ns0_cl0_ba1_1_itr10_1.csv,schema_09,ldp,Gplus,post_rr,decrease,15,24,,0.1,,5.19084807074363e+16,1.906300379335951e+17,,-338826407.24810106,797698.0,4a96cf439fb7d3d2ef65a56971b064ae23724310896941f4819805318f5ba9ef
data/raw_results/ldp/gplus/post_rr_decrease/10pctres_n10000_alg3_eps1_0p001_ns2_cl6_150_ba1_1_itr10_1.csv,schema_09,ldp,Gplus,post_rr,decrease,15,24,,0.1,,4451282786104.764,11362884194396.88,,748128.3952493364,797698.0,c96e1f10e15e06121ce5d5c7cbcb0f1b6fca4b632367025f5bed5ca7e2b84d32
data/raw_results/ldp/gplus/post_rr_decrease/10pctres_n10000_alg4_eps1_0p001_ns0_cl0_ba1_1_itr10_1.csv,schema_09,ldp,Gplus,post_rr,decrease,15,24,,0.1,,5.19742807074363e+16,1.908762009187823e+17,,-339539740.33435816,797698.0,46ed215b548f012a887ac33bdde7af77cdcafff5ee13e4e70aa5c4c6ba476771
data/raw_results/ldp/gplus/post_rr_decrease/10pctres_n10000_alg4_eps1_0p001_ns2_cl6_150_ba1_1_itr10_1.csv,schema_09,ldp,Gplus,post_rr,decrease,15,24,,0.1,,10653088500394.86,32555600175246.88,,1168727.297841622,797698.0,66376a7a898b587a54ab08d7a50ee760f9aeb9f1a4cef32ffb0bc81672c13364
data/raw_results/ldp/gplus/post_rr_decrease/20pctres_n10000_alg2_eps1_0p001_ns0_cl0_ba1_1_itr10_1.csv,schema_09,ldp,Gplus,post_rr,decrease,15,24,,0.2,,5.19079307074363e+16,1.906279803406683e+17,,-338817349.5313296,797698.0,85a620c84e3360d7b0ea901ad547057a7ce7c1b59660faa1a497e1feb4174055
data/raw_results/ldp/gplus/post_rr_decrease/20pctres_n10000_alg2_eps1_0p001_ns2_cl6_150_ba1_1_itr10_1.csv,schema_09,ldp,Gplus,post_rr,decrease,15,24,,0.2,,4122759214675.921,10480756437489.656,,698849.6514765507,797698.0,cf167b2ea3cf0e1d394c130d73040621faa6412d73d8b57b7d6f6ddfe1eb2679
data/raw_results/ldp/gplus/post_rr_decrease/20pctres_n10000_alg3_eps1_0p001_ns0_cl0_ba1_1_itr10_1.csv,schema_09,ldp,Gplus,post_rr,decrease,15,24,,0.2,,5.191659499315059e+16,1.906603941105617e+17,,-338896045.80985105,797698.0,89c10f1a280a64a0264b16fde3cec90d4ac0624918b939899af25261b2477815
data/raw_results/ldp/gplus/post_rr_decrease/20pctres_n10000_alg3_eps1_0p001_ns2_cl6_150_ba1_1_itr10_1.csv,schema_09,ldp,Gplus,post_rr,decrease,15,24,,0.2,,4232405643247.5093,10767606806535.97,,420130.4604680506,797698.0,944720bf4ca793d65e9ef620cdc7379191e2f5fe261546ebfcda26446a69bdba
data/raw_results/ldp/gplus/post_rr_decrease/20pctres_n10000_alg4_eps1_0p001_ns0_cl0_ba1_1_itr10_1.csv,schema_09,ldp,Gplus,post_rr,decrease,15,24,,0.2,,5.19800807074363e+16,1.9089789918054435e+17,,-339582113.1873725,797698.0,e7f3f738d976f9c489a84cb02960437751fddf0c4bef328931e43ec834411290
data/raw_results/ldp/gplus/post_rr_decrease/20pctres_n10000_alg4_eps1_0p001_ns2_cl6_150_ba1_1_itr10_1.csv,schema_09,ldp,Gplus,post_rr,decrease,15,24,,0.2,,10832602786109.197,33209120809935.63,,835801.9399802649,797698.0,53b2fbec2aae704b2c1366f9d864718a632676be95d59014e718e5165820288f
data/raw_results/ldp/gplus/post_rr_increase/10pctres_n10000_alg2_eps1_0p001_ns0_cl0_ba1_1_itr10_1.csv,schema_09,ldp,Gplus,post_rr,increase,15,24,,0.1,,5.1735352136007736e+16,1.8998235077628755e+17,,-337026086.09606534,797698.0,7aad365684032e76305dfdc99ca34db4a70c92209bbfcb1799650b5167d2e948
data/raw_results/ldp/gplus/post_rr_increase/10pctres_n10000_alg2_eps1_0p001_ns2_cl6_150_ba1_1_itr10_1.csv,schema_09,ldp,Gplus,post_rr,increase,15,24,,0.1,,574837252786180.1,2142654779450447.8,,64422381.24319855,797698.0,88f301bc34d32df2a6f2dbe8e920a55a7b64e4b3ef764ececf309c9e06c9574c
data/raw_results/ldp/gplus/post_rr_increase/10pctres_n10000_alg3_eps1_0p001_ns0_cl0_ba1_1_itr10_1.csv,schema_09,ldp,Gplus,post_rr,increase,15,24,,0.1,,5.182518785029345e+16,1.903184329326078e+17,,-337958812.5309153,797698.0,a69332b30b754828223321f71231f3360c40f60c734831cd347b96484f851276
data/raw_results/ldp/gplus/post_rr_increase/10pctres_n10000_alg3_eps1_0p001_ns2_cl6_150_ba1_1_itr10_1.csv,schema_09,ldp,Gplus,post_rr,increase,15,24,,0.1,,23902638500400.48,81586955974552.7,,12311166.139070693,797698.0,423b0a915bad248c761452943f41e593d1d8f1bafd167b9510ac928dddf0f593
data/raw_results/ldp/gplus/post_rr_increase/10pctres_n10000_alg4_eps1_0p001_ns0_cl0_ba1_1_itr10_1.csv,schema_09,ldp,Gplus,post_rr,increase,15,24,,0.1,,5.195180927886488e+16,1.907921335226508e+17,,-339307573.9235653,797698.0,f96dd3cd300d5e09e7f23d30b74c5f820b15058857252f418b503a952c2ca349
data/raw_results/ldp/gplus/post_rr_increase/10pctres_n10000_alg4_eps1_0p001_ns2_cl6_150_ba1_1_itr10_1.csv,schema_09,ldp,Gplus,post_rr,increase,15,24,,0.1,,29941502786114.773,104105468084299.94,,12318737.059070552,797698.0,5197e46a3e3f0f9806703da5dfacf0f1f6962a750725b8056d3119572b414ffb
data/raw_results/ldp/gplus/post_rr_increase/20pctres_n10000_alg2_eps1_0p001_ns0_cl0_ba1_1_itr10_1.csv,schema_09,ldp,Gplus,post_rr,increase,15,24,,0.2,,5.158160927886488e+16,1.8940718762803187e+17,,-335367828.9341439,797698.0,f321a3708e6483de46225a24f916837fec987011ee6d395d5dd6a43e5eb8da0c
data/raw_results/ldp/gplus/post_rr_increase/20pctres_n10000_alg2_eps1_0p001_ns2_cl6_150_ba1_1_itr10_1.csv,schema_09,ldp,Gplus,post_rr,increase,15,24,,0.2,,3385329252786295.0,1.2658541751722802e+16,,155977898.43494853,797698.0,e0f2d3dc942a5eca662277ee9ae1feac6238520660ebdafa9931456f4a2d7ad7
data/raw_results/ldp/gplus/post_rr_increase/20pctres_n10000_alg3_eps1_0p001_ns0_cl0_ba1_1_itr10_1.csv,schema_09,ldp,Gplus,post_rr,increase,15,24,,0.2,,5.165128785029345e+16,1.896678601357539e+17,,-336048933.95062244,797698.0,687f101bb9143635025526dcf2ca5b7a72f97720c5e92d16fce90f185fc8664f
data/raw_results/ldp/gplus/post_rr_increase/20pctres_n10000_alg3_eps1_0p001_ns2_cl6_150_ba1_1_itr10_1.csv,schema_09,ldp,Gplus,post_rr,increase,15,24,,0.2,,306947467071872.6,1140314813675792.8,,47074154.78269784,797698.0,b04f61f72f8132f30741f17d8acb9516b792fdb87aaaba59b35cfd6394c46a68
data/raw_results/ldp/gplus/post_rr_increase/20pctres_n10000_alg4_eps1_0p001_ns0_cl0_ba1_1_itr10_1.csv,schema_09,ldp,Gplus,post_rr,increase,15,24,,0.2,,5.1893152136007736e+16,1.905726925540809e+17,,-338666851.1135868,797698.0,dfffc680eedbc86f9f02f71245c86ad23c002cc063682763b61129ad2b998a6e
data/raw_results/ldp/gplus/post_rr_increase/20pctres_n10000_alg4_eps1_0p001_ns2_cl6_150_ba1_1_itr10_1.csv,schema_09,ldp,Gplus,post_rr,increase,15,24,,0.2,,478076967071886.7,1780613678006925.0,,58312009.76291283,797698.0,c3fce34a83b2567cede9920c8d614318ef8bea537fcc08e2e6f3ecff456320b6
data/raw_results/ldp/gplus/post_rr_increase/30pctres_n10000_alg2_eps1_0p001_ns0_cl0_ba1_1_itr10_1.csv,schema_09,ldp,Gplus,post_rr,increase,15,24,,0.3,,5.140929499315059e+16,1.88762548073807e+17,,-333535753.856001,797698.0,e26ffb75df7f0bfb47ffa7cd839e90be3bf1ae651fb8df1fdd26af265b3129b3
data/raw_results/ldp/gplus/post_rr_increase/30pctres_n10000_alg2_eps1_0p001_ns2_cl6_150_ba1_1_itr10_1.csv,schema_09,ldp,Gplus,post_rr,increase,15,24,,0.3,,9608028538500714.0,3.5941749024116028e+16,,262484897.5010271,797698.0,361299e894fe316995bb40322a2b093623a9d62f911bcc4abd0920bd07681bda
data/raw_results/ldp/gplus/post_rr_increase/30pctres_n10000_alg3_eps1_0p001_ns0_cl0_ba1_1_itr10_1.csv,schema_09,ldp,Gplus,post_rr,increase,15,24,,0.3,,5.14498807074363e+16,1.889143819505706e+17,,-334002359.611801,797698.0,36800d17e14603bf395fb0b8ef6fb54e62f3007f87ceef4d0753b2cf08cb6a77
data/raw_results/ldp/gplus/post_rr_increase/30pctres_n10000_alg3_eps1_0p001_ns2_cl6_150_ba1_1_itr10_1.csv,schema_09,ldp,Gplus,post_rr,increase,15,24,,0.3,,1544309967071945.8,5770081061623246.0,,105452249.24387713,797698.0,67097619af41f6566404cf3f0d644841996d85469cfd605747a2bb9e61796927
data/raw_results/ldp/gplus/post_rr_increase/30pctres_n10000_alg4_eps1_0p001_ns0_cl0_ba1_1_itr10_1.csv,schema_09,ldp,Gplus,post_rr,increase,15,24,,0.3,,5.1811716421722024e+16,1.902680352944623e+17,,-337814715.178351,797698.0,3f3fa4327362996b005eff3b93016d0e6b183d832d6dd14620f6f4c758e5d744
data/raw_results/ldp/gplus/post_rr_increase/30pctres_n10000_alg4_eps1_0p001_ns2_cl6_150_ba1_1_itr10_1.csv,schema_09,ldp,Gplus,post_rr,increase,15,24,,0.3,,2802865681357705.5,1.0479163100914014e+16,,141788089.51324853,797698.0,5bc5662dfb6a18ef65341c635de4ebf74f295391f212338135127baa64ed9125
data/raw_results/ldp/gplus/post_rr_increase/3pctres_n10000_alg2_eps1_0p001_ns0_cl0_ba1_1_itr10_1.csv,schema_09,ldp,Gplus,post_rr,increase,15,24,,0.03,,5.1854502136007736e+16,1.9042809991774518e+17,,-338232429.0016082,797698.0,e1b2821bca821eb1c67d7830b2aff6c4b7f14386ea1e65a67f7b3e6957d84db1
data/raw_results/ldp/gplus/post_rr_increase/3pctres_n10000_alg2_eps1_0p001_ns2_cl6_150_ba1_1_itr10_1.csv,schema_09,ldp,Gplus,post_rr,increase,15,24,,0.03,,26991309928973.164,93099748259009.39,,13309150.335607123,797698.0,77bf4fbff287d6e42ffc7dad3e9a6971d50a727d0c751349467a9150d9cc833b
data/raw_results/ldp/gplus/post_rr_increase/3pctres_n10000_alg3_eps1_0p001_ns0_cl0_ba1_1_itr10_1.csv,schema_09,ldp,Gplus,post_rr,increase,15,24,,0.03,,5.190198785029345e+16,1.9060574764870282e+17,,-338666645.82326525,797698.0,3de6b4d32f0a198c59b157a07443ce55e7c71caeaaaa0ff97b0e978fc6013729
data/raw_results/ldp/gplus/post_rr_increase/3pctres_n10000_alg3_eps1_0p001_ns2_cl6_150_ba1_1_itr10_1.csv,schema_09,ldp,Gplus,post_rr,increase,15,24,,0.03,,4677200643247.927,12004978324718.525,,1995756.3118266934,797698.0,87fa99fee0d4c26761aeb90456dd4a5c6497767e66d6d3be7e5b11cd235269fb
data/raw_results/ldp/gplus/post_rr_increase/3pctres_n10000_alg4_eps1_0p001_ns0_cl0_ba1_1_itr10_1.csv,schema_09,ldp,Gplus,post_rr,increase,15,24,,0.03,,5.1971966421722024e+16,1.9086754299188794e+17,,-339484203.195401,797698.0,7c7897cf47e8aa150161b2ead2b6afe2cd71e8da3970dce4a442f734c2392c34
data/raw_results/ldp/gplus/post_rr_increase/3pctres_n10000_alg4_eps1_0p001_ns2_cl6_150_ba1_1_itr10_1.csv,schema_09,ldp,Gplus,post_rr,increase,15,24,,0.03,,11498538500395.432,35639354957964.57,,2333277.2253664793,797698.0,1968e7ba87ab7584de8a571fdd2aa6b80347f9044f3d6329d218eed8dc8c62b8
data/raw_results/ldp/gplus/post_rr_increase/50pctres_n10000_alg2_eps1_0p001_ns0_cl0_ba1_1_itr10_1.csv,schema_09,ldp,Gplus,post_rr,increase,15,24,,0.5,,5.10705307074363e+16,1.8749520969452323e+17,,-329912115.2972707,797698.0,4bcb8bf7b84cb6409824f65b3e6661b3459f895d5bbebbe567fe1e72b44b2b79
data/raw_results/ldp/gplus/post_rr_increase/50pctres_n10000_alg2_eps1_0p001_ns2_cl6_150_ba1_1_itr10_1.csv,schema_09,ldp,Gplus,post_rr,increase,15,24,,0.5,,3.3277192824215284e+16,1.2450365184184082e+17,,488077990.0672557,797698.0,1d96996dc74dae277597169f5861ccb254816937f2f0e550248e7afbaf2fab09
data/raw_results/ldp/gplus/post_rr_increase/50pctres_n10000_alg3_eps1_0p001_ns0_cl0_ba1_1_itr10_1.csv,schema_09,ldp,Gplus,post_rr,increase,15,24,,0.5,,5.099624499315059e+16,1.8721730255627894e+17,,-329159079.182706,797698.0,b0ba2d94874abdc9b77341e245b64a244e48220ccdb71f219bec611aaed27879
data/raw_results/ldp/gplus/post_rr_increase/50pctres_n10000_alg3_eps1_0p001_ns2_cl6_150_ba1_1_itr10_1.csv,schema_09,ldp,Gplus,post_rr,increase,15,24,,0.5,,1.2673878538500764e+16,4.7413109129247176e+16,,301394566.66448426,797698.0,0ee885101890c4394783619584d84bdfa18d3dabbad4b635708888336285407e
data/raw_results/ldp/gplus/post_rr_increase/50pctres_n10000_alg4_eps1_0p001_ns0_cl0_ba1_1_itr10_1.csv,schema_09,ldp,Gplus,post_rr,increase,15,24,,0.5,,5.1514502136007736e+16,1.8915613512448275e+17,,-334656428.128251,797698.0,563334e3e7e89c48678dcd3167c6e6a1b4f35dec1df48ecc6edb573f84d02570
data/raw_results/ldp/gplus/post_rr_increase/50pctres_n10000_alg4_eps1_0p001_ns2_cl6_150_ba1_1_itr10_1.csv,schema_09,ldp,Gplus,post_rr,increase,15,24,,0.5,,3.042822853850097e+16,1.1384380359922931e+17,,466690187.3860628,797698.0,6e11fbd8bb2470f315b9e644f0672b502c654a0028556c648623a070c9c46519
data/raw_results/ldp/gplus/post_rr_increase/5pctres_n10000_alg2_eps1_0p001_ns0_cl0_ba1_1_itr10_1.csv,schema_09,ldp,Gplus,post_rr,increase,15,24,,0.05,,5.182248785029345e+16,1.9030833202706915e+17,,-337917563.5253939,797698.0,fca93580452ab0101b45d89104ac17a471828ff6f52503044b0aed7e482b8a5b
data/raw_results/ldp/gplus/post_rr_increase/5pctres_n10000_alg2_eps1_0p001_ns2_cl6_150_ba1_1_itr10_1.csv,schema_09,ldp,Gplus,post_rr,increase,15,24,,0.05,,95911895643275.02,350748942565134.2,,26189344.307420693,797698.0,f1e1277ac7cf8ec55316dcd8be18960d796542a7d2fdb684f3b541d4d610b547
data/raw_results/ldp/gplus/post_rr_increase/5pctres_n10000_alg3_eps1_0p001_ns0_cl0_ba1_1_itr10_1.csv,schema_09,ldp,Gplus,post_rr,increase,15,24,,0.05,,5.1878052136007736e+16,1.905162022833112e+17,,-338468853.7009439,797698.0,34fd584f74a8bac2852c774c2e96800700724b40069e6e8ae4908cc03b7f9161
data/raw_results/ldp/gplus/post_rr_increase/5pctres_n10000_alg3_eps1_0p001_ns2_cl6_150_ba1_1_itr10_1.csv,schema_09,ldp,Gplus,post_rr,increase,15,24,,0.05,,6002112071819.82,16151769257628.36,,4044349.3528641225,797698.0,65ef0662cc8963fbc03291540d5052c92ea1821bc504faf93ed106530394790d
data/raw_results/ldp/gplus/post_rr_increase/5pctres_n10000_alg4_eps1_0p001_ns0_cl0_ba1_1_itr10_1.csv,schema_09,ldp,Gplus,post_rr,increase,15,24,,0.05,,5.1968266421722024e+16,1.9085370099790768e+17,,-339459120.3393439,797698.0,fd345ff9f25f6682dde4b50ce87ab745692c49c8b445a4118ce6c39987747930
data/raw_results/ldp/gplus/post_rr_increase/5pctres_n10000_alg4_eps1_0p001_ns2_cl6_150_ba1_1_itr10_1.csv,schema_09,ldp,Gplus,post_rr,increase,15,24,,0.05,,12132417071824.26,37960005900048.87,,3447097.1804296933,797698.0,6ef62836e53ad4106c6e26206d95e4d7b569f78d8bec43150c8d539bfc54be2b
data/raw_results/ldp/gplus/post_rr_increase/8pctres_n10000_alg2_eps1_0p001_ns0_cl0_ba1_1_itr10_1.csv,schema_09,ldp,Gplus,post_rr,increase,15,24,,0.08,,5.1775202136007736e+16,1.9013143259731562e+17,,-337380701.49530107,797698.0,110bed22420f8fc4c93dbd989c8004698dbec34992a6aeb636e80c1afda3b160
data/raw_results/ldp/gplus/post_rr_increase/8pctres_n10000_alg2_eps1_0p001_ns2_cl6_150_ba1_1_itr10_1.csv,schema_09,ldp,Gplus,post_rr,increase,15,24,,0.08,,315546038500444.9,1172487028084685.2,,47710884.14823283,797698.0,bda6663da91906f1a89899170b45e468210318d83ad7d4131a312295315534c2
data/raw_results/ldp/gplus/post_rr_increase/8pctres_n10000_alg3_eps1_0p001_ns0_cl0_ba1_1_itr10_1.csv,schema_09,ldp,Gplus,post_rr,increase,15,24,,0.08,,5.185933785029345e+16,1.904461906966614e+17,,-338236048.28379387,797698.0,523a132db8d121915154bdbcb01994fdd39be84e69765bf698ddc5f519c28ad4
data/raw_results/ldp/gplus/post_rr_increase/8pctres_n10000_alg3_eps1_0p001_ns2_cl6_150_ba1_1_itr10_1.csv,schema_09,ldp,Gplus,post_rr,increase,15,24,,0.08,,11692752786109.15,36349679041699.625,,7831627.689981193,797698.0,bc4f0ec1bd0ae0b9353107870bea54b9d64ab981320f6a387b813fc33af11a84
data/raw_results/ldp/gplus/post_rr_increase/8pctres_n10000_alg4_eps1_0p001_ns0_cl0_ba1_1_itr10_1.csv,schema_09,ldp,Gplus,post_rr,increase,15,24,,0.08,,5.196329499315059e+16,1.9083510248910995e+17,,-339379349.6285153,797698.0,096e46e91fbb7dbb5d1df7b01af73bf7c34410aaccd4010bb8bf3a18c26f1461
data/raw_results/ldp/gplus/post_rr_increase/8pctres_n10000_alg4_eps1_0p001_ns2_cl6_150_ba1_1_itr10_1.csv,schema_09,ldp,Gplus,post_rr,increase,15,24,,0.08,,17701052786110.926,58523355814590.28,,7504689.865169622,797698.0,6d9e8afe6ed2e0a2e4dd8c50d207b2e8120c9236ac2fd9cbb13421563d407516
data/raw_results/ldp/imdb/clean_baseline/res_n10000_alg2_eps1_0p001_ns0_cl0_ba1_1_itr10_1.csv,schema_09,ldp,IMDB,clean,clean,15,24,,,,183392433403460.8,686160261908266.9,,-20159049.252998378,4807.0,0415b698eae9ca65fca42743c4ca52ce79cee690980df29c63a20b634e766c74
data/raw_results/ldp/imdb/clean_baseline/res_n10000_alg2_eps1_0p001_ns2_cl6_150_ba1_1_itr10_1.csv,schema_09,ldp,IMDB,clean,clean,15,24,,,,2523644297510.2935,7803874604866.327,,289236.89018856426,4807.0,1658a1944f17ed0bc27a56e9b819bd405e9db99ce3555b0ef80bbd3ab292b76b
data/raw_results/ldp/imdb/clean_baseline/res_n10000_alg3_eps1_0p001_ns0_cl0_ba1_1_itr10_1.csv,schema_09,ldp,IMDB,clean,clean,15,24,,,,183391790546317.97,686157856557091.9,,-20158933.032069806,4807.0,ea80dc5632ebedd396fa51c8fd755ced3e40fe01e1249907f8b5ac1677a501df
data/raw_results/ldp/imdb/clean_baseline/res_n10000_alg3_eps1_0p001_ns2_cl6_150_ba1_1_itr10_1.csv,schema_09,ldp,IMDB,clean,clean,15,24,,,,2515848583223.5127,7775398930704.887,,284900.42640285,4807.0,8949091eb13d2ddfcd61635a11b2a7f4455a082ca85f9f1b46ad8b2509e0e9c4
data/raw_results/ldp/imdb/clean_baseline/res_n10000_alg4_eps1_0p001_ns0_cl0_ba1_1_itr10_1.csv,schema_09,ldp,IMDB,clean,clean,15,24,,,,183391576260603.66,686157054773366.9,,-20158893.76964124,4807.0,b219eea31d3c4eac9a1c86d0388733dd650be17be21fc707d82dbb5e6a76ade4
data/raw_results/ldp/imdb/clean_baseline/res_n10000_alg4_eps1_0p001_ns2_cl6_150_ba1_1_itr10_1.csv,schema_09,ldp,IMDB,clean,clean,15,24,,,,8272865726789.495,29179586000406.254,,574971.6674742786,4807.0,fa570ddb56b43ae4672587c4171113b080b6d09bc54a2fde22c4d2970e867792
data/raw_results/ldp/imdb/original_decrease/10pctres_n10000_alg2_eps1_0p001_ns0_cl0_ba1_1_itr10_1.csv,schema_09,ldp,IMDB,original_data,decrease,15,24,,0.1,,183388790546470.44,686146631584897.6,,-20158505.239470135,4686.0,3ba8cb0534cae15773ffc659cbf0b83deaa2344590291f5f4ea5b66f3f9a33a2
data/raw_results/ldp/imdb/original_decrease/10pctres_n10000_alg2_eps1_0p001_ns2_cl6_150_ba1_1_itr10_1.csv,schema_09,ldp,IMDB,original_data,decrease,15,24,,0.1,,2518929736364.9224,7785828040948.835,,289112.64472745714,4686.0,ade8c63c171037c1fa9e05ececaecbb0319ef50e9539a587d76b1939075a443e
data/raw_results/ldp/imdb/original_decrease/10pctres_n10000_alg3_eps1_0p001_ns0_cl0_ba1_1_itr10_1.csv,schema_09,ldp,IMDB,original_data,decrease,15,24,,0.1,,183390504832184.75,686153045854697.9,,-20158644.043041565,4686.0,aca27baa5b0f7cf25fc91ce19ff3fcff484bc8ac8200edf543fa72dae87b95a4
data/raw_results/ldp/imdb/original_decrease/10pctres_n10000_alg3_eps1_0p001_ns2_cl6_150_ba1_1_itr10_1.csv,schema_09,ldp,IMDB,original_data,decrease,15,24,,0.1,,2522689022079.671,7799559585128.152,,286550.19101317145,4686.0,a6d0ab49eea1b90ad077b194e0bc52fe4ca0f207247563b0a020ae5b0f1e4f6d
data/raw_results/ldp/imdb/original_decrease/10pctres_n10000_alg4_eps1_0p001_ns0_cl0_ba1_1_itr10_1.csv,schema_09,ldp,IMDB,original_data,decrease,15,24,,0.1,,183390719117899.06,686153847638422.9,,-20158735.804684423,4686.0,fe2ebb2bbb8edb439b5b7b269b6d370bec58c2786db4aedee18cd21c07786ef5
data/raw_results/ldp/imdb/original_decrease/10pctres_n10000_alg4_eps1_0p001_ns2_cl6_150_ba1_1_itr10_1.csv,schema_09,ldp,IMDB,original_data,decrease,15,24,,0.1,,8273972594234.396,29182715530119.418,,573087.6635131714,4686.0,f3eab182a352b082ef99d2e768cf2bf599aa44347b9f01da2760aad4d2a85ade
data/raw_results/ldp/imdb/original_decrease/20pctres_n10000_alg2_eps1_0p001_ns0_cl0_ba1_1_itr10_1.csv,schema_09,ldp,IMDB,original_data,decrease,15,24,,0.2,,142787576260333.3,534230798415604.9,,-17788453.4204715,4445.0,f5cd4c1dfef43f59bc0e96c25cfe42f0d0ebdf5c8da700a52faf3ec10d5d8f31
data/raw_results/ldp/imdb/original_decrease/20pctres_n10000_alg2_eps1_0p001_ns2_cl6_150_ba1_1_itr10_1.csv,schema_09,ldp,IMDB,original_data,decrease,15,24,,0.2,,2514621793591.632,7768948078006.234,,288934.4850893357,4445.0,507354ffd83b7db1e6077073de197107291a80f1bd20f808ac9f3601618c604f
data/raw_results/ldp/imdb/original_decrease/20pctres_n10000_alg3_eps1_0p001_ns0_cl0_ba1_1_itr10_1.csv,schema_09,ldp,IMDB,original_data,decrease,15,24,,0.2,,142788433403190.47,534234005550503.1,,-17788535.2754715,4445.0,08e5c196bf9d4f5cc6ee86504eb41c71af601796344009e0a3753b16685ced6a
data/raw_results/ldp/imdb/original_decrease/20pctres_n10000_alg3_eps1_0p001_ns2_cl6_150_ba1_1_itr10_1.csv,schema_09,ldp,IMDB,original_data,decrease,15,24,,0.2,,2515751079305.9614,7773072286226.907,,283218.13237505,4445.0,c786d30259a5f6af446359e4a56108bd1640df5a7ba20e4b65058565871aa698
data/raw_results/ldp/imdb/original_decrease/20pctres_n10000_alg4_eps1_0p001_ns0_cl0_ba1_1_itr10_1.csv,schema_09,ldp,IMDB,original_data,decrease,15,24,,0.2,,142787719117476.16,534231332938087.94,,-17788392.7354715,4445.0,625b2cc4ea55126d4bf0ec8263037edf7ae28626296e5dcade46012233e3173d
data/raw_results/ldp/imdb/original_decrease/20pctres_n10000_alg4_eps1_0p001_ns2_cl6_150_ba1_1_itr10_1.csv,schema_09,ldp,IMDB,original_data,decrease,15,24,,0.2,,8263311080072.1,29141493612101.562,,575300.3175893357,4445.0,4991295133a63cd13880f2dee48c188d9060b6f197a55d5e685c98c636859eaf
data/raw_results/ldp/imdb/original_decrease/5pctres_n10000_alg2_eps1_0p001_ns0_cl0_ba1_1_itr10_1.csv,schema_09,ldp,IMDB,original_data,decrease,15,24,,0.05,,183390790546385.03,686154114899689.1,,-20158788.05009904,4753.0,be94fc578d5923398a647b135f31be8a95e3fef78dba0aebb31a7a5a43a75f40
data/raw_results/ldp/imdb/original_decrease/5pctres_n10000_alg2_eps1_0p001_ns2_cl6_150_ba1_1_itr10_1.csv,schema_09,ldp,IMDB,original_data,decrease,15,24,,0.05,,2522714728668.811,7800325655714.663,,290730.95855364285,4753.0,b72b80a19765c6271277241632dfffe95f95d1eef8ff6ab8a611648fde34a758
data/raw_results/ldp/imdb/original_decrease/5pctres_n10000_alg3_eps1_0p001_ns0_cl0_ba1_1_itr10_1.csv,schema_09,ldp,IMDB,original_data,decrease,15,24,,0.05,,183390861974956.5,686154382160930.8,,-20158841.155884754,4753.0,9f3417816ab59cf807b2cc065b3a3109709f20911011f15351cd3843bbe7f33c
data/raw_results/ldp/imdb/original_decrease/5pctres_n10000_alg3_eps1_0p001_ns2_cl6_150_ba1_1_itr10_1.csv,schema_09,ldp,IMDB,original_data,decrease,15,24,,0.05,,2519188300097.258,7787444270446.567,,287380.01755364286,4753.0,b7212933717a216c8db843fa558d7adde952f57739657f0bd2b70afbf1186dda
data/raw_results/ldp/imdb/original_decrease/5pctres_n10000_alg4_eps1_0p001_ns0_cl0_ba1_1_itr10_1.csv,schema_09,ldp,IMDB,original_data,decrease,15,24,,0.05,,183392076260670.78,686158925602039.2,,-20158923.603956185,4753.0,4c85fb85744172439d7e04db6e589673c3a844bb4adb340879bc1a47578897ed
data/raw_results/ldp/imdb/original_decrease/5pctres_n10000_alg4_eps1_0p001_ns2_cl6_150_ba1_1_itr10_1.csv,schema_09,ldp,IMDB,original_data,decrease,15,24,,0.05,,8283357586528.556,29218590717477.223,,571201.7187679285,4753.0,15c08efb891060413899d87835302dd39117a71dd637bb5c87408395268816c6
data/raw_results/ldp/imdb/post_rr_decrease/10pctres_n10000_alg2_eps1_0p001_ns0_cl0_ba1_1_itr10_1.csv,schema_09,ldp,IMDB,post_rr,decrease,15,24,,0.1,,183391504832032.22,686156787512125.1,,-20158953.30442695,4807.0,2d505d494c9a1a9234b15a6065c8fd9f0b23003ebb7258bc147acb7ce7ff5f61
data/raw_results/ldp/imdb/post_rr_decrease/10pctres_n10000_alg2_eps1_0p001_ns2_cl6_150_ba1_1_itr10_1.csv,schema_09,ldp,IMDB,post_rr,decrease,15,24,,0.1,,2520717154653.069,7793181928104.374,,286477.3819742786,4807.0,5c214d6f4b99fd620d9bccbc7ba77ab326e263315aa4d2c8aca3c30bb2dc84f6
data/raw_results/ldp/imdb/post_rr_decrease/10pctres_n10000_alg3_eps1_0p001_ns0_cl0_ba1_1_itr10_1.csv,schema_09,ldp,IMDB,post_rr,decrease,15,24,,0.1,,183392290546317.97,686159727385783.5,,-20158909.10385552,4807.0,d4176448b41cba9675f1029cce49b2f76a51341534f8dea40590972991132022
data/raw_results/ldp/imdb/post_rr_decrease/10pctres_n10000_alg3_eps1_0p001_ns2_cl6_150_ba1_1_itr10_1.csv,schema_09,ldp,IMDB,post_rr,decrease,15,24,,0.1,,2518782868938.414,7786116494903.8955,,289434.05933142145,4807.0,9fced33316584a5b69daacf05fb319319cd4af1e31a96312235451625754eeb1
data/raw_results/ldp/imdb/post_rr_decrease/10pctres_n10000_alg4_eps1_0p001_ns0_cl0_ba1_1_itr10_1.csv,schema_09,ldp,IMDB,post_rr,decrease,15,24,,0.1,,183393361974889.4,686163736304408.6,,-20159035.286855523,4807.0,58a2481c452cf39e39212b6af0e68b6cc61a265eda66c906ba766153339d9f40
data/raw_results/ldp/imdb/post_rr_decrease/10pctres_n10000_alg4_eps1_0p001_ns2_cl6_150_ba1_1_itr10_1.csv,schema_09,ldp,IMDB,post_rr,decrease,15,24,,0.1,,8271494298217.78,29174463180835.32,,570440.4244742786,4807.0,e74b460b9f9ae5c72f81ea8f521eebef709a1d6e4c3c20fb787dab1daacc5954
data/raw_results/ldp/imdb/post_rr_decrease/20pctres_n10000_alg2_eps1_0p001_ns0_cl0_ba1_1_itr10_1.csv,schema_09,ldp,IMDB,post_rr,decrease,15,24,,0.2,,183391790546317.97,686157856557091.9,,-20158914.453712665,4807.0,e4b14b6086763d054a2f17011468dc1a2cd1d205acb367434b7756523bd8a015
data/raw_results/ldp/imdb/post_rr_decrease/20pctres_n10000_alg2_eps1_0p001_ns2_cl6_150_ba1_1_itr10_1.csv,schema_09,ldp,IMDB,post_rr,decrease,15,24,,0.2,,2521692154653.233,7796743464373.889,,286871.6126885643,4807.0,b8ea5981cf69024051770282d60f6653099f991c656888917c10b6a1bd733cf5
data/raw_results/ldp/imdb/post_rr_decrease/20pctres_n10000_alg3_eps1_0p001_ns0_cl0_ba1_1_itr10_1.csv,schema_09,ldp,IMDB,post_rr,decrease,15,24,,0.2,,183392004832032.25,686158658340816.9,,-20158981.253569808,4807.0,edcf7dd28d1a453e415445f56e4febbd7ba2c544bf44a8323c4438ab9b9fb577
data/raw_results/ldp/imdb/post_rr_decrease/20pctres_n10000_alg3_eps1_0p001_ns2_cl6_150_ba1_1_itr10_1.csv,schema_09,ldp,IMDB,post_rr,decrease,15,24,,0.2,,2518996440366.8213,7786896599228.365,,286280.11440285,4807.0,7f726c213dbd2fe349c0802d1b94728b58b6138a05357e140b53f68b59a78486
data/raw_results/ldp/imdb/post_rr_decrease/20pctres_n10000_alg4_eps1_0p001_ns0_cl0_ba1_1_itr10_1.csv,schema_09,ldp,IMDB,post_rr,decrease,15,24,,0.2,,183392433403460.8,686160261908266.9,,-20158931.25928409,4807.0,031550d9492b65c0194a8f1b90ca154015b2100116b3a0692228465e21be5073
data/raw_results/ldp/imdb/post_rr_decrease/20pctres_n10000_alg4_eps1_0p001_ns2_cl6_150_ba1_1_itr10_1.csv,schema_09,ldp,IMDB,post_rr,decrease,15,24,,0.2,,8275458583932.599,29189271339409.6,,576154.5492599929,4807.0,868fd7f437f354b74b1c787aadffd52c3929d079ce15f77ec2473efb3f4d0e03
data/raw_results/ldp/imdb/post_rr_increase/10pctres_n10000_alg2_eps1_0p001_ns0_cl0_ba1_1_itr10_1.csv,schema_09,ldp,IMDB,post_rr,increase,15,24,,0.1,,183362147689174.44,686046943141797.8,,-20153710.255284093,4807.0,f2285af0e70e97412987b23c127674b1e5f138d5f0cd69ac7bc2492e66a94137
data/raw_results/ldp/imdb/post_rr_increase/10pctres_n10000_alg2_eps1_0p001_ns2_cl6_150_ba1_1_itr10_1.csv,schema_09,ldp,IMDB,post_rr,increase,15,24,,0.1,,2602813583246.7085,8093338666222.438,,820061.6031171357,4807.0,ef2dc5543976bab949e89d07e699d9ebfbdec2502da778867fe6ad8c2297eea5
data/raw_results/ldp/imdb/post_rr_increase/10pctres_n10000_alg3_eps1_0p001_ns0_cl0_ba1_1_itr10_1.csv,schema_09,ldp,IMDB,post_rr,increase,15,24,,0.1,,183388147689175.0,686144226233766.5,,-20158357.634141237,4807.0,58e199c8440eaf61ecf2160ef718de9a10f2f1bb5b1de3ddcf7f692028dc6208
data/raw_results/ldp/imdb/post_rr_increase/10pctres_n10000_alg3_eps1_0p001_ns2_cl6_150_ba1_1_itr10_1.csv,schema_09,ldp,IMDB,post_rr,increase,15,24,,0.1,,2523589297512.0977,7803673686534.533,,329842.4991885643,4807.0,a079086e69cca4e60c0015eb2218c4588a498a6a60a83089e65129b5963da30c
data/raw_results/ldp/imdb/post_rr_increase/10pctres_n10000_alg4_eps1_0p001_ns0_cl0_ba1_1_itr10_1.csv,schema_09,ldp,IMDB,post_rr,increase,15,24,,0.1,,183392219117746.53,686159460124541.9,,-20158806.76799838,4807.0,ccb05e74b5465ee54aa18ca75395f9669bdfc7820c0e3d7d5bf608cc211e0218
data/raw_results/ldp/imdb/post_rr_increase/10pctres_n10000_alg4_eps1_0p001_ns2_cl6_150_ba1_1_itr10_1.csv,schema_09,ldp,IMDB,post_rr,increase,15,24,,0.1,,8276880012504.766,29194580937545.43,,595473.1944742786,4807.0,c613658051de792af4b22f61bc3cdca9e34648a82e486e253c721f3895eddbc0
data/raw_results/ldp/imdb/post_rr_increase/20pctres_n10000_alg2_eps1_0p001_ns0_cl0_ba1_1_itr10_1.csv,schema_09,ldp,IMDB,post_rr,increase,15,24,,0.2,,183331004832030.9,685930417240428.5,,-20148152.53056981,4807.0,5378b8af1fa363216a1c6f5ac7723e45db5c20f0dc9909511f44a3684951cfc5
data/raw_results/ldp/imdb/post_rr_increase/20pctres_n10000_alg2_eps1_0p001_ns2_cl6_150_ba1_1_itr10_1.csv,schema_09,ldp,IMDB,post_rr,increase,15,24,,0.2,,2950093583286.61,9368081728397.729,,1775676.8789742787,4807.0,bdce28145a11eb679922585a3b00b12d27f512745dd65ef84cc0ef24969132ff
data/raw_results/ldp/imdb/post_rr_increase/20pctres_n10000_alg3_eps1_0p001_ns0_cl0_ba1_1_itr10_1.csv,schema_09,ldp,IMDB,post_rr,increase,15,24,,0.2,,183370004832031.78,686076341878381.6,,-20155227.956855524,4807.0,470a8d4125228875e1fe71446eb67dab7fefde961362a55db9c7bd23575a3edd
data/raw_results/ldp/imdb/post_rr_increase/20pctres_n10000_alg3_eps1_0p001_ns2_cl6_150_ba1_1_itr10_1.csv,schema_09,ldp,IMDB,post_rr,increase,15,24,,0.2,,2569100726097.562,7970014720899.47,,644815.0455457072,4807.0,753fdeedaa047327d8af9a170529cb0f4e0f45728c1818efee460c2723de58d6
data/raw_results/ldp/imdb/post_rr_increase/20pctres_n10000_alg4_eps1_0p001_ns0_cl0_ba1_1_itr10_1.csv,schema_09,ldp,IMDB,post_rr,increase,15,24,,0.2,,183377933403460.5,686106007876207.4,,-20156259.013426952,4807.0,a017ff53412229872e04ab5f23d943564278028f1e615ed634049bb536312c0a
data/raw_results/ldp/imdb/post_rr_increase/20pctres_n10000_alg4_eps1_0p001_ns2_cl6_150_ba1_1_itr10_1.csv,schema_09,ldp,IMDB,post_rr,increase,15,24,,0.2,,8358930012519.526,29501075587218.848,,911250.3849742785,4807.0,0add1a2117102f503dad8de97fd5c2256eb752983d0e11565818f83eafbde8c6
data/raw_results/ldp/imdb/post_rr_increase/30pctres_n10000_alg2_eps1_0p001_ns0_cl0_ba1_1_itr10_1.csv,schema_09,ldp,IMDB,post_rr,increase,15,24,,0.3,,183282076260601.22,685747343289882.9,,-20139371.711284094,4807.0,d6895259b8b369abe537f679208ca6664b4293548fbe60b83ce97fa33237ab78
data/raw_results/ldp/imdb/post_rr_increase/30pctres_n10000_alg2_eps1_0p001_ns2_cl6_150_ba1_1_itr10_1.csv,schema_09,ldp,IMDB,post_rr,increase,15,24,,0.3,,4551836440515.421,15301304851111.525,,3826194.157091707,4807.0,a9aed65cc5c8793053722133ccd658aa1753b94d8bc3b76a16924a7bc44eee83
data/raw_results/ldp/imdb/post_rr_increase/30pctres_n10000_alg3_eps1_0p001_ns0_cl0_ba1_1_itr10_1.csv,schema_09,ldp,IMDB,post_rr,increase,15,24,,0.3,,183347861974888.4,685993490893463.2,,-20150905.415641237,4807.0,76c2bfe4fc07d354f18913b5a774f8697ab055f90261ec0313cbfb5b32fde833
data/raw_results/ldp/imdb/post_rr_increase/30pctres_n10000_alg3_eps1_0p001_ns2_cl6_150_ba1_1_itr10_1.csv,schema_09,ldp,IMDB,post_rr,increase,15,24,,0.3,,2834572154706.0547,8943255287662.775,,1509201.32340285,4807.0,4cdbba210ea5f6b4afea8b1be7e364b3e30862f6b3f170ceacb8effbd2b80eb6
data/raw_results/ldp/imdb/post_rr_increase/30pctres_n10000_alg4_eps1_0p001_ns0_cl0_ba1_1_itr10_1.csv,schema_09,ldp,IMDB,post_rr,increase,15,24,,0.3,,183355504832031.44,686022087846322.1,,-20152485.454855524,4807.0,205459a0f33375a31f5a5b6d855b885e44164899ab89842fce07f7c6b6f3b3d9
data/raw_results/ldp/imdb/post_rr_increase/30pctres_n10000_alg4_eps1_0p001_ns2_cl6_150_ba1_1_itr10_1.csv,schema_09,ldp,IMDB,post_rr,increase,15,24,,0.3,,8698851441127.364,30770947105243.414,,1867988.0972599927,4807.0,cb1210148c6ab788d93992b38ed5476e5f16f09b6154075444296603de8d49ef
data/raw_results/ldp/imdb/post_rr_increase/3pctres_n10000_alg2_eps1_0p001_ns0_cl0_ba1_1_itr10_1.csv,schema_09,ldp,IMDB,post_rr,increase,15,24,,0.03,,183384290546317.78,686129794126716.2,,-20157743.834355522,4807.0,47a1793b04d2e365010bae38aec66520257467d1884b6417cf8cfc0564b06ddb
data/raw_results/ldp/imdb/post_rr_increase/3pctres_n10000_alg2_eps1_0p001_ns2_cl6_150_ba1_1_itr10_1.csv,schema_09,ldp,IMDB,post_rr,increase,15,24,,0.03,,2522192868941.0386,7798572533521.154,,362760.67890285,4807.0,c8d4310e82747d2966f84feaf2eec7115a160417e8f3a5a962c041b271fdf0c8
data/raw_results/ldp/imdb/post_rr_increase/3pctres_n10000_alg3_eps1_0p001_ns0_cl0_ba1_1_itr10_1.csv,schema_09,ldp,IMDB,post_rr,increase,15,24,,0.03,,183393361974889.4,686163736304408.6,,-20159016.272141237,4807.0,05b6e9fc07ef400e207a84ca025c3cc96c2c33503800ede92ce904769fb038a8
data/raw_results/ldp/imdb/post_rr_increase/3pctres_n10000_alg3_eps1_0p001_ns2_cl6_150_ba1_1_itr10_1.csv,schema_09,ldp,IMDB,post_rr,increase,15,24,,0.03,,2516386440366.288,7777363415004.546,,280957.9896171357,4807.0,fb270282f8091dc861edb0999ff2b2aa9bf497245b19c85a04a060e8feecf4e1
data/raw_results/ldp/imdb/post_rr_increase/3pctres_n10000_alg4_eps1_0p001_ns0_cl0_ba1_1_itr10_1.csv,schema_09,ldp,IMDB,post_rr,increase,15,24,,0.03,,183392433403460.8,686160261908266.9,,-20158868.402355522,4807.0,a929e6487a884981bf1cad6e6db0f00f1d3d48fdb8aafcbafbf44a36946dfa2f
data/raw_results/ldp/imdb/post_rr_increase/3pctres_n10000_alg4_eps1_0p001_ns2_cl6_150_ba1_1_itr10_1.csv,schema_09,ldp,IMDB,post_rr,increase,15,24,,0.03,,8274087155361.211,29184148514129.547,,574381.48190285,4807.0,bd903a766e421818fca877ed5e91344ce0d9efbd613a6feecad68e2c6eb23d62
data/raw_results/ldp/imdb/post_rr_increase/50pctres_n10000_alg2_eps1_0p001_ns0_cl0_ba1_1_itr10_1.csv,schema_09,ldp,IMDB,post_rr,increase,15,24,,0.5,,183187861974884.84,685394825712117.1,,-20122694.077284094,4807.0,705df3c9d60753c180b63c6947eff6fae7870ed724343a95648583b765667e37
data/raw_results/ldp/imdb/post_rr_increase/50pctres_n10000_alg2_eps1_0p001_ns2_cl6_150_ba1_1_itr10_1.csv,schema_09,ldp,IMDB,post_rr,increase,15,24,,0.5,,13606180012894.938,49115167451017.2,,8906368.56587235,4807.0,f522aa868923c7a562e8d96c7a476260027c2f1a7aa7f8b6f03e2f1996ed909f
data/raw_results/ldp/imdb/post_rr_increase/50pctres_n10000_alg3_eps1_0p001_ns0_cl0_ba1_1_itr10_1.csv,schema_09,ldp,IMDB,post_rr,increase,15,24,,0.5,,183282861974886.94,685750283163541.2,,-20137985.356641237,4807.0,56e4c3096682462c0b09becd328eba1409b1c6c4194200a88d12b035eac7c8f2
data/raw_results/ldp/imdb/post_rr_increase/50pctres_n10000_alg3_eps1_0p001_ns2_cl6_150_ba1_1_itr10_1.csv,schema_09,ldp,IMDB,post_rr,increase,15,24,,0.5,,5333579297730.237,18211322009298.805,,4471100.76439785,4807.0,10c0a36af9a4367ab0aab7e1abdf48b66f754214f3c90ab64dab277774b2c6b2
data/raw_results/ldp/imdb/post_rr_increase/50pctres_n10000_alg4_eps1_0p001_ns0_cl0_ba1_1_itr10_1.csv,schema_09,ldp,IMDB,post_rr,increase,15,24,,0.5,,183294076260601.5,685792243178483.9,,-20141338.74892695,4807.0,d316bf02d621d28778b2c0d44bf2f2ab07f9d1b976bf848fbf23e7075d9a49df
data/raw_results/ldp/imdb/post_rr_increase/50pctres_n10000_alg4_eps1_0p001_ns2_cl6_150_ba1_1_itr10_1.csv,schema_09,ldp,IMDB,post_rr,increase,15,24,,0.5,,12090044298410.83,43446096487937.87,,5278624.015188565,4807.0,c847942b30d802847aaff441e123314eda0fd4ec516a5408ef6b616446608906
data/raw_results/ldp/imdb/post_rr_increase/5pctres_n10000_alg2_eps1_0p001_ns0_cl0_ba1_1_itr10_1.csv,schema_09,ldp,IMDB,post_rr,increase,15,24,,0.05,,183378504832031.94,686108145966140.8,,-20156656.163426947,4807.0,3e1445888e24b4b89c8453da38d61f62bbd4f06a6b7077251052474455bc442f
data/raw_results/ldp/imdb/post_rr_increase/5pctres_n10000_alg2_eps1_0p001_ns2_cl6_150_ba1_1_itr10_1.csv,schema_09,ldp,IMDB,post_rr,increase,15,24,,0.05,,2538970726088.816,7859872801696.319,,464866.17097427853,4807.0,54e451329a7db1a0d37d64c735168c2a94f066d98f70b6aa15d7f68da8ed95ab
data/raw_results/ldp/imdb/post_rr_increase/5pctres_n10000_alg3_eps1_0p001_ns0_cl0_ba1_1_itr10_1.csv,schema_09,ldp,IMDB,post_rr,increase,15,24,,0.05,,183390790546317.94,686154114899708.4,,-20158631.46935552,4807.0,212a47abf4c2c69f314df238dce2a5626d9ded2d57c92863c6c738e60cb209a7
data/raw_results/ldp/imdb/post_rr_increase/5pctres_n10000_alg3_eps1_0p001_ns2_cl6_150_ba1_1_itr10_1.csv,schema_09,ldp,IMDB,post_rr,increase,15,24,,0.05,,2517840726081.394,7782675211158.23,,301457.9287599929,4807.0,92ed885e3bd96b5bdd237cc1e901bbef994ee5e60b79c959a762000fc060ee15
data/raw_results/ldp/imdb/post_rr_increase/5pctres_n10000_alg4_eps1_0p001_ns0_cl0_ba1_1_itr10_1.csv,schema_09,ldp,IMDB,post_rr,increase,15,24,,0.05,,183392576260603.7,686160796430750.2,,-20158892.166212667,4807.0,45dc40e57e319152e15b42bc577ddfa7503d9bf0516110aee58ee6c4bf204143
data/raw_results/ldp/imdb/post_rr_increase/5pctres_n10000_alg4_eps1_0p001_ns2_cl6_150_ba1_1_itr10_1.csv,schema_09,ldp,IMDB,post_rr,increase,15,24,,0.05,,8271508583932.024,29174516543523.625,,579309.6346885643,4807.0,41a5f2dd87a02c2e209b6f635bd9b32cc53fcd2ab34c1ff83452a3c3ef93f794
data/raw_results/ldp/imdb/post_rr_increase/8pctres_n10000_alg2_eps1_0p001_ns0_cl0_ba1_1_itr10_1.csv,schema_09,ldp,IMDB,post_rr,increase,15,24,,0.08,,183370504832031.78,686078212707073.4,,-20155246.414641235,4807.0,8309c10ffa2efcc91fc01a391e40cb8a9939fa31e2472b616cb8e747edfa5a6c
data/raw_results/ldp/imdb/post_rr_increase/8pctres_n10000_alg2_eps1_0p001_ns2_cl6_150_ba1_1_itr10_1.csv,schema_09,ldp,IMDB,post_rr,increase,15,24,,0.08,,2561737154666.8467,7943090047963.737,,631033.9740457071,4807.0,b5277210cabc36531e5c30f04bfb0d3b292e42194a3647695e50d67eea86721b
data/raw_results/ldp/imdb/post_rr_increase/8pctres_n10000_alg3_eps1_0p001_ns0_cl0_ba1_1_itr10_1.csv,schema_09,ldp,IMDB,post_rr,increase,15,24,,0.08,,183389647689175.03,686149838719841.6,,-20158558.15242695,4807.0,81bb0ce9740059725f3141185ff0c6862e41ddd371f26434f17d957be91280f4
data/raw_results/ldp/imdb/post_rr_increase/8pctres_n10000_alg3_eps1_0p001_ns2_cl6_150_ba1_1_itr10_1.csv,schema_09,ldp,IMDB,post_rr,increase,15,24,,0.08,,2533937868941.5303,7841482094722.579,,312299.44240284996,4807.0,064533fa98d8a88d396c1c131d91025fce8be8bbd1776790f827ac31bcaf2950
data/raw_results/ldp/imdb/post_rr_increase/8pctres_n10000_alg4_eps1_0p001_ns0_cl0_ba1_1_itr10_1.csv,schema_09,ldp,IMDB,post_rr,increase,15,24,,0.08,,183390933403460.78,686154649422191.8,,-20158754.177641235,4807.0,bb7daebc306c2064d2809d864c6f4254f3457b496add332d3f1e1bb94de75ce2
data/raw_results/ldp/imdb/post_rr_increase/8pctres_n10000_alg4_eps1_0p001_ns2_cl6_150_ba1_1_itr10_1.csv,schema_09,ldp,IMDB,post_rr,increase,15,24,,0.08,,8268244298218.272,29162323177775.027,,590938.6165457071,4807.0,0e8849d5e7a25aa5ec50e6b17595d1a69e48cdd422c98f82462a57c48654ff70
data/raw_results/rldp_2024/results_laplace_all_attacks_gplus/summary.csv,schema_10,rldp_2024,Gplus,post_laplace,increase,441,13,0.5;1;2,0.0;0.03;0.05;0.08;0.1;0.13;0.15;0.18;0.2,clean;count;fixed;scale,0.03266717233560091,0.054083707895742975,,,,0dff046ae5c634aeeb3536cdba85ee5143e3ed6c41a3ed3870d79d83d8b4b8ef
data/raw_results/rldp_2024/results_laplace_all_attacks_imdb/summary.csv,schema_10,rldp_2024,IMDB,post_laplace,clean,441,13,0.5;1;2,0.0;0.03;0.05;0.08;0.1;0.13;0.15;0.18;0.2,clean;count;fixed;scale,33.98700459183674,77.5833700925392,,,,824b529803037210524ec2cabffd645d699e23e633a62604368d51289d73ab04
data/raw_results/shuffle_dp/shuffledp_gplus/robust_strict_rr_decrease/ratio_10_res_n20000_alg2n_eps1_8_pair_1_itr20_1.csv,schema_11,shuffle_dp,Gplus,post_rr,decrease,24,14,4.180487,0.1,,2965443359479.172,14221331360940.379,,5185527.777957083,6373740.0,75e2ca5af48e65cb5ffdbdf4a4a8ff2e62eaf366daa82a651fb2face5f3e8ad5
data/raw_results/shuffle_dp/shuffledp_gplus/robust_strict_rr_decrease/ratio_10_res_n20000_alg3n_eps1_8_pair_1_itr20_1.csv,schema_11,shuffle_dp,Gplus,post_rr,decrease,24,14,4.180487,0.1,,688863794261.3477,3303239336854.632,,4010856.329746574,6373740.0,f7911e354c3bf082e0744fe9a3044fd5c8e671748da7bb50143f115d49e12797
data/raw_results/shuffle_dp/shuffledp_gplus/robust_strict_rr_decrease/ratio_10_res_n20000_alg4n_eps1_8_pair_1_itr20_1.csv,schema_11,shuffle_dp,Gplus,post_rr,decrease,24,14,4.180487,0.1,,694815174261.3182,3331381916650.3916,,4321955.587959376,6373740.0,952d861693840e945f75f5f42a6174ace78358954df18225483c40248190863a
data/raw_results/shuffle_dp/shuffledp_gplus/robust_strict_rr_decrease/ratio_12p5_res_n20000_alg2n_eps1_8_pair_1_itr20_1.csv,schema_11,shuffle_dp,Gplus,post_rr,decrease,24,14,4.180487,0.125,,3014325533392.2188,14455762031421.924,,5111586.039212814,6373740.0,52e1210644fd8321ab500f8fe24743426dba772a402daac9267b148594cf19e7
data/raw_results/shuffle_dp/shuffledp_gplus/robust_strict_rr_decrease/ratio_12p5_res_n20000_alg3n_eps1_8_pair_1_itr20_1.csv,schema_11,shuffle_dp,Gplus,post_rr,decrease,24,14,4.180487,0.125,,735337707304.8427,3526120392384.265,,3878107.618372548,6373740.0,a25253cf387ba7e2a423f5f7b911af5d656b7e695664dd8c354e918732f32b76
data/raw_results/shuffle_dp/shuffledp_gplus/robust_strict_rr_decrease/ratio_12p5_res_n20000_alg4n_eps1_8_pair_1_itr20_1.csv,schema_11,shuffle_dp,Gplus,post_rr,decrease,24,14,4.180487,0.125,,744213869913.5096,3568289732130.7515,,4197224.820048868,6373740.0,1235b2e5490b32b27e4e751e2b7baeb1fe6f7c0cedea4a0d9caf58bee457c28e
data/raw_results/shuffle_dp/shuffledp_gplus/robust_strict_rr_decrease/ratio_15_res_n20000_alg2n_eps1_8_pair_1_itr20_1.csv,schema_11,shuffle_dp,Gplus,post_rr,decrease,24,14,4.180487,0.15,,3305172055131.38,15850612948297.482,,4916489.8491,6373740.0,59c67428c2a4637142b9396ec95abc0270e8a874eda8ed7a1b8c4ee829dca91c
data/raw_results/shuffle_dp/shuffledp_gplus/robust_strict_rr_decrease/ratio_15_res_n20000_alg3n_eps1_8_pair_1_itr20_1.csv,schema_11,shuffle_dp,Gplus,post_rr,decrease,24,14,4.180487,0.15,,706756837739.6107,3389051358152.324,,3640859.7125731916,6373740.0,e46e7d5f5cea9ac3c7ed29e278377430c0e2849ff471d6cbd15206a6d9298710
data/raw_results/shuffle_dp/shuffledp_gplus/robust_strict_rr_decrease/ratio_15_res_n20000_alg4n_eps1_8_pair_1_itr20_1.csv,schema_11,shuffle_dp,Gplus,post_rr,decrease,24,14,4.180487,0.15,,692403435130.8849,3319815622435.2837,,3947330.5531905373,6373740.0,3f237dfad64e2e24c86652e2113f4919965ff6de2dec1247b9b2d4ce4f3b46ce
data/raw_results/shuffle_dp/shuffledp_gplus/robust_strict_rr_decrease/ratio_17p5_res_n20000_alg2n_eps1_8_pair_1_itr20_1.csv,schema_11,shuffle_dp,Gplus,post_rr,decrease,24,14,4.180487,0.175,,3411359011653.1377,16359867701579.12,,4782254.986969304,6373740.0,49ebc67f981c7e47e81a4b619b21245224f31faa49438ff5f2f9cfc5409f67e2
data/raw_results/shuffle_dp/shuffledp_gplus/robust_strict_rr_decrease/ratio_17p5_res_n20000_alg3n_eps1_8_pair_1_itr20_1.csv,schema_11,shuffle_dp,Gplus,post_rr,decrease,24,14,4.180487,0.175,,724545533391.7887,3474362944892.6294,,3505297.199823605,6373740.0,d84c5b63572b124592233f1a0aa0693087f977f1f6dad40f43d8f35cef85f182
data/raw_results/shuffle_dp/shuffledp_gplus/robust_strict_rr_decrease/ratio_17p5_res_n20000_alg4n_eps1_8_pair_1_itr20_1.csv,schema_11,shuffle_dp,Gplus,post_rr,decrease,24,14,4.180487,0.175,,707729087304.8009,3393314866171.055,,3813116.814631685,6373740.0,ff7fcceb1b70bf0240806591a1238a1180b6548bf2336b0548c57a6be5ffa331
data/raw_results/shuffle_dp/shuffledp_gplus/robust_strict_rr_decrease/ratio_20_res_n20000_alg2n_eps1_8_pair_1_itr20_1.csv,schema_11,shuffle_dp,Gplus,post_rr,decrease,24,14,4.180487,0.2,,3211333359479.158,15400578373741.793,,4657662.487975556,6373740.0,fe3ad43f607a3a83280fd8ba23ec2c6e69ee79474da04bda528b82aaab735258
data/raw_results/shuffle_dp/shuffledp_gplus/robust_strict_rr_decrease/ratio_20_res_n20000_alg3n_eps1_8_pair_1_itr20_1.csv,schema_11,shuffle_dp,Gplus,post_rr,decrease,24,14,4.180487,0.2,,747392055130.9276,3583931013285.706,,3431504.374501422,6373740.0,582a539c1f02877c1daeea0adb68de86d344dec5ca30de02f18f92ac974072e1
data/raw_results/shuffle_dp/shuffledp_gplus/robust_strict_rr_decrease/ratio_20_res_n20000_alg4n_eps1_8_pair_1_itr20_1.csv,schema_11,shuffle_dp,Gplus,post_rr,decrease,24,14,4.180487,0.2,,724696043826.5476,3474685528917.635,,3724760.1843756023,6373740.0,07fd0e74e00962a06f5cbe728ffdbd0fd65c793846fd547fca98d92e7d3d7f77
data/raw_results/shuffle_dp/shuffledp_gplus/robust_strict_rr_decrease/ratio_2p5_res_n20000_alg2n_eps1_8_pair_1_itr20_1.csv,schema_11,shuffle_dp,Gplus,post_rr,decrease,24,14,4.180487,0.025,,2789653794261.767,13378274222984.852,,5824807.674728188,6373740.0,6545e8898083bbde9230084bc7d9744c3a038c99aa2c698501e18b7ce3e816b4
data/raw_results/shuffle_dp/shuffledp_gplus/robust_strict_rr_decrease/ratio_2p5_res_n20000_alg3n_eps1_8_pair_1_itr20_1.csv,schema_11,shuffle_dp,Gplus,post_rr,decrease,24,14,4.180487,0.025,,712149011652.6525,3414911315590.314,,4398924.003834718,6373740.0,f205c75c0f2a799d76236332021499712bc7a0d0bc0ac17cd0ffb2ac2533b057
data/raw_results/shuffle_dp/shuffledp_gplus/robust_strict_rr_decrease/ratio_2p5_res_n20000_alg4n_eps1_8_pair_1_itr20_1.csv,schema_11,shuffle_dp,Gplus,post_rr,decrease,24,14,4.180487,0.025,,772307348174.369,3703021317530.5635,,4744877.668963611,6373740.0,c940e60e774e95298d9444b380512a6e18fba63f652a04cb572eeff58fe4b5d5
data/raw_results/shuffle_dp/shuffledp_gplus/robust_strict_rr_decrease/ratio_5_res_n20000_alg2n_eps1_8_pair_1_itr20_1.csv,schema_11,shuffle_dp,Gplus,post_rr,decrease,24,14,4.180487,0.05,,2816887272522.6313,13508881396455.242,,5638913.756597861,6373740.0,926cd96325465e52173c9d78098f0bddf8227593370fa960b9947303f88799a2
data/raw_results/shuffle_dp/shuffledp_gplus/robust_strict_rr_decrease/ratio_5_res_n20000_alg3n_eps1_8_pair_1_itr20_1.csv,schema_11,shuffle_dp,Gplus,post_rr,decrease,24,14,4.180487,0.05,,728798576870.04,3494759824730.3203,,4286353.785931361,6373740.0,81bc0e56c3167a8bc3b12a45d72fd3698562bf4d6d7c69786c82e3a5f1b81077
data/raw_results/shuffle_dp/shuffledp_gplus/robust_strict_rr_decrease/ratio_5_res_n20000_alg4n_eps1_8_pair_1_itr20_1.csv,schema_11,shuffle_dp,Gplus,post_rr,decrease,24,14,4.180487,0.05,,780834739478.7139,3743917248621.338,,4631047.549363733,6373740.0,fec3b5fbb7fe2a52156b65eeae3c1b1a2a2a1c06d30e7e113b83f858213c140e
data/raw_results/shuffle_dp/shuffledp_gplus/robust_strict_rr_decrease/ratio_7p5_res_n20000_alg2n_eps1_8_pair_1_itr20_1.csv,schema_11,shuffle_dp,Gplus,post_rr,decrease,24,14,4.180487,0.075,,2846170316000.9043,13649317939400.908,,5648114.705236318,6373740.0,8254b16f557faaea903fb6924652b7a075029706b567502ed4de5a6e1130b1f5
data/raw_results/shuffle_dp/shuffledp_gplus/robust_strict_rr_decrease/ratio_7p5_res_n20000_alg3n_eps1_8_pair_1_itr20_1.csv,schema_11,shuffle_dp,Gplus,post_rr,decrease,24,14,4.180487,0.075,,726314663826.5629,3482847396339.9355,,4248774.446906514,6373740.0,382d4f2c51cfa7d29fb11bdc0090ad8000e240eed7e4d0a73a4f4a93135aee33
data/raw_results/shuffle_dp/shuffledp_gplus/robust_strict_rr_decrease/ratio_7p5_res_n20000_alg4n_eps1_8_pair_1_itr20_1.csv,schema_11,shuffle_dp,Gplus,post_rr,decrease,24,14,4.180487,0.075,,769827782956.9718,3691129740773.6094,,4605246.375162972,6373740.0,fb2037172c766b7b7b18ea3eb26a75f7c39dbd78dcd275348323a91ca95f2ed1
data/raw_results/shuffle_dp/shuffledp_gplus/robust_strict_rr_increase/ratio_10_res_n20000_alg2n_eps1_8_pair_1_itr20_1.csv,schema_11,shuffle_dp,Gplus,post_rr,increase,24,14,4.180487,0.1,,3377775968174.911,16198809083069.88,,6970174.819691827,6373740.0,eb1eeb2ea069bfeddf7124be940274dfe7b3af829f6416d7b5d4f3e2885d438c
data/raw_results/shuffle_dp/shuffledp_gplus/robust_strict_rr_increase/ratio_10_res_n20000_alg3n_eps1_8_pair_1_itr20_1.csv,schema_11,shuffle_dp,Gplus,post_rr,increase,24,14,4.180487,0.1,,728639011652.6172,3493994576836.161,,4899201.652384127,6373740.0,677bf4087b299a071e6bb9828ef308fbced03b91f8e455b0b83948835f862aa1
data/raw_results/shuffle_dp/shuffledp_gplus/robust_strict_rr_increase/ratio_10_res_n20000_alg4n_eps1_8_pair_1_itr20_1.csv,schema_11,shuffle_dp,Gplus,post_rr,increase,24,14,4.180487,0.1,,795112565565.6437,3812391295527.672,,5420619.325217354,6373740.0,c1732b3aaf8ced7b21d7734db99b7fa89cd4c14998b94c71feb7f55047a697fc
data/raw_results/shuffle_dp/shuffledp_gplus/robust_strict_rr_increase/ratio_12p5_res_n20000_alg2n_eps1_8_pair_1_itr20_1.csv,schema_11,shuffle_dp,Gplus,post_rr,increase,24,14,4.180487,0.125,,3181023359479.259,15255216720323.705,,6596889.094065435,6373740.0,0d5d65190fa51d232090f279b92711e4f4ea33d7c7c149fc88f494d5a690cc81
data/raw_results/shuffle_dp/shuffledp_gplus/robust_strict_rr_increase/ratio_12p5_res_n20000_alg3n_eps1_8_pair_1_itr20_1.csv,schema_11,shuffle_dp,Gplus,post_rr,increase,24,14,4.180487,0.125,,690031620348.2441,3308840033971.8735,,5034608.780478683,6373740.0,9ed1de9c01db9307d91577b0a3f2461cfdfb8f9332814589701caafb0d989d6e
data/raw_results/shuffle_dp/shuffledp_gplus/robust_strict_rr_increase/ratio_12p5_res_n20000_alg4n_eps1_8_pair_1_itr20_1.csv,schema_11,shuffle_dp,Gplus,post_rr,increase,24,14,4.180487,0.125,,740857782956.9264,3552194504913.5835,,5554950.866528076,6373740.0,0157d068c4b04850fbcea72db9044a13f56c993eca106953e2ee9310edde002c
data/raw_results/shuffle_dp/shuffledp_gplus/robust_strict_rr_increase/ratio_15_res_n20000_alg2n_eps1_8_pair_1_itr20_1.csv,schema_11,shuffle_dp,Gplus,post_rr,increase,24,14,4.180487,0.15,,3130315098609.6807,15012028444444.98,,6727302.624136392,6373740.0,2960977d7b33828a25309398563939b9453c9cf388b60d4b177af91548f3069d
data/raw_results/shuffle_dp/shuffledp_gplus/robust_strict_rr_increase/ratio_15_res_n20000_alg3n_eps1_8_pair_1_itr20_1.csv,schema_11,shuffle_dp,Gplus,post_rr,increase,24,14,4.180487,0.15,,683027707304.7434,3275250447279.65,,5257748.213072696,6373740.0,121ba7b91e3c0c81652507e86f09fe6b5b06e81d54b4ea9e692a18c4e96384f8
data/raw_results/shuffle_dp/shuffledp_gplus/robust_strict_rr_increase/ratio_15_res_n20000_alg4n_eps1_8_pair_1_itr20_1.csv,schema_11,shuffle_dp,Gplus,post_rr,increase,24,14,4.180487,0.15,,733939956869.953,3519017777337.1396,,5746368.038752568,6373740.0,ee09a38d4d70694f7a79a9682c9b53e6d7bdeb244ffcff06c29a46154a708eec
data/raw_results/shuffle_dp/shuffledp_gplus/robust_strict_rr_increase/ratio_17p5_res_n20000_alg2n_eps1_8_pair_1_itr20_1.csv,schema_11,shuffle_dp,Gplus,post_rr,increase,24,14,4.180487,0.175,,3427750750783.651,16438479720797.463,,7308447.848788435,6373740.0,fcde43822e5caa55b565c91fdd2e0661b4e0efa0a4b3242018ac73d2e05d3b28
data/raw_results/shuffle_dp/shuffledp_gplus/robust_strict_rr_increase/ratio_17p5_res_n20000_alg3n_eps1_8_pair_1_itr20_1.csv,schema_11,shuffle_dp,Gplus,post_rr,increase,24,14,4.180487,0.175,,658065968174.2838,3155538152883.5996,,5589900.976095792,6373740.0,efbea2fee8e88c1d6aa98455f2bf52c09d28774e0ba71e2c4f6ab208f89761d4
data/raw_results/shuffle_dp/shuffledp_gplus/robust_strict_rr_increase/ratio_17p5_res_n20000_alg4n_eps1_8_pair_1_itr20_1.csv,schema_11,shuffle_dp,Gplus,post_rr,increase,24,14,4.180487,0.175,,730760391652.5596,3503769118630.5073,,6025210.777673929,6373740.0,b1298062b59ee9234efab55617e93f651b18c512de9176835edf8bea6767d7d9
data/raw_results/shuffle_dp/shuffledp_gplus/robust_strict_rr_increase/ratio_20_res_n20000_alg2n_eps1_8_pair_1_itr20_1.csv,schema_11,shuffle_dp,Gplus,post_rr,increase,24,14,4.180487,0.2,,3783852924696.774,18146285751474.35,,7733439.712592174,6373740.0,0cdd7fa62182037217e237f51de8c0257a4712eba203db3a09f43c302837da2b
data/raw_results/shuffle_dp/shuffledp_gplus/robust_strict_rr_increase/ratio_20_res_n20000_alg3n_eps1_8_pair_1_itr20_1.csv,schema_11,shuffle_dp,Gplus,post_rr,increase,24,14,4.180487,0.2,,706882924696.0372,3389656049948.555,,6170905.877491313,6373740.0,161c66f6dd889f0dbddc871c588bb0e2f9d8fe0cf432a9350da11df286f340e3
data/raw_results/shuffle_dp/shuffledp_gplus/robust_strict_rr_increase/ratio_20_res_n20000_alg4n_eps1_8_pair_1_itr20_1.csv,schema_11,shuffle_dp,Gplus,post_rr,increase,24,14,4.180487,0.2,,773066478609.124,3706661979115.6416,,6646122.955864424,6373740.0,17a56ebdb9ce4ef058fecbb5402a44bffb8d73e19bfc3ca075e281439cc01dc8
data/raw_results/shuffle_dp/shuffledp_gplus/robust_strict_rr_increase/ratio_2p5_res_n20000_alg2n_eps1_8_pair_1_itr20_1.csv,schema_11,shuffle_dp,Gplus,post_rr,increase,24,14,4.180487,0.025,,2812709011653.07,13488843161273.873,,5926788.726774745,6373740.0,f1eceabbfb3a63d01e8b4c582a5348769e21a123f929ad543233c9ee673995eb
data/raw_results/shuffle_dp/shuffledp_gplus/robust_strict_rr_increase/ratio_2p5_res_n20000_alg3n_eps1_8_pair_1_itr20_1.csv,schema_11,shuffle_dp,Gplus,post_rr,increase,24,14,4.180487,0.025,,711176837739.6084,3410248933326.6445,,4402684.308123557,6373740.0,d687644afa856d0a2b09fae8585f2a337792857bedb58e1401431a8ec2c4ae92
data/raw_results/shuffle_dp/shuffledp_gplus/robust_strict_rr_increase/ratio_2p5_res_n20000_alg4n_eps1_8_pair_1_itr20_1.csv,schema_11,shuffle_dp,Gplus,post_rr,increase,24,14,4.180487,0.025,,767960391652.6285,3682174046899.4385,,4773656.932315211,6373740.0,8c11977311d8a47e017bd9553a1ac811b05c3aa65b05894d70c7e83372ad09e3
data/raw_results/shuffle_dp/shuffledp_gplus/robust_strict_rr_increase/ratio_5_res_n20000_alg2n_eps1_8_pair_1_itr20_1.csv,schema_11,shuffle_dp,Gplus,post_rr,increase,24,14,4.180487,0.05,,3040607707305.3203,14581806909523.523,,6096942.759646836,6373740.0,32967dd08458c4751cdb26657462623cdb0a7f8db738a1af88570905e6ae23f2
data/raw_results/shuffle_dp/shuffledp_gplus/robust_strict_rr_increase/ratio_5_res_n20000_alg3n_eps1_8_pair_1_itr20_1.csv,schema_11,shuffle_dp,Gplus,post_rr,increase,24,14,4.180487,0.05,,725858576870.0548,3480660080152.089,,4465220.483192435,6373740.0,983879b418172a3899b00214c63140aafdea331c5942d78e3fac232d92171bdb
data/raw_results/shuffle_dp/shuffledp_gplus/robust_strict_rr_increase/ratio_5_res_n20000_alg4n_eps1_8_pair_1_itr20_1.csv,schema_11,shuffle_dp,Gplus,post_rr,increase,24,14,4.180487,0.05,,774273000348.2882,3712448253971.975,,4830427.811333624,6373740.0,82256cf97720f90f08e0f5abedd7ff3ec2375a9790f1b0ba29ddcd302dd4fce3
data/raw_results/shuffle_dp/shuffledp_gplus/robust_strict_rr_increase/ratio_7p5_res_n20000_alg2n_eps1_8_pair_1_itr20_1.csv,schema_11,shuffle_dp,Gplus,post_rr,increase,24,14,4.180487,0.075,,3040982055131.391,14583602218627.828,,6018108.2932475,6373740.0,996fc37527213da8294e6355fd6384dca44c606da61a7d4c2a82dd8bbe7eb774
data/raw_results/shuffle_dp/shuffledp_gplus/robust_strict_rr_increase/ratio_7p5_res_n20000_alg3n_eps1_8_pair_1_itr20_1.csv,schema_11,shuffle_dp,Gplus,post_rr,increase,24,14,4.180487,0.075,,688171185565.6783,3299917702265.0776,,4580137.349819749,6373740.0,3d8f25b4a47ab59adddfaa8bd995282c856c6d8b7ab3167770f1a2102a1a93bb
data/raw_results/shuffle_dp/shuffledp_gplus/robust_strict_rr_increase/ratio_7p5_res_n20000_alg4n_eps1_8_pair_1_itr20_1.csv,schema_11,shuffle_dp,Gplus,post_rr,increase,24,14,4.180487,0.075,,754409956870.0056,3617188446166.294,,4986507.843975398,6373740.0,789ae3ffd528ec6bb828b1aa4a3950799a286c7fc127615bde07996dcab565c1
data/raw_results/shuffle_dp/shuffledp_gplus/robust_strict_shuffle_decrease/ratio_10_res_n20000_alg2n_eps1_8_pair_1_itr20_1.csv,schema_11,shuffle_dp,Gplus,unknown,decrease,24,14,4.180487,0.1,,3029172924696.598,14526967618648.922,,6240046.461975752,6373740.0,efeb38e30a8a1678282af49d1cc21c1378ceb26727610104ca8d52a313633ce6
data/raw_results/shuffle_dp/shuffledp_gplus/robust_strict_shuffle_decrease/ratio_10_res_n20000_alg3n_eps1_8_pair_1_itr20_1.csv,schema_11,shuffle_dp,Gplus,unknown,decrease,24,14,4.180487,0.1,,693706837739.6011,3326465757253.525,,4318522.9594008615,6373740.0,bb8b4e4c566983cb95fbfad802ee9eb34ef5469a2912b22408b2865ecc80abac
data/raw_results/shuffle_dp/shuffledp_gplus/robust_strict_shuffle_decrease/ratio_10_res_n20000_alg4n_eps1_8_pair_1_itr20_1.csv,schema_11,shuffle_dp,Gplus,unknown,decrease,24,14,4.180487,0.1,,750029087304.795,3596178534319.6235,,4748234.388026681,6373740.0,b586dd70faf447c59457c506e83b2fc688f2fdb55042304de595dfa2dd7ca2ef
data/raw_results/shuffle_dp/shuffledp_gplus/robust_strict_shuffle_decrease/ratio_12p5_res_n20000_alg2n_eps1_8_pair_1_itr20_1.csv,schema_11,shuffle_dp,Gplus,unknown,decrease,24,14,4.180487,0.125,,2767237272522.659,13270768361437.703,,6111945.565176073,6373740.0,e87032d10428c7caa534791f6b8954e78259c76b6128e91f964e7ded809c4be1
data/raw_results/shuffle_dp/shuffledp_gplus/robust_strict_shuffle_decrease/ratio_12p5_res_n20000_alg3n_eps1_8_pair_1_itr20_1.csv,schema_11,shuffle_dp,Gplus,unknown,decrease,24,14,4.180487,0.125,,682639446435.254,3273388413577.134,,4282958.472630022,6373740.0,fcaa6109bffc3e3b54ca8d5002606618a1b69206ff3bfc20a382ea7b09c464d6
data/raw_results/shuffle_dp/shuffledp_gplus/robust_strict_shuffle_decrease/ratio_12p5_res_n20000_alg4n_eps1_8_pair_1_itr20_1.csv,schema_11,shuffle_dp,Gplus,unknown,decrease,24,14,4.180487,0.125,,741136913391.7585,3553533167418.088,,4769488.558398563,6373740.0,e5f1eb310ad1c8d34bdae9f5befd4a77ae9b61b6e80c8c41c92f1d72ee1ed6fd
data/raw_results/shuffle_dp/shuffledp_gplus/robust_strict_shuffle_decrease/ratio_15_res_n20000_alg2n_eps1_8_pair_1_itr20_1.csv,schema_11,shuffle_dp,Gplus,unknown,decrease,24,14,4.180487,0.15,,3173485968174.906,15219068661516.246,,5206410.642873439,6373740.0,88d90db5fb8f87356d8b8386c17aca920a855e7fd8976cd856d4603a3df6a5c0
data/raw_results/shuffle_dp/shuffledp_gplus/robust_strict_shuffle_decrease/ratio_15_res_n20000_alg3n_eps1_8_pair_1_itr20_1.csv,schema_11,shuffle_dp,Gplus,unknown,decrease,24,14,4.180487,0.15,,599944663826.5295,2876798171973.481,,4284133.604629592,6373740.0,fa1b4b1025755af09100c6c9b5a1167de0c4e6a884d7f3b076dff90559ab2f30
data/raw_results/shuffle_dp/shuffledp_gplus/robust_strict_shuffle_decrease/ratio_15_res_n20000_alg4n_eps1_8_pair_1_itr20_1.csv,schema_11,shuffle_dp,Gplus,unknown,decrease,24,14,4.180487,0.15,,626933435130.8551,3005832542611.9307,,4736064.411562012,6373740.0,ab8426ef4284b1afc79d25903c2a596df34b9f84c42a91e457df59cbfd33e2ee
data/raw_results/shuffle_dp/shuffledp_gplus/robust_strict_shuffle_decrease/ratio_17p5_res_n20000_alg2n_eps1_8_pair_1_itr20_1.csv,schema_11,shuffle_dp,Gplus,unknown,decrease,24,14,4.180487,0.175,,3177195098609.6533,15236857026172.824,,4634688.52060977,6373740.0,583f734128bd4615abfa2e2559c3fa4933f40ffead2a5a55630293d15dcb51fb
data/raw_results/shuffle_dp/shuffledp_gplus/robust_strict_shuffle_decrease/ratio_17p5_res_n20000_alg3n_eps1_8_pair_1_itr20_1.csv,schema_11,shuffle_dp,Gplus,unknown,decrease,24,14,4.180487,0.175,,603894229043.9221,2895739621149.6543,,4067071.9132409957,6373740.0,6048f325ccd67cc5176353355476b42afeca14ab5af407acab7a8c814a58fcb1
data/raw_results/shuffle_dp/shuffledp_gplus/robust_strict_shuffle_decrease/ratio_17p5_res_n20000_alg4n_eps1_8_pair_1_itr20_1.csv,schema_11,shuffle_dp,Gplus,unknown,decrease,24,14,4.180487,0.175,,677935609043.9172,3250430368058.8213,,4491181.87950289,6373740.0,34beaa64b37fb1601dd0035bbfdfa01521c91f4028beec565033ae6742d3a5f7
data/raw_results/shuffle_dp/shuffledp_gplus/robust_strict_shuffle_decrease/ratio_20_res_n20000_alg2n_eps1_8_pair_1_itr20_1.csv,schema_11,shuffle_dp,Gplus,unknown,decrease,24,14,4.180487,0.2,,3907384663827.1284,18738723159974.977,,3626205.393300583,6373740.0,6846bc725a87c57e651eb211d94cd8d327ba4aa8b0aa2cfd8ca423ab9cb66af9
data/raw_results/shuffle_dp/shuffledp_gplus/robust_strict_shuffle_decrease/ratio_20_res_n20000_alg3n_eps1_8_pair_1_itr20_1.csv,schema_11,shuffle_dp,Gplus,unknown,decrease,24,14,4.180487,0.2,,610620316000.4469,2927996800675.043,,4051034.3136060745,6373740.0,bfe6e376b24c75e7b8521b50d6c66fcf54c00795a40141c996cbe25f1e80edb9
data/raw_results/shuffle_dp/shuffledp_gplus/robust_strict_shuffle_decrease/ratio_20_res_n20000_alg4n_eps1_8_pair_1_itr20_1.csv,schema_11,shuffle_dp,Gplus,unknown,decrease,24,14,4.180487,0.2,,655484739478.7003,3142759783424.6133,,4621615.817843272,6373740.0,c512653ae80e95efd60414b77684ba51772b08d384776d022864cb93c57300c5
data/raw_results/shuffle_dp/shuffledp_gplus/robust_strict_shuffle_decrease/ratio_2p5_res_n20000_alg2n_eps1_8_pair_1_itr20_1.csv,schema_11,shuffle_dp,Gplus,unknown,decrease,24,14,4.180487,0.025,,2807392924696.554,13463348103879.262,,5890869.348871726,6373740.0,dcf6bc2a0e910925125cdf504f3676ef613571bb7190afea06c1820c5c9590be
data/raw_results/shuffle_dp/shuffledp_gplus/robust_strict_shuffle_decrease/ratio_2p5_res_n20000_alg3n_eps1_8_pair_1_itr20_1.csv,schema_11,shuffle_dp,Gplus,unknown,decrease,24,14,4.180487,0.025,,711930750783.0872,3413864573239.5176,,4399758.221212936,6373740.0,f34f8f53c46cd1716f813315546ff243a19b9f5e982905e47fef3cebb8168ac5
data/raw_results/shuffle_dp/shuffledp_gplus/robust_strict_shuffle_decrease/ratio_2p5_res_n20000_alg4n_eps1_8_pair_1_itr20_1.csv,schema_11,shuffle_dp,Gplus,unknown,decrease,24,14,4.180487,0.025,,768627782956.9769,3685374743080.195,,4753361.854104241,6373740.0,0db0534cf2da54787aeb0808e20c5e6054737369cf398f16e676f3fe2b360813
data/raw_results/shuffle_dp/shuffledp_gplus/robust_strict_shuffle_decrease/ratio_5_res_n20000_alg2n_eps1_8_pair_1_itr20_1.csv,schema_11,shuffle_dp,Gplus,unknown,decrease,24,14,4.180487,0.05,,2871315968174.822,13769912250715.29,,5937079.406912205,6373740.0,ecb31449195a7c2dc95da9de79f0ad2914558e49c3261c7c8e195c28149415b7
data/raw_results/shuffle_dp/shuffledp_gplus/robust_strict_shuffle_decrease/ratio_5_res_n20000_alg3n_eps1_8_pair_1_itr20_1.csv,schema_11,shuffle_dp,Gplus,unknown,decrease,24,14,4.180487,0.05,,720176402957.0017,3453409331575.1655,,4379522.699556696,6373740.0,c7c0d7790b9249752dfb3416c1499d168a0d9c7cd4cc7a1629fb9c27eda56ca0
data/raw_results/shuffle_dp/shuffledp_gplus/robust_strict_shuffle_decrease/ratio_5_res_n20000_alg4n_eps1_8_pair_1_itr20_1.csv,schema_11,shuffle_dp,Gplus,unknown,decrease,24,14,4.180487,0.05,,770682565565.6741,3695229134058.375,,4727975.506380702,6373740.0,7c66a63ae90829942dfcfd5e91eae960988f5555e8f222bda256f2c1f66e6220
data/raw_results/shuffle_dp/shuffledp_gplus/robust_strict_shuffle_decrease/ratio_7p5_res_n20000_alg2n_eps1_8_pair_1_itr20_1.csv,schema_11,shuffle_dp,Gplus,unknown,decrease,24,14,4.180487,0.075,,3012449881218.319,14446766719603.225,,6080503.679501018,6373740.0,c95da3b8023e437117c170a55d528215a5bf6f1b5dce7742f6eab98bca7e2b67
data/raw_results/shuffle_dp/shuffledp_gplus/robust_strict_shuffle_decrease/ratio_7p5_res_n20000_alg3n_eps1_8_pair_1_itr20_1.csv,schema_11,shuffle_dp,Gplus,unknown,decrease,24,14,4.180487,0.075,,700269011652.6466,3357936837523.337,,4362535.959701339,6373740.0,8c50e5e8ef190e151d335b4b4f998b0af32560a42f3aeaf11d4604d7dff1f486
data/raw_results/shuffle_dp/shuffledp_gplus/robust_strict_shuffle_decrease/ratio_7p5_res_n20000_alg4n_eps1_8_pair_1_itr20_1.csv,schema_11,shuffle_dp,Gplus,unknown,decrease,24,14,4.180487,0.075,,762285174261.3207,3654956661075.814,,4758103.362405924,6373740.0,c556f5a059bc5212c702015922edf732415f805c6333fac940bf702de3dc43a9
data/raw_results/shuffle_dp/shuffledp_gplus/robust_strict_shuffle_increase/ratio_10_res_n20000_alg2n_eps1_8_pair_1_itr20_1.csv,schema_11,shuffle_dp,Gplus,unknown,increase,24,14,4.180487,0.1,,260048999881225.88,1247150755847226.8,,-16126729.622472523,6373740.0,f8958a3190caf4ff73476592c90f7ec1460541afbf138f2dcf57712d9a43b4ff
data/raw_results/shuffle_dp/shuffledp_gplus/robust_strict_shuffle_increase/ratio_10_res_n20000_alg3n_eps1_8_pair_1_itr20_1.csv,schema_11,shuffle_dp,Gplus,unknown,increase,24,14,4.180487,0.1,,15156921620349.848,72689607115305.45,,8625184.565485913,6373740.0,7b175c21a6ab44dd003d132c312283bf845c8f5b7abe1017c9ba903b44cf6be8
data/raw_results/shuffle_dp/shuffledp_gplus/robust_strict_shuffle_increase/ratio_10_res_n20000_alg4n_eps1_8_pair_1_itr20_1.csv,schema_11,shuffle_dp,Gplus,unknown,increase,24,14,4.180487,0.1,,27610162130785.195,132412851218562.5,,4517967.59502952,6373740.0,fcd5fa83bad83c76a981aff917d2e837c36e7ae38b6b88aa6cfdc3e9b7b25ab0
data/raw_results/shuffle_dp/shuffledp_gplus/robust_strict_shuffle_increase/ratio_12p5_res_n20000_alg2n_eps1_8_pair_1_itr20_1.csv,schema_11,shuffle_dp,Gplus,unknown,increase,24,14,4.180487,0.125,,545969652055142.9,2618378032708973.0,,-9972649.182381783,6373740.0,8a5fa52bc393e9c4e4ad83cde5f485d7198a6b1866b8abebce356d0a2140204c
data/raw_results/shuffle_dp/shuffledp_gplus/robust_strict_shuffle_increase/ratio_12p5_res_n20000_alg3n_eps1_8_pair_1_itr20_1.csv,schema_11,shuffle_dp,Gplus,unknown,increase,24,14,4.180487,0.125,,30315434663828.957,145387281815170.03,,9502003.156193826,6373740.0,2757559773d67eac5af143072eb46c6c20ea69f70c7faa22ba2201df45991f9d
data/raw_results/shuffle_dp/shuffledp_gplus/robust_strict_shuffle_increase/ratio_12p5_res_n20000_alg4n_eps1_8_pair_1_itr20_1.csv,schema_11,shuffle_dp,Gplus,unknown,increase,24,14,4.180487,0.125,,58568992565569.33,280886186141316.12,,1911500.3046539982,6373740.0,91c801824179658a992d8be59d46a448411d0fdec03d6bda64e7109b8f14177e
data/raw_results/shuffle_dp/shuffledp_gplus/robust_strict_shuffle_increase/ratio_15_res_n20000_alg2n_eps1_8_pair_1_itr20_1.csv,schema_11,shuffle_dp,Gplus,unknown,increase,24,14,4.180487,0.15,,1610300086837758.5,7722727483060517.0,,45307625.81134565,6373740.0,d8c7f542eb47eaedece921d3ae615a428ef314953c5218776f0ad88e3dd6402b
data/raw_results/shuffle_dp/shuffledp_gplus/robust_strict_shuffle_increase/ratio_15_res_n20000_alg3n_eps1_8_pair_1_itr20_1.csv,schema_11,shuffle_dp,Gplus,unknown,increase,24,14,4.180487,0.15,,79873217272526.55,383058057875061.75,,7294353.038983957,6373740.0,271460320dab43ff42a0fe4751b5d2bc14c46a797e0179c402c2f34b4a448477
data/raw_results/shuffle_dp/shuffledp_gplus/robust_strict_shuffle_increase/ratio_15_res_n20000_alg4n_eps1_8_pair_1_itr20_1.csv,schema_11,shuffle_dp,Gplus,unknown,increase,24,14,4.180487,0.15,,117618166478614.56,564076075818496.2,,810094.7775241286,6373740.0,c4a6ae42cbf7c1592093b091b3d2f67516773c9e9261f40aea656ca983a788f1
data/raw_results/shuffle_dp/shuffledp_gplus/robust_strict_shuffle_increase/ratio_17p5_res_n20000_alg2n_eps1_8_pair_1_itr20_1.csv,schema_11,shuffle_dp,Gplus,unknown,increase,24,14,4.180487,0.175,,3139233999881245.0,1.5055236940296292e+16,,76753604.57285304,6373740.0,4b72e1022ddf66e26a6d0d0f8de2fe2c76fb087c5a76d38d945f4fbbcac91ce6
data/raw_results/shuffle_dp/shuffledp_gplus/robust_strict_shuffle_increase/ratio_17p5_res_n20000_alg3n_eps1_8_pair_1_itr20_1.csv,schema_11,shuffle_dp,Gplus,unknown,increase,24,14,4.180487,0.175,,184741304229050.6,885987735090519.4,,21468507.574720524,6373740.0,f7a4506917566e5cbbaa7958ebcd222d26599915e6789d8f02cfb76317e17dda
data/raw_results/shuffle_dp/shuffledp_gplus/robust_strict_shuffle_increase/ratio_17p5_res_n20000_alg4n_eps1_8_pair_1_itr20_1.csv,schema_11,shuffle_dp,Gplus,unknown,increase,24,14,4.180487,0.175,,262188731696008.97,1257412149830887.2,,15263438.470240388,6373740.0,aaff934ac54306e61b19c4ef07bb31469948f8d9fe21ab7a9e5b0159123761ae
data/raw_results/shuffle_dp/shuffledp_gplus/robust_strict_shuffle_increase/ratio_20_res_n20000_alg2n_eps1_8_pair_1_itr20_1.csv,schema_11,shuffle_dp,Gplus,unknown,increase,24,14,4.180487,0.2,,6872960956402998.0,3.29615623778257e+16,,150130974.92036986,6373740.0,2f98b993b5d9b6a4e12fbc007ab56d69585b06d20ff856f22100c25b689b75b3
data/raw_results/shuffle_dp/shuffledp_gplus/robust_strict_shuffle_increase/ratio_20_res_n20000_alg3n_eps1_8_pair_1_itr20_1.csv,schema_11,shuffle_dp,Gplus,unknown,increase,24,14,4.180487,0.2,,303196173794269.06,1454077332641247.0,,23998161.055693347,6373740.0,e6acdce66c448b11be7fbfb44bbdc048955ff4d535b7cb559db4769a823edd15
data/raw_results/shuffle_dp/shuffledp_gplus/robust_strict_shuffle_increase/ratio_20_res_n20000_alg4n_eps1_8_pair_1_itr20_1.csv,schema_11,shuffle_dp,Gplus,unknown,increase,24,14,4.180487,0.2,,351645383869922.94,1686431182296496.2,,8396790.355551954,6373740.0,a97f0388207397fe3c8f27aef1734a0a847e50dd0e77403e42a2737439b7696e
data/raw_results/shuffle_dp/shuffledp_gplus/robust_strict_shuffle_increase/ratio_2p5_res_n20000_alg2n_eps1_8_pair_1_itr20_1.csv,schema_11,shuffle_dp,Gplus,unknown,increase,24,14,4.180487,0.025,,4075415968174.9424,19544572986079.22,,3981690.351045279,6373740.0,7b8f4ea0ff4c866ad4a8baf716d0157d11efec211f813d56a422cda491920ab3
data/raw_results/shuffle_dp/shuffledp_gplus/robust_strict_shuffle_increase/ratio_2p5_res_n20000_alg3n_eps1_8_pair_1_itr20_1.csv,schema_11,shuffle_dp,Gplus,unknown,increase,24,14,4.180487,0.025,,698879011652.6407,3351270631757.1978,,4474169.915697909,6373740.0,1f221523ea5fb370a3945500c9a3f2147bc11337e384d43b584149645e0788b1
data/raw_results/shuffle_dp/shuffledp_gplus/robust_strict_shuffle_increase/ratio_2p5_res_n20000_alg4n_eps1_8_pair_1_itr20_1.csv,schema_11,shuffle_dp,Gplus,unknown,increase,24,14,4.180487,0.025,,663680826435.21,3182066834368.3525,,4725811.829597394,6373740.0,4a9be52aea0251819b8e87e18127e77ad4fe291e05a3bda67cf2a3bfef66ca0c
data/raw_results/shuffle_dp/shuffledp_gplus/robust_strict_shuffle_increase/ratio_5_res_n20000_alg2n_eps1_8_pair_1_itr20_1.csv,schema_11,shuffle_dp,Gplus,unknown,increase,24,14,4.180487,0.05,,14665386837741.025,70332289110105.93,,2333006.3693004786,6373740.0,630135766d998210bf97ca29ebf4bed1e05f95bc7ff11fc0a738db0bf74b08eb
data/raw_results/shuffle_dp/shuffledp_gplus/robust_strict_shuffle_increase/ratio_5_res_n20000_alg3n_eps1_8_pair_1_itr20_1.csv,schema_11,shuffle_dp,Gplus,unknown,increase,24,14,4.180487,0.05,,742621185565.6982,3561050726786.3716,,5672724.5999465175,6373740.0,3aacd11fbba787c34c5b2d2185f315142d49b5e92e3861397cf268df252a7c43
data/raw_results/shuffle_dp/shuffledp_gplus/robust_strict_shuffle_increase/ratio_5_res_n20000_alg4n_eps1_8_pair_1_itr20_1.csv,schema_11,shuffle_dp,Gplus,unknown,increase,24,14,4.180487,0.05,,1623548652522.4343,7785431153828.085,,6147479.398328262,6373740.0,20d2b7b5b9f5f1b1bd839f2d998b07c19172e9edd5772909144b54b599db1c21
data/raw_results/shuffle_dp/shuffledp_gplus/robust_strict_shuffle_increase/ratio_7p5_res_n20000_alg2n_eps1_8_pair_1_itr20_1.csv,schema_11,shuffle_dp,Gplus,unknown,increase,24,14,4.180487,0.075,,121898869446440.39,584606005358411.6,,-7201355.904391478,6373740.0,441c38ff6c6747b5bb2ac91ca4f1726df6b9649cf079469e67379ec17b500952
data/raw_results/shuffle_dp/shuffledp_gplus/robust_strict_shuffle_increase/ratio_7p5_res_n20000_alg3n_eps1_8_pair_1_itr20_1.csv,schema_11,shuffle_dp,Gplus,unknown,increase,24,14,4.180487,0.075,,4000576837740.148,19185657125245.613,,6274224.268092397,6373740.0,69be79c6175c8fbff175587a0c7a97586ff9eeae792f636248e2c77d0bd97eb1
data/raw_results/shuffle_dp/shuffledp_gplus/robust_strict_shuffle_increase/ratio_7p5_res_n20000_alg4n_eps1_8_pair_1_itr20_1.csv,schema_11,shuffle_dp,Gplus,unknown,increase,24,14,4.180487,0.075,,8067523000349.379,38689646433917.79,,3946458.653029172,6373740.0,e9f88d7b0683c34c08c7c5eff4efbac9fb991db9c51e4b85b75d57a99f964c93
data/raw_results/shuffle_dp/shuffledp_imdb/robust_strict_rr_decrease/ratio_10_res_n20000_alg2n_eps1_8_pair_1_itr20_1.csv,schema_11,shuffle_dp,IMDB,post_rr,decrease,24,14,4.180487,0.1,,3254804031121.6577,15609223054166.705,,1094325.6284993943,36846.0,36a327b7225aa5e7a66adb64f18cfc0b3e063a0dbbe61b2dd15f73bab4020361
data/raw_results/shuffle_dp/shuffledp_imdb/robust_strict_rr_decrease/ratio_10_res_n20000_alg3n_eps1_8_pair_1_itr20_1.csv,schema_11,shuffle_dp,IMDB,post_rr,decrease,24,14,4.180487,0.1,,110116509248.41353,527831566814.9689,,-80524.5486675187,36846.0,ba2438e54615b35bb6799301efdc1919e2b505f598943298053c803262f81a30
data/raw_results/shuffle_dp/shuffledp_imdb/robust_strict_rr_decrease/ratio_10_res_n20000_alg4n_eps1_8_pair_1_itr20_1.csv,schema_11,shuffle_dp,IMDB,post_rr,decrease,24,14,4.180487,0.1,,335801550135.50604,1610186817794.8767,,1356286.942358153,36846.0,99b7b1e6465ce26b13ca5439a578e6f9904b3065c85dc838e15203964edfb294
data/raw_results/shuffle_dp/shuffledp_imdb/robust_strict_rr_decrease/ratio_12p5_res_n20000_alg2n_eps1_8_pair_1_itr20_1.csv,schema_11,shuffle_dp,IMDB,post_rr,decrease,24,14,4.180487,0.125,,3260040118080.189,15634334445047.768,,1200161.120255916,36846.0,e6002dda5cbe623a08606a162d17da34678436dcd0210c3a1ba64e628af0c170
data/raw_results/shuffle_dp/shuffledp_imdb/robust_strict_rr_decrease/ratio_12p5_res_n20000_alg3n_eps1_8_pair_1_itr20_1.csv,schema_11,shuffle_dp,IMDB,post_rr,decrease,24,14,4.180487,0.125,,107529726639.7672,515425794739.4625,,-101301.6919681274,36846.0,8319aded53b57595126d36db8a72eb0c028e01360741f83d3b876314274bb265
data/raw_results/shuffle_dp/shuffledp_imdb/robust_strict_rr_decrease/ratio_12p5_res_n20000_alg4n_eps1_8_pair_1_itr20_1.csv,schema_11,shuffle_dp,IMDB,post_rr,decrease,24,14,4.180487,0.125,,345072289267.9741,1654647720242.168,,1464833.4730066315,36846.0,3fb4e9a87d79204470026dbec0dfb2726593218154ebdba8ee3f1d8b21cb4a67
data/raw_results/shuffle_dp/shuffledp_imdb/robust_strict_rr_decrease/ratio_15_res_n20000_alg2n_eps1_8_pair_1_itr20_1.csv,schema_11,shuffle_dp,IMDB,post_rr,decrease,24,14,4.180487,0.15,,3514148378954.1323,16852994852706.773,,1250121.2522472204,36846.0,7557bd83e088eb0fe4184050da2de0d341f487b327d06bdf45607b5d6d2187db
data/raw_results/shuffle_dp/shuffledp_imdb/robust_strict_rr_decrease/ratio_15_res_n20000_alg3n_eps1_8_pair_1_itr20_1.csv,schema_11,shuffle_dp,IMDB,post_rr,decrease,24,14,4.180487,0.15,,108708683161.43729,521079870897.05084,,-49782.30353899696,36846.0,aeabe95503e33647168ba62fa44279cc7dfdc40a0bf538b459a05463d3a84d13
data/raw_results/shuffle_dp/shuffledp_imdb/robust_strict_rr_decrease/ratio_15_res_n20000_alg4n_eps1_8_pair_1_itr20_1.csv,schema_11,shuffle_dp,IMDB,post_rr,decrease,24,14,4.180487,0.15,,352409593615.6002,1689836195338.6975,,1445697.8415304574,36846.0,074f329dd1f1c55f437b0515b702ef646bfd0a30e6df237cf0fab0b5897efcf5
data/raw_results/shuffle_dp/shuffledp_imdb/robust_strict_rr_decrease/ratio_17p5_res_n20000_alg2n_eps1_8_pair_1_itr20_1.csv,schema_11,shuffle_dp,IMDB,post_rr,decrease,24,14,4.180487,0.175,,3673681857215.877,17618090536688.84,,1302860.191634177,36846.0,ee7c0affe1ba050ab4caf64d77c717fdf6a50abf831868b619bd1131939ecd97
data/raw_results/shuffle_dp/shuffledp_imdb/robust_strict_rr_decrease/ratio_17p5_res_n20000_alg3n_eps1_8_pair_1_itr20_1.csv,schema_11,shuffle_dp,IMDB,post_rr,decrease,24,14,4.180487,0.175,,101926857073.26778,488555379775.5864,,-83756.27031999695,36846.0,a28fa0570b468b9d04aeb53e10759b1059aeb1a07d602c11d6aa9b6b66ac14fc
data/raw_results/shuffle_dp/shuffledp_imdb/robust_strict_rr_decrease/ratio_17p5_res_n20000_alg4n_eps1_8_pair_1_itr20_1.csv,schema_11,shuffle_dp,IMDB,post_rr,decrease,24,14,4.180487,0.175,,372387811010.0793,1785648359096.4019,,1579220.460323327,36846.0,bd992377b52845e3a459db1ff6e913acc0e7a15b213345a24c39cd8f2a9edb1e
data/raw_results/shuffle_dp/shuffledp_imdb/robust_strict_rr_decrease/ratio_20_res_n20000_alg2n_eps1_8_pair_1_itr20_1.csv,schema_11,shuffle_dp,IMDB,post_rr,decrease,24,14,4.180487,0.2,,3410921422422.214,16357935760625.604,,1267915.856312438,36846.0,92f519b82fbe8282cc2ea0023f3958e3c7361629a7ed0a7e19eb721d17c9353b
data/raw_results/shuffle_dp/shuffledp_imdb/robust_strict_rr_decrease/ratio_20_res_n20000_alg3n_eps1_8_pair_1_itr20_1.csv,schema_11,shuffle_dp,IMDB,post_rr,decrease,24,14,4.180487,0.2,,106320987508.60036,509628886241.9391,,-113287.38845664913,36846.0,86392fe8de11da269f3bb8eb7569192152468fb466f2e1073ac8867d63363665
data/raw_results/shuffle_dp/shuffledp_imdb/robust_strict_rr_decrease/ratio_20_res_n20000_alg4n_eps1_8_pair_1_itr20_1.csv,schema_11,shuffle_dp,IMDB,post_rr,decrease,24,14,4.180487,0.2,,388730941444.22504,1864027258493.7554,,1602441.0195807617,36846.0,cf7c6ee6d2cd4ea5ab78bc8e96c3bf4ba21b007afce7efe990a13a2e04cf2d91
data/raw_results/shuffle_dp/shuffledp_imdb/robust_strict_rr_decrease/ratio_2p5_res_n20000_alg2n_eps1_8_pair_1_itr20_1.csv,schema_11,shuffle_dp,IMDB,post_rr,decrease,24,14,4.180487,0.025,,3111367944165.554,14921327746857.268,,1348183.25810809,36846.0,a3b8348c09d5c72a5fa5d930d6f4335869b4e299814c283df9726cdf58b553ba
data/raw_results/shuffle_dp/shuffledp_imdb/robust_strict_rr_decrease/ratio_2p5_res_n20000_alg3n_eps1_8_pair_1_itr20_1.csv,schema_11,shuffle_dp,IMDB,post_rr,decrease,24,14,4.180487,0.025,,121041944033.20605,580228105710.8687,,-12048.556665518701,36846.0,2c3430b3c1e125cb665645028b449d3f5949c0f306e69c5f5e756593144f5228
data/raw_results/shuffle_dp/shuffledp_imdb/robust_strict_rr_decrease/ratio_2p5_res_n20000_alg4n_eps1_8_pair_1_itr20_1.csv,schema_11,shuffle_dp,IMDB,post_rr,decrease,24,14,4.180487,0.025,,371628811005.8288,1782008323006.6711,,1314519.053278153,36846.0,90b17aa5da506abd528a6668483f95a18f6484c91301e21e210a0f6acf6c5400
data/raw_results/shuffle_dp/shuffledp_imdb/robust_strict_rr_decrease/ratio_5_res_n20000_alg2n_eps1_8_pair_1_itr20_1.csv,schema_11,shuffle_dp,IMDB,post_rr,decrease,24,14,4.180487,0.05,,3177061422426.991,15236382600730.996,,1274488.4169167858,36846.0,68091514b953921a4fc4750fe50e7e2339f64370d5530965d88d36fecf43b2c4
data/raw_results/shuffle_dp/shuffledp_imdb/robust_strict_rr_decrease/ratio_5_res_n20000_alg3n_eps1_8_pair_1_itr20_1.csv,schema_11,shuffle_dp,IMDB,post_rr,decrease,24,14,4.180487,0.05,,123290726642.56929,591012887197.812,,-51927.105895083914,36846.0,42d64f605d32cfdb420ab745258b06275a150b8337b0a72b58adbb075dde06d0
data/raw_results/shuffle_dp/shuffledp_imdb/robust_strict_rr_decrease/ratio_5_res_n20000_alg4n_eps1_8_pair_1_itr20_1.csv,schema_11,shuffle_dp,IMDB,post_rr,decrease,24,14,4.180487,0.05,,364553028396.6958,1748074062058.2903,,1309390.8064257181,36846.0,fd332eaf57572ec17f615a3d44500640f6fd1d3b3289da42134f27dea5012c75
data/raw_results/shuffle_dp/shuffledp_imdb/robust_strict_rr_decrease/ratio_7p5_res_n20000_alg2n_eps1_8_pair_1_itr20_1.csv,schema_11,shuffle_dp,IMDB,post_rr,decrease,24,14,4.180487,0.075,,3257272291995.1626,15621060417450.266,,1323257.5646037422,36846.0,91e42f5425d95826d1576403eb399a38f6e9c261cc624f2902133d210378039a
data/raw_results/shuffle_dp/shuffledp_imdb/robust_strict_rr_decrease/ratio_7p5_res_n20000_alg3n_eps1_8_pair_1_itr20_1.csv,schema_11,shuffle_dp,IMDB,post_rr,decrease,24,14,4.180487,0.075,,118379596206.44788,567459935359.0299,,-89123.08409008391,36846.0,18a946034c0c91abcf3dd6c26f528ecc4d48b36551a1b9428d47a5537024ea54
data/raw_results/shuffle_dp/shuffledp_imdb/robust_strict_rr_decrease/ratio_7p5_res_n20000_alg4n_eps1_8_pair_1_itr20_1.csv,schema_11,shuffle_dp,IMDB,post_rr,decrease,24,14,4.180487,0.075,,352962245787.90674,1692486622027.3384,,1335757.4613831094,36846.0,d6d1be9dbd8469f03c4dd8d4aae2165eea69bf863bdeb8e233ccb6c822d45122
data/raw_results/shuffle_dp/shuffledp_imdb/robust_strict_rr_increase/ratio_10_res_n20000_alg2n_eps1_8_pair_1_itr20_1.csv,schema_11,shuffle_dp,IMDB,post_rr,increase,24,14,4.180487,0.1,,3693932292003.9736,17715208210168.605,,1794489.193196612,36846.0,90bec9da3595bff4a262f3f33c0b91378520dd97b25b85d6daf86dbd86418ea4
data/raw_results/shuffle_dp/shuffledp_imdb/robust_strict_rr_increase/ratio_10_res_n20000_alg3n_eps1_8_pair_1_itr20_1.csv,schema_11,shuffle_dp,IMDB,post_rr,increase,24,14,4.180487,0.1,,125915204905.2089,603599441610.0231,,-5223.891740301304,36846.0,014266746593d0dbf737cc1b04a76c17f78afa9d2e1b2743dc1bfbe9ee68f1fa
data/raw_results/shuffle_dp/shuffledp_imdb/robust_strict_rr_increase/ratio_10_res_n20000_alg4n_eps1_8_pair_1_itr20_1.csv,schema_11,shuffle_dp,IMDB,post_rr,increase,24,14,4.180487,0.1,,474767680576.9449,2276644961157.5215,,1255090.6365987181,36846.0,29a019acedfd9a19698587b76ea6538c942fc77e4551a8ada5d8a7f9732ef675
data/raw_results/shuffle_dp/shuffledp_imdb/robust_strict_rr_increase/ratio_12p5_res_n20000_alg2n_eps1_8_pair_1_itr20_1.csv,schema_11,shuffle_dp,IMDB,post_rr,increase,24,14,4.180487,0.125,,3739211857219.382,17932361376377.965,,1103683.0929733075,36846.0,8c7e53edf7dd5e8bc5d7637323c318a88891380e53c85c486b081fa6fdf205b3
data/raw_results/shuffle_dp/shuffledp_imdb/robust_strict_rr_increase/ratio_12p5_res_n20000_alg3n_eps1_8_pair_1_itr20_1.csv,schema_11,shuffle_dp,IMDB,post_rr,increase,24,14,4.180487,0.125,,114246944032.38243,547640433890.9914,,69993.43109139435,36846.0,c5391cdb5da2da67910d0997f5d3599736a21723f20e84a7645191b1ca5b920a
data/raw_results/shuffle_dp/shuffledp_imdb/robust_strict_rr_increase/ratio_12p5_res_n20000_alg4n_eps1_8_pair_1_itr20_1.csv,schema_11,shuffle_dp,IMDB,post_rr,increase,24,14,4.180487,0.125,,512023332755.5372,2455316791280.765,,1205149.1591308052,36846.0,fe89b418ada9d93cac9721ab53bba87f6e59ddefe4eed3a2e65cd053094a15dc
data/raw_results/shuffle_dp/shuffledp_imdb/robust_strict_rr_increase/ratio_15_res_n20000_alg2n_eps1_8_pair_1_itr20_1.csv,schema_11,shuffle_dp,IMDB,post_rr,increase,24,14,4.180487,0.15,,3655898813736.743,17532806056204.646,,903607.5980179595,36846.0,a86a3580b980f8bf1b96672c7545689d157a85dd3661bf4a22f92f2b445b15b2
data/raw_results/shuffle_dp/shuffledp_imdb/robust_strict_rr_increase/ratio_15_res_n20000_alg3n_eps1_8_pair_1_itr20_1.csv,schema_11,shuffle_dp,IMDB,post_rr,increase,24,14,4.180487,0.15,,113019944033.4994,541755949265.4906,,-68158.20979304044,36846.0,e0d59ad30665c98cf64f52e70a5c950be4ae7dc7c0f6e81231e26127109410f0
data/raw_results/shuffle_dp/shuffledp_imdb/robust_strict_rr_increase/ratio_15_res_n20000_alg4n_eps1_8_pair_1_itr20_1.csv,schema_11,shuffle_dp,IMDB,post_rr,increase,24,14,4.180487,0.15,,556514637112.4607,2668689590171.7764,,1273103.7294851965,36846.0,733005cd0a8ee1c9dd990663f34c1133f96ea39c1245bbd276ddcf35c9f7fa54
data/raw_results/shuffle_dp/shuffledp_imdb/robust_strict_rr_increase/ratio_17p5_res_n20000_alg2n_eps1_8_pair_1_itr20_1.csv,schema_11,shuffle_dp,IMDB,post_rr,increase,24,14,4.180487,0.175,,4056815335494.9624,19455534149188.08,,1073549.1622412638,36846.0,3142b58dfb7742fa7246a18f9640c1d4b7f101bc052b16e95d79eefe180e3a7f
data/raw_results/shuffle_dp/shuffledp_imdb/robust_strict_rr_increase/ratio_17p5_res_n20000_alg3n_eps1_8_pair_1_itr20_1.csv,schema_11,shuffle_dp,IMDB,post_rr,increase,24,14,4.180487,0.175,,126450509252.43712,606166670844.7161,,70289.4599024813,36846.0,1dce5349365d3c63c4601e77cdf077c645aef6c1f4fd1725e2740be37ffcaf0e
data/raw_results/shuffle_dp/shuffledp_imdb/robust_strict_rr_increase/ratio_17p5_res_n20000_alg4n_eps1_8_pair_1_itr20_1.csv,schema_11,shuffle_dp,IMDB,post_rr,increase,24,14,4.180487,0.175,,596572897986.516,2860802259636.4253,,1116465.7018199791,36846.0,2a858706450fb29acbcc5630b5f23276ca052e4639bf6eab26f6dbddd000d42c
data/raw_results/shuffle_dp/shuffledp_imdb/robust_strict_rr_increase/ratio_20_res_n20000_alg2n_eps1_8_pair_1_itr20_1.csv,schema_11,shuffle_dp,IMDB,post_rr,increase,24,14,4.180487,0.2,,4553053596378.9,21835409243552.406,,834160.8754223073,36846.0,14bb4c72994a0c5f64b0c8aaaffd8eb87e39800c61205612e8d6fe6b09ce4375
data/raw_results/shuffle_dp/shuffledp_imdb/robust_strict_rr_increase/ratio_20_res_n20000_alg3n_eps1_8_pair_1_itr20_1.csv,schema_11,shuffle_dp,IMDB,post_rr,increase,24,14,4.180487,0.2,,142258552732.23337,681979378033.6321,,32324.883628568263,36846.0,eb89b691e5ad9e98b2fd753f96b87ffdc5c5853590ec0f10625c2a2efb259c26
data/raw_results/shuffle_dp/shuffledp_imdb/robust_strict_rr_increase/ratio_20_res_n20000_alg4n_eps1_8_pair_1_itr20_1.csv,schema_11,shuffle_dp,IMDB,post_rr,increase,24,14,4.180487,0.2,,734974637123.1293,3524553680993.122,,1191436.0131444575,36846.0,8630ef499752f0129e0326f20a0b01af519e224f7a0d3d0b9b3968cd78eb8b2f
data/raw_results/shuffle_dp/shuffledp_imdb/robust_strict_rr_increase/ratio_2p5_res_n20000_alg2n_eps1_8_pair_1_itr20_1.csv,schema_11,shuffle_dp,IMDB,post_rr,increase,24,14,4.180487,0.025,,3080978378948.095,14775584512029.74,,1428177.5155950466,36846.0,9451f12ad7528b87223705b3bc0376b094bb82174ae872c16c05a0f597b7b5d9
data/raw_results/shuffle_dp/shuffledp_imdb/robust_strict_rr_increase/ratio_2p5_res_n20000_alg3n_eps1_8_pair_1_itr20_1.csv,schema_11,shuffle_dp,IMDB,post_rr,increase,24,14,4.180487,0.025,,118543378815.16862,568245409076.4752,,20093.645810568258,36846.0,594bd7a5e7ed575c6e3ef6e3afc27f2ae3754c728f26d3a9098a6510c4eb6561
data/raw_results/shuffle_dp/shuffledp_imdb/robust_strict_rr_increase/ratio_2p5_res_n20000_alg4n_eps1_8_pair_1_itr20_1.csv,schema_11,shuffle_dp,IMDB,post_rr,increase,24,14,4.180487,0.025,,358933550134.15204,1721123991348.8772,,1309953.644310414,36846.0,55177e45cebf3e5276d8a146a62d8c5b41a00c81455eb3cfb47caf8263b051f2
data/raw_results/shuffle_dp/shuffledp_imdb/robust_strict_rr_increase/ratio_5_res_n20000_alg2n_eps1_8_pair_1_itr20_1.csv,schema_11,shuffle_dp,IMDB,post_rr,increase,24,14,4.180487,0.05,,3291160552869.8687,15783582807175.92,,1456385.4738298291,36846.0,3a38363849ee99c107af48ec56c8d7d532992412c6f64a4ccb53b0f80d1ce520
data/raw_results/shuffle_dp/shuffledp_imdb/robust_strict_rr_increase/ratio_5_res_n20000_alg3n_eps1_8_pair_1_itr20_1.csv,schema_11,shuffle_dp,IMDB,post_rr,increase,24,14,4.180487,0.05,,122888552729.80533,589084129050.3525,,-24288.06191899696,36846.0,70cbf27407a5c37a0c32db770971f80f224d9980fdaec2b1f5cbdb0c4d47c63d
data/raw_results/shuffle_dp/shuffledp_imdb/robust_strict_rr_increase/ratio_5_res_n20000_alg4n_eps1_8_pair_1_itr20_1.csv,schema_11,shuffle_dp,IMDB,post_rr,increase,24,14,4.180487,0.05,,338764724045.45935,1624397700487.9978,,1159799.806271588,36846.0,58c9c9e6be92f5d6118feaccce45ce7bec9096e9ec2cfbe9c5bbd694f667c2ae
data/raw_results/shuffle_dp/shuffledp_imdb/robust_strict_rr_increase/ratio_7p5_res_n20000_alg2n_eps1_8_pair_1_itr20_1.csv,schema_11,shuffle_dp,IMDB,post_rr,increase,24,14,4.180487,0.075,,3288814031122.8877,15772329284252.46,,1221820.568260264,36846.0,949b748b49aa00b942c05ba0c6dfcdb4dc8840bf44dbe05d82b1acf6d2e0ccbf
data/raw_results/shuffle_dp/shuffledp_imdb/robust_strict_rr_increase/ratio_7p5_res_n20000_alg3n_eps1_8_pair_1_itr20_1.csv,schema_11,shuffle_dp,IMDB,post_rr,increase,24,14,4.180487,0.075,,117441900555.2872,562962905454.9042,,17937.362495481306,36846.0,a742ecbc1453fcceea735131d3e5f36fdb6932b516cbc46a04024ad0a8270b50
data/raw_results/shuffle_dp/shuffledp_imdb/robust_strict_rr_increase/ratio_7p5_res_n20000_alg4n_eps1_8_pair_1_itr20_1.csv,schema_11,shuffle_dp,IMDB,post_rr,increase,24,14,4.180487,0.075,,377493289264.3044,1810133372447.5886,,1165123.096654153,36846.0,8d55cf56ef3325b4191148b4455e4332524640fd965a50a763fd9165adbf4434
data/raw_results/shuffle_dp/shuffledp_imdb/robust_strict_shuffle_decrease/ratio_10_res_n20000_alg2n_eps1_8_pair_1_itr20_1.csv,schema_11,shuffle_dp,IMDB,unknown,decrease,24,14,4.180487,0.1,,3400549248518.2446,16308192562012.316,,1782274.1013124378,36846.0,2751cbf288974a3b4953bf356a40a47297c0c3e19a4a717105a675e6a67f2801
data/raw_results/shuffle_dp/shuffledp_imdb/robust_strict_shuffle_decrease/ratio_10_res_n20000_alg3n_eps1_8_pair_1_itr20_1.csv,schema_11,shuffle_dp,IMDB,unknown,decrease,24,14,4.180487,0.1,,113838857075.76602,545683317816.5699,,11329.85381500304,36846.0,75fdd902da3f504904a09b02b389df9af380df06249f5d2b92b2687ad55d91d0
data/raw_results/shuffle_dp/shuffledp_imdb/robust_strict_shuffle_decrease/ratio_10_res_n20000_alg4n_eps1_8_pair_1_itr20_1.csv,schema_11,shuffle_dp,IMDB,unknown,decrease,24,14,4.180487,0.1,,406704550137.8784,1950225656927.8704,,1378055.7340207617,36846.0,ab71aed4fc5b176fb47cbd1519d6014b6bfdfa617caf6d61a33d223b4572dbdf
data/raw_results/shuffle_dp/shuffledp_imdb/robust_strict_shuffle_decrease/ratio_12p5_res_n20000_alg2n_eps1_8_pair_1_itr20_1.csv,schema_11,shuffle_dp,IMDB,unknown,decrease,24,14,4.180487,0.125,,3191033596332.1436,15303390792824.625,,1660043.7375329598,36846.0,72aa25602d31753eed84318df3e87217cb08081745354f5ab28bca2f9239f67b
data/raw_results/shuffle_dp/shuffledp_imdb/robust_strict_shuffle_decrease/ratio_12p5_res_n20000_alg3n_eps1_8_pair_1_itr20_1.csv,schema_11,shuffle_dp,IMDB,unknown,decrease,24,14,4.180487,0.125,,103768248378.15306,497386381041.5794,,6160.026103872614,36846.0,7762b72990ccf30742e8db23f7604ad5d56db230a1a2d362b9ca873680a5cfab
data/raw_results/shuffle_dp/shuffledp_imdb/robust_strict_shuffle_decrease/ratio_12p5_res_n20000_alg4n_eps1_8_pair_1_itr20_1.csv,schema_11,shuffle_dp,IMDB,unknown,decrease,24,14,4.180487,0.125,,406744811001.71576,1950418741274.9592,,1380904.7091925878,36846.0,93115952f2661edd6bdfd22fd6742ac99dce3b9bf68f28ac4941954ab6b6018e
data/raw_results/shuffle_dp/shuffledp_imdb/robust_strict_shuffle_decrease/ratio_15_res_n20000_alg2n_eps1_8_pair_1_itr20_1.csv,schema_11,shuffle_dp,IMDB,unknown,decrease,24,14,4.180487,0.15,,3287893596335.6113,15767915034108.477,,871072.6611133509,36846.0,3e2abfb9d1a13d9caeee7bf463dcfb3b82fd3fc99e220491947946ce29697391
data/raw_results/shuffle_dp/shuffledp_imdb/robust_strict_shuffle_decrease/ratio_15_res_n20000_alg3n_eps1_8_pair_1_itr20_1.csv,schema_11,shuffle_dp,IMDB,unknown,decrease,24,14,4.180487,0.15,,109190465769.67845,523390418840.0285,,34017.90892639435,36846.0,c98e896d691b1b8443ce0e4b9a151d07a1820b181113553dcae51c3382428eb4
data/raw_results/shuffle_dp/shuffledp_imdb/robust_strict_shuffle_decrease/ratio_15_res_n20000_alg4n_eps1_8_pair_1_itr20_1.csv,schema_11,shuffle_dp,IMDB,unknown,decrease,24,14,4.180487,0.15,,567504637095.2211,2721395778391.291,,1390344.424305501,36846.0,05b7d04e9d9203e115c1d43281e689a7b7c9069519251990f317f09a39188434
data/raw_results/shuffle_dp/shuffledp_imdb/robust_strict_shuffle_decrease/ratio_17p5_res_n20000_alg2n_eps1_8_pair_1_itr20_1.csv,schema_11,shuffle_dp,IMDB,unknown,decrease,24,14,4.180487,0.175,,3152687509377.8096,15119489420228.57,,396143.99048317695,36846.0,39a9907ce482fd8f9b8edbced4c3d7aff14ac58594580af1d3dde54a7b496e02
data/raw_results/shuffle_dp/shuffledp_imdb/robust_strict_shuffle_decrease/ratio_17p5_res_n20000_alg3n_eps1_8_pair_1_itr20_1.csv,schema_11,shuffle_dp,IMDB,unknown,decrease,24,14,4.180487,0.175,,130609378813.35498,626111906875.4125,,48842.773824481315,36846.0,a526e6bb1594774580e72b6865fc5a9dc0fd4168823ddf86cb81220071bab41c
data/raw_results/shuffle_dp/shuffledp_imdb/robust_strict_shuffle_decrease/ratio_17p5_res_n20000_alg4n_eps1_8_pair_1_itr20_1.csv,schema_11,shuffle_dp,IMDB,unknown,decrease,24,14,4.180487,0.175,,675176811013.472,3237773382405.363,,1101133.9385646314,36846.0,86e6bb3805b9d768632b6d93ef808df2d4cfd72f7d06d21ec9591b245150a2b3
data/raw_results/shuffle_dp/shuffledp_imdb/robust_strict_shuffle_decrease/ratio_20_res_n20000_alg2n_eps1_8_pair_1_itr20_1.csv,schema_11,shuffle_dp,IMDB,unknown,decrease,24,14,4.180487,0.2,,3626547944175.8247,17392044230721.418,,-521217.4011618665,36846.0,7027df08cfd4d828876b911c15e1494f039f9fc7cd4a1dadd3de202094b64979
data/raw_results/shuffle_dp/shuffledp_imdb/robust_strict_shuffle_decrease/ratio_20_res_n20000_alg3n_eps1_8_pair_1_itr20_1.csv,schema_11,shuffle_dp,IMDB,unknown,decrease,24,14,4.180487,0.2,,164180726642.67325,787114424289.2921,,92712.36278013347,36846.0,f80c15fa7f6910851210c6435ad54fc828b2d46f47ddd81c6b79d89f1a69bc5c
data/raw_results/shuffle_dp/shuffledp_imdb/robust_strict_shuffle_decrease/ratio_20_res_n20000_alg4n_eps1_8_pair_1_itr20_1.csv,schema_11,shuffle_dp,IMDB,unknown,decrease,24,14,4.180487,0.2,,893166376242.1797,4283214608683.8237,,911257.6187153269,36846.0,06163e68511200de5d61e45ff4f664c5ea5a490dc9e7c1ef795f6a499a25c3b7
data/raw_results/shuffle_dp/shuffledp_imdb/robust_strict_shuffle_decrease/ratio_2p5_res_n20000_alg2n_eps1_8_pair_1_itr20_1.csv,schema_11,shuffle_dp,IMDB,unknown,decrease,24,14,4.180487,0.025,,3107760987644.6655,14904029391069.47,,1416131.9962776552,36846.0,ee8afdc86bceaff7774b29bdba22bdf6029bd8d64a8bd66a6425121b0d6df322
data/raw_results/shuffle_dp/shuffledp_imdb/robust_strict_shuffle_decrease/ratio_2p5_res_n20000_alg3n_eps1_8_pair_1_itr20_1.csv,schema_11,shuffle_dp,IMDB,unknown,decrease,24,14,4.180487,0.025,,119711639685.17392,573848190815.6736,,-8531.85827247522,36846.0,1b76467475c9eb9e2beda30b7d32c524188cfa315ee682ba0a2c89689e73f086
data/raw_results/shuffle_dp/shuffledp_imdb/robust_strict_shuffle_decrease/ratio_2p5_res_n20000_alg4n_eps1_8_pair_1_itr20_1.csv,schema_11,shuffle_dp,IMDB,unknown,decrease,24,14,4.180487,0.025,,376064202310.51874,1803279712236.5774,,1335794.5356011966,36846.0,b2fe9d71416afde6715149c96b7792628ba443a51181a61727e0d81f587214a7
data/raw_results/shuffle_dp/shuffledp_imdb/robust_strict_shuffle_decrease/ratio_5_res_n20000_alg2n_eps1_8_pair_1_itr20_1.csv,schema_11,shuffle_dp,IMDB,unknown,decrease,24,14,4.180487,0.05,,3147186639818.627,15093108176564.564,,1469508.5639211335,36846.0,4bb58bc2229ca31924e1338bc8c131a06adb8156904f2c945a3b51198c81f4d6
data/raw_results/shuffle_dp/shuffledp_imdb/robust_strict_shuffle_decrease/ratio_5_res_n20000_alg3n_eps1_8_pair_1_itr20_1.csv,schema_11,shuffle_dp,IMDB,unknown,decrease,24,14,4.180487,0.05,,121307813598.5478,581503171228.2205,,-8658.830012909995,36846.0,6d1828b9c69cb0eb2cfe2870a6129fff11d6c24093f0280e4f632e3dcac68b62
data/raw_results/shuffle_dp/shuffledp_imdb/robust_strict_shuffle_decrease/ratio_5_res_n20000_alg4n_eps1_8_pair_1_itr20_1.csv,schema_11,shuffle_dp,IMDB,unknown,decrease,24,14,4.180487,0.05,,381744593615.1022,1830521911662.289,,1358138.6734690226,36846.0,becca37ced58d115c6ad01f3a3817caabe9ec75535575b3d1d4aaa9cfeee94dc
data/raw_results/shuffle_dp/shuffledp_imdb/robust_strict_shuffle_decrease/ratio_7p5_res_n20000_alg2n_eps1_8_pair_1_itr20_1.csv,schema_11,shuffle_dp,IMDB,unknown,decrease,24,14,4.180487,0.075,,3297263596342.899,15812851975474.387,,1603811.5166211335,36846.0,909963c8bb66f03e3910eba51cc666698e35c3f57ed96253a0b21c3c81f32461
data/raw_results/shuffle_dp/shuffledp_imdb/robust_strict_shuffle_decrease/ratio_7p5_res_n20000_alg3n_eps1_8_pair_1_itr20_1.csv,schema_11,shuffle_dp,IMDB,unknown,decrease,24,14,4.180487,0.075,,119002944032.7671,570449406208.8702,,-17823.94679564913,36846.0,d1050a844d54a7b272480bd5ab303a47c2efdde26fbbee1df7cbb249d1b12488
data/raw_results/shuffle_dp/shuffledp_imdb/robust_strict_shuffle_decrease/ratio_7p5_res_n20000_alg4n_eps1_8_pair_1_itr20_1.csv,schema_11,shuffle_dp,IMDB,unknown,decrease,24,14,4.180487,0.075,,410068506659.1899,1966358625527.2825,,1325983.1343777182,36846.0,825ec8c66456ac26aa94a969e524c9138342632c6b6cc33f917af2b2c0551a46
data/raw_results/shuffle_dp/shuffledp_imdb/robust_strict_shuffle_increase/ratio_10_res_n20000_alg2n_eps1_8_pair_1_itr20_1.csv,schema_11,shuffle_dp,IMDB,unknown,increase,24,14,4.180487,0.1,,220721401423619.1,1058542386088598.9,,-21876512.66295791,36846.0,3a59b0c9e73f49a2f33727917e9a157a483e414b90446a43d746e76db29d2584
data/raw_results/shuffle_dp/shuffledp_imdb/robust_strict_shuffle_increase/ratio_10_res_n20000_alg3n_eps1_8_pair_1_itr20_1.csv,schema_11,shuffle_dp,IMDB,unknown,increase,24,14,4.180487,0.1,,9313397074725.723,44665214557601.586,,-2044439.749731432,36846.0,acf258fc6c17677dad605c407cd6c0ffbea5eb2f8dc26e9a0b81e6cc15079966
data/raw_results/shuffle_dp/shuffledp_imdb/robust_strict_shuffle_increase/ratio_10_res_n20000_alg4n_eps1_8_pair_1_itr20_1.csv,schema_11,shuffle_dp,IMDB,unknown,increase,24,14,4.180487,0.1,,58193878116055.61,279087774268170.3,,-2805285.2009694558,36846.0,bafc2c936e8b4610177c38cc08dc9799ddd2f147af133c1fa170287b2ff342df
data/raw_results/shuffle_dp/shuffledp_imdb/robust_strict_shuffle_increase/ratio_12p5_res_n20000_alg2n_eps1_8_pair_1_itr20_1.csv,schema_11,shuffle_dp,IMDB,unknown,increase,24,14,4.180487,0.125,,506863097076437.3,2430829750231290.5,,-16039874.620957911,36846.0,1a6f3707d0101c49ca4f7ee43d725cc17bd41b56e4f87be174beeb1055a9c58f
data/raw_results/shuffle_dp/shuffledp_imdb/robust_strict_shuffle_increase/ratio_12p5_res_n20000_alg3n_eps1_8_pair_1_itr20_1.csv,schema_11,shuffle_dp,IMDB,unknown,increase,24,14,4.180487,0.125,,39601688379416.95,189922756781632.06,,-2288884.846019997,36846.0,b7398061cbdcf22fb12302d28780ffe1bc1ff0a0feab8aa00b1191b1ec998238
data/raw_results/shuffle_dp/shuffledp_imdb/robust_strict_shuffle_increase/ratio_12p5_res_n20000_alg4n_eps1_8_pair_1_itr20_1.csv,schema_11,shuffle_dp,IMDB,unknown,increase,24,14,4.180487,0.125,,185080921594783.7,887616657280987.2,,-3664353.242894325,36846.0,367fa72d357fd31668b29bbb87c29b8538d2e3ec4d8e9d524db0c192bca57561
data/raw_results/shuffle_dp/shuffledp_imdb/robust_strict_shuffle_increase/ratio_15_res_n20000_alg2n_eps1_8_pair_1_itr20_1.csv,schema_11,shuffle_dp,IMDB,unknown,increase,24,14,4.180487,0.15,,1357471792729752.2,6510205746843644.0,,33217440.42992583,36846.0,61d2da06151ed0060e3e99c4cf0e2cf26f1c509e52cbd3f5d1ec8917bddd34f5
data/raw_results/shuffle_dp/shuffledp_imdb/robust_strict_shuffle_increase/ratio_15_res_n20000_alg3n_eps1_8_pair_1_itr20_1.csv,schema_11,shuffle_dp,IMDB,unknown,increase,24,14,4.180487,0.15,,113361662292802.83,543663164832342.25,,-4982607.421737389,36846.0,4d491bba9dea3d91413daf17d6a72b80c92e57e9303f5d9ad93d0216a300d1fc
data/raw_results/shuffle_dp/shuffledp_imdb/robust_strict_shuffle_increase/ratio_15_res_n20000_alg4n_eps1_8_pair_1_itr20_1.csv,schema_11,shuffle_dp,IMDB,unknown,increase,24,14,4.180487,0.15,,551139182465166.5,2643170404128077.5,,-4723256.347759152,36846.0,dd1978d761f5d079879b16d0181a0e8c50faf5363e67c4c722e59c61e7914563
data/raw_results/shuffle_dp/shuffledp_imdb/robust_strict_shuffle_increase/ratio_17p5_res_n20000_alg2n_eps1_8_pair_1_itr20_1.csv,schema_11,shuffle_dp,IMDB,unknown,increase,24,14,4.180487,0.175,,2882017444905015.0,1.3821669844268348e+16,,58942740.09736061,36846.0,d8a20c06d3489d557887f03314f587c65ae3eee9ad7c3009bc6809b8d1811574
data/raw_results/shuffle_dp/shuffledp_imdb/robust_strict_shuffle_increase/ratio_17p5_res_n20000_alg3n_eps1_8_pair_1_itr20_1.csv,schema_11,shuffle_dp,IMDB,unknown,increase,24,14,4.180487,0.175,,202709140553960.88,972158617604228.8,,-5993454.910433041,36846.0,36c6d0fb2ea4f648c81559493edd2f882e3d6b5706f2cf4b71315eea1c544dff
data/raw_results/shuffle_dp/shuffledp_imdb/robust_strict_shuffle_increase/ratio_17p5_res_n20000_alg4n_eps1_8_pair_1_itr20_1.csv,schema_11,shuffle_dp,IMDB,unknown,increase,24,14,4.180487,0.175,,1518320486814475.2,7281608992277765.0,,11612789.949720675,36846.0,de2970099d16cf5f9f9ddc894021b9aba319f1961903c5ba07202bfafba4baf6
data/raw_results/shuffle_dp/shuffledp_imdb/robust_strict_shuffle_increase/ratio_20_res_n20000_alg2n_eps1_8_pair_1_itr20_1.csv,schema_11,shuffle_dp,IMDB,unknown,increase,24,14,4.180487,0.2,,6446869618820398.0,3.091810027586989e+16,,125300449.38070688,36846.0,1c16e48dd7d8eae40d8f07dbf4c8339f3e7c45ddb9e134d956c179bd72e431e3
data/raw_results/shuffle_dp/shuffledp_imdb/robust_strict_shuffle_increase/ratio_20_res_n20000_alg3n_eps1_8_pair_1_itr20_1.csv,schema_11,shuffle_dp,IMDB,unknown,increase,24,14,4.180487,0.2,,403923705772059.56,1937149772423286.0,,-8116369.971692301,36846.0,a4da48b337a2fb2491406ccba3d697e82556d136082505fc974ee4249c3c40a6
data/raw_results/shuffle_dp/shuffledp_imdb/robust_strict_shuffle_increase/ratio_20_res_n20000_alg4n_eps1_8_pair_1_itr20_1.csv,schema_11,shuffle_dp,IMDB,unknown,increase,24,14,4.180487,0.2,,2522323530293917.0,1.209663843769246e+16,,25638659.71141789,36846.0,95c3021c772880a9292f2a66850c7c3549b22ca611bf0036be49a1b185bc754e
data/raw_results/shuffle_dp/shuffledp_imdb/robust_strict_shuffle_increase/ratio_2p5_res_n20000_alg2n_eps1_8_pair_1_itr20_1.csv,schema_11,shuffle_dp,IMDB,unknown,increase,24,14,4.180487,0.025,,4519788378959.165,21675874865374.65,,-815094.3956074318,36846.0,fe3ed31a49724d3153f8bba2a82ce6daef96f88e2ac15850de9b986c08b04330
data/raw_results/shuffle_dp/shuffledp_imdb/robust_strict_shuffle_increase/ratio_2p5_res_n20000_alg3n_eps1_8_pair_1_itr20_1.csv,schema_11,shuffle_dp,IMDB,unknown,increase,24,14,4.180487,0.025,,206146944040.4042,988377324038.8495,,-131743.32177351872,36846.0,4803c63e1add8906b67140e0afbacf6ff126dbe00cd944aad58c4461f24295bc
data/raw_results/shuffle_dp/shuffledp_imdb/robust_strict_shuffle_increase/ratio_2p5_res_n20000_alg4n_eps1_8_pair_1_itr20_1.csv,schema_11,shuffle_dp,IMDB,unknown,increase,24,14,4.180487,0.025,,1233342897994.7249,5914643893127.746,,1181571.3785437183,36846.0,056bc645d0660e21ff73c3d3abb5c503035c51688d2b8124a2f69303a5f6b31d
data/raw_results/shuffle_dp/shuffledp_imdb/robust_strict_shuffle_increase/ratio_5_res_n20000_alg2n_eps1_8_pair_1_itr20_1.csv,schema_11,shuffle_dp,IMDB,unknown,increase,24,14,4.180487,0.05,,18073353596543.074,86676490187032.16,,-2779942.4507342144,36846.0,f66bcfa4e6ca25444fe161074eff319256c47d020abb654fe8778383be902e6e
data/raw_results/shuffle_dp/shuffledp_imdb/robust_strict_shuffle_increase/ratio_5_res_n20000_alg3n_eps1_8_pair_1_itr20_1.csv,schema_11,shuffle_dp,IMDB,unknown,increase,24,14,4.180487,0.05,,528993596230.6217,2536695455368.87,,-128475.52192456217,36846.0,5556dca4fb483bfedb42ba6b1698dd27c71bb00611a748dec4cd6cd72af58fb0
data/raw_results/shuffle_dp/shuffledp_imdb/robust_strict_shuffle_increase/ratio_5_res_n20000_alg4n_eps1_8_pair_1_itr20_1.csv,schema_11,shuffle_dp,IMDB,unknown,increase,24,14,4.180487,0.05,,8012299854702.848,38425379355910.27,,-60267.45328841218,36846.0,b6d6f89446a3672f8c76231401ca6c85e3c368f37e96e7c5699cada497d14e6d
data/raw_results/shuffle_dp/shuffledp_imdb/robust_strict_shuffle_increase/ratio_7p5_res_n20000_alg2n_eps1_8_pair_1_itr20_1.csv,schema_11,shuffle_dp,IMDB,unknown,increase,24,14,4.180487,0.075,,115018097075350.73,551607146979101.06,,-11678015.589451086,36846.0,6d1ec0520f73498949ba39c86c8d37d677b8ab35dfab5b12f0e5f5976d0a555d
data/raw_results/shuffle_dp/shuffledp_imdb/robust_strict_shuffle_increase/ratio_7p5_res_n20000_alg3n_eps1_8_pair_1_itr20_1.csv,schema_11,shuffle_dp,IMDB,unknown,increase,24,14,4.180487,0.075,,3113373596318.417,14930946516780.885,,257288.1621930465,36846.0,0dc646b1619f436fdcfdcb62f4db5e04f592de947842d5c4d8bf8472f5a069f4
data/raw_results/shuffle_dp/shuffledp_imdb/robust_strict_shuffle_increase/ratio_7p5_res_n20000_alg4n_eps1_8_pair_1_itr20_1.csv,schema_11,shuffle_dp,IMDB,unknown,increase,24,14,4.180487,0.075,,33692747681066.707,161584480572369.12,,1320736.8438550662,36846.0,c2fbe24d52a50105811977ba63b238a494ff2ded2208eb8537aeae4132d6e6d2
data/raw_results/shuffle_dp_legacy/gplus/clean_baseline/res_n20000_alg2n_eps1_8_pair_1_itr20_1.csv,schema_11,shuffle_dp_legacy,Gplus,clean,clean,24,14,4.180487,,,4576073794261.95,21945643570335.805,,6073019.0963896215,6373740.0,b579395301f48899795ef74502c075305cb991a60d2bc15e9d3a8c061a80711a
data/raw_results/shuffle_dp_legacy/gplus/clean_baseline/res_n20000_alg3n_eps1_8_pair_1_itr20_1.csv,schema_11,shuffle_dp_legacy,Gplus,clean,clean,24,14,4.180487,,,711659011652.6522,3412561358161.342,,4400804.134240009,6373740.0,06cb84dacf6c34e65b47e6f7b945e3320916f858513e1901c1058c2fd4d3f9b7
data/raw_results/shuffle_dp_legacy/gplus/clean_baseline/res_n20000_alg4n_eps1_8_pair_1_itr20_1.csv,schema_11,shuffle_dp_legacy,Gplus,clean,clean,24,14,4.180487,,,766308652522.1936,3674252584495.6396,,4754374.475788929,6373740.0,5589aa3552ac721a074302dacdc19b6d095b8173209f2d0b8c5c1b96de1c978b
data/raw_results/shuffle_dp_legacy/gplus/clean_baseline/res_n20000_alg5_eps1_8_pair_1_itr20_1.csv,schema_11,shuffle_dp_legacy,Gplus,clean,clean,24,14,3.899387,,,142285695533396.88,682377788566510.6,,23414754.48986765,6373740.0,97f0f1d85a15ccb523be2f8852a01f31a21493f026172d92c6671081668d6169
data/raw_results/shuffle_dp_legacy/gplus/clean_baseline/res_n20000_alg6_0p1_eps1_8_pair_1_itr20_1.csv,schema_11,shuffle_dp_legacy,Gplus,clean,clean,24,14,3.899387,,,3.5355508696520566e+18,1.6955906312517638e+19,,-790941160.5461837,6373740.0,e8118e8a44a2b853158ee213749736b8cc43c951adc5c9a5d73d51b06bd3bff2
data/raw_results/shuffle_dp_legacy/gplus/clean_baseline/res_n20000_alg8n_eps1_8_pair_1_itr20_1.csv,schema_12,shuffle_dp_legacy,Gplus,clean,clean,22,6,4.180487,,,,,,,,34abc13767755ffd83ee83773ab33c4ca53c8ed28cbe51e5201caaf6b3ff255e
data/raw_results/shuffle_dp_legacy/gplus/clean_baseline/res_n20000_alg9_eps1_8_pair_1_itr20_1.csv,schema_12,shuffle_dp_legacy,Gplus,clean,clean,22,6,3.899387,,,,,,,,16cf3a11f60d86c512212ee47f590e1efcc82a517e9f4cbd5f4783512bab0fe0
data/raw_results/shuffle_dp_legacy/gplus/robust_strict_original_decrease/ratio_10_res_n20000_alg2n_eps1_8_pair_1_itr20_1.csv,schema_11,shuffle_dp_legacy,Gplus,original_data,decrease,24,14,4.180487,0.1,,2803318642827.0107,13443810383638.148,,5720798.285771119,6220773.0,6aadff379f2dc842211a53e997a522f9c356a542288576dc91b6c7949505baa8
data/raw_results/shuffle_dp_legacy/gplus/robust_strict_original_decrease/ratio_10_res_n20000_alg3n_eps1_8_pair_1_itr20_1.csv,schema_11,shuffle_dp_legacy,Gplus,original_data,decrease,24,14,4.180487,0.1,,686925599348.3011,3293945929672.587,,4284347.590381246,6220773.0,0cc65b3835e7b93b6eaabfe2542cd342f1c1080bf6bcb233f6d518a7927a9d5a
data/raw_results/shuffle_dp_legacy/gplus/robust_strict_original_decrease/ratio_10_res_n20000_alg4n_eps1_8_pair_1_itr20_1.csv,schema_11,shuffle_dp_legacy,Gplus,original_data,decrease,24,14,4.180487,0.1,,704841262174.3503,3379465338966.0854,,4603125.991444444,6220773.0,ea922c45e145d55ef7d00020350700a68c2d20b9f41e840b43f5d2e6e3c654c2
data/raw_results/shuffle_dp_legacy/gplus/robust_strict_original_decrease/ratio_15_res_n20000_alg2n_eps1_8_pair_1_itr20_1.csv,schema_11,shuffle_dp_legacy,Gplus,original_data,decrease,24,14,4.180487,0.15,,2820173096174.88,13524636613503.346,,5467366.141120199,6013292.0,b60f3da9bc0374fe385a1c0fa73829796128ee34b45858c92d0f6aab0ccce5c0
data/raw_results/shuffle_dp_legacy/gplus/robust_strict_original_decrease/ratio_15_res_n20000_alg3n_eps1_8_pair_1_itr20_1.csv,schema_11,shuffle_dp_legacy,Gplus,original_data,decrease,24,14,4.180487,0.15,,569753965739.5919,2732005632730.1665,,4045626.132576495,6013292.0,9605b90266961fef14cd8ebb208366103eeb0e71a01f16c62df0e4fcc1cd3159
data/raw_results/shuffle_dp_legacy/gplus/robust_strict_original_decrease/ratio_15_res_n20000_alg4n_eps1_8_pair_1_itr20_1.csv,schema_11,shuffle_dp_legacy,Gplus,original_data,decrease,24,14,4.180487,0.15,,624883957391.736,2996022768897.906,,4263163.917744608,6013292.0,4d4b279e32ffff0da99b62cd6773ebd4f2e3449b7537c703e01b2f505b1283e2
data/raw_results/shuffle_dp_legacy/gplus/robust_strict_original_decrease/ratio_20_res_n20000_alg2n_eps1_8_pair_1_itr20_1.csv,schema_11,shuffle_dp_legacy,Gplus,original_data,decrease,24,14,4.180487,0.2,,2808683927392.312,13469545407406.34,,5316384.775031022,5747857.0,01e7edd3a5cd90a05b4341ad1e77601bcc4cc72f7183c6e65ea062c0c1a169f4
data/raw_results/shuffle_dp_legacy/gplus/robust_strict_original_decrease/ratio_20_res_n20000_alg3n_eps1_8_pair_1_itr20_1.csv,schema_11,shuffle_dp_legacy,Gplus,original_data,decrease,24,14,4.180487,0.2,,554764362174.3851,2660126930933.5,,3860303.1335158567,5747857.0,c7c9cf0adc2ca453d9ed935c87a049e61eaadd7c26d6497c03c1fb6f8bd659f7
data/raw_results/shuffle_dp_legacy/gplus/robust_strict_original_decrease/ratio_20_res_n20000_alg4n_eps1_8_pair_1_itr20_1.csv,schema_11,shuffle_dp_legacy,Gplus,original_data,decrease,24,14,4.180487,0.2,,617898358043.9204,2962527285820.6504,,4077096.0264385357,5747857.0,0b676b591900e69daea99903f9d5e3d625400c3d487be214a19426354f92dbfd
data/raw_results/shuffle_dp_legacy/gplus/robust_strict_original_decrease/ratio_5_res_n20000_alg2n_eps1_8_pair_1_itr20_1.csv,schema_11,shuffle_dp_legacy,Gplus,original_data,decrease,24,14,4.180487,0.05,,2795470892261.7764,13406173515466.793,,5819976.765235685,6318376.0,c4392e59fd61f0e2fe0d1a5cbcdecf7bbf6860a403c37d410430620c4ccc88a2
data/raw_results/shuffle_dp_legacy/gplus/robust_strict_original_decrease/ratio_5_res_n20000_alg3n_eps1_8_pair_1_itr20_1.csv,schema_11,shuffle_dp_legacy,Gplus,original_data,decrease,24,14,4.180487,0.05,,717483500957.0004,3440496097775.1387,,4357756.947207424,6318376.0,6dcf62188fdc126d49f280bd31d7ebf499c79ebbda899fdd3aed665f680f252e
data/raw_results/shuffle_dp_legacy/gplus/robust_strict_original_decrease/ratio_5_res_n20000_alg4n_eps1_8_pair_1_itr20_1.csv,schema_11,shuffle_dp_legacy,Gplus,original_data,decrease,24,14,4.180487,0.05,,768977697826.5421,3687053302543.643,,4707961.306197661,6318376.0,188703de9f7cede57a540749e055c6791961dbed6f41746a4f8ce2c07a13aa94
data/raw_results/shuffle_dp_legacy/gplus/robust_strict_original_increase/ratio_10_res_n20000_alg2n_eps1_8_pair_1_itr20_1.csv,schema_11,shuffle_dp_legacy,Gplus,original_data,increase,24,14,4.180487,0.1,,562835811154782.7,2699260568640971.5,,1179716391.3103416,1338657000.0,4bcfe736758fb1b2bc02048b4acfd5a2019274444abe4bc00cb39917d4e90a4f
data/raw_results/shuffle_dp_legacy/gplus/robust_strict_original_increase/ratio_10_res_n20000_alg3n_eps1_8_pair_1_itr20_1.csv,schema_11,shuffle_dp_legacy,Gplus,original_data,increase,24,14,4.180487,0.1,,568894941589565.2,2728319137383917.5,,1176003782.614716,1338657000.0,40a82addf919913ea924abc99067529696ef066fae8a3e211e0297beb7f960b1
data/raw_results/shuffle_dp_legacy/gplus/robust_strict_original_increase/ratio_10_res_n20000_alg4n_eps1_8_pair_1_itr20_1.csv,schema_11,shuffle_dp_legacy,Gplus,original_data,increase,24,14,4.180487,0.1,,793819773178260.9,3807020489514746.0,,1188396913.0502021,1338657000.0,0bb94a6bf779e3d39bc7f0ac382d2463e4d080fa02a7456585061f64f4451808
data/raw_results/shuffle_dp_legacy/gplus/robust_strict_original_increase/ratio_15_res_n20000_alg2n_eps1_8_pair_1_itr20_1.csv,schema_11,shuffle_dp_legacy,Gplus,original_data,increase,24,14,4.180487,0.15,,2103415208732608.8,1.0087614108456658e+16,,3879848826.090184,4503859000.0,dd0f1f00da1824f8fbf1cdb4167d1a9f37f5647e97e5e02fab1bdf668c902a1f
data/raw_results/shuffle_dp_legacy/gplus/robust_strict_original_increase/ratio_15_res_n20000_alg3n_eps1_8_pair_1_itr20_1.csv,schema_11,shuffle_dp_legacy,Gplus,original_data,increase,24,14,4.180487,0.15,,2132605643515217.5,1.0227606515766224e+16,,3874008391.307611,4503859000.0,f647b166c675483024fd62fe77ac8bd56a368d60e6a0df84ab3fb1006687c81d
data/raw_results/shuffle_dp_legacy/gplus/robust_strict_original_increase/ratio_15_res_n20000_alg4n_eps1_8_pair_1_itr20_1.csv,schema_11,shuffle_dp_legacy,Gplus,original_data,increase,24,14,4.180487,0.15,,2962702084530000.0,1.4208605239867226e+16,,3886062608.6994004,4503859000.0,bfb4bc651723474295b1654bbd985e0e403e00e6fe63c9e49d5acc8345be607d
data/raw_results/shuffle_dp_legacy/gplus/robust_strict_original_increase/ratio_20_res_n20000_alg2n_eps1_8_pair_1_itr20_1.csv,schema_11,shuffle_dp_legacy,Gplus,original_data,increase,24,14,4.180487,0.2,,1.1599088058686956e+16,5.56272448282407e+16,,9177029434.785694,10668390000.0,53e2b55336358fd5fcbaad0703bb51b6d08c956ddabb967617079a9d64ba0d3a
data/raw_results/shuffle_dp_legacy/gplus/robust_strict_original_increase/ratio_20_res_n20000_alg3n_eps1_8_pair_1_itr20_1.csv,schema_11,shuffle_dp_legacy,Gplus,original_data,increase,24,14,4.180487,0.2,,1.169309675433913e+16,5.6078094694314856e+16,,9170843608.698755,10668390000.0,32ef43fe006cfd291f92c72ba92efdff7530cde149ba8fa68c6bdb1c55751541
data/raw_results/shuffle_dp_legacy/gplus/robust_strict_original_increase/ratio_20_res_n20000_alg4n_eps1_8_pair_1_itr20_1.csv,schema_11,shuffle_dp_legacy,Gplus,original_data,increase,24,14,4.180487,0.2,,1.552879664660435e+16,7.447346569176914e+16,,9177664739.133968,10668390000.0,36dc244b81f404d1321ebd7b18a63893249def7fa18c9c98cdaf42a807e06756
data/raw_results/shuffle_dp_legacy/gplus/robust_strict_original_increase/ratio_5_res_n20000_alg2n_eps1_8_pair_1_itr20_1.csv,schema_11,shuffle_dp_legacy,Gplus,original_data,increase,24,14,4.180487,0.05,,88938560665434.95,426533067747776.9,,156505186.9729156,172832700.0,59bea073d4578415ccf7def603112244d79889f1ba43f00e2a48d8dd1de54c27
data/raw_results/shuffle_dp_legacy/gplus/robust_strict_original_increase/ratio_5_res_n20000_alg3n_eps1_8_pair_1_itr20_1.csv,schema_11,shuffle_dp_legacy,Gplus,original_data,increase,24,14,4.180487,0.05,,78247473708913.22,375260415903454.0,,154443013.05962625,172832700.0,98bd1b9ddda315e4b18ca2b7a9fbeb69c6cebe95c5f74e0527faa10be1b9b35f
data/raw_results/shuffle_dp_legacy/gplus/robust_strict_original_increase/ratio_5_res_n20000_alg4n_eps1_8_pair_1_itr20_1.csv,schema_11,shuffle_dp_legacy,Gplus,original_data,increase,24,14,4.180487,0.05,,86323069995652.36,413989241377390.56,,155734326.10388222,172832700.0,b5139bc77cafe2b22a1e0268c0c93379e0f1cd5136ef2e87a9f97bb35dfcd549
data/raw_results/shuffle_dp_legacy/imdb/clean_baseline/res_n20000_alg2n_eps1_8_pair_1_itr20_1.csv,schema_11,shuffle_dp_legacy,IMDB,clean,clean,24,14,4.180487,,,3112191422427.3125,14925277009858.729,,1376672.2155950465,36846.0,aef56cbdd1b564719decf183387d0d7d5cdb33c608cde82b50d64465058d9e8a
data/raw_results/shuffle_dp_legacy/imdb/clean_baseline/res_n20000_alg3n_eps1_8_pair_1_itr20_1.csv,schema_11,shuffle_dp_legacy,IMDB,clean,clean,24,14,4.180487,,,120091552728.74252,575670189583.8634,,-11904.910276823048,36846.0,26679890ba43fe9590f6e2486a35b18fdabb883266f61dfb6f2c3689ca09aec0
data/raw_results/shuffle_dp_legacy/imdb/clean_baseline/res_n20000_alg4n_eps1_8_pair_1_itr20_1.csv,schema_11,shuffle_dp_legacy,IMDB,clean,clean,24,14,4.180487,,,381585289267.15686,1829757914856.296,,1332437.0022911965,36846.0,723e9a4bc31292010deaf2c03e6be46e2ca4d95d9fe17c3d5a9c4fefd05b93ed
data/raw_results/shuffle_dp_legacy/imdb/clean_baseline/res_n20000_alg5_eps1_8_pair_1_itr20_1.csv,schema_11,shuffle_dp_legacy,IMDB,clean,clean,24,14,3.899387,,,138657662292804.52,664978519046049.4,,19627096.02762309,36846.0,1680b0f34fa1e31fd3511725e0d3f05200d6a1d17f0f980eb5dd81198e40624a
data/raw_results/shuffle_dp_legacy/imdb/clean_baseline/res_n20000_alg6_0p1_eps1_8_pair_1_itr20_1.csv,schema_11,shuffle_dp_legacy,IMDB,clean,clean,24,14,3.899387,,,3.5907634783146353e+18,1.7220696681791785e+19,,-935711351.8319982,36846.0,f138b3311cf12c2cd077a149a0ee448d3935edb60401f5afc3e348d4984f8890
data/raw_results/shuffle_dp_legacy/imdb/clean_baseline/res_n20000_alg8n_eps1_8_pair_1_itr20_1.csv,schema_12,shuffle_dp_legacy,IMDB,clean,clean,22,6,4.180487,,,,,,,,0689babf31191f8468fd90ffdcef634a1bd4ad2be0a1005a416ae068c131bf4b
data/raw_results/shuffle_dp_legacy/imdb/clean_baseline/res_n20000_alg9_eps1_8_pair_1_itr20_1.csv,schema_12,shuffle_dp_legacy,IMDB,clean,clean,22,6,3.899387,,,,,,,,e928096aca3164b5c86ba2c94c71e1f5bdd9ba2a780f9d16dbd44e0ea060324a
data/raw_results/shuffle_dp_legacy/imdb/original_increase/res_n20000_alg2n_eps1_8_pair_1_itr20_1.csv,schema_11,shuffle_dp_legacy,IMDB,original_data,increase,24,14,4.180487,,,934080681399565.2,4479687980835830.0,,1178510178.2658186,1331374000.0,104da10e690a9d261ba5fc3d6ba9182c77aae913b045c5457f3d7d7a5f91dc51
data/raw_results/shuffle_dp_legacy/imdb/original_increase/res_n20000_alg3n_eps1_8_pair_1_itr20_1.csv,schema_11,shuffle_dp_legacy,IMDB,original_data,increase,24,14,4.180487,,,888065029225652.1,4259004665574550.0,,1178031217.3961763,1331374000.0,0602e73ead48911c5c6f173b49c6af2ff6f053eba764bc34404f4c8f3f8c6b6b
data/raw_results/shuffle_dp_legacy/imdb/original_increase/res_n20000_alg4n_eps1_8_pair_1_itr20_1.csv,schema_11,shuffle_dp_legacy,IMDB,original_data,increase,24,14,4.180487,,,929994063840869.6,4460087552025374.0,,1183634434.7876668,1331374000.0,f2aa58556582c1b332d98526759c2bada957f63b8218936dc04a474267e896ec
data/raw_results/shuffle_dp_legacy/imdb/original_increase/res_n20000_alg5_eps1_8_pair_1_itr20_1.csv,schema_11,shuffle_dp_legacy,IMDB,original_data,increase,24,14,3.899387,,,1243584594443043.5,5964016603597588.0,,1196672456.5275478,1331374000.0,9281631fb3040ab86c1bc05a3b6d154ceded1804974e653209eb276d7281e68f
data/raw_results/shuffle_dp_legacy/imdb/original_increase/res_n20000_alg6_0p1_eps1_8_pair_1_itr20_1.csv,schema_11,shuffle_dp_legacy,IMDB,original_data,increase,24,14,3.899387,,,2.0914569576379213e+18,1.0030275201495316e+19,,916232400.2067682,1331374000.0,77f66fed2744dfd99c85d8b989c8222b8ea79b5b80a391fae81368089c6d5f36
data/raw_results/shuffle_dp_legacy/imdb/original_increase/res_n20000_alg8n_eps1_8_pair_1_itr20_1.csv,schema_12,shuffle_dp_legacy,IMDB,original_data,increase,22,6,4.180487,,,,,,,,7bc62d26ec5201f11b504ab7f47c26516c8753e947be2194d3e463b80302838a
data/raw_results/shuffle_dp_legacy/imdb/original_increase/res_n20000_alg9_eps1_8_pair_1_itr20_1.csv,schema_12,shuffle_dp_legacy,IMDB,original_data,increase,22,6,3.899387,,,,,,,,dcdd1eb7fbafb6c46bfee6362adab993859139c28bfdf96afc9caf669beb120f
data/raw_results/shuffle_dp_legacy/imdb/robust_strict_original_decrease/ratio_10_res_n20000_alg2n_eps1_8_pair_1_itr20_1.csv,schema_11,shuffle_dp_legacy,IMDB,original_data,decrease,24,14,4.180487,0.1,,3113167516519.071,14929958156898.78,,1378506.8912698787,35826.0,a9d191e5ddea8ac905fc55eef4d90f000b5b71c92d71d2d3d3c2ac3a2e09abd1
data/raw_results/shuffle_dp_legacy/imdb/robust_strict_original_decrease/ratio_10_res_n20000_alg3n_eps1_8_pair_1_itr20_1.csv,schema_11,shuffle_dp_legacy,IMDB,original_data,decrease,24,14,4.180487,0.1,,125345212035.31203,600865816350.4996,,-129238.01040955608,35826.0,9060a464ba52a7665b715fe44a1fc5bcb2be35a9b11741b0b382865512f153d6
data/raw_results/shuffle_dp_legacy/imdb/robust_strict_original_decrease/ratio_10_res_n20000_alg4n_eps1_8_pair_1_itr20_1.csv,schema_11,shuffle_dp_legacy,IMDB,original_data,decrease,24,14,4.180487,0.1,,389657065053.7922,1868468825471.4507,,1349463.0188048824,35826.0,5d3519f0a0f1dc34dcd4a820614dbc02fe23b7576f1c1758efec565103bb6b5c
data/raw_results/shuffle_dp_legacy/imdb/robust_strict_original_decrease/ratio_15_res_n20000_alg2n_eps1_8_pair_1_itr20_1.csv,schema_11,shuffle_dp_legacy,IMDB,original_data,decrease,24,14,4.180487,0.15,,3113274879963.4233,14930473193572.393,,1378032.3716327974,33930.0,07244be56e4e65839b21e52428f625937fa8888a558102355dfbdaa53d77e4f9
data/raw_results/shuffle_dp_legacy/imdb/robust_strict_original_decrease/ratio_15_res_n20000_alg3n_eps1_8_pair_1_itr20_1.csv,schema_11,shuffle_dp_legacy,IMDB,original_data,decrease,24,14,4.180487,0.15,,122668749383.61812,588030093264.8405,,-162101.46610302868,33930.0,18b0cf80d1f1f6ff1d885cfa365617f71bb56ca4bc18b5e5d8d423f41d3b00d4
data/raw_results/shuffle_dp_legacy/imdb/robust_strict_original_decrease/ratio_15_res_n20000_alg4n_eps1_8_pair_1_itr20_1.csv,schema_11,shuffle_dp_legacy,IMDB,original_data,decrease,24,14,4.180487,0.15,,381995738752.46014,1831726287711.257,,1330363.2242223858,33930.0,815a4221571f2b8768a9c71843a01899deec5a9cf94c13b45c855aeaa7d0f296
data/raw_results/shuffle_dp_legacy/imdb/robust_strict_original_decrease/ratio_20_res_n20000_alg2n_eps1_8_pair_1_itr20_1.csv,schema_11,shuffle_dp_legacy,IMDB,original_data,decrease,24,14,4.180487,0.2,,3112809977235.3438,14928244200661.674,,1377805.2307445114,31970.0,6eaf07946930adc50d2b1929c5eff6e8bc30bdd771e039bb517d73908c3ea212
data/raw_results/shuffle_dp_legacy/imdb/robust_strict_original_decrease/ratio_20_res_n20000_alg3n_eps1_8_pair_1_itr20_1.csv,schema_11,shuffle_dp_legacy,IMDB,original_data,decrease,24,14,4.180487,0.2,,130503324908.59659,625603996235.559,,-138208.7186517061,31970.0,ba1a225af0bbb9f14c7d3bab468ae62d3df4ba6c757066897a692793c333c20f
data/raw_results/shuffle_dp_legacy/imdb/robust_strict_original_decrease/ratio_20_res_n20000_alg4n_eps1_8_pair_1_itr20_1.csv,schema_11,shuffle_dp_legacy,IMDB,original_data,decrease,24,14,4.180487,0.2,,381693744798.9497,1830278381218.4702,,1403369.8994674296,31970.0,5c7414d858e6b8d65e7870c55a5ee1f5fb3ba7f8fba2d492bc299b15b09bb5fb
data/raw_results/shuffle_dp_legacy/imdb/robust_strict_original_decrease/ratio_5_res_n20000_alg2n_eps1_8_pair_1_itr20_1.csv,schema_11,shuffle_dp_legacy,IMDB,original_data,decrease,24,14,4.180487,0.05,,3112158818167.179,14925120623081.666,,1376522.81753245,36683.0,80813041ecef090066f74826e90d7ffad3c2de17808e2f5ef4105f5ced1dd7da
data/raw_results/shuffle_dp_legacy/imdb/robust_strict_original_decrease/ratio_5_res_n20000_alg3n_eps1_8_pair_1_itr20_1.csv,schema_11,shuffle_dp_legacy,IMDB,original_data,decrease,24,14,4.180487,0.05,,125437818034.46376,601309952594.208,,-98850.26915437609,36683.0,7cdbc8027adec04316f610b6c304db54f9b564e72d56adc257a80497e35d0aef
data/raw_results/shuffle_dp_legacy/imdb/robust_strict_original_decrease/ratio_5_res_n20000_alg4n_eps1_8_pair_1_itr20_1.csv,schema_11,shuffle_dp_legacy,IMDB,original_data,decrease,24,14,4.180487,0.05,,387166094484.8182,1856522402857.036,,1346811.8502839396,36683.0,fb4556d53f7285b0a1f17bdbbc97afa5d8bcc4cc054b1d27aa1bb0c6036b6a6c
data/raw_results/shuffle_dp_legacy/imdb/robust_strict_original_increase/ratio_10_res_n20000_alg2n_eps1_8_pair_1_itr20_1.csv,schema_11,shuffle_dp_legacy,IMDB,original_data,increase,24,14,4.180487,0.1,,557941016435217.5,2675786018546436.5,,1173965956.526408,1331374000.0,e8e16ba1db6db70e5e96800c364572fd5d4581a740804608e2f4fada2312e503
data/raw_results/shuffle_dp_legacy/imdb/robust_strict_original_increase/ratio_10_res_n20000_alg3n_eps1_8_pair_1_itr20_1.csv,schema_11,shuffle_dp_legacy,IMDB,original_data,increase,24,14,4.180487,0.1,,561886668609130.5,2694708701622084.5,,1172624521.7438004,1331374000.0,88fc9b8b5dc204cca6e9b2174f522b05ec677bcf19c2078320ef059cc60fe25f
data/raw_results/shuffle_dp_legacy/imdb/robust_strict_original_increase/ratio_10_res_n20000_alg4n_eps1_8_pair_1_itr20_1.csv,schema_11,shuffle_dp_legacy,IMDB,original_data,increase,24,14,4.180487,0.1,,792781901530000.0,3802043260382933.5,,1185070260.8748744,1331374000.0,3e7ed443660495a345919550045bba030b923d1299774f8558dc173ad8015725
data/raw_results/shuffle_dp_legacy/imdb/robust_strict_original_increase/ratio_15_res_n20000_alg2n_eps1_8_pair_1_itr20_1.csv,schema_11,shuffle_dp_legacy,IMDB,original_data,increase,24,14,4.180487,0.15,,2053654837236087.0,9848971432917048.0,,3873606086.9593577,4495545000.0,e7a9afc39080e94edbfd6d6ad776b8f4e0875590214a02a852aec323da5f8642
data/raw_results/shuffle_dp_legacy/imdb/robust_strict_original_increase/ratio_15_res_n20000_alg3n_eps1_8_pair_1_itr20_1.csv,schema_11,shuffle_dp_legacy,IMDB,original_data,increase,24,14,4.180487,0.15,,2088932228540434.8,1.001815585819458e+16,,3872399043.4811277,4495545000.0,82f734c980c14fdba938300e50225561719f529664ebba9a53b077cb939f3738
data/raw_results/shuffle_dp_legacy/imdb/robust_strict_original_increase/ratio_15_res_n20000_alg4n_eps1_8_pair_1_itr20_1.csv,schema_11,shuffle_dp_legacy,IMDB,original_data,increase,24,14,4.180487,0.15,,2913782017170435.0,1.3973993176430434e+16,,3884650478.2641463,4495545000.0,4bd8326d4cd7448df0d40e259f94702c4257838f961b07fa8c8bcdc82fad153c
data/raw_results/shuffle_dp_legacy/imdb/robust_strict_original_increase/ratio_20_res_n20000_alg2n_eps1_8_pair_1_itr20_1.csv,schema_11,shuffle_dp_legacy,IMDB,original_data,increase,24,14,4.180487,0.2,,1.152160986327826e+16,5.525567212812122e+16,,9169725260.872356,10658720000.0,1cb4088b03d8b576294be6f28eaf7e8584c2133a141b557b370c16896e79ffe4
data/raw_results/shuffle_dp_legacy/imdb/robust_strict_original_increase/ratio_20_res_n20000_alg3n_eps1_8_pair_1_itr20_1.csv,schema_11,shuffle_dp_legacy,IMDB,original_data,increase,24,14,4.180487,0.2,,1.16203968198e+16,5.572943772830024e+16,,9168439521.741928,10658720000.0,adca9ded74aa22bd06b069a76398b6008d932448535b5f08800ae41215c733ea
data/raw_results/shuffle_dp_legacy/imdb/robust_strict_original_increase/ratio_20_res_n20000_alg4n_eps1_8_pair_1_itr20_1.csv,schema_11,shuffle_dp_legacy,IMDB,original_data,increase,24,14,4.180487,0.2,,1.5444135575686956e+16,7.406744646861013e+16,,9175506434.78579,10658720000.0,8aade3880d9ae4f217010c46c7bb8a51de6e085d9e365c8210077dc80940732f
data/raw_results/shuffle_dp_legacy/imdb/robust_strict_original_increase/ratio_5_res_n20000_alg2n_eps1_8_pair_1_itr20_1.csv,schema_11,shuffle_dp_legacy,IMDB,original_data,increase,24,14,4.180487,0.05,,88692615754000.19,425353717168432.06,,151763626.09999058,166204700.0,fabe0f3fe4f3a99460038fdbf533083a025098a17e884b1a7c59dc671c298620
data/raw_results/shuffle_dp_legacy/imdb/robust_strict_original_increase/ratio_5_res_n20000_alg3n_eps1_8_pair_1_itr20_1.csv,schema_11,shuffle_dp_legacy,IMDB,original_data,increase,24,14,4.180487,0.05,,74885224449652.34,359135794696577.44,,150446813.0554252,166204700.0,38124fba9717a35f32db63a23a6644869dbee048b1f4347ec9e7291cf9db9d9b
data/raw_results/shuffle_dp_legacy/imdb/robust_strict_original_increase/ratio_5_res_n20000_alg4n_eps1_8_pair_1_itr20_1.csv,schema_11,shuffle_dp_legacy,IMDB,original_data,increase,24,14,4.180487,0.05,,83338783192608.88,399677670661654.25,,152047082.62149173,166204700.0,7473a2bb39cac1bf01e2babd4c8d59fbcb580eb1fd7fb90efe05a28ad50f7534
data/raw_results/tdp_vc_2025/gplus_n10000_tdpvc_results.csv,schema_13,tdp_vc_2025,Gplus,clean,clean,1215,25,0.5000000000;1.0000000000;2.0000000000,0.0;0.03;0.05;0.08;0.1;0.13;0.15;0.18;0.2,lap_fixed_dec;lap_fixed_inc;lap_local_dec;lap_local_inc;lap_scale_dec;lap_scale_inc;none;orig_dec;orig_inc;rr_dec;rr_inc,1.5929972793627984,5.909572331844219,,76029080.87385368,32950647.0,d665d115e4a64b3436c305831e3d23ccc6d006182989263fe6c670c0a52e39ea
data/raw_results/tdp_vc_2025/imdb_n10000_tdpvc_results.csv,schema_13,tdp_vc_2025,IMDB,clean,clean,1215,25,0.5000000000;1.0000000000;2.0000000000,0.0;0.03;0.05;0.08;0.1;0.13;0.15;0.18;0.2,lap_fixed_dec;lap_fixed_inc;lap_local_dec;lap_local_inc;lap_scale_dec;lap_scale_inc;none;orig_dec;orig_inc;rr_dec;rr_inc,5739.287355573919,24853.94185927331,,43191468.704551555,7790.0,d100cd7bfe285ee73c9db025afd096a69014db71aee06f5221c330fa0cf23393
