path,schema_id,category,study,dataset_inferred,rows,columns,header,bytes,sha256
data/raw_results/ddp/gplus_n10000_ddp_phase2_robust.csv,schema_01,raw_result_csv,ddp,Gplus,1935,29,run|attack|n|eps|eps1|eps2|delta|h_prime|h|mal_ratio|mal_count|orig_poison_prob|lap_strength|edges_clean|edges_protocol|changed_edges|clean_triangles|protocol_triangles|lambda|max_d_tail|max_c_dagger|estimate|rel_clean|rel_protocol|changed_reports|bias_sum|phase2_noise_sum|time_sec|seed,494489,4ca4b0d87a72e1593e57faad09d836652246cac90791171a8cc4bda69a3a78fd
data/raw_results/ddp/imdb_n10000_ddp_phase2_robust.csv,schema_01,raw_result_csv,ddp,IMDB,1935,29,run|attack|n|eps|eps1|eps2|delta|h_prime|h|mal_ratio|mal_count|orig_poison_prob|lap_strength|edges_clean|edges_protocol|changed_edges|clean_triangles|protocol_triangles|lambda|max_d_tail|max_c_dagger|estimate|rel_clean|rel_protocol|changed_reports|bias_sum|phase2_noise_sum|time_sec|seed,461706,2cf1c2b73a5c8e52e6428cacafe1a73275cba933125193b0e74222197c284383
data/raw_results/defense/gplus_ddp_lap_local_inc_defense.csv,schema_02,raw_result_csv,defense,Gplus,15,32,run|protocol|attack|epsilon|malicious_ratio|malicious_count|selector|poison_prob|attack_strength|clean_edges|protocol_edges|changed_edges|changed_reports|clean_triangles|protocol_triangles|attack_estimate|defense_estimate|rel_attack_clean|rel_defense_clean|defense_reduction|detected_users|mean_weight|mean_mal_weight|mean_honest_weight|gamma|tau|smooth|candidate_multiplier|min_weight|normalize_weights|seconds|seed,5367,05a712c8c6b01518d431081eec9d6ff4e13bc64b2e5df50f77d8f3463872d752
data/raw_results/defense/gplus_ddp_lap_scale_inc_defense.csv,schema_03,raw_result_csv,defense,Gplus,15,29,run|protocol|attack|epsilon|malicious_ratio|malicious_count|selector|poison_prob|attack_strength|clean_edges|protocol_edges|changed_edges|changed_reports|clean_triangles|protocol_triangles|attack_estimate|defense_estimate|rel_attack_clean|rel_defense_clean|defense_reduction|detected_users|mean_weight|mean_mal_weight|mean_honest_weight|gamma|tau|smooth|seconds|seed,4906,4f628cbcf12852359e9998c1bb208c5371ab4ab657012cbf52cb627dbc50144b
data/raw_results/defense/gplus_edgeorient_rr_inc_defense.csv,schema_02,raw_result_csv,defense,Gplus,15,32,run|protocol|attack|epsilon|malicious_ratio|malicious_count|selector|poison_prob|attack_strength|clean_edges|protocol_edges|changed_edges|changed_reports|clean_triangles|protocol_triangles|attack_estimate|defense_estimate|rel_attack_clean|rel_defense_clean|defense_reduction|detected_users|mean_weight|mean_mal_weight|mean_honest_weight|gamma|tau|smooth|candidate_multiplier|min_weight|normalize_weights|seconds|seed,5404,df966b6fc61be8fd53cbed13da8ced18dfe5162d869099940e43edf11bfab81b
data/raw_results/defense/gplus_genshuffledp_rr_inc_defense.csv,schema_02,raw_result_csv,defense,Gplus,15,32,run|protocol|attack|epsilon|malicious_ratio|malicious_count|selector|poison_prob|attack_strength|clean_edges|protocol_edges|changed_edges|changed_reports|clean_triangles|protocol_triangles|attack_estimate|defense_estimate|rel_attack_clean|rel_defense_clean|defense_reduction|detected_users|mean_weight|mean_mal_weight|mean_honest_weight|gamma|tau|smooth|candidate_multiplier|min_weight|normalize_weights|seconds|seed,5404,b3b36b2b13b67182e139a0af8f30bf5615ed5e0cac4e3140d57fe557b9b23260
data/raw_results/defense/gplus_ldp2022_arronens_orig_inc_defense.csv,schema_02,raw_result_csv,defense,Gplus,15,32,run|protocol|attack|epsilon|malicious_ratio|malicious_count|selector|poison_prob|attack_strength|clean_edges|protocol_edges|changed_edges|changed_reports|clean_triangles|protocol_triangles|attack_estimate|defense_estimate|rel_attack_clean|rel_defense_clean|defense_reduction|detected_users|mean_weight|mean_mal_weight|mean_honest_weight|gamma|tau|smooth|candidate_multiplier|min_weight|normalize_weights|seconds|seed,5460,52ff80549b8b7789e8dbac5a0d6c9976573a7b1931d39b7f131602bfe185e245
data/raw_results/defense/gplus_privet_lap_local_inc_defense.csv,schema_02,raw_result_csv,defense,Gplus,15,32,run|protocol|attack|epsilon|malicious_ratio|malicious_count|selector|poison_prob|attack_strength|clean_edges|protocol_edges|changed_edges|changed_reports|clean_triangles|protocol_triangles|attack_estimate|defense_estimate|rel_attack_clean|rel_defense_clean|defense_reduction|detected_users|mean_weight|mean_mal_weight|mean_honest_weight|gamma|tau|smooth|candidate_multiplier|min_weight|normalize_weights|seconds|seed,5412,cc87cca1a867e4db068f5dff7fcbf39434249be875aa397920d09f78f434ede7
data/raw_results/defense/gplus_privet_lap_scale_inc_defense.csv,schema_03,raw_result_csv,defense,Gplus,15,29,run|protocol|attack|epsilon|malicious_ratio|malicious_count|selector|poison_prob|attack_strength|clean_edges|protocol_edges|changed_edges|changed_reports|clean_triangles|protocol_triangles|attack_estimate|defense_estimate|rel_attack_clean|rel_defense_clean|defense_reduction|detected_users|mean_weight|mean_mal_weight|mean_honest_weight|gamma|tau|smooth|seconds|seed,4951,271d034070d544e099f912a9bc352d69e957e12ac961a462f1c7b0c32061fece
data/raw_results/defense/gplus_tdpvc_rr_inc_defense.csv,schema_02,raw_result_csv,defense,Gplus,15,32,run|protocol|attack|epsilon|malicious_ratio|malicious_count|selector|poison_prob|attack_strength|clean_edges|protocol_edges|changed_edges|changed_reports|clean_triangles|protocol_triangles|attack_estimate|defense_estimate|rel_attack_clean|rel_defense_clean|defense_reduction|detected_users|mean_weight|mean_mal_weight|mean_honest_weight|gamma|tau|smooth|candidate_multiplier|min_weight|normalize_weights|seconds|seed,5344,e500f3c9f2779061517a17ec95df7541398c72e2b76eb84f0f7908f0b1bf4750
data/raw_results/defense/logs_all_defense_gplus_n10000_r3_20260611_031107/run_status.csv,schema_04,raw_result_csv,defense,Gplus,6,5,experiment|status|start_time|end_time|log_file,1165,6f02afa8ef2fae749b6b49068aa875febe6d93e49bf781d1c68e14102d97cf73
data/raw_results/defense/logs_all_defense_gplus_n10000_r3_20260611_101904/run_status.csv,schema_04,raw_result_csv,defense,Gplus,6,5,experiment|status|start_time|end_time|log_file,1165,d1064b08d61849d1636eae6d6b77e2d1a0dac83fb638a3223252c6042e14b068
data/raw_results/edge_orient_vldb/gplus/13pct_1edgeorientdelta_original_decrease_results.csv,schema_05,raw_result_csv,edge_orient_vldb,Gplus,15,43,edge_file|n_header|n_used|attack_type|malicious_ratio|poison_prob|malicious_nodes|added_edges|removed_edges|clean_m_used|poisoned_m_used|clean_exact_triangles|poisoned_exact_triangles|load_seconds|clean_exact_seconds|poisoned_exact_seconds|epsilon|psi|workers|runs|run|noise|seed|split_factor|bias_factor|dmax_slack_multiplier|estimate|abs_error_vs_clean|relative_error_vs_clean|abs_error_vs_poisoned|relative_error_vs_poisoned|max_noisy_out_degree_before_slack|dmax_slack|max_noisy_out_degree|kcore_rounds_cap|kcore_rounds_run|kcore_max_threshold|levels_per_group|kcore_seconds|rr_seconds|maxout_seconds|count_seconds|total_seconds,6902,028145009436211197bea4cd4080dba3d2866fe78eeca33874ec1ea660a15396
data/raw_results/edge_orient_vldb/gplus/13pct_1edgeorientdelta_original_increase_results.csv,schema_05,raw_result_csv,edge_orient_vldb,Gplus,15,43,edge_file|n_header|n_used|attack_type|malicious_ratio|poison_prob|malicious_nodes|added_edges|removed_edges|clean_m_used|poisoned_m_used|clean_exact_triangles|poisoned_exact_triangles|load_seconds|clean_exact_seconds|poisoned_exact_seconds|epsilon|psi|workers|runs|run|noise|seed|split_factor|bias_factor|dmax_slack_multiplier|estimate|abs_error_vs_clean|relative_error_vs_clean|abs_error_vs_poisoned|relative_error_vs_poisoned|max_noisy_out_degree_before_slack|dmax_slack|max_noisy_out_degree|kcore_rounds_cap|kcore_rounds_run|kcore_max_threshold|levels_per_group|kcore_seconds|rr_seconds|maxout_seconds|count_seconds|total_seconds,7052,4679a97e91e10d9594a141c274ca9e17192ec37466e8585819398b2dda034d52
data/raw_results/edge_orient_vldb/gplus/15pct_1edgeorientdelta_original_decrease_results.csv,schema_05,raw_result_csv,edge_orient_vldb,Gplus,15,43,edge_file|n_header|n_used|attack_type|malicious_ratio|poison_prob|malicious_nodes|added_edges|removed_edges|clean_m_used|poisoned_m_used|clean_exact_triangles|poisoned_exact_triangles|load_seconds|clean_exact_seconds|poisoned_exact_seconds|epsilon|psi|workers|runs|run|noise|seed|split_factor|bias_factor|dmax_slack_multiplier|estimate|abs_error_vs_clean|relative_error_vs_clean|abs_error_vs_poisoned|relative_error_vs_poisoned|max_noisy_out_degree_before_slack|dmax_slack|max_noisy_out_degree|kcore_rounds_cap|kcore_rounds_run|kcore_max_threshold|levels_per_group|kcore_seconds|rr_seconds|maxout_seconds|count_seconds|total_seconds,6904,aa8b70ea03681082f0c3aa60cc140c9bc1d0ff62505c455be9d408cdb2fde543
data/raw_results/edge_orient_vldb/gplus/15pct_1edgeorientdelta_original_increase_results.csv,schema_05,raw_result_csv,edge_orient_vldb,Gplus,15,43,edge_file|n_header|n_used|attack_type|malicious_ratio|poison_prob|malicious_nodes|added_edges|removed_edges|clean_m_used|poisoned_m_used|clean_exact_triangles|poisoned_exact_triangles|load_seconds|clean_exact_seconds|poisoned_exact_seconds|epsilon|psi|workers|runs|run|noise|seed|split_factor|bias_factor|dmax_slack_multiplier|estimate|abs_error_vs_clean|relative_error_vs_clean|abs_error_vs_poisoned|relative_error_vs_poisoned|max_noisy_out_degree_before_slack|dmax_slack|max_noisy_out_degree|kcore_rounds_cap|kcore_rounds_run|kcore_max_threshold|levels_per_group|kcore_seconds|rr_seconds|maxout_seconds|count_seconds|total_seconds,7082,f87364b44406864796237094409808f841faaad9fc87f5c72b94655c6ecb2aad
data/raw_results/edge_orient_vldb/gplus/18pct_1edgeorientdelta_original_decrease_results.csv,schema_05,raw_result_csv,edge_orient_vldb,Gplus,15,43,edge_file|n_header|n_used|attack_type|malicious_ratio|poison_prob|malicious_nodes|added_edges|removed_edges|clean_m_used|poisoned_m_used|clean_exact_triangles|poisoned_exact_triangles|load_seconds|clean_exact_seconds|poisoned_exact_seconds|epsilon|psi|workers|runs|run|noise|seed|split_factor|bias_factor|dmax_slack_multiplier|estimate|abs_error_vs_clean|relative_error_vs_clean|abs_error_vs_poisoned|relative_error_vs_poisoned|max_noisy_out_degree_before_slack|dmax_slack|max_noisy_out_degree|kcore_rounds_cap|kcore_rounds_run|kcore_max_threshold|levels_per_group|kcore_seconds|rr_seconds|maxout_seconds|count_seconds|total_seconds,6908,c605bcffc0f6618d215f14d6cbfc0ea7e34ef3ee0d71beb1faa05a74f4e55caa
data/raw_results/edge_orient_vldb/gplus/18pct_1edgeorientdelta_original_increase_results.csv,schema_05,raw_result_csv,edge_orient_vldb,Gplus,15,43,edge_file|n_header|n_used|attack_type|malicious_ratio|poison_prob|malicious_nodes|added_edges|removed_edges|clean_m_used|poisoned_m_used|clean_exact_triangles|poisoned_exact_triangles|load_seconds|clean_exact_seconds|poisoned_exact_seconds|epsilon|psi|workers|runs|run|noise|seed|split_factor|bias_factor|dmax_slack_multiplier|estimate|abs_error_vs_clean|relative_error_vs_clean|abs_error_vs_poisoned|relative_error_vs_poisoned|max_noisy_out_degree_before_slack|dmax_slack|max_noisy_out_degree|kcore_rounds_cap|kcore_rounds_run|kcore_max_threshold|levels_per_group|kcore_seconds|rr_seconds|maxout_seconds|count_seconds|total_seconds,7132,d36587a67e5f1d64ec662827012afcc2f01f50d519476470400d81294c7e4647
data/raw_results/edge_orient_vldb/gplus/20pct_1edgeorientdelta_original_decrease_results.csv,schema_05,raw_result_csv,edge_orient_vldb,Gplus,15,43,edge_file|n_header|n_used|attack_type|malicious_ratio|poison_prob|malicious_nodes|added_edges|removed_edges|clean_m_used|poisoned_m_used|clean_exact_triangles|poisoned_exact_triangles|load_seconds|clean_exact_seconds|poisoned_exact_seconds|epsilon|psi|workers|runs|run|noise|seed|split_factor|bias_factor|dmax_slack_multiplier|estimate|abs_error_vs_clean|relative_error_vs_clean|abs_error_vs_poisoned|relative_error_vs_poisoned|max_noisy_out_degree_before_slack|dmax_slack|max_noisy_out_degree|kcore_rounds_cap|kcore_rounds_run|kcore_max_threshold|levels_per_group|kcore_seconds|rr_seconds|maxout_seconds|count_seconds|total_seconds,6906,d5efa865f767533332199ff51460da3dd29b0d8ac94a613a509e1f6a09b50d9a
data/raw_results/edge_orient_vldb/gplus/20pct_1edgeorientdelta_original_increase_results.csv,schema_05,raw_result_csv,edge_orient_vldb,Gplus,15,43,edge_file|n_header|n_used|attack_type|malicious_ratio|poison_prob|malicious_nodes|added_edges|removed_edges|clean_m_used|poisoned_m_used|clean_exact_triangles|poisoned_exact_triangles|load_seconds|clean_exact_seconds|poisoned_exact_seconds|epsilon|psi|workers|runs|run|noise|seed|split_factor|bias_factor|dmax_slack_multiplier|estimate|abs_error_vs_clean|relative_error_vs_clean|abs_error_vs_poisoned|relative_error_vs_poisoned|max_noisy_out_degree_before_slack|dmax_slack|max_noisy_out_degree|kcore_rounds_cap|kcore_rounds_run|kcore_max_threshold|levels_per_group|kcore_seconds|rr_seconds|maxout_seconds|count_seconds|total_seconds,7160,9d6dd0d25af3b6a38337fdf70059a633582491513645ee30b10c6bbc13305a14
data/raw_results/edge_orient_vldb/gplus/3pct_1edgeorientdelta_original_decrease_results.csv,schema_05,raw_result_csv,edge_orient_vldb,Gplus,15,43,edge_file|n_header|n_used|attack_type|malicious_ratio|poison_prob|malicious_nodes|added_edges|removed_edges|clean_m_used|poisoned_m_used|clean_exact_triangles|poisoned_exact_triangles|load_seconds|clean_exact_seconds|poisoned_exact_seconds|epsilon|psi|workers|runs|run|noise|seed|split_factor|bias_factor|dmax_slack_multiplier|estimate|abs_error_vs_clean|relative_error_vs_clean|abs_error_vs_poisoned|relative_error_vs_poisoned|max_noisy_out_degree_before_slack|dmax_slack|max_noisy_out_degree|kcore_rounds_cap|kcore_rounds_run|kcore_max_threshold|levels_per_group|kcore_seconds|rr_seconds|maxout_seconds|count_seconds|total_seconds,6848,26cd7a0886bf3f390376f07be1a92cdd4b98d7277f0ecaed35a27baa2af14f70
data/raw_results/edge_orient_vldb/gplus/3pct_1edgeorientdelta_original_increase_results.csv,schema_05,raw_result_csv,edge_orient_vldb,Gplus,15,43,edge_file|n_header|n_used|attack_type|malicious_ratio|poison_prob|malicious_nodes|added_edges|removed_edges|clean_m_used|poisoned_m_used|clean_exact_triangles|poisoned_exact_triangles|load_seconds|clean_exact_seconds|poisoned_exact_seconds|epsilon|psi|workers|runs|run|noise|seed|split_factor|bias_factor|dmax_slack_multiplier|estimate|abs_error_vs_clean|relative_error_vs_clean|abs_error_vs_poisoned|relative_error_vs_poisoned|max_noisy_out_degree_before_slack|dmax_slack|max_noisy_out_degree|kcore_rounds_cap|kcore_rounds_run|kcore_max_threshold|levels_per_group|kcore_seconds|rr_seconds|maxout_seconds|count_seconds|total_seconds,6894,6a6503c2eb6540d2662ba3f5cd7c52ed5dd1f94041c162150b0495e28579c274
data/raw_results/edge_orient_vldb/gplus/5pct_1edgeorientdelta_original_decrease_results.csv,schema_05,raw_result_csv,edge_orient_vldb,Gplus,15,43,edge_file|n_header|n_used|attack_type|malicious_ratio|poison_prob|malicious_nodes|added_edges|removed_edges|clean_m_used|poisoned_m_used|clean_exact_triangles|poisoned_exact_triangles|load_seconds|clean_exact_seconds|poisoned_exact_seconds|epsilon|psi|workers|runs|run|noise|seed|split_factor|bias_factor|dmax_slack_multiplier|estimate|abs_error_vs_clean|relative_error_vs_clean|abs_error_vs_poisoned|relative_error_vs_poisoned|max_noisy_out_degree_before_slack|dmax_slack|max_noisy_out_degree|kcore_rounds_cap|kcore_rounds_run|kcore_max_threshold|levels_per_group|kcore_seconds|rr_seconds|maxout_seconds|count_seconds|total_seconds,6883,3afb36ab7611f00a8be6ba23255ec9cf2cae5b1578cf438aafc61e83745472be
data/raw_results/edge_orient_vldb/gplus/5pct_1edgeorientdelta_original_increase_results.csv,schema_05,raw_result_csv,edge_orient_vldb,Gplus,15,43,edge_file|n_header|n_used|attack_type|malicious_ratio|poison_prob|malicious_nodes|added_edges|removed_edges|clean_m_used|poisoned_m_used|clean_exact_triangles|poisoned_exact_triangles|load_seconds|clean_exact_seconds|poisoned_exact_seconds|epsilon|psi|workers|runs|run|noise|seed|split_factor|bias_factor|dmax_slack_multiplier|estimate|abs_error_vs_clean|relative_error_vs_clean|abs_error_vs_poisoned|relative_error_vs_poisoned|max_noisy_out_degree_before_slack|dmax_slack|max_noisy_out_degree|kcore_rounds_cap|kcore_rounds_run|kcore_max_threshold|levels_per_group|kcore_seconds|rr_seconds|maxout_seconds|count_seconds|total_seconds,6939,7e63967b9f793606bbf3c26de6dc1c21c5141fe8768c97fd22f0e107e6c3c219
data/raw_results/edge_orient_vldb/gplus/8pct_1edgeorientdelta_original_decrease_results.csv,schema_05,raw_result_csv,edge_orient_vldb,Gplus,15,43,edge_file|n_header|n_used|attack_type|malicious_ratio|poison_prob|malicious_nodes|added_edges|removed_edges|clean_m_used|poisoned_m_used|clean_exact_triangles|poisoned_exact_triangles|load_seconds|clean_exact_seconds|poisoned_exact_seconds|epsilon|psi|workers|runs|run|noise|seed|split_factor|bias_factor|dmax_slack_multiplier|estimate|abs_error_vs_clean|relative_error_vs_clean|abs_error_vs_poisoned|relative_error_vs_poisoned|max_noisy_out_degree_before_slack|dmax_slack|max_noisy_out_degree|kcore_rounds_cap|kcore_rounds_run|kcore_max_threshold|levels_per_group|kcore_seconds|rr_seconds|maxout_seconds|count_seconds|total_seconds,6868,3876fad1c8e7ea3bc0e353b9077246dd97a48ee00d40ec7cec5b6d335c647bdb
data/raw_results/edge_orient_vldb/gplus/8pct_1edgeorientdelta_original_increase_results.csv,schema_05,raw_result_csv,edge_orient_vldb,Gplus,15,43,edge_file|n_header|n_used|attack_type|malicious_ratio|poison_prob|malicious_nodes|added_edges|removed_edges|clean_m_used|poisoned_m_used|clean_exact_triangles|poisoned_exact_triangles|load_seconds|clean_exact_seconds|poisoned_exact_seconds|epsilon|psi|workers|runs|run|noise|seed|split_factor|bias_factor|dmax_slack_multiplier|estimate|abs_error_vs_clean|relative_error_vs_clean|abs_error_vs_poisoned|relative_error_vs_poisoned|max_noisy_out_degree_before_slack|dmax_slack|max_noisy_out_degree|kcore_rounds_cap|kcore_rounds_run|kcore_max_threshold|levels_per_group|kcore_seconds|rr_seconds|maxout_seconds|count_seconds|total_seconds,6981,cddf7d5c2e2e393445ba8b196920387952beb7e3f9d41e7e20ce65a4845b0264
data/raw_results/edge_orient_vldb/gplus/edgeorientdelta_laplaceattack_decrease_fixed_n10000_eps0p5_1p0_2p0_p0p025_0p275_0p15_prob1p0_val1.csv,schema_06,raw_result_csv,edge_orient_vldb,Gplus,45,40,edge_file|n_header|n_used|m_used|exact_triangles|load_seconds|exact_seconds|epsilon|psi|workers|runs|run|noise|seed|laplace_attack_direction|laplace_attack_mode|malicious_ratio|poison_prob|malicious_selector|attack_value|malicious_nodes|laplace_attack_candidates|laplace_attack_reports|laplace_noise_scale|laplace_total_offset|laplace_abs_total_offset|malicious_local_pre_laplace_sum|estimate|abs_error|relative_error|max_noisy_out_degree|kcore_rounds_cap|kcore_rounds_run|kcore_max_threshold|levels_per_group|kcore_seconds|rr_seconds|maxout_seconds|count_seconds|total_seconds,17984,2f821a6eb20786d70af5467656d90ac613aa2e5f475a9ac7ce13ce884f7c7d77
data/raw_results/edge_orient_vldb/gplus/edgeorientdelta_laplaceattack_decrease_fixed_n10000_eps0p5_1p0_2p0_p0p05_0p10_0p20_prob1p0_val1.csv,schema_06,raw_result_csv,edge_orient_vldb,Gplus,45,40,edge_file|n_header|n_used|m_used|exact_triangles|load_seconds|exact_seconds|epsilon|psi|workers|runs|run|noise|seed|laplace_attack_direction|laplace_attack_mode|malicious_ratio|poison_prob|malicious_selector|attack_value|malicious_nodes|laplace_attack_candidates|laplace_attack_reports|laplace_noise_scale|laplace_total_offset|laplace_abs_total_offset|malicious_local_pre_laplace_sum|estimate|abs_error|relative_error|max_noisy_out_degree|kcore_rounds_cap|kcore_rounds_run|kcore_max_threshold|levels_per_group|kcore_seconds|rr_seconds|maxout_seconds|count_seconds|total_seconds,17954,30b02b6bc4f4aac24c3fa314c769eee0346638897285084d84a0ac8fcf4f6560
data/raw_results/edge_orient_vldb/gplus/edgeorientdelta_laplaceattack_decrease_fixed_n10000_eps0p5_1p0_2p0_p0p125_0p075_0p175_prob1p0_val1.csv,schema_06,raw_result_csv,edge_orient_vldb,Gplus,45,40,edge_file|n_header|n_used|m_used|exact_triangles|load_seconds|exact_seconds|epsilon|psi|workers|runs|run|noise|seed|laplace_attack_direction|laplace_attack_mode|malicious_ratio|poison_prob|malicious_selector|attack_value|malicious_nodes|laplace_attack_candidates|laplace_attack_reports|laplace_noise_scale|laplace_total_offset|laplace_abs_total_offset|malicious_local_pre_laplace_sum|estimate|abs_error|relative_error|max_noisy_out_degree|kcore_rounds_cap|kcore_rounds_run|kcore_max_threshold|levels_per_group|kcore_seconds|rr_seconds|maxout_seconds|count_seconds|total_seconds,17976,174fdd2611bc4285b4fdc042bd4936b0d69e9a889549d179a5952e039acb9ca0
data/raw_results/edge_orient_vldb/gplus/edgeorientdelta_laplaceattack_decrease_local_n10000_eps0p5_1p0_2p0_p0p025_0p275_0p15_prob1p0_val1.csv,schema_06,raw_result_csv,edge_orient_vldb,Gplus,45,40,edge_file|n_header|n_used|m_used|exact_triangles|load_seconds|exact_seconds|epsilon|psi|workers|runs|run|noise|seed|laplace_attack_direction|laplace_attack_mode|malicious_ratio|poison_prob|malicious_selector|attack_value|malicious_nodes|laplace_attack_candidates|laplace_attack_reports|laplace_noise_scale|laplace_total_offset|laplace_abs_total_offset|malicious_local_pre_laplace_sum|estimate|abs_error|relative_error|max_noisy_out_degree|kcore_rounds_cap|kcore_rounds_run|kcore_max_threshold|levels_per_group|kcore_seconds|rr_seconds|maxout_seconds|count_seconds|total_seconds,18395,71e56b076d7e86c14c35580a9999dc310bcb75bac11b445e87a2e3d43c4d78a3
data/raw_results/edge_orient_vldb/gplus/edgeorientdelta_laplaceattack_decrease_local_n10000_eps0p5_1p0_2p0_p0p05_0p10_0p20_prob1p0_val1.csv,schema_06,raw_result_csv,edge_orient_vldb,Gplus,45,40,edge_file|n_header|n_used|m_used|exact_triangles|load_seconds|exact_seconds|epsilon|psi|workers|runs|run|noise|seed|laplace_attack_direction|laplace_attack_mode|malicious_ratio|poison_prob|malicious_selector|attack_value|malicious_nodes|laplace_attack_candidates|laplace_attack_reports|laplace_noise_scale|laplace_total_offset|laplace_abs_total_offset|malicious_local_pre_laplace_sum|estimate|abs_error|relative_error|max_noisy_out_degree|kcore_rounds_cap|kcore_rounds_run|kcore_max_threshold|levels_per_group|kcore_seconds|rr_seconds|maxout_seconds|count_seconds|total_seconds,18341,5771042fdabf388a619f0f60be18c81936e34fce3cedc9d80851460d92b40659
data/raw_results/edge_orient_vldb/gplus/edgeorientdelta_laplaceattack_decrease_local_n10000_eps0p5_1p0_2p0_p0p125_0p075_0p175_prob1p0_val1.csv,schema_06,raw_result_csv,edge_orient_vldb,Gplus,45,40,edge_file|n_header|n_used|m_used|exact_triangles|load_seconds|exact_seconds|epsilon|psi|workers|runs|run|noise|seed|laplace_attack_direction|laplace_attack_mode|malicious_ratio|poison_prob|malicious_selector|attack_value|malicious_nodes|laplace_attack_candidates|laplace_attack_reports|laplace_noise_scale|laplace_total_offset|laplace_abs_total_offset|malicious_local_pre_laplace_sum|estimate|abs_error|relative_error|max_noisy_out_degree|kcore_rounds_cap|kcore_rounds_run|kcore_max_threshold|levels_per_group|kcore_seconds|rr_seconds|maxout_seconds|count_seconds|total_seconds,18413,998fcd87b394a900dcc68c82a9c4b4a0379e20faeb8896b82ad944bf30e052b3
data/raw_results/edge_orient_vldb/gplus/edgeorientdelta_laplaceattack_decrease_scale_n10000_eps0p5_1p0_2p0_p0p025_0p275_0p15_prob1p0_val1.csv,schema_06,raw_result_csv,edge_orient_vldb,Gplus,45,40,edge_file|n_header|n_used|m_used|exact_triangles|load_seconds|exact_seconds|epsilon|psi|workers|runs|run|noise|seed|laplace_attack_direction|laplace_attack_mode|malicious_ratio|poison_prob|malicious_selector|attack_value|malicious_nodes|laplace_attack_candidates|laplace_attack_reports|laplace_noise_scale|laplace_total_offset|laplace_abs_total_offset|malicious_local_pre_laplace_sum|estimate|abs_error|relative_error|max_noisy_out_degree|kcore_rounds_cap|kcore_rounds_run|kcore_max_threshold|levels_per_group|kcore_seconds|rr_seconds|maxout_seconds|count_seconds|total_seconds,18316,6d7f452bcdfcd514022e8d2139539877bccf95d1edd5827bd3e9ef9f3c5efbad
data/raw_results/edge_orient_vldb/gplus/edgeorientdelta_laplaceattack_decrease_scale_n10000_eps0p5_1p0_2p0_p0p05_0p10_0p20_prob1p0_val1.csv,schema_06,raw_result_csv,edge_orient_vldb,Gplus,45,40,edge_file|n_header|n_used|m_used|exact_triangles|load_seconds|exact_seconds|epsilon|psi|workers|runs|run|noise|seed|laplace_attack_direction|laplace_attack_mode|malicious_ratio|poison_prob|malicious_selector|attack_value|malicious_nodes|laplace_attack_candidates|laplace_attack_reports|laplace_noise_scale|laplace_total_offset|laplace_abs_total_offset|malicious_local_pre_laplace_sum|estimate|abs_error|relative_error|max_noisy_out_degree|kcore_rounds_cap|kcore_rounds_run|kcore_max_threshold|levels_per_group|kcore_seconds|rr_seconds|maxout_seconds|count_seconds|total_seconds,18294,910d423b29f52df1ded51a93a997f4741d16530f10b4738d2a362f2e7d132f7c
data/raw_results/edge_orient_vldb/gplus/edgeorientdelta_laplaceattack_decrease_scale_n10000_eps0p5_1p0_2p0_p0p125_0p075_0p175_prob1p0_val1.csv,schema_06,raw_result_csv,edge_orient_vldb,Gplus,45,40,edge_file|n_header|n_used|m_used|exact_triangles|load_seconds|exact_seconds|epsilon|psi|workers|runs|run|noise|seed|laplace_attack_direction|laplace_attack_mode|malicious_ratio|poison_prob|malicious_selector|attack_value|malicious_nodes|laplace_attack_candidates|laplace_attack_reports|laplace_noise_scale|laplace_total_offset|laplace_abs_total_offset|malicious_local_pre_laplace_sum|estimate|abs_error|relative_error|max_noisy_out_degree|kcore_rounds_cap|kcore_rounds_run|kcore_max_threshold|levels_per_group|kcore_seconds|rr_seconds|maxout_seconds|count_seconds|total_seconds,18337,4ce2406554215bcb81357c4950c72339cd6915acce47c3981df1fb62d482b41f
data/raw_results/edge_orient_vldb/gplus/edgeorientdelta_laplaceattack_increase_fixed_n10000_eps0p5_1p0_2p0_p0p025_0p275_0p15_prob1p0_val1.csv,schema_06,raw_result_csv,edge_orient_vldb,Gplus,45,40,edge_file|n_header|n_used|m_used|exact_triangles|load_seconds|exact_seconds|epsilon|psi|workers|runs|run|noise|seed|laplace_attack_direction|laplace_attack_mode|malicious_ratio|poison_prob|malicious_selector|attack_value|malicious_nodes|laplace_attack_candidates|laplace_attack_reports|laplace_noise_scale|laplace_total_offset|laplace_abs_total_offset|malicious_local_pre_laplace_sum|estimate|abs_error|relative_error|max_noisy_out_degree|kcore_rounds_cap|kcore_rounds_run|kcore_max_threshold|levels_per_group|kcore_seconds|rr_seconds|maxout_seconds|count_seconds|total_seconds,17939,fa41047cd797697ed8132730235c622814d0e5145d04728d46587f7b8f92f1bf
data/raw_results/edge_orient_vldb/gplus/edgeorientdelta_laplaceattack_increase_fixed_n10000_eps0p5_1p0_2p0_p0p05_0p10_0p20_prob1p0_val1.csv,schema_06,raw_result_csv,edge_orient_vldb,Gplus,45,40,edge_file|n_header|n_used|m_used|exact_triangles|load_seconds|exact_seconds|epsilon|psi|workers|runs|run|noise|seed|laplace_attack_direction|laplace_attack_mode|malicious_ratio|poison_prob|malicious_selector|attack_value|malicious_nodes|laplace_attack_candidates|laplace_attack_reports|laplace_noise_scale|laplace_total_offset|laplace_abs_total_offset|malicious_local_pre_laplace_sum|estimate|abs_error|relative_error|max_noisy_out_degree|kcore_rounds_cap|kcore_rounds_run|kcore_max_threshold|levels_per_group|kcore_seconds|rr_seconds|maxout_seconds|count_seconds|total_seconds,17909,887b999132b3ca35f503b7496e85c9c55cccef0c46851e1225f8593b6d9ea6e8
data/raw_results/edge_orient_vldb/gplus/edgeorientdelta_laplaceattack_increase_fixed_n10000_eps0p5_1p0_2p0_p0p125_0p075_0p175_prob1p0_val1.csv,schema_06,raw_result_csv,edge_orient_vldb,Gplus,45,40,edge_file|n_header|n_used|m_used|exact_triangles|load_seconds|exact_seconds|epsilon|psi|workers|runs|run|noise|seed|laplace_attack_direction|laplace_attack_mode|malicious_ratio|poison_prob|malicious_selector|attack_value|malicious_nodes|laplace_attack_candidates|laplace_attack_reports|laplace_noise_scale|laplace_total_offset|laplace_abs_total_offset|malicious_local_pre_laplace_sum|estimate|abs_error|relative_error|max_noisy_out_degree|kcore_rounds_cap|kcore_rounds_run|kcore_max_threshold|levels_per_group|kcore_seconds|rr_seconds|maxout_seconds|count_seconds|total_seconds,17930,ace54da4b7e8cc8d6764d8ef7869d2bb5486dc2aba20ed31c25fa5ec87045808
data/raw_results/edge_orient_vldb/gplus/edgeorientdelta_laplaceattack_increase_local_n10000_eps0p5_1p0_2p0_p0p025_0p275_0p15_prob1p0_val1.csv,schema_06,raw_result_csv,edge_orient_vldb,Gplus,45,40,edge_file|n_header|n_used|m_used|exact_triangles|load_seconds|exact_seconds|epsilon|psi|workers|runs|run|noise|seed|laplace_attack_direction|laplace_attack_mode|malicious_ratio|poison_prob|malicious_selector|attack_value|malicious_nodes|laplace_attack_candidates|laplace_attack_reports|laplace_noise_scale|laplace_total_offset|laplace_abs_total_offset|malicious_local_pre_laplace_sum|estimate|abs_error|relative_error|max_noisy_out_degree|kcore_rounds_cap|kcore_rounds_run|kcore_max_threshold|levels_per_group|kcore_seconds|rr_seconds|maxout_seconds|count_seconds|total_seconds,18366,6678e079cac0088d9f49b60a887b57e32679b5a2a87b3c0a6fba33a1cb8513e6
data/raw_results/edge_orient_vldb/gplus/edgeorientdelta_laplaceattack_increase_local_n10000_eps0p5_1p0_2p0_p0p05_0p10_0p20_prob1p0_val1.csv,schema_06,raw_result_csv,edge_orient_vldb,Gplus,45,40,edge_file|n_header|n_used|m_used|exact_triangles|load_seconds|exact_seconds|epsilon|psi|workers|runs|run|noise|seed|laplace_attack_direction|laplace_attack_mode|malicious_ratio|poison_prob|malicious_selector|attack_value|malicious_nodes|laplace_attack_candidates|laplace_attack_reports|laplace_noise_scale|laplace_total_offset|laplace_abs_total_offset|malicious_local_pre_laplace_sum|estimate|abs_error|relative_error|max_noisy_out_degree|kcore_rounds_cap|kcore_rounds_run|kcore_max_threshold|levels_per_group|kcore_seconds|rr_seconds|maxout_seconds|count_seconds|total_seconds,18295,9d28baecf52e1241d2708758ee2f4afb2f9a0f2351786d13a845e1fa93e3c66e
data/raw_results/edge_orient_vldb/gplus/edgeorientdelta_laplaceattack_increase_local_n10000_eps0p5_1p0_2p0_p0p125_0p075_0p175_prob1p0_val1.csv,schema_06,raw_result_csv,edge_orient_vldb,Gplus,45,40,edge_file|n_header|n_used|m_used|exact_triangles|load_seconds|exact_seconds|epsilon|psi|workers|runs|run|noise|seed|laplace_attack_direction|laplace_attack_mode|malicious_ratio|poison_prob|malicious_selector|attack_value|malicious_nodes|laplace_attack_candidates|laplace_attack_reports|laplace_noise_scale|laplace_total_offset|laplace_abs_total_offset|malicious_local_pre_laplace_sum|estimate|abs_error|relative_error|max_noisy_out_degree|kcore_rounds_cap|kcore_rounds_run|kcore_max_threshold|levels_per_group|kcore_seconds|rr_seconds|maxout_seconds|count_seconds|total_seconds,18367,94ee3d755c6661a2188ffc89d647d4aff1c709ec3b7d75ba4e88732da8ba02c9
data/raw_results/edge_orient_vldb/gplus/edgeorientdelta_laplaceattack_increase_scale_n10000_eps0p5_1p0_2p0_p0p025_0p275_0p15_prob1p0_val1.csv,schema_06,raw_result_csv,edge_orient_vldb,Gplus,45,40,edge_file|n_header|n_used|m_used|exact_triangles|load_seconds|exact_seconds|epsilon|psi|workers|runs|run|noise|seed|laplace_attack_direction|laplace_attack_mode|malicious_ratio|poison_prob|malicious_selector|attack_value|malicious_nodes|laplace_attack_candidates|laplace_attack_reports|laplace_noise_scale|laplace_total_offset|laplace_abs_total_offset|malicious_local_pre_laplace_sum|estimate|abs_error|relative_error|max_noisy_out_degree|kcore_rounds_cap|kcore_rounds_run|kcore_max_threshold|levels_per_group|kcore_seconds|rr_seconds|maxout_seconds|count_seconds|total_seconds,18272,f8e02fcf95815b87cb7505fa0e36db6cfb96e94f19549c91c51d3a0dadce4eab
data/raw_results/edge_orient_vldb/gplus/edgeorientdelta_laplaceattack_increase_scale_n10000_eps0p5_1p0_2p0_p0p05_0p10_0p20_prob1p0_val1.csv,schema_06,raw_result_csv,edge_orient_vldb,Gplus,45,40,edge_file|n_header|n_used|m_used|exact_triangles|load_seconds|exact_seconds|epsilon|psi|workers|runs|run|noise|seed|laplace_attack_direction|laplace_attack_mode|malicious_ratio|poison_prob|malicious_selector|attack_value|malicious_nodes|laplace_attack_candidates|laplace_attack_reports|laplace_noise_scale|laplace_total_offset|laplace_abs_total_offset|malicious_local_pre_laplace_sum|estimate|abs_error|relative_error|max_noisy_out_degree|kcore_rounds_cap|kcore_rounds_run|kcore_max_threshold|levels_per_group|kcore_seconds|rr_seconds|maxout_seconds|count_seconds|total_seconds,18249,5c403e1b5edf4e1d1f1443ed7c535658a87ee41b3bbcdea6074ca9c3efde52b5
data/raw_results/edge_orient_vldb/gplus/edgeorientdelta_laplaceattack_increase_scale_n10000_eps0p5_1p0_2p0_p0p125_0p075_0p175_prob1p0_val1.csv,schema_06,raw_result_csv,edge_orient_vldb,Gplus,45,40,edge_file|n_header|n_used|m_used|exact_triangles|load_seconds|exact_seconds|epsilon|psi|workers|runs|run|noise|seed|laplace_attack_direction|laplace_attack_mode|malicious_ratio|poison_prob|malicious_selector|attack_value|malicious_nodes|laplace_attack_candidates|laplace_attack_reports|laplace_noise_scale|laplace_total_offset|laplace_abs_total_offset|malicious_local_pre_laplace_sum|estimate|abs_error|relative_error|max_noisy_out_degree|kcore_rounds_cap|kcore_rounds_run|kcore_max_threshold|levels_per_group|kcore_seconds|rr_seconds|maxout_seconds|count_seconds|total_seconds,18292,f3c65b8169ca8ea67a3e3d4ed7e0be0d4c92cb6d371828f4c31bf93193fa28d1
data/raw_results/edge_orient_vldb/imdb/13pct_1edgeorientdelta_original_decrease_results.csv,schema_05,raw_result_csv,edge_orient_vldb,IMDB,15,43,edge_file|n_header|n_used|attack_type|malicious_ratio|poison_prob|malicious_nodes|added_edges|removed_edges|clean_m_used|poisoned_m_used|clean_exact_triangles|poisoned_exact_triangles|load_seconds|clean_exact_seconds|poisoned_exact_seconds|epsilon|psi|workers|runs|run|noise|seed|split_factor|bias_factor|dmax_slack_multiplier|estimate|abs_error_vs_clean|relative_error_vs_clean|abs_error_vs_poisoned|relative_error_vs_poisoned|max_noisy_out_degree_before_slack|dmax_slack|max_noisy_out_degree|kcore_rounds_cap|kcore_rounds_run|kcore_max_threshold|levels_per_group|kcore_seconds|rr_seconds|maxout_seconds|count_seconds|total_seconds,6636,a290ca7b4ae06b976e3eb202ed780bb3f5e7829d2e9349b993dad9b96f83f74e
data/raw_results/edge_orient_vldb/imdb/13pct_1edgeorientdelta_original_increase_results.csv,schema_05,raw_result_csv,edge_orient_vldb,IMDB,15,43,edge_file|n_header|n_used|attack_type|malicious_ratio|poison_prob|malicious_nodes|added_edges|removed_edges|clean_m_used|poisoned_m_used|clean_exact_triangles|poisoned_exact_triangles|load_seconds|clean_exact_seconds|poisoned_exact_seconds|epsilon|psi|workers|runs|run|noise|seed|split_factor|bias_factor|dmax_slack_multiplier|estimate|abs_error_vs_clean|relative_error_vs_clean|abs_error_vs_poisoned|relative_error_vs_poisoned|max_noisy_out_degree_before_slack|dmax_slack|max_noisy_out_degree|kcore_rounds_cap|kcore_rounds_run|kcore_max_threshold|levels_per_group|kcore_seconds|rr_seconds|maxout_seconds|count_seconds|total_seconds,6988,00fb866c2206dbe7b96eddd6815eb97483c2810cd72a2ecd4889a7bc36887cb9
data/raw_results/edge_orient_vldb/imdb/15pct_1edgeorientdelta_original_decrease_results.csv,schema_05,raw_result_csv,edge_orient_vldb,IMDB,15,43,edge_file|n_header|n_used|attack_type|malicious_ratio|poison_prob|malicious_nodes|added_edges|removed_edges|clean_m_used|poisoned_m_used|clean_exact_triangles|poisoned_exact_triangles|load_seconds|clean_exact_seconds|poisoned_exact_seconds|epsilon|psi|workers|runs|run|noise|seed|split_factor|bias_factor|dmax_slack_multiplier|estimate|abs_error_vs_clean|relative_error_vs_clean|abs_error_vs_poisoned|relative_error_vs_poisoned|max_noisy_out_degree_before_slack|dmax_slack|max_noisy_out_degree|kcore_rounds_cap|kcore_rounds_run|kcore_max_threshold|levels_per_group|kcore_seconds|rr_seconds|maxout_seconds|count_seconds|total_seconds,6636,8305929d33f3f98b8364e75a7a2baef8aff2e4b6591f564561e87a19daa26c7d
data/raw_results/edge_orient_vldb/imdb/15pct_1edgeorientdelta_original_increase_results.csv,schema_05,raw_result_csv,edge_orient_vldb,IMDB,15,43,edge_file|n_header|n_used|attack_type|malicious_ratio|poison_prob|malicious_nodes|added_edges|removed_edges|clean_m_used|poisoned_m_used|clean_exact_triangles|poisoned_exact_triangles|load_seconds|clean_exact_seconds|poisoned_exact_seconds|epsilon|psi|workers|runs|run|noise|seed|split_factor|bias_factor|dmax_slack_multiplier|estimate|abs_error_vs_clean|relative_error_vs_clean|abs_error_vs_poisoned|relative_error_vs_poisoned|max_noisy_out_degree_before_slack|dmax_slack|max_noisy_out_degree|kcore_rounds_cap|kcore_rounds_run|kcore_max_threshold|levels_per_group|kcore_seconds|rr_seconds|maxout_seconds|count_seconds|total_seconds,7022,3175fc03b650da897242cd2bfe77eb6699860022b425d4aa9e1bb46ff8bbfbc8
data/raw_results/edge_orient_vldb/imdb/18pct_1edgeorientdelta_original_decrease_results.csv,schema_05,raw_result_csv,edge_orient_vldb,IMDB,15,43,edge_file|n_header|n_used|attack_type|malicious_ratio|poison_prob|malicious_nodes|added_edges|removed_edges|clean_m_used|poisoned_m_used|clean_exact_triangles|poisoned_exact_triangles|load_seconds|clean_exact_seconds|poisoned_exact_seconds|epsilon|psi|workers|runs|run|noise|seed|split_factor|bias_factor|dmax_slack_multiplier|estimate|abs_error_vs_clean|relative_error_vs_clean|abs_error_vs_poisoned|relative_error_vs_poisoned|max_noisy_out_degree_before_slack|dmax_slack|max_noisy_out_degree|kcore_rounds_cap|kcore_rounds_run|kcore_max_threshold|levels_per_group|kcore_seconds|rr_seconds|maxout_seconds|count_seconds|total_seconds,6635,f12ba08da9a6121431638f998ea7373cb8a2c1df4bee833e25f1ddf64e236b1a
data/raw_results/edge_orient_vldb/imdb/18pct_1edgeorientdelta_original_increase_results.csv,schema_05,raw_result_csv,edge_orient_vldb,IMDB,15,43,edge_file|n_header|n_used|attack_type|malicious_ratio|poison_prob|malicious_nodes|added_edges|removed_edges|clean_m_used|poisoned_m_used|clean_exact_triangles|poisoned_exact_triangles|load_seconds|clean_exact_seconds|poisoned_exact_seconds|epsilon|psi|workers|runs|run|noise|seed|split_factor|bias_factor|dmax_slack_multiplier|estimate|abs_error_vs_clean|relative_error_vs_clean|abs_error_vs_poisoned|relative_error_vs_poisoned|max_noisy_out_degree_before_slack|dmax_slack|max_noisy_out_degree|kcore_rounds_cap|kcore_rounds_run|kcore_max_threshold|levels_per_group|kcore_seconds|rr_seconds|maxout_seconds|count_seconds|total_seconds,7082,a23ed00fa187667a057728e89b5bd145a7c33712b057c78a2c83e42f54f4e4fb
data/raw_results/edge_orient_vldb/imdb/20pct_1edgeorientdelta_original_decrease_results.csv,schema_05,raw_result_csv,edge_orient_vldb,IMDB,15,43,edge_file|n_header|n_used|attack_type|malicious_ratio|poison_prob|malicious_nodes|added_edges|removed_edges|clean_m_used|poisoned_m_used|clean_exact_triangles|poisoned_exact_triangles|load_seconds|clean_exact_seconds|poisoned_exact_seconds|epsilon|psi|workers|runs|run|noise|seed|split_factor|bias_factor|dmax_slack_multiplier|estimate|abs_error_vs_clean|relative_error_vs_clean|abs_error_vs_poisoned|relative_error_vs_poisoned|max_noisy_out_degree_before_slack|dmax_slack|max_noisy_out_degree|kcore_rounds_cap|kcore_rounds_run|kcore_max_threshold|levels_per_group|kcore_seconds|rr_seconds|maxout_seconds|count_seconds|total_seconds,6634,0e947a4cdc84db8b1ae11a7925a6a1dd998436e6fee0e2b18fde3f4b0633e14a
data/raw_results/edge_orient_vldb/imdb/20pct_1edgeorientdelta_original_increase_results.csv,schema_05,raw_result_csv,edge_orient_vldb,IMDB,15,43,edge_file|n_header|n_used|attack_type|malicious_ratio|poison_prob|malicious_nodes|added_edges|removed_edges|clean_m_used|poisoned_m_used|clean_exact_triangles|poisoned_exact_triangles|load_seconds|clean_exact_seconds|poisoned_exact_seconds|epsilon|psi|workers|runs|run|noise|seed|split_factor|bias_factor|dmax_slack_multiplier|estimate|abs_error_vs_clean|relative_error_vs_clean|abs_error_vs_poisoned|relative_error_vs_poisoned|max_noisy_out_degree_before_slack|dmax_slack|max_noisy_out_degree|kcore_rounds_cap|kcore_rounds_run|kcore_max_threshold|levels_per_group|kcore_seconds|rr_seconds|maxout_seconds|count_seconds|total_seconds,7116,6febe057037d9c404c424fce4d5b5b349ba721d6b946d33f7035857a6d7730b4
data/raw_results/edge_orient_vldb/imdb/3pct_1edgeorientdelta_original_decrease_results.csv,schema_05,raw_result_csv,edge_orient_vldb,IMDB,15,43,edge_file|n_header|n_used|attack_type|malicious_ratio|poison_prob|malicious_nodes|added_edges|removed_edges|clean_m_used|poisoned_m_used|clean_exact_triangles|poisoned_exact_triangles|load_seconds|clean_exact_seconds|poisoned_exact_seconds|epsilon|psi|workers|runs|run|noise|seed|split_factor|bias_factor|dmax_slack_multiplier|estimate|abs_error_vs_clean|relative_error_vs_clean|abs_error_vs_poisoned|relative_error_vs_poisoned|max_noisy_out_degree_before_slack|dmax_slack|max_noisy_out_degree|kcore_rounds_cap|kcore_rounds_run|kcore_max_threshold|levels_per_group|kcore_seconds|rr_seconds|maxout_seconds|count_seconds|total_seconds,6591,baca40f7057e830d0cc62cef70296a4d93e5d3ea9a41081b2b17eec12dfa76af
data/raw_results/edge_orient_vldb/imdb/3pct_1edgeorientdelta_original_increase_results.csv,schema_05,raw_result_csv,edge_orient_vldb,IMDB,15,43,edge_file|n_header|n_used|attack_type|malicious_ratio|poison_prob|malicious_nodes|added_edges|removed_edges|clean_m_used|poisoned_m_used|clean_exact_triangles|poisoned_exact_triangles|load_seconds|clean_exact_seconds|poisoned_exact_seconds|epsilon|psi|workers|runs|run|noise|seed|split_factor|bias_factor|dmax_slack_multiplier|estimate|abs_error_vs_clean|relative_error_vs_clean|abs_error_vs_poisoned|relative_error_vs_poisoned|max_noisy_out_degree_before_slack|dmax_slack|max_noisy_out_degree|kcore_rounds_cap|kcore_rounds_run|kcore_max_threshold|levels_per_group|kcore_seconds|rr_seconds|maxout_seconds|count_seconds|total_seconds,6785,ae9580907a95c7363f0aa9fb1ade4841fc34e156b5f72f77db2fd088b9d10cce
data/raw_results/edge_orient_vldb/imdb/5pct_1edgeorientdelta_original_decrease_results.csv,schema_05,raw_result_csv,edge_orient_vldb,IMDB,15,43,edge_file|n_header|n_used|attack_type|malicious_ratio|poison_prob|malicious_nodes|added_edges|removed_edges|clean_m_used|poisoned_m_used|clean_exact_triangles|poisoned_exact_triangles|load_seconds|clean_exact_seconds|poisoned_exact_seconds|epsilon|psi|workers|runs|run|noise|seed|split_factor|bias_factor|dmax_slack_multiplier|estimate|abs_error_vs_clean|relative_error_vs_clean|abs_error_vs_poisoned|relative_error_vs_poisoned|max_noisy_out_degree_before_slack|dmax_slack|max_noisy_out_degree|kcore_rounds_cap|kcore_rounds_run|kcore_max_threshold|levels_per_group|kcore_seconds|rr_seconds|maxout_seconds|count_seconds|total_seconds,6606,a60ac8fff14c519cca92d465c0e1a94eb655a1d02c9c5a36453833bc47027943
data/raw_results/edge_orient_vldb/imdb/5pct_1edgeorientdelta_original_increase_results.csv,schema_05,raw_result_csv,edge_orient_vldb,IMDB,15,43,edge_file|n_header|n_used|attack_type|malicious_ratio|poison_prob|malicious_nodes|added_edges|removed_edges|clean_m_used|poisoned_m_used|clean_exact_triangles|poisoned_exact_triangles|load_seconds|clean_exact_seconds|poisoned_exact_seconds|epsilon|psi|workers|runs|run|noise|seed|split_factor|bias_factor|dmax_slack_multiplier|estimate|abs_error_vs_clean|relative_error_vs_clean|abs_error_vs_poisoned|relative_error_vs_poisoned|max_noisy_out_degree_before_slack|dmax_slack|max_noisy_out_degree|kcore_rounds_cap|kcore_rounds_run|kcore_max_threshold|levels_per_group|kcore_seconds|rr_seconds|maxout_seconds|count_seconds|total_seconds,6877,06f758db999fdb0ac587e9453caedf3d20b65409c338ea9bc826fe9c3f3f6859
data/raw_results/edge_orient_vldb/imdb/8pct_1edgeorientdelta_original_decrease_results.csv,schema_05,raw_result_csv,edge_orient_vldb,IMDB,15,43,edge_file|n_header|n_used|attack_type|malicious_ratio|poison_prob|malicious_nodes|added_edges|removed_edges|clean_m_used|poisoned_m_used|clean_exact_triangles|poisoned_exact_triangles|load_seconds|clean_exact_seconds|poisoned_exact_seconds|epsilon|psi|workers|runs|run|noise|seed|split_factor|bias_factor|dmax_slack_multiplier|estimate|abs_error_vs_clean|relative_error_vs_clean|abs_error_vs_poisoned|relative_error_vs_poisoned|max_noisy_out_degree_before_slack|dmax_slack|max_noisy_out_degree|kcore_rounds_cap|kcore_rounds_run|kcore_max_threshold|levels_per_group|kcore_seconds|rr_seconds|maxout_seconds|count_seconds|total_seconds,6606,30ddde93c6ee3ad1b4c22c59ded29483889d293d0a1059699da04dd8c540cfd2
data/raw_results/edge_orient_vldb/imdb/8pct_1edgeorientdelta_original_increase_results.csv,schema_05,raw_result_csv,edge_orient_vldb,IMDB,15,43,edge_file|n_header|n_used|attack_type|malicious_ratio|poison_prob|malicious_nodes|added_edges|removed_edges|clean_m_used|poisoned_m_used|clean_exact_triangles|poisoned_exact_triangles|load_seconds|clean_exact_seconds|poisoned_exact_seconds|epsilon|psi|workers|runs|run|noise|seed|split_factor|bias_factor|dmax_slack_multiplier|estimate|abs_error_vs_clean|relative_error_vs_clean|abs_error_vs_poisoned|relative_error_vs_poisoned|max_noisy_out_degree_before_slack|dmax_slack|max_noisy_out_degree|kcore_rounds_cap|kcore_rounds_run|kcore_max_threshold|levels_per_group|kcore_seconds|rr_seconds|maxout_seconds|count_seconds|total_seconds,6897,c1276409305b448341848fe6071bfd2aab118b3e1d225d71a804072234fe2529
data/raw_results/edge_orient_vldb/imdb/edgeorientdelta_laplaceattack_decrease_fixed_n10000_eps0p5_1p0_2p0_p0p025_0p275_0p15_prob1p0_val1.csv,schema_06,raw_result_csv,edge_orient_vldb,IMDB,45,40,edge_file|n_header|n_used|m_used|exact_triangles|load_seconds|exact_seconds|epsilon|psi|workers|runs|run|noise|seed|laplace_attack_direction|laplace_attack_mode|malicious_ratio|poison_prob|malicious_selector|attack_value|malicious_nodes|laplace_attack_candidates|laplace_attack_reports|laplace_noise_scale|laplace_total_offset|laplace_abs_total_offset|malicious_local_pre_laplace_sum|estimate|abs_error|relative_error|max_noisy_out_degree|kcore_rounds_cap|kcore_rounds_run|kcore_max_threshold|levels_per_group|kcore_seconds|rr_seconds|maxout_seconds|count_seconds|total_seconds,17250,be9964ca6021ded6458c03ee074d6b0af68da67d5ba3d7bf7f71c9ad231355a6
data/raw_results/edge_orient_vldb/imdb/edgeorientdelta_laplaceattack_decrease_fixed_n10000_eps0p5_1p0_2p0_p0p05_0p10_0p20_prob1p0_val1.csv,schema_06,raw_result_csv,edge_orient_vldb,IMDB,45,40,edge_file|n_header|n_used|m_used|exact_triangles|load_seconds|exact_seconds|epsilon|psi|workers|runs|run|noise|seed|laplace_attack_direction|laplace_attack_mode|malicious_ratio|poison_prob|malicious_selector|attack_value|malicious_nodes|laplace_attack_candidates|laplace_attack_reports|laplace_noise_scale|laplace_total_offset|laplace_abs_total_offset|malicious_local_pre_laplace_sum|estimate|abs_error|relative_error|max_noisy_out_degree|kcore_rounds_cap|kcore_rounds_run|kcore_max_threshold|levels_per_group|kcore_seconds|rr_seconds|maxout_seconds|count_seconds|total_seconds,17316,5ef848c8e314c68c74db635e6ad30c51c70aa3e32b226c61c5721ae6f08b1adc
data/raw_results/edge_orient_vldb/imdb/edgeorientdelta_laplaceattack_decrease_fixed_n10000_eps0p5_1p0_2p0_p0p125_0p075_0p175_prob1p0_val1.csv,schema_06,raw_result_csv,edge_orient_vldb,IMDB,45,40,edge_file|n_header|n_used|m_used|exact_triangles|load_seconds|exact_seconds|epsilon|psi|workers|runs|run|noise|seed|laplace_attack_direction|laplace_attack_mode|malicious_ratio|poison_prob|malicious_selector|attack_value|malicious_nodes|laplace_attack_candidates|laplace_attack_reports|laplace_noise_scale|laplace_total_offset|laplace_abs_total_offset|malicious_local_pre_laplace_sum|estimate|abs_error|relative_error|max_noisy_out_degree|kcore_rounds_cap|kcore_rounds_run|kcore_max_threshold|levels_per_group|kcore_seconds|rr_seconds|maxout_seconds|count_seconds|total_seconds,17285,6a2ca6cf5d38440dbe862ec520227b5f4b38d346d87d9b0b4d44609d38d28150
data/raw_results/edge_orient_vldb/imdb/edgeorientdelta_laplaceattack_decrease_local_n10000_eps0p5_1p0_2p0_p0p025_0p275_0p15_prob1p0_val1.csv,schema_06,raw_result_csv,edge_orient_vldb,IMDB,45,40,edge_file|n_header|n_used|m_used|exact_triangles|load_seconds|exact_seconds|epsilon|psi|workers|runs|run|noise|seed|laplace_attack_direction|laplace_attack_mode|malicious_ratio|poison_prob|malicious_selector|attack_value|malicious_nodes|laplace_attack_candidates|laplace_attack_reports|laplace_noise_scale|laplace_total_offset|laplace_abs_total_offset|malicious_local_pre_laplace_sum|estimate|abs_error|relative_error|max_noisy_out_degree|kcore_rounds_cap|kcore_rounds_run|kcore_max_threshold|levels_per_group|kcore_seconds|rr_seconds|maxout_seconds|count_seconds|total_seconds,17356,922915f8aa302a44c2fd45c4cf20c7fe34c0b16d835111bb5d4cce664415fb19
data/raw_results/edge_orient_vldb/imdb/edgeorientdelta_laplaceattack_decrease_local_n10000_eps0p5_1p0_2p0_p0p05_0p10_0p20_prob1p0_val1.csv,schema_06,raw_result_csv,edge_orient_vldb,IMDB,45,40,edge_file|n_header|n_used|m_used|exact_triangles|load_seconds|exact_seconds|epsilon|psi|workers|runs|run|noise|seed|laplace_attack_direction|laplace_attack_mode|malicious_ratio|poison_prob|malicious_selector|attack_value|malicious_nodes|laplace_attack_candidates|laplace_attack_reports|laplace_noise_scale|laplace_total_offset|laplace_abs_total_offset|malicious_local_pre_laplace_sum|estimate|abs_error|relative_error|max_noisy_out_degree|kcore_rounds_cap|kcore_rounds_run|kcore_max_threshold|levels_per_group|kcore_seconds|rr_seconds|maxout_seconds|count_seconds|total_seconds,17413,ce19ad275160c35c5d9a46c9414256268295d689c1cb4865a4ff9d6857768f9f
data/raw_results/edge_orient_vldb/imdb/edgeorientdelta_laplaceattack_decrease_local_n10000_eps0p5_1p0_2p0_p0p125_0p075_0p175_prob1p0_val1.csv,schema_06,raw_result_csv,edge_orient_vldb,IMDB,45,40,edge_file|n_header|n_used|m_used|exact_triangles|load_seconds|exact_seconds|epsilon|psi|workers|runs|run|noise|seed|laplace_attack_direction|laplace_attack_mode|malicious_ratio|poison_prob|malicious_selector|attack_value|malicious_nodes|laplace_attack_candidates|laplace_attack_reports|laplace_noise_scale|laplace_total_offset|laplace_abs_total_offset|malicious_local_pre_laplace_sum|estimate|abs_error|relative_error|max_noisy_out_degree|kcore_rounds_cap|kcore_rounds_run|kcore_max_threshold|levels_per_group|kcore_seconds|rr_seconds|maxout_seconds|count_seconds|total_seconds,17396,2909f899ebdd5fd4b3aa4cdd65896ba23df7c85cbd9ce3e8b322e8b3df7a5f0a
data/raw_results/edge_orient_vldb/imdb/edgeorientdelta_laplaceattack_decrease_scale_n10000_eps0p5_1p0_2p0_p0p025_0p275_0p15_prob1p0_val1.csv,schema_06,raw_result_csv,edge_orient_vldb,IMDB,45,40,edge_file|n_header|n_used|m_used|exact_triangles|load_seconds|exact_seconds|epsilon|psi|workers|runs|run|noise|seed|laplace_attack_direction|laplace_attack_mode|malicious_ratio|poison_prob|malicious_selector|attack_value|malicious_nodes|laplace_attack_candidates|laplace_attack_reports|laplace_noise_scale|laplace_total_offset|laplace_abs_total_offset|malicious_local_pre_laplace_sum|estimate|abs_error|relative_error|max_noisy_out_degree|kcore_rounds_cap|kcore_rounds_run|kcore_max_threshold|levels_per_group|kcore_seconds|rr_seconds|maxout_seconds|count_seconds|total_seconds,17673,d670606ed4082393de2604cffd59edbd67a2566f4073325b3e83f7885d687f4a
data/raw_results/edge_orient_vldb/imdb/edgeorientdelta_laplaceattack_decrease_scale_n10000_eps0p5_1p0_2p0_p0p05_0p10_0p20_prob1p0_val1.csv,schema_06,raw_result_csv,edge_orient_vldb,IMDB,45,40,edge_file|n_header|n_used|m_used|exact_triangles|load_seconds|exact_seconds|epsilon|psi|workers|runs|run|noise|seed|laplace_attack_direction|laplace_attack_mode|malicious_ratio|poison_prob|malicious_selector|attack_value|malicious_nodes|laplace_attack_candidates|laplace_attack_reports|laplace_noise_scale|laplace_total_offset|laplace_abs_total_offset|malicious_local_pre_laplace_sum|estimate|abs_error|relative_error|max_noisy_out_degree|kcore_rounds_cap|kcore_rounds_run|kcore_max_threshold|levels_per_group|kcore_seconds|rr_seconds|maxout_seconds|count_seconds|total_seconds,17678,7b57c1ccf8660f6869281dadccbcc5614f1c87db2b51510115d85801692ad3c5
data/raw_results/edge_orient_vldb/imdb/edgeorientdelta_laplaceattack_decrease_scale_n10000_eps0p5_1p0_2p0_p0p125_0p075_0p175_prob1p0_val1.csv,schema_06,raw_result_csv,edge_orient_vldb,IMDB,45,40,edge_file|n_header|n_used|m_used|exact_triangles|load_seconds|exact_seconds|epsilon|psi|workers|runs|run|noise|seed|laplace_attack_direction|laplace_attack_mode|malicious_ratio|poison_prob|malicious_selector|attack_value|malicious_nodes|laplace_attack_candidates|laplace_attack_reports|laplace_noise_scale|laplace_total_offset|laplace_abs_total_offset|malicious_local_pre_laplace_sum|estimate|abs_error|relative_error|max_noisy_out_degree|kcore_rounds_cap|kcore_rounds_run|kcore_max_threshold|levels_per_group|kcore_seconds|rr_seconds|maxout_seconds|count_seconds|total_seconds,17653,d80e07ad4490f35c4d1d59eeb10d2d374a07ff27453811f6bc274a1f6a2c21b8
data/raw_results/edge_orient_vldb/imdb/edgeorientdelta_laplaceattack_increase_fixed_n10000_eps0p5_1p0_2p0_p0p025_0p275_0p15_prob1p0_val1.csv,schema_06,raw_result_csv,edge_orient_vldb,IMDB,45,40,edge_file|n_header|n_used|m_used|exact_triangles|load_seconds|exact_seconds|epsilon|psi|workers|runs|run|noise|seed|laplace_attack_direction|laplace_attack_mode|malicious_ratio|poison_prob|malicious_selector|attack_value|malicious_nodes|laplace_attack_candidates|laplace_attack_reports|laplace_noise_scale|laplace_total_offset|laplace_abs_total_offset|malicious_local_pre_laplace_sum|estimate|abs_error|relative_error|max_noisy_out_degree|kcore_rounds_cap|kcore_rounds_run|kcore_max_threshold|levels_per_group|kcore_seconds|rr_seconds|maxout_seconds|count_seconds|total_seconds,17254,b157b4aaf1deb223bbb6543ee9d4bf1a87f157a539ec474fecd847a1aadb7f43
data/raw_results/edge_orient_vldb/imdb/edgeorientdelta_laplaceattack_increase_fixed_n10000_eps0p5_1p0_2p0_p0p05_0p10_0p20_prob1p0_val1.csv,schema_06,raw_result_csv,edge_orient_vldb,IMDB,45,40,edge_file|n_header|n_used|m_used|exact_triangles|load_seconds|exact_seconds|epsilon|psi|workers|runs|run|noise|seed|laplace_attack_direction|laplace_attack_mode|malicious_ratio|poison_prob|malicious_selector|attack_value|malicious_nodes|laplace_attack_candidates|laplace_attack_reports|laplace_noise_scale|laplace_total_offset|laplace_abs_total_offset|malicious_local_pre_laplace_sum|estimate|abs_error|relative_error|max_noisy_out_degree|kcore_rounds_cap|kcore_rounds_run|kcore_max_threshold|levels_per_group|kcore_seconds|rr_seconds|maxout_seconds|count_seconds|total_seconds,17269,0aee20125d6b91d256c11e6758b55fa210cfac366bfd079246363bc60eeb6d97
data/raw_results/edge_orient_vldb/imdb/edgeorientdelta_laplaceattack_increase_fixed_n10000_eps0p5_1p0_2p0_p0p125_0p075_0p175_prob1p0_val1.csv,schema_06,raw_result_csv,edge_orient_vldb,IMDB,45,40,edge_file|n_header|n_used|m_used|exact_triangles|load_seconds|exact_seconds|epsilon|psi|workers|runs|run|noise|seed|laplace_attack_direction|laplace_attack_mode|malicious_ratio|poison_prob|malicious_selector|attack_value|malicious_nodes|laplace_attack_candidates|laplace_attack_reports|laplace_noise_scale|laplace_total_offset|laplace_abs_total_offset|malicious_local_pre_laplace_sum|estimate|abs_error|relative_error|max_noisy_out_degree|kcore_rounds_cap|kcore_rounds_run|kcore_max_threshold|levels_per_group|kcore_seconds|rr_seconds|maxout_seconds|count_seconds|total_seconds,17240,5df096dfc08e5857ab54b819b44369e23a9feb79f50777bf22a95eb2210a0dfe
data/raw_results/edge_orient_vldb/imdb/edgeorientdelta_laplaceattack_increase_local_n10000_eps0p5_1p0_2p0_p0p025_0p275_0p15_prob1p0_val1.csv,schema_06,raw_result_csv,edge_orient_vldb,IMDB,45,40,edge_file|n_header|n_used|m_used|exact_triangles|load_seconds|exact_seconds|epsilon|psi|workers|runs|run|noise|seed|laplace_attack_direction|laplace_attack_mode|malicious_ratio|poison_prob|malicious_selector|attack_value|malicious_nodes|laplace_attack_candidates|laplace_attack_reports|laplace_noise_scale|laplace_total_offset|laplace_abs_total_offset|malicious_local_pre_laplace_sum|estimate|abs_error|relative_error|max_noisy_out_degree|kcore_rounds_cap|kcore_rounds_run|kcore_max_threshold|levels_per_group|kcore_seconds|rr_seconds|maxout_seconds|count_seconds|total_seconds,17312,90e153fe5a7676b66a16f9a2ef36666f6ee09dd2b022b8992f7a65ea9be6bfc6
data/raw_results/edge_orient_vldb/imdb/edgeorientdelta_laplaceattack_increase_local_n10000_eps0p5_1p0_2p0_p0p05_0p10_0p20_prob1p0_val1.csv,schema_06,raw_result_csv,edge_orient_vldb,IMDB,45,40,edge_file|n_header|n_used|m_used|exact_triangles|load_seconds|exact_seconds|epsilon|psi|workers|runs|run|noise|seed|laplace_attack_direction|laplace_attack_mode|malicious_ratio|poison_prob|malicious_selector|attack_value|malicious_nodes|laplace_attack_candidates|laplace_attack_reports|laplace_noise_scale|laplace_total_offset|laplace_abs_total_offset|malicious_local_pre_laplace_sum|estimate|abs_error|relative_error|max_noisy_out_degree|kcore_rounds_cap|kcore_rounds_run|kcore_max_threshold|levels_per_group|kcore_seconds|rr_seconds|maxout_seconds|count_seconds|total_seconds,17365,3f12618b980c17f9b3001af788c2568ae9f0b05d8d608e2f8d4d9286cbcf7828
data/raw_results/edge_orient_vldb/imdb/edgeorientdelta_laplaceattack_increase_local_n10000_eps0p5_1p0_2p0_p0p125_0p075_0p175_prob1p0_val1.csv,schema_06,raw_result_csv,edge_orient_vldb,IMDB,45,40,edge_file|n_header|n_used|m_used|exact_triangles|load_seconds|exact_seconds|epsilon|psi|workers|runs|run|noise|seed|laplace_attack_direction|laplace_attack_mode|malicious_ratio|poison_prob|malicious_selector|attack_value|malicious_nodes|laplace_attack_candidates|laplace_attack_reports|laplace_noise_scale|laplace_total_offset|laplace_abs_total_offset|malicious_local_pre_laplace_sum|estimate|abs_error|relative_error|max_noisy_out_degree|kcore_rounds_cap|kcore_rounds_run|kcore_max_threshold|levels_per_group|kcore_seconds|rr_seconds|maxout_seconds|count_seconds|total_seconds,17343,b3954067b0072fa8dc3b0401c109476b9a05bf7ad7c1bdb4d424193712b2b1dc
data/raw_results/edge_orient_vldb/imdb/edgeorientdelta_laplaceattack_increase_scale_n10000_eps0p5_1p0_2p0_p0p025_0p275_0p15_prob1p0_val1.csv,schema_06,raw_result_csv,edge_orient_vldb,IMDB,45,40,edge_file|n_header|n_used|m_used|exact_triangles|load_seconds|exact_seconds|epsilon|psi|workers|runs|run|noise|seed|laplace_attack_direction|laplace_attack_mode|malicious_ratio|poison_prob|malicious_selector|attack_value|malicious_nodes|laplace_attack_candidates|laplace_attack_reports|laplace_noise_scale|laplace_total_offset|laplace_abs_total_offset|malicious_local_pre_laplace_sum|estimate|abs_error|relative_error|max_noisy_out_degree|kcore_rounds_cap|kcore_rounds_run|kcore_max_threshold|levels_per_group|kcore_seconds|rr_seconds|maxout_seconds|count_seconds|total_seconds,17590,036b1f55395bd88b06c6879ec162218b063fb15813b2d744dacef5f892b81e4f
data/raw_results/edge_orient_vldb/imdb/edgeorientdelta_laplaceattack_increase_scale_n10000_eps0p5_1p0_2p0_p0p05_0p10_0p20_prob1p0_val1.csv,schema_06,raw_result_csv,edge_orient_vldb,IMDB,45,40,edge_file|n_header|n_used|m_used|exact_triangles|load_seconds|exact_seconds|epsilon|psi|workers|runs|run|noise|seed|laplace_attack_direction|laplace_attack_mode|malicious_ratio|poison_prob|malicious_selector|attack_value|malicious_nodes|laplace_attack_candidates|laplace_attack_reports|laplace_noise_scale|laplace_total_offset|laplace_abs_total_offset|malicious_local_pre_laplace_sum|estimate|abs_error|relative_error|max_noisy_out_degree|kcore_rounds_cap|kcore_rounds_run|kcore_max_threshold|levels_per_group|kcore_seconds|rr_seconds|maxout_seconds|count_seconds|total_seconds,17593,20f52487429b21fa0af9581ed87b353203fe4d91412fd8659f2a26afeb251496
data/raw_results/edge_orient_vldb/imdb/edgeorientdelta_laplaceattack_increase_scale_n10000_eps0p5_1p0_2p0_p0p125_0p075_0p175_prob1p0_val1.csv,schema_06,raw_result_csv,edge_orient_vldb,IMDB,45,40,edge_file|n_header|n_used|m_used|exact_triangles|load_seconds|exact_seconds|epsilon|psi|workers|runs|run|noise|seed|laplace_attack_direction|laplace_attack_mode|malicious_ratio|poison_prob|malicious_selector|attack_value|malicious_nodes|laplace_attack_candidates|laplace_attack_reports|laplace_noise_scale|laplace_total_offset|laplace_abs_total_offset|malicious_local_pre_laplace_sum|estimate|abs_error|relative_error|max_noisy_out_degree|kcore_rounds_cap|kcore_rounds_run|kcore_max_threshold|levels_per_group|kcore_seconds|rr_seconds|maxout_seconds|count_seconds|total_seconds,17613,a18d0ca931464115f5bf2ef566285019f838241c1d88d5d33fe0095466cadbea
data/raw_results/edge_orient_vldb/results_edgeorient_rr_strict/gplus_edgeorient_rr_clean.csv,schema_07,raw_result_csv,edge_orient_vldb,Gplus,15,37,edge_file|n_header|n_used|m_used|exact_triangles|load_seconds|exact_seconds|epsilon|psi|workers|runs|run|noise|seed|rr_attack_direction|malicious_ratio|poison_prob|malicious_selector|malicious_nodes|rr_attack_candidates|rr_attack_reports|rr_attack_set_to_one|rr_attack_set_to_zero|count_laplace_noise_scale|estimate|abs_error|relative_error|max_noisy_out_degree|kcore_rounds_cap|kcore_rounds_run|kcore_max_threshold|levels_per_group|kcore_seconds|rr_seconds|maxout_seconds|count_seconds|total_seconds,5095,c38b06f49e978cdba5d61ef791fe7b9e018352d7e44fdc16db36af06903cca61
data/raw_results/edge_orient_vldb/results_edgeorient_rr_strict/gplus_edgeorient_rr_decrease.csv,schema_07,raw_result_csv,edge_orient_vldb,Gplus,120,37,edge_file|n_header|n_used|m_used|exact_triangles|load_seconds|exact_seconds|epsilon|psi|workers|runs|run|noise|seed|rr_attack_direction|malicious_ratio|poison_prob|malicious_selector|malicious_nodes|rr_attack_candidates|rr_attack_reports|rr_attack_set_to_one|rr_attack_set_to_zero|count_laplace_noise_scale|estimate|abs_error|relative_error|max_noisy_out_degree|kcore_rounds_cap|kcore_rounds_run|kcore_max_threshold|levels_per_group|kcore_seconds|rr_seconds|maxout_seconds|count_seconds|total_seconds,40549,46f68ceadb698060eb6ce9f2dea020a7b8f5dd05dfdce76bd25dba1390504aad
data/raw_results/edge_orient_vldb/results_edgeorient_rr_strict/gplus_edgeorient_rr_increase.csv,schema_07,raw_result_csv,edge_orient_vldb,Gplus,120,37,edge_file|n_header|n_used|m_used|exact_triangles|load_seconds|exact_seconds|epsilon|psi|workers|runs|run|noise|seed|rr_attack_direction|malicious_ratio|poison_prob|malicious_selector|malicious_nodes|rr_attack_candidates|rr_attack_reports|rr_attack_set_to_one|rr_attack_set_to_zero|count_laplace_noise_scale|estimate|abs_error|relative_error|max_noisy_out_degree|kcore_rounds_cap|kcore_rounds_run|kcore_max_threshold|levels_per_group|kcore_seconds|rr_seconds|maxout_seconds|count_seconds|total_seconds,40557,4dede33eec5988f72e07fc54deb6152804b08e7a27876443e568b8aba55ed9a6
data/raw_results/edge_orient_vldb/results_edgeorient_rr_strict/imdb_edgeorient_rr_clean.csv,schema_07,raw_result_csv,edge_orient_vldb,IMDB,15,37,edge_file|n_header|n_used|m_used|exact_triangles|load_seconds|exact_seconds|epsilon|psi|workers|runs|run|noise|seed|rr_attack_direction|malicious_ratio|poison_prob|malicious_selector|malicious_nodes|rr_attack_candidates|rr_attack_reports|rr_attack_set_to_one|rr_attack_set_to_zero|count_laplace_noise_scale|estimate|abs_error|relative_error|max_noisy_out_degree|kcore_rounds_cap|kcore_rounds_run|kcore_max_threshold|levels_per_group|kcore_seconds|rr_seconds|maxout_seconds|count_seconds|total_seconds,4956,f6a12fa6d9d986fbf778059e73487564e1d8f3692c0bfab25e33639462c67b06
data/raw_results/edge_orient_vldb/results_edgeorient_rr_strict/imdb_edgeorient_rr_decrease.csv,schema_07,raw_result_csv,edge_orient_vldb,IMDB,120,37,edge_file|n_header|n_used|m_used|exact_triangles|load_seconds|exact_seconds|epsilon|psi|workers|runs|run|noise|seed|rr_attack_direction|malicious_ratio|poison_prob|malicious_selector|malicious_nodes|rr_attack_candidates|rr_attack_reports|rr_attack_set_to_one|rr_attack_set_to_zero|count_laplace_noise_scale|estimate|abs_error|relative_error|max_noisy_out_degree|kcore_rounds_cap|kcore_rounds_run|kcore_max_threshold|levels_per_group|kcore_seconds|rr_seconds|maxout_seconds|count_seconds|total_seconds,39615,08904f226eb5c01a93e810074dcff0333ef9bdd716fc214470b63d04bc66f428
data/raw_results/edge_orient_vldb/results_edgeorient_rr_strict/imdb_edgeorient_rr_increase.csv,schema_07,raw_result_csv,edge_orient_vldb,IMDB,120,37,edge_file|n_header|n_used|m_used|exact_triangles|load_seconds|exact_seconds|epsilon|psi|workers|runs|run|noise|seed|rr_attack_direction|malicious_ratio|poison_prob|malicious_selector|malicious_nodes|rr_attack_candidates|rr_attack_reports|rr_attack_set_to_one|rr_attack_set_to_zero|count_laplace_noise_scale|estimate|abs_error|relative_error|max_noisy_out_degree|kcore_rounds_cap|kcore_rounds_run|kcore_max_threshold|levels_per_group|kcore_seconds|rr_seconds|maxout_seconds|count_seconds|total_seconds,39610,12a24f4b901a0aaa5c86b965931dba2de798124c9ccb81d4ec65914b75dda98b
data/raw_results/genshuffle_dp/results_ccs25_shuffle/summary.csv,schema_08,raw_result_csv,genshuffle_dp,,660,29,dataset|node_num|eps|eps_edge|eps_star|budget_mode|q|m|run|seed|attack_type|malicious_ratio|malicious_count|attack_strength|edge_count_before_attack|edge_count_after_attack|dmax_after_attack|added_edges|removed_edges|rr_forced_reports|selected_pair_count|clean_triangles|true_triangles_after_attack|estimate_triangle|raw_counted_three_times|rel_error_clean|signed_rel_clean|rel_error_attack_true|time_sec,168152,732a719b642e02b950b4bcaa254104c7fe8a87b10653d01562b230bb09cee7bf
data/raw_results/genshuffle_dp/results_ccs25_shuffle_rr_fixed/summary_rr_fixed.csv,schema_08,raw_result_csv,genshuffle_dp,,340,29,dataset|node_num|eps|eps_edge|eps_star|budget_mode|q|m|run|seed|attack_type|malicious_ratio|malicious_count|attack_strength|edge_count_before_attack|edge_count_after_attack|dmax_after_attack|added_edges|removed_edges|rr_forced_reports|selected_pair_count|clean_triangles|true_triangles_after_attack|estimate_triangle|raw_counted_three_times|rel_error_clean|signed_rel_clean|rel_error_attack_true|time_sec,85190,c25b53cba5363a48c7a52556853dad9988033adcbdedbaa93d4298f7f9dc31aa
data/raw_results/ldp/gplus/clean_baseline/res_n10000_alg2_eps1_0p001_ns0_cl0_ba1_1_itr10_1.csv,schema_09,raw_result_csv,ldp,Gplus,15,24,#tri(true)|#tri(est)|#tri(rel-err)|#tri(l2-loss)|#2st(true)|#2st(est)|#2st(rel-err)|#2st(l2-loss)|#3st(true)|#3st(est)|#3st(rel-err)|#3st(l2-loss)|clst(true)|clst(est)|clst(rel-err)|clst(l2-loss)|sen_tri|sen_2st|sen_3st|eclip_sum|tclip_sum|#eclip|#tclip|max_deg,3290,ba43263b1658d72aac8ba26d9e206902abaedf4264ad36574d6f442c3dbe31db
data/raw_results/ldp/gplus/clean_baseline/res_n10000_alg2_eps1_0p001_ns2_cl6_150_ba1_1_itr10_1.csv,schema_09,raw_result_csv,ldp,Gplus,15,24,#tri(true)|#tri(est)|#tri(rel-err)|#tri(l2-loss)|#2st(true)|#2st(est)|#2st(rel-err)|#2st(l2-loss)|#3st(true)|#3st(est)|#3st(rel-err)|#3st(l2-loss)|clst(true)|clst(est)|clst(rel-err)|clst(l2-loss)|sen_tri|sen_2st|sen_3st|eclip_sum|tclip_sum|#eclip|#tclip|max_deg,3256,d5341ae40b48e2b3c60a933e31b014ca6aabf2f546c552cfee1e071f0fb7b19b
data/raw_results/ldp/gplus/clean_baseline/res_n10000_alg3_eps1_0p001_ns0_cl0_ba1_1_itr10_1.csv,schema_09,raw_result_csv,ldp,Gplus,15,24,#tri(true)|#tri(est)|#tri(rel-err)|#tri(l2-loss)|#2st(true)|#2st(est)|#2st(rel-err)|#2st(l2-loss)|#3st(true)|#3st(est)|#3st(rel-err)|#3st(l2-loss)|clst(true)|clst(est)|clst(rel-err)|clst(l2-loss)|sen_tri|sen_2st|sen_3st|eclip_sum|tclip_sum|#eclip|#tclip|max_deg,3290,0a1f8c1aea893ecf7387d976f2f5de20797bfa052d9114843fc05f1d8c5dfdf5
data/raw_results/ldp/gplus/clean_baseline/res_n10000_alg3_eps1_0p001_ns2_cl6_150_ba1_1_itr10_1.csv,schema_09,raw_result_csv,ldp,Gplus,15,24,#tri(true)|#tri(est)|#tri(rel-err)|#tri(l2-loss)|#2st(true)|#2st(est)|#2st(rel-err)|#2st(l2-loss)|#3st(true)|#3st(est)|#3st(rel-err)|#3st(l2-loss)|clst(true)|clst(est)|clst(rel-err)|clst(l2-loss)|sen_tri|sen_2st|sen_3st|eclip_sum|tclip_sum|#eclip|#tclip|max_deg,3256,0ef427d2d60e87944ce960a80fce974deb0685ecce604d79d57e74125a6f3fb5
data/raw_results/ldp/gplus/clean_baseline/res_n10000_alg4_eps1_0p001_ns0_cl0_ba1_1_itr10_1.csv,schema_09,raw_result_csv,ldp,Gplus,15,24,#tri(true)|#tri(est)|#tri(rel-err)|#tri(l2-loss)|#2st(true)|#2st(est)|#2st(rel-err)|#2st(l2-loss)|#3st(true)|#3st(est)|#3st(rel-err)|#3st(l2-loss)|clst(true)|clst(est)|clst(rel-err)|clst(l2-loss)|sen_tri|sen_2st|sen_3st|eclip_sum|tclip_sum|#eclip|#tclip|max_deg,3290,2ff1c0d25fc8c815bd9c75a1283a67eedd4d7385f50748171406066689793ed6
data/raw_results/ldp/gplus/clean_baseline/res_n10000_alg4_eps1_0p001_ns2_cl6_150_ba1_1_itr10_1.csv,schema_09,raw_result_csv,ldp,Gplus,15,24,#tri(true)|#tri(est)|#tri(rel-err)|#tri(l2-loss)|#2st(true)|#2st(est)|#2st(rel-err)|#2st(l2-loss)|#3st(true)|#3st(est)|#3st(rel-err)|#3st(l2-loss)|clst(true)|clst(est)|clst(rel-err)|clst(l2-loss)|sen_tri|sen_2st|sen_3st|eclip_sum|tclip_sum|#eclip|#tclip|max_deg,3256,f1c68fa4d799bd595df02c0bd87365324722d3256dab968cca9107bc36a4a768
data/raw_results/ldp/gplus/original_decrease/10pctres_n10000_alg2_eps1_0p001_ns0_cl0_ba1_1_itr10_1.csv,schema_09,raw_result_csv,ldp,Gplus,15,24,#tri(true)|#tri(est)|#tri(rel-err)|#tri(l2-loss)|#2st(true)|#2st(est)|#2st(rel-err)|#2st(l2-loss)|#3st(true)|#3st(est)|#3st(rel-err)|#3st(l2-loss)|clst(true)|clst(est)|clst(rel-err)|clst(l2-loss)|sen_tri|sen_2st|sen_3st|eclip_sum|tclip_sum|#eclip|#tclip|max_deg,3290,c7a74f9bab2d5376e07364d6a1bec6b1ad837f5b9bc8e9390e6a24e4c73e9592
data/raw_results/ldp/gplus/original_decrease/10pctres_n10000_alg2_eps1_0p001_ns2_cl6_150_ba1_1_itr10_1.csv,schema_09,raw_result_csv,ldp,Gplus,15,24,#tri(true)|#tri(est)|#tri(rel-err)|#tri(l2-loss)|#2st(true)|#2st(est)|#2st(rel-err)|#2st(l2-loss)|#3st(true)|#3st(est)|#3st(rel-err)|#3st(l2-loss)|clst(true)|clst(est)|clst(rel-err)|clst(l2-loss)|sen_tri|sen_2st|sen_3st|eclip_sum|tclip_sum|#eclip|#tclip|max_deg,3256,028895a48a9047c7cb3f815b3e1eccede4c7103ab73256a5527c48f52176da69
data/raw_results/ldp/gplus/original_decrease/10pctres_n10000_alg3_eps1_0p001_ns0_cl0_ba1_1_itr10_1.csv,schema_09,raw_result_csv,ldp,Gplus,15,24,#tri(true)|#tri(est)|#tri(rel-err)|#tri(l2-loss)|#2st(true)|#2st(est)|#2st(rel-err)|#2st(l2-loss)|#3st(true)|#3st(est)|#3st(rel-err)|#3st(l2-loss)|clst(true)|clst(est)|clst(rel-err)|clst(l2-loss)|sen_tri|sen_2st|sen_3st|eclip_sum|tclip_sum|#eclip|#tclip|max_deg,3290,fb90b214198da1e9b3d8eb1aaf730a5894fe4b55c91f4faa9419b0888731c12e
data/raw_results/ldp/gplus/original_decrease/10pctres_n10000_alg3_eps1_0p001_ns2_cl6_150_ba1_1_itr10_1.csv,schema_09,raw_result_csv,ldp,Gplus,15,24,#tri(true)|#tri(est)|#tri(rel-err)|#tri(l2-loss)|#2st(true)|#2st(est)|#2st(rel-err)|#2st(l2-loss)|#3st(true)|#3st(est)|#3st(rel-err)|#3st(l2-loss)|clst(true)|clst(est)|clst(rel-err)|clst(l2-loss)|sen_tri|sen_2st|sen_3st|eclip_sum|tclip_sum|#eclip|#tclip|max_deg,3256,528bc31d5423bd413b39861178a79f86ec04e8c9d9a2758998b923fe7544a54a
data/raw_results/ldp/gplus/original_decrease/10pctres_n10000_alg4_eps1_0p001_ns0_cl0_ba1_1_itr10_1.csv,schema_09,raw_result_csv,ldp,Gplus,15,24,#tri(true)|#tri(est)|#tri(rel-err)|#tri(l2-loss)|#2st(true)|#2st(est)|#2st(rel-err)|#2st(l2-loss)|#3st(true)|#3st(est)|#3st(rel-err)|#3st(l2-loss)|clst(true)|clst(est)|clst(rel-err)|clst(l2-loss)|sen_tri|sen_2st|sen_3st|eclip_sum|tclip_sum|#eclip|#tclip|max_deg,3290,bf98b953ab43535ec31fa29983eeba43bd834af63ec1c8437db19479339bd438
data/raw_results/ldp/gplus/original_decrease/10pctres_n10000_alg4_eps1_0p001_ns2_cl6_150_ba1_1_itr10_1.csv,schema_09,raw_result_csv,ldp,Gplus,15,24,#tri(true)|#tri(est)|#tri(rel-err)|#tri(l2-loss)|#2st(true)|#2st(est)|#2st(rel-err)|#2st(l2-loss)|#3st(true)|#3st(est)|#3st(rel-err)|#3st(l2-loss)|clst(true)|clst(est)|clst(rel-err)|clst(l2-loss)|sen_tri|sen_2st|sen_3st|eclip_sum|tclip_sum|#eclip|#tclip|max_deg,3256,b6cf01c71bd275b7d8cf477ab6a00374194fb936b1b6468741769ca5c91376d9
data/raw_results/ldp/gplus/original_decrease/20pctres_n10000_alg2_eps1_0p001_ns0_cl0_ba1_1_itr10_1.csv,schema_09,raw_result_csv,ldp,Gplus,15,24,#tri(true)|#tri(est)|#tri(rel-err)|#tri(l2-loss)|#2st(true)|#2st(est)|#2st(rel-err)|#2st(l2-loss)|#3st(true)|#3st(est)|#3st(rel-err)|#3st(l2-loss)|clst(true)|clst(est)|clst(rel-err)|clst(l2-loss)|sen_tri|sen_2st|sen_3st|eclip_sum|tclip_sum|#eclip|#tclip|max_deg,3280,cf131cb5145d8ef4188c097012f414b183034252814ba0ff3073140bfdcbd0b2
data/raw_results/ldp/gplus/original_decrease/20pctres_n10000_alg2_eps1_0p001_ns2_cl6_150_ba1_1_itr10_1.csv,schema_09,raw_result_csv,ldp,Gplus,15,24,#tri(true)|#tri(est)|#tri(rel-err)|#tri(l2-loss)|#2st(true)|#2st(est)|#2st(rel-err)|#2st(l2-loss)|#3st(true)|#3st(est)|#3st(rel-err)|#3st(l2-loss)|clst(true)|clst(est)|clst(rel-err)|clst(l2-loss)|sen_tri|sen_2st|sen_3st|eclip_sum|tclip_sum|#eclip|#tclip|max_deg,3246,418ab1342235325c2f9571ec806cc0e4f5275032ccbeee7573013ae294fe8171
data/raw_results/ldp/gplus/original_decrease/20pctres_n10000_alg3_eps1_0p001_ns0_cl0_ba1_1_itr10_1.csv,schema_09,raw_result_csv,ldp,Gplus,15,24,#tri(true)|#tri(est)|#tri(rel-err)|#tri(l2-loss)|#2st(true)|#2st(est)|#2st(rel-err)|#2st(l2-loss)|#3st(true)|#3st(est)|#3st(rel-err)|#3st(l2-loss)|clst(true)|clst(est)|clst(rel-err)|clst(l2-loss)|sen_tri|sen_2st|sen_3st|eclip_sum|tclip_sum|#eclip|#tclip|max_deg,3280,a276eba97ce3752d4b0b0a7445717352b9a8be14b389d10eb5dad8825d35d714
data/raw_results/ldp/gplus/original_decrease/20pctres_n10000_alg3_eps1_0p001_ns2_cl6_150_ba1_1_itr10_1.csv,schema_09,raw_result_csv,ldp,Gplus,15,24,#tri(true)|#tri(est)|#tri(rel-err)|#tri(l2-loss)|#2st(true)|#2st(est)|#2st(rel-err)|#2st(l2-loss)|#3st(true)|#3st(est)|#3st(rel-err)|#3st(l2-loss)|clst(true)|clst(est)|clst(rel-err)|clst(l2-loss)|sen_tri|sen_2st|sen_3st|eclip_sum|tclip_sum|#eclip|#tclip|max_deg,3246,6cb546a3179f2f3026eb93affd2d4cb611b6e338e51fa70295637bd44c16d720
data/raw_results/ldp/gplus/original_decrease/20pctres_n10000_alg4_eps1_0p001_ns0_cl0_ba1_1_itr10_1.csv,schema_09,raw_result_csv,ldp,Gplus,15,24,#tri(true)|#tri(est)|#tri(rel-err)|#tri(l2-loss)|#2st(true)|#2st(est)|#2st(rel-err)|#2st(l2-loss)|#3st(true)|#3st(est)|#3st(rel-err)|#3st(l2-loss)|clst(true)|clst(est)|clst(rel-err)|clst(l2-loss)|sen_tri|sen_2st|sen_3st|eclip_sum|tclip_sum|#eclip|#tclip|max_deg,3280,6542dcf4b19c86f708901f17764cccb5b839e5ff26c19206f9e2a2ff2e908174
data/raw_results/ldp/gplus/original_decrease/20pctres_n10000_alg4_eps1_0p001_ns2_cl6_150_ba1_1_itr10_1.csv,schema_09,raw_result_csv,ldp,Gplus,15,24,#tri(true)|#tri(est)|#tri(rel-err)|#tri(l2-loss)|#2st(true)|#2st(est)|#2st(rel-err)|#2st(l2-loss)|#3st(true)|#3st(est)|#3st(rel-err)|#3st(l2-loss)|clst(true)|clst(est)|clst(rel-err)|clst(l2-loss)|sen_tri|sen_2st|sen_3st|eclip_sum|tclip_sum|#eclip|#tclip|max_deg,3246,40fd04b0409aa801db2741c97f3c82414684a5a66d57d65cfd7c50ab2e97738a
data/raw_results/ldp/gplus/original_decrease/5pctres_n10000_alg2_eps1_0p001_ns0_cl0_ba1_1_itr10_1.csv,schema_09,raw_result_csv,ldp,Gplus,15,24,#tri(true)|#tri(est)|#tri(rel-err)|#tri(l2-loss)|#2st(true)|#2st(est)|#2st(rel-err)|#2st(l2-loss)|#3st(true)|#3st(est)|#3st(rel-err)|#3st(l2-loss)|clst(true)|clst(est)|clst(rel-err)|clst(l2-loss)|sen_tri|sen_2st|sen_3st|eclip_sum|tclip_sum|#eclip|#tclip|max_deg,3290,1a571e559b4803976a10e065808038b3cdbfe57a126bdfead1f1e6f84bbcc0f1
data/raw_results/ldp/gplus/original_decrease/5pctres_n10000_alg2_eps1_0p001_ns2_cl6_150_ba1_1_itr10_1.csv,schema_09,raw_result_csv,ldp,Gplus,15,24,#tri(true)|#tri(est)|#tri(rel-err)|#tri(l2-loss)|#2st(true)|#2st(est)|#2st(rel-err)|#2st(l2-loss)|#3st(true)|#3st(est)|#3st(rel-err)|#3st(l2-loss)|clst(true)|clst(est)|clst(rel-err)|clst(l2-loss)|sen_tri|sen_2st|sen_3st|eclip_sum|tclip_sum|#eclip|#tclip|max_deg,3256,87677a03790c93e2bed2c4ca265b220f9ce02d56c90ec87a06840352e45dec27
data/raw_results/ldp/gplus/original_decrease/5pctres_n10000_alg3_eps1_0p001_ns0_cl0_ba1_1_itr10_1.csv,schema_09,raw_result_csv,ldp,Gplus,15,24,#tri(true)|#tri(est)|#tri(rel-err)|#tri(l2-loss)|#2st(true)|#2st(est)|#2st(rel-err)|#2st(l2-loss)|#3st(true)|#3st(est)|#3st(rel-err)|#3st(l2-loss)|clst(true)|clst(est)|clst(rel-err)|clst(l2-loss)|sen_tri|sen_2st|sen_3st|eclip_sum|tclip_sum|#eclip|#tclip|max_deg,3290,95a68509e07325fcf5fa317a45f0c3a88c74710c000fda3625c48f49f916f17f
data/raw_results/ldp/gplus/original_decrease/5pctres_n10000_alg3_eps1_0p001_ns2_cl6_150_ba1_1_itr10_1.csv,schema_09,raw_result_csv,ldp,Gplus,15,24,#tri(true)|#tri(est)|#tri(rel-err)|#tri(l2-loss)|#2st(true)|#2st(est)|#2st(rel-err)|#2st(l2-loss)|#3st(true)|#3st(est)|#3st(rel-err)|#3st(l2-loss)|clst(true)|clst(est)|clst(rel-err)|clst(l2-loss)|sen_tri|sen_2st|sen_3st|eclip_sum|tclip_sum|#eclip|#tclip|max_deg,3256,3234540c605a506c60f1efdf9aa29769cb5fb61306d1b2f0a7da7c3cc78bcf5a
data/raw_results/ldp/gplus/original_decrease/5pctres_n10000_alg4_eps1_0p001_ns0_cl0_ba1_1_itr10_1.csv,schema_09,raw_result_csv,ldp,Gplus,15,24,#tri(true)|#tri(est)|#tri(rel-err)|#tri(l2-loss)|#2st(true)|#2st(est)|#2st(rel-err)|#2st(l2-loss)|#3st(true)|#3st(est)|#3st(rel-err)|#3st(l2-loss)|clst(true)|clst(est)|clst(rel-err)|clst(l2-loss)|sen_tri|sen_2st|sen_3st|eclip_sum|tclip_sum|#eclip|#tclip|max_deg,3290,1a374ae08591e60845a9ec671868ebec82e69e9f972195d2da2dcc0765dfcd99
data/raw_results/ldp/gplus/original_decrease/5pctres_n10000_alg4_eps1_0p001_ns2_cl6_150_ba1_1_itr10_1.csv,schema_09,raw_result_csv,ldp,Gplus,15,24,#tri(true)|#tri(est)|#tri(rel-err)|#tri(l2-loss)|#2st(true)|#2st(est)|#2st(rel-err)|#2st(l2-loss)|#3st(true)|#3st(est)|#3st(rel-err)|#3st(l2-loss)|clst(true)|clst(est)|clst(rel-err)|clst(l2-loss)|sen_tri|sen_2st|sen_3st|eclip_sum|tclip_sum|#eclip|#tclip|max_deg,3256,9c554fc5564d2856d40c693a27047db2686cc4b8c7e43709fe7ed6c7be2be657
data/raw_results/ldp/gplus/post_rr_decrease/10pctres_n10000_alg2_eps1_0p001_ns0_cl0_ba1_1_itr10_1.csv,schema_09,raw_result_csv,ldp,Gplus,15,24,#tri(true)|#tri(est)|#tri(rel-err)|#tri(l2-loss)|#2st(true)|#2st(est)|#2st(rel-err)|#2st(l2-loss)|#3st(true)|#3st(est)|#3st(rel-err)|#3st(l2-loss)|clst(true)|clst(est)|clst(rel-err)|clst(l2-loss)|sen_tri|sen_2st|sen_3st|eclip_sum|tclip_sum|#eclip|#tclip|max_deg,3290,bf56c1fe27b3c25e72ea779e35d943a9ea9787f54a80cdefca92527a2ea32ef7
data/raw_results/ldp/gplus/post_rr_decrease/10pctres_n10000_alg2_eps1_0p001_ns2_cl6_150_ba1_1_itr10_1.csv,schema_09,raw_result_csv,ldp,Gplus,15,24,#tri(true)|#tri(est)|#tri(rel-err)|#tri(l2-loss)|#2st(true)|#2st(est)|#2st(rel-err)|#2st(l2-loss)|#3st(true)|#3st(est)|#3st(rel-err)|#3st(l2-loss)|clst(true)|clst(est)|clst(rel-err)|clst(l2-loss)|sen_tri|sen_2st|sen_3st|eclip_sum|tclip_sum|#eclip|#tclip|max_deg,3256,1b0043bba17da2120d84cff12bf5b15ef0560558dbd019d4ddab02211411e290
data/raw_results/ldp/gplus/post_rr_decrease/10pctres_n10000_alg3_eps1_0p001_ns0_cl0_ba1_1_itr10_1.csv,schema_09,raw_result_csv,ldp,Gplus,15,24,#tri(true)|#tri(est)|#tri(rel-err)|#tri(l2-loss)|#2st(true)|#2st(est)|#2st(rel-err)|#2st(l2-loss)|#3st(true)|#3st(est)|#3st(rel-err)|#3st(l2-loss)|clst(true)|clst(est)|clst(rel-err)|clst(l2-loss)|sen_tri|sen_2st|sen_3st|eclip_sum|tclip_sum|#eclip|#tclip|max_deg,3290,4a96cf439fb7d3d2ef65a56971b064ae23724310896941f4819805318f5ba9ef
data/raw_results/ldp/gplus/post_rr_decrease/10pctres_n10000_alg3_eps1_0p001_ns2_cl6_150_ba1_1_itr10_1.csv,schema_09,raw_result_csv,ldp,Gplus,15,24,#tri(true)|#tri(est)|#tri(rel-err)|#tri(l2-loss)|#2st(true)|#2st(est)|#2st(rel-err)|#2st(l2-loss)|#3st(true)|#3st(est)|#3st(rel-err)|#3st(l2-loss)|clst(true)|clst(est)|clst(rel-err)|clst(l2-loss)|sen_tri|sen_2st|sen_3st|eclip_sum|tclip_sum|#eclip|#tclip|max_deg,3256,c96e1f10e15e06121ce5d5c7cbcb0f1b6fca4b632367025f5bed5ca7e2b84d32
data/raw_results/ldp/gplus/post_rr_decrease/10pctres_n10000_alg4_eps1_0p001_ns0_cl0_ba1_1_itr10_1.csv,schema_09,raw_result_csv,ldp,Gplus,15,24,#tri(true)|#tri(est)|#tri(rel-err)|#tri(l2-loss)|#2st(true)|#2st(est)|#2st(rel-err)|#2st(l2-loss)|#3st(true)|#3st(est)|#3st(rel-err)|#3st(l2-loss)|clst(true)|clst(est)|clst(rel-err)|clst(l2-loss)|sen_tri|sen_2st|sen_3st|eclip_sum|tclip_sum|#eclip|#tclip|max_deg,3290,46ed215b548f012a887ac33bdde7af77cdcafff5ee13e4e70aa5c4c6ba476771
data/raw_results/ldp/gplus/post_rr_decrease/10pctres_n10000_alg4_eps1_0p001_ns2_cl6_150_ba1_1_itr10_1.csv,schema_09,raw_result_csv,ldp,Gplus,15,24,#tri(true)|#tri(est)|#tri(rel-err)|#tri(l2-loss)|#2st(true)|#2st(est)|#2st(rel-err)|#2st(l2-loss)|#3st(true)|#3st(est)|#3st(rel-err)|#3st(l2-loss)|clst(true)|clst(est)|clst(rel-err)|clst(l2-loss)|sen_tri|sen_2st|sen_3st|eclip_sum|tclip_sum|#eclip|#tclip|max_deg,3256,66376a7a898b587a54ab08d7a50ee760f9aeb9f1a4cef32ffb0bc81672c13364
data/raw_results/ldp/gplus/post_rr_decrease/20pctres_n10000_alg2_eps1_0p001_ns0_cl0_ba1_1_itr10_1.csv,schema_09,raw_result_csv,ldp,Gplus,15,24,#tri(true)|#tri(est)|#tri(rel-err)|#tri(l2-loss)|#2st(true)|#2st(est)|#2st(rel-err)|#2st(l2-loss)|#3st(true)|#3st(est)|#3st(rel-err)|#3st(l2-loss)|clst(true)|clst(est)|clst(rel-err)|clst(l2-loss)|sen_tri|sen_2st|sen_3st|eclip_sum|tclip_sum|#eclip|#tclip|max_deg,3290,85a620c84e3360d7b0ea901ad547057a7ce7c1b59660faa1a497e1feb4174055
data/raw_results/ldp/gplus/post_rr_decrease/20pctres_n10000_alg2_eps1_0p001_ns2_cl6_150_ba1_1_itr10_1.csv,schema_09,raw_result_csv,ldp,Gplus,15,24,#tri(true)|#tri(est)|#tri(rel-err)|#tri(l2-loss)|#2st(true)|#2st(est)|#2st(rel-err)|#2st(l2-loss)|#3st(true)|#3st(est)|#3st(rel-err)|#3st(l2-loss)|clst(true)|clst(est)|clst(rel-err)|clst(l2-loss)|sen_tri|sen_2st|sen_3st|eclip_sum|tclip_sum|#eclip|#tclip|max_deg,3256,cf167b2ea3cf0e1d394c130d73040621faa6412d73d8b57b7d6f6ddfe1eb2679
data/raw_results/ldp/gplus/post_rr_decrease/20pctres_n10000_alg3_eps1_0p001_ns0_cl0_ba1_1_itr10_1.csv,schema_09,raw_result_csv,ldp,Gplus,15,24,#tri(true)|#tri(est)|#tri(rel-err)|#tri(l2-loss)|#2st(true)|#2st(est)|#2st(rel-err)|#2st(l2-loss)|#3st(true)|#3st(est)|#3st(rel-err)|#3st(l2-loss)|clst(true)|clst(est)|clst(rel-err)|clst(l2-loss)|sen_tri|sen_2st|sen_3st|eclip_sum|tclip_sum|#eclip|#tclip|max_deg,3290,89c10f1a280a64a0264b16fde3cec90d4ac0624918b939899af25261b2477815
data/raw_results/ldp/gplus/post_rr_decrease/20pctres_n10000_alg3_eps1_0p001_ns2_cl6_150_ba1_1_itr10_1.csv,schema_09,raw_result_csv,ldp,Gplus,15,24,#tri(true)|#tri(est)|#tri(rel-err)|#tri(l2-loss)|#2st(true)|#2st(est)|#2st(rel-err)|#2st(l2-loss)|#3st(true)|#3st(est)|#3st(rel-err)|#3st(l2-loss)|clst(true)|clst(est)|clst(rel-err)|clst(l2-loss)|sen_tri|sen_2st|sen_3st|eclip_sum|tclip_sum|#eclip|#tclip|max_deg,3256,944720bf4ca793d65e9ef620cdc7379191e2f5fe261546ebfcda26446a69bdba
data/raw_results/ldp/gplus/post_rr_decrease/20pctres_n10000_alg4_eps1_0p001_ns0_cl0_ba1_1_itr10_1.csv,schema_09,raw_result_csv,ldp,Gplus,15,24,#tri(true)|#tri(est)|#tri(rel-err)|#tri(l2-loss)|#2st(true)|#2st(est)|#2st(rel-err)|#2st(l2-loss)|#3st(true)|#3st(est)|#3st(rel-err)|#3st(l2-loss)|clst(true)|clst(est)|clst(rel-err)|clst(l2-loss)|sen_tri|sen_2st|sen_3st|eclip_sum|tclip_sum|#eclip|#tclip|max_deg,3290,e7f3f738d976f9c489a84cb02960437751fddf0c4bef328931e43ec834411290
data/raw_results/ldp/gplus/post_rr_decrease/20pctres_n10000_alg4_eps1_0p001_ns2_cl6_150_ba1_1_itr10_1.csv,schema_09,raw_result_csv,ldp,Gplus,15,24,#tri(true)|#tri(est)|#tri(rel-err)|#tri(l2-loss)|#2st(true)|#2st(est)|#2st(rel-err)|#2st(l2-loss)|#3st(true)|#3st(est)|#3st(rel-err)|#3st(l2-loss)|clst(true)|clst(est)|clst(rel-err)|clst(l2-loss)|sen_tri|sen_2st|sen_3st|eclip_sum|tclip_sum|#eclip|#tclip|max_deg,3256,53b2fbec2aae704b2c1366f9d864718a632676be95d59014e718e5165820288f
data/raw_results/ldp/gplus/post_rr_increase/10pctres_n10000_alg2_eps1_0p001_ns0_cl0_ba1_1_itr10_1.csv,schema_09,raw_result_csv,ldp,Gplus,15,24,#tri(true)|#tri(est)|#tri(rel-err)|#tri(l2-loss)|#2st(true)|#2st(est)|#2st(rel-err)|#2st(l2-loss)|#3st(true)|#3st(est)|#3st(rel-err)|#3st(l2-loss)|clst(true)|clst(est)|clst(rel-err)|clst(l2-loss)|sen_tri|sen_2st|sen_3st|eclip_sum|tclip_sum|#eclip|#tclip|max_deg,3300,7aad365684032e76305dfdc99ca34db4a70c92209bbfcb1799650b5167d2e948
data/raw_results/ldp/gplus/post_rr_increase/10pctres_n10000_alg2_eps1_0p001_ns2_cl6_150_ba1_1_itr10_1.csv,schema_09,raw_result_csv,ldp,Gplus,15,24,#tri(true)|#tri(est)|#tri(rel-err)|#tri(l2-loss)|#2st(true)|#2st(est)|#2st(rel-err)|#2st(l2-loss)|#3st(true)|#3st(est)|#3st(rel-err)|#3st(l2-loss)|clst(true)|clst(est)|clst(rel-err)|clst(l2-loss)|sen_tri|sen_2st|sen_3st|eclip_sum|tclip_sum|#eclip|#tclip|max_deg,3282,88f301bc34d32df2a6f2dbe8e920a55a7b64e4b3ef764ececf309c9e06c9574c
data/raw_results/ldp/gplus/post_rr_increase/10pctres_n10000_alg3_eps1_0p001_ns0_cl0_ba1_1_itr10_1.csv,schema_09,raw_result_csv,ldp,Gplus,15,24,#tri(true)|#tri(est)|#tri(rel-err)|#tri(l2-loss)|#2st(true)|#2st(est)|#2st(rel-err)|#2st(l2-loss)|#3st(true)|#3st(est)|#3st(rel-err)|#3st(l2-loss)|clst(true)|clst(est)|clst(rel-err)|clst(l2-loss)|sen_tri|sen_2st|sen_3st|eclip_sum|tclip_sum|#eclip|#tclip|max_deg,3290,a69332b30b754828223321f71231f3360c40f60c734831cd347b96484f851276
data/raw_results/ldp/gplus/post_rr_increase/10pctres_n10000_alg3_eps1_0p001_ns2_cl6_150_ba1_1_itr10_1.csv,schema_09,raw_result_csv,ldp,Gplus,15,24,#tri(true)|#tri(est)|#tri(rel-err)|#tri(l2-loss)|#2st(true)|#2st(est)|#2st(rel-err)|#2st(l2-loss)|#3st(true)|#3st(est)|#3st(rel-err)|#3st(l2-loss)|clst(true)|clst(est)|clst(rel-err)|clst(l2-loss)|sen_tri|sen_2st|sen_3st|eclip_sum|tclip_sum|#eclip|#tclip|max_deg,3272,423b0a915bad248c761452943f41e593d1d8f1bafd167b9510ac928dddf0f593
data/raw_results/ldp/gplus/post_rr_increase/10pctres_n10000_alg4_eps1_0p001_ns0_cl0_ba1_1_itr10_1.csv,schema_09,raw_result_csv,ldp,Gplus,15,24,#tri(true)|#tri(est)|#tri(rel-err)|#tri(l2-loss)|#2st(true)|#2st(est)|#2st(rel-err)|#2st(l2-loss)|#3st(true)|#3st(est)|#3st(rel-err)|#3st(l2-loss)|clst(true)|clst(est)|clst(rel-err)|clst(l2-loss)|sen_tri|sen_2st|sen_3st|eclip_sum|tclip_sum|#eclip|#tclip|max_deg,3290,f96dd3cd300d5e09e7f23d30b74c5f820b15058857252f418b503a952c2ca349
data/raw_results/ldp/gplus/post_rr_increase/10pctres_n10000_alg4_eps1_0p001_ns2_cl6_150_ba1_1_itr10_1.csv,schema_09,raw_result_csv,ldp,Gplus,15,24,#tri(true)|#tri(est)|#tri(rel-err)|#tri(l2-loss)|#2st(true)|#2st(est)|#2st(rel-err)|#2st(l2-loss)|#3st(true)|#3st(est)|#3st(rel-err)|#3st(l2-loss)|clst(true)|clst(est)|clst(rel-err)|clst(l2-loss)|sen_tri|sen_2st|sen_3st|eclip_sum|tclip_sum|#eclip|#tclip|max_deg,3262,5197e46a3e3f0f9806703da5dfacf0f1f6962a750725b8056d3119572b414ffb
data/raw_results/ldp/gplus/post_rr_increase/20pctres_n10000_alg2_eps1_0p001_ns0_cl0_ba1_1_itr10_1.csv,schema_09,raw_result_csv,ldp,Gplus,15,24,#tri(true)|#tri(est)|#tri(rel-err)|#tri(l2-loss)|#2st(true)|#2st(est)|#2st(rel-err)|#2st(l2-loss)|#3st(true)|#3st(est)|#3st(rel-err)|#3st(l2-loss)|clst(true)|clst(est)|clst(rel-err)|clst(l2-loss)|sen_tri|sen_2st|sen_3st|eclip_sum|tclip_sum|#eclip|#tclip|max_deg,3300,f321a3708e6483de46225a24f916837fec987011ee6d395d5dd6a43e5eb8da0c
data/raw_results/ldp/gplus/post_rr_increase/20pctres_n10000_alg2_eps1_0p001_ns2_cl6_150_ba1_1_itr10_1.csv,schema_09,raw_result_csv,ldp,Gplus,15,24,#tri(true)|#tri(est)|#tri(rel-err)|#tri(l2-loss)|#2st(true)|#2st(est)|#2st(rel-err)|#2st(l2-loss)|#3st(true)|#3st(est)|#3st(rel-err)|#3st(l2-loss)|clst(true)|clst(est)|clst(rel-err)|clst(l2-loss)|sen_tri|sen_2st|sen_3st|eclip_sum|tclip_sum|#eclip|#tclip|max_deg,3282,e0f2d3dc942a5eca662277ee9ae1feac6238520660ebdafa9931456f4a2d7ad7
data/raw_results/ldp/gplus/post_rr_increase/20pctres_n10000_alg3_eps1_0p001_ns0_cl0_ba1_1_itr10_1.csv,schema_09,raw_result_csv,ldp,Gplus,15,24,#tri(true)|#tri(est)|#tri(rel-err)|#tri(l2-loss)|#2st(true)|#2st(est)|#2st(rel-err)|#2st(l2-loss)|#3st(true)|#3st(est)|#3st(rel-err)|#3st(l2-loss)|clst(true)|clst(est)|clst(rel-err)|clst(l2-loss)|sen_tri|sen_2st|sen_3st|eclip_sum|tclip_sum|#eclip|#tclip|max_deg,3300,687f101bb9143635025526dcf2ca5b7a72f97720c5e92d16fce90f185fc8664f
data/raw_results/ldp/gplus/post_rr_increase/20pctres_n10000_alg3_eps1_0p001_ns2_cl6_150_ba1_1_itr10_1.csv,schema_09,raw_result_csv,ldp,Gplus,15,24,#tri(true)|#tri(est)|#tri(rel-err)|#tri(l2-loss)|#2st(true)|#2st(est)|#2st(rel-err)|#2st(l2-loss)|#3st(true)|#3st(est)|#3st(rel-err)|#3st(l2-loss)|clst(true)|clst(est)|clst(rel-err)|clst(l2-loss)|sen_tri|sen_2st|sen_3st|eclip_sum|tclip_sum|#eclip|#tclip|max_deg,3282,b04f61f72f8132f30741f17d8acb9516b792fdb87aaaba59b35cfd6394c46a68
data/raw_results/ldp/gplus/post_rr_increase/20pctres_n10000_alg4_eps1_0p001_ns0_cl0_ba1_1_itr10_1.csv,schema_09,raw_result_csv,ldp,Gplus,15,24,#tri(true)|#tri(est)|#tri(rel-err)|#tri(l2-loss)|#2st(true)|#2st(est)|#2st(rel-err)|#2st(l2-loss)|#3st(true)|#3st(est)|#3st(rel-err)|#3st(l2-loss)|clst(true)|clst(est)|clst(rel-err)|clst(l2-loss)|sen_tri|sen_2st|sen_3st|eclip_sum|tclip_sum|#eclip|#tclip|max_deg,3290,dfffc680eedbc86f9f02f71245c86ad23c002cc063682763b61129ad2b998a6e
data/raw_results/ldp/gplus/post_rr_increase/20pctres_n10000_alg4_eps1_0p001_ns2_cl6_150_ba1_1_itr10_1.csv,schema_09,raw_result_csv,ldp,Gplus,15,24,#tri(true)|#tri(est)|#tri(rel-err)|#tri(l2-loss)|#2st(true)|#2st(est)|#2st(rel-err)|#2st(l2-loss)|#3st(true)|#3st(est)|#3st(rel-err)|#3st(l2-loss)|clst(true)|clst(est)|clst(rel-err)|clst(l2-loss)|sen_tri|sen_2st|sen_3st|eclip_sum|tclip_sum|#eclip|#tclip|max_deg,3272,c3fce34a83b2567cede9920c8d614318ef8bea537fcc08e2e6f3ecff456320b6
data/raw_results/ldp/gplus/post_rr_increase/30pctres_n10000_alg2_eps1_0p001_ns0_cl0_ba1_1_itr10_1.csv,schema_09,raw_result_csv,ldp,Gplus,15,24,#tri(true)|#tri(est)|#tri(rel-err)|#tri(l2-loss)|#2st(true)|#2st(est)|#2st(rel-err)|#2st(l2-loss)|#3st(true)|#3st(est)|#3st(rel-err)|#3st(l2-loss)|clst(true)|clst(est)|clst(rel-err)|clst(l2-loss)|sen_tri|sen_2st|sen_3st|eclip_sum|tclip_sum|#eclip|#tclip|max_deg,3300,e26ffb75df7f0bfb47ffa7cd839e90be3bf1ae651fb8df1fdd26af265b3129b3
data/raw_results/ldp/gplus/post_rr_increase/30pctres_n10000_alg2_eps1_0p001_ns2_cl6_150_ba1_1_itr10_1.csv,schema_09,raw_result_csv,ldp,Gplus,15,24,#tri(true)|#tri(est)|#tri(rel-err)|#tri(l2-loss)|#2st(true)|#2st(est)|#2st(rel-err)|#2st(l2-loss)|#3st(true)|#3st(est)|#3st(rel-err)|#3st(l2-loss)|clst(true)|clst(est)|clst(rel-err)|clst(l2-loss)|sen_tri|sen_2st|sen_3st|eclip_sum|tclip_sum|#eclip|#tclip|max_deg,3292,361299e894fe316995bb40322a2b093623a9d62f911bcc4abd0920bd07681bda
data/raw_results/ldp/gplus/post_rr_increase/30pctres_n10000_alg3_eps1_0p001_ns0_cl0_ba1_1_itr10_1.csv,schema_09,raw_result_csv,ldp,Gplus,15,24,#tri(true)|#tri(est)|#tri(rel-err)|#tri(l2-loss)|#2st(true)|#2st(est)|#2st(rel-err)|#2st(l2-loss)|#3st(true)|#3st(est)|#3st(rel-err)|#3st(l2-loss)|clst(true)|clst(est)|clst(rel-err)|clst(l2-loss)|sen_tri|sen_2st|sen_3st|eclip_sum|tclip_sum|#eclip|#tclip|max_deg,3300,36800d17e14603bf395fb0b8ef6fb54e62f3007f87ceef4d0753b2cf08cb6a77
data/raw_results/ldp/gplus/post_rr_increase/30pctres_n10000_alg3_eps1_0p001_ns2_cl6_150_ba1_1_itr10_1.csv,schema_09,raw_result_csv,ldp,Gplus,15,24,#tri(true)|#tri(est)|#tri(rel-err)|#tri(l2-loss)|#2st(true)|#2st(est)|#2st(rel-err)|#2st(l2-loss)|#3st(true)|#3st(est)|#3st(rel-err)|#3st(l2-loss)|clst(true)|clst(est)|clst(rel-err)|clst(l2-loss)|sen_tri|sen_2st|sen_3st|eclip_sum|tclip_sum|#eclip|#tclip|max_deg,3282,67097619af41f6566404cf3f0d644841996d85469cfd605747a2bb9e61796927
data/raw_results/ldp/gplus/post_rr_increase/30pctres_n10000_alg4_eps1_0p001_ns0_cl0_ba1_1_itr10_1.csv,schema_09,raw_result_csv,ldp,Gplus,15,24,#tri(true)|#tri(est)|#tri(rel-err)|#tri(l2-loss)|#2st(true)|#2st(est)|#2st(rel-err)|#2st(l2-loss)|#3st(true)|#3st(est)|#3st(rel-err)|#3st(l2-loss)|clst(true)|clst(est)|clst(rel-err)|clst(l2-loss)|sen_tri|sen_2st|sen_3st|eclip_sum|tclip_sum|#eclip|#tclip|max_deg,3300,3f3fa4327362996b005eff3b93016d0e6b183d832d6dd14620f6f4c758e5d744
data/raw_results/ldp/gplus/post_rr_increase/30pctres_n10000_alg4_eps1_0p001_ns2_cl6_150_ba1_1_itr10_1.csv,schema_09,raw_result_csv,ldp,Gplus,15,24,#tri(true)|#tri(est)|#tri(rel-err)|#tri(l2-loss)|#2st(true)|#2st(est)|#2st(rel-err)|#2st(l2-loss)|#3st(true)|#3st(est)|#3st(rel-err)|#3st(l2-loss)|clst(true)|clst(est)|clst(rel-err)|clst(l2-loss)|sen_tri|sen_2st|sen_3st|eclip_sum|tclip_sum|#eclip|#tclip|max_deg,3282,5bc5662dfb6a18ef65341c635de4ebf74f295391f212338135127baa64ed9125
data/raw_results/ldp/gplus/post_rr_increase/3pctres_n10000_alg2_eps1_0p001_ns0_cl0_ba1_1_itr10_1.csv,schema_09,raw_result_csv,ldp,Gplus,15,24,#tri(true)|#tri(est)|#tri(rel-err)|#tri(l2-loss)|#2st(true)|#2st(est)|#2st(rel-err)|#2st(l2-loss)|#3st(true)|#3st(est)|#3st(rel-err)|#3st(l2-loss)|clst(true)|clst(est)|clst(rel-err)|clst(l2-loss)|sen_tri|sen_2st|sen_3st|eclip_sum|tclip_sum|#eclip|#tclip|max_deg,3290,e1b2821bca821eb1c67d7830b2aff6c4b7f14386ea1e65a67f7b3e6957d84db1
data/raw_results/ldp/gplus/post_rr_increase/3pctres_n10000_alg2_eps1_0p001_ns2_cl6_150_ba1_1_itr10_1.csv,schema_09,raw_result_csv,ldp,Gplus,15,24,#tri(true)|#tri(est)|#tri(rel-err)|#tri(l2-loss)|#2st(true)|#2st(est)|#2st(rel-err)|#2st(l2-loss)|#3st(true)|#3st(est)|#3st(rel-err)|#3st(l2-loss)|clst(true)|clst(est)|clst(rel-err)|clst(l2-loss)|sen_tri|sen_2st|sen_3st|eclip_sum|tclip_sum|#eclip|#tclip|max_deg,3272,77bf4fbff287d6e42ffc7dad3e9a6971d50a727d0c751349467a9150d9cc833b
data/raw_results/ldp/gplus/post_rr_increase/3pctres_n10000_alg3_eps1_0p001_ns0_cl0_ba1_1_itr10_1.csv,schema_09,raw_result_csv,ldp,Gplus,15,24,#tri(true)|#tri(est)|#tri(rel-err)|#tri(l2-loss)|#2st(true)|#2st(est)|#2st(rel-err)|#2st(l2-loss)|#3st(true)|#3st(est)|#3st(rel-err)|#3st(l2-loss)|clst(true)|clst(est)|clst(rel-err)|clst(l2-loss)|sen_tri|sen_2st|sen_3st|eclip_sum|tclip_sum|#eclip|#tclip|max_deg,3290,3de6b4d32f0a198c59b157a07443ce55e7c71caeaaaa0ff97b0e978fc6013729
data/raw_results/ldp/gplus/post_rr_increase/3pctres_n10000_alg3_eps1_0p001_ns2_cl6_150_ba1_1_itr10_1.csv,schema_09,raw_result_csv,ldp,Gplus,15,24,#tri(true)|#tri(est)|#tri(rel-err)|#tri(l2-loss)|#2st(true)|#2st(est)|#2st(rel-err)|#2st(l2-loss)|#3st(true)|#3st(est)|#3st(rel-err)|#3st(l2-loss)|clst(true)|clst(est)|clst(rel-err)|clst(l2-loss)|sen_tri|sen_2st|sen_3st|eclip_sum|tclip_sum|#eclip|#tclip|max_deg,3256,87fa99fee0d4c26761aeb90456dd4a5c6497767e66d6d3be7e5b11cd235269fb
data/raw_results/ldp/gplus/post_rr_increase/3pctres_n10000_alg4_eps1_0p001_ns0_cl0_ba1_1_itr10_1.csv,schema_09,raw_result_csv,ldp,Gplus,15,24,#tri(true)|#tri(est)|#tri(rel-err)|#tri(l2-loss)|#2st(true)|#2st(est)|#2st(rel-err)|#2st(l2-loss)|#3st(true)|#3st(est)|#3st(rel-err)|#3st(l2-loss)|clst(true)|clst(est)|clst(rel-err)|clst(l2-loss)|sen_tri|sen_2st|sen_3st|eclip_sum|tclip_sum|#eclip|#tclip|max_deg,3290,7c7897cf47e8aa150161b2ead2b6afe2cd71e8da3970dce4a442f734c2392c34
data/raw_results/ldp/gplus/post_rr_increase/3pctres_n10000_alg4_eps1_0p001_ns2_cl6_150_ba1_1_itr10_1.csv,schema_09,raw_result_csv,ldp,Gplus,15,24,#tri(true)|#tri(est)|#tri(rel-err)|#tri(l2-loss)|#2st(true)|#2st(est)|#2st(rel-err)|#2st(l2-loss)|#3st(true)|#3st(est)|#3st(rel-err)|#3st(l2-loss)|clst(true)|clst(est)|clst(rel-err)|clst(l2-loss)|sen_tri|sen_2st|sen_3st|eclip_sum|tclip_sum|#eclip|#tclip|max_deg,3256,1968e7ba87ab7584de8a571fdd2aa6b80347f9044f3d6329d218eed8dc8c62b8
data/raw_results/ldp/gplus/post_rr_increase/50pctres_n10000_alg2_eps1_0p001_ns0_cl0_ba1_1_itr10_1.csv,schema_09,raw_result_csv,ldp,Gplus,15,24,#tri(true)|#tri(est)|#tri(rel-err)|#tri(l2-loss)|#2st(true)|#2st(est)|#2st(rel-err)|#2st(l2-loss)|#3st(true)|#3st(est)|#3st(rel-err)|#3st(l2-loss)|clst(true)|clst(est)|clst(rel-err)|clst(l2-loss)|sen_tri|sen_2st|sen_3st|eclip_sum|tclip_sum|#eclip|#tclip|max_deg,3299,4bcb8bf7b84cb6409824f65b3e6661b3459f895d5bbebbe567fe1e72b44b2b79
data/raw_results/ldp/gplus/post_rr_increase/50pctres_n10000_alg2_eps1_0p001_ns2_cl6_150_ba1_1_itr10_1.csv,schema_09,raw_result_csv,ldp,Gplus,15,24,#tri(true)|#tri(est)|#tri(rel-err)|#tri(l2-loss)|#2st(true)|#2st(est)|#2st(rel-err)|#2st(l2-loss)|#3st(true)|#3st(est)|#3st(rel-err)|#3st(l2-loss)|clst(true)|clst(est)|clst(rel-err)|clst(l2-loss)|sen_tri|sen_2st|sen_3st|eclip_sum|tclip_sum|#eclip|#tclip|max_deg,3292,1d96996dc74dae277597169f5861ccb254816937f2f0e550248e7afbaf2fab09
data/raw_results/ldp/gplus/post_rr_increase/50pctres_n10000_alg3_eps1_0p001_ns0_cl0_ba1_1_itr10_1.csv,schema_09,raw_result_csv,ldp,Gplus,15,24,#tri(true)|#tri(est)|#tri(rel-err)|#tri(l2-loss)|#2st(true)|#2st(est)|#2st(rel-err)|#2st(l2-loss)|#3st(true)|#3st(est)|#3st(rel-err)|#3st(l2-loss)|clst(true)|clst(est)|clst(rel-err)|clst(l2-loss)|sen_tri|sen_2st|sen_3st|eclip_sum|tclip_sum|#eclip|#tclip|max_deg,3299,b0ba2d94874abdc9b77341e245b64a244e48220ccdb71f219bec611aaed27879
data/raw_results/ldp/gplus/post_rr_increase/50pctres_n10000_alg3_eps1_0p001_ns2_cl6_150_ba1_1_itr10_1.csv,schema_09,raw_result_csv,ldp,Gplus,15,24,#tri(true)|#tri(est)|#tri(rel-err)|#tri(l2-loss)|#2st(true)|#2st(est)|#2st(rel-err)|#2st(l2-loss)|#3st(true)|#3st(est)|#3st(rel-err)|#3st(l2-loss)|clst(true)|clst(est)|clst(rel-err)|clst(l2-loss)|sen_tri|sen_2st|sen_3st|eclip_sum|tclip_sum|#eclip|#tclip|max_deg,3292,0ee885101890c4394783619584d84bdfa18d3dabbad4b635708888336285407e
data/raw_results/ldp/gplus/post_rr_increase/50pctres_n10000_alg4_eps1_0p001_ns0_cl0_ba1_1_itr10_1.csv,schema_09,raw_result_csv,ldp,Gplus,15,24,#tri(true)|#tri(est)|#tri(rel-err)|#tri(l2-loss)|#2st(true)|#2st(est)|#2st(rel-err)|#2st(l2-loss)|#3st(true)|#3st(est)|#3st(rel-err)|#3st(l2-loss)|clst(true)|clst(est)|clst(rel-err)|clst(l2-loss)|sen_tri|sen_2st|sen_3st|eclip_sum|tclip_sum|#eclip|#tclip|max_deg,3300,563334e3e7e89c48678dcd3167c6e6a1b4f35dec1df48ecc6edb573f84d02570
data/raw_results/ldp/gplus/post_rr_increase/50pctres_n10000_alg4_eps1_0p001_ns2_cl6_150_ba1_1_itr10_1.csv,schema_09,raw_result_csv,ldp,Gplus,15,24,#tri(true)|#tri(est)|#tri(rel-err)|#tri(l2-loss)|#2st(true)|#2st(est)|#2st(rel-err)|#2st(l2-loss)|#3st(true)|#3st(est)|#3st(rel-err)|#3st(l2-loss)|clst(true)|clst(est)|clst(rel-err)|clst(l2-loss)|sen_tri|sen_2st|sen_3st|eclip_sum|tclip_sum|#eclip|#tclip|max_deg,3292,6e11fbd8bb2470f315b9e644f0672b502c654a0028556c648623a070c9c46519
data/raw_results/ldp/gplus/post_rr_increase/5pctres_n10000_alg2_eps1_0p001_ns0_cl0_ba1_1_itr10_1.csv,schema_09,raw_result_csv,ldp,Gplus,15,24,#tri(true)|#tri(est)|#tri(rel-err)|#tri(l2-loss)|#2st(true)|#2st(est)|#2st(rel-err)|#2st(l2-loss)|#3st(true)|#3st(est)|#3st(rel-err)|#3st(l2-loss)|clst(true)|clst(est)|clst(rel-err)|clst(l2-loss)|sen_tri|sen_2st|sen_3st|eclip_sum|tclip_sum|#eclip|#tclip|max_deg,3290,fca93580452ab0101b45d89104ac17a471828ff6f52503044b0aed7e482b8a5b
data/raw_results/ldp/gplus/post_rr_increase/5pctres_n10000_alg2_eps1_0p001_ns2_cl6_150_ba1_1_itr10_1.csv,schema_09,raw_result_csv,ldp,Gplus,15,24,#tri(true)|#tri(est)|#tri(rel-err)|#tri(l2-loss)|#2st(true)|#2st(est)|#2st(rel-err)|#2st(l2-loss)|#3st(true)|#3st(est)|#3st(rel-err)|#3st(l2-loss)|clst(true)|clst(est)|clst(rel-err)|clst(l2-loss)|sen_tri|sen_2st|sen_3st|eclip_sum|tclip_sum|#eclip|#tclip|max_deg,3272,f1e1277ac7cf8ec55316dcd8be18960d796542a7d2fdb684f3b541d4d610b547
data/raw_results/ldp/gplus/post_rr_increase/5pctres_n10000_alg3_eps1_0p001_ns0_cl0_ba1_1_itr10_1.csv,schema_09,raw_result_csv,ldp,Gplus,15,24,#tri(true)|#tri(est)|#tri(rel-err)|#tri(l2-loss)|#2st(true)|#2st(est)|#2st(rel-err)|#2st(l2-loss)|#3st(true)|#3st(est)|#3st(rel-err)|#3st(l2-loss)|clst(true)|clst(est)|clst(rel-err)|clst(l2-loss)|sen_tri|sen_2st|sen_3st|eclip_sum|tclip_sum|#eclip|#tclip|max_deg,3290,34fd584f74a8bac2852c774c2e96800700724b40069e6e8ae4908cc03b7f9161
data/raw_results/ldp/gplus/post_rr_increase/5pctres_n10000_alg3_eps1_0p001_ns2_cl6_150_ba1_1_itr10_1.csv,schema_09,raw_result_csv,ldp,Gplus,15,24,#tri(true)|#tri(est)|#tri(rel-err)|#tri(l2-loss)|#2st(true)|#2st(est)|#2st(rel-err)|#2st(l2-loss)|#3st(true)|#3st(est)|#3st(rel-err)|#3st(l2-loss)|clst(true)|clst(est)|clst(rel-err)|clst(l2-loss)|sen_tri|sen_2st|sen_3st|eclip_sum|tclip_sum|#eclip|#tclip|max_deg,3266,65ef0662cc8963fbc03291540d5052c92ea1821bc504faf93ed106530394790d
data/raw_results/ldp/gplus/post_rr_increase/5pctres_n10000_alg4_eps1_0p001_ns0_cl0_ba1_1_itr10_1.csv,schema_09,raw_result_csv,ldp,Gplus,15,24,#tri(true)|#tri(est)|#tri(rel-err)|#tri(l2-loss)|#2st(true)|#2st(est)|#2st(rel-err)|#2st(l2-loss)|#3st(true)|#3st(est)|#3st(rel-err)|#3st(l2-loss)|clst(true)|clst(est)|clst(rel-err)|clst(l2-loss)|sen_tri|sen_2st|sen_3st|eclip_sum|tclip_sum|#eclip|#tclip|max_deg,3290,fd345ff9f25f6682dde4b50ce87ab745692c49c8b445a4118ce6c39987747930
data/raw_results/ldp/gplus/post_rr_increase/5pctres_n10000_alg4_eps1_0p001_ns2_cl6_150_ba1_1_itr10_1.csv,schema_09,raw_result_csv,ldp,Gplus,15,24,#tri(true)|#tri(est)|#tri(rel-err)|#tri(l2-loss)|#2st(true)|#2st(est)|#2st(rel-err)|#2st(l2-loss)|#3st(true)|#3st(est)|#3st(rel-err)|#3st(l2-loss)|clst(true)|clst(est)|clst(rel-err)|clst(l2-loss)|sen_tri|sen_2st|sen_3st|eclip_sum|tclip_sum|#eclip|#tclip|max_deg,3256,6ef62836e53ad4106c6e26206d95e4d7b569f78d8bec43150c8d539bfc54be2b
data/raw_results/ldp/gplus/post_rr_increase/8pctres_n10000_alg2_eps1_0p001_ns0_cl0_ba1_1_itr10_1.csv,schema_09,raw_result_csv,ldp,Gplus,15,24,#tri(true)|#tri(est)|#tri(rel-err)|#tri(l2-loss)|#2st(true)|#2st(est)|#2st(rel-err)|#2st(l2-loss)|#3st(true)|#3st(est)|#3st(rel-err)|#3st(l2-loss)|clst(true)|clst(est)|clst(rel-err)|clst(l2-loss)|sen_tri|sen_2st|sen_3st|eclip_sum|tclip_sum|#eclip|#tclip|max_deg,3290,110bed22420f8fc4c93dbd989c8004698dbec34992a6aeb636e80c1afda3b160
data/raw_results/ldp/gplus/post_rr_increase/8pctres_n10000_alg2_eps1_0p001_ns2_cl6_150_ba1_1_itr10_1.csv,schema_09,raw_result_csv,ldp,Gplus,15,24,#tri(true)|#tri(est)|#tri(rel-err)|#tri(l2-loss)|#2st(true)|#2st(est)|#2st(rel-err)|#2st(l2-loss)|#3st(true)|#3st(est)|#3st(rel-err)|#3st(l2-loss)|clst(true)|clst(est)|clst(rel-err)|clst(l2-loss)|sen_tri|sen_2st|sen_3st|eclip_sum|tclip_sum|#eclip|#tclip|max_deg,3282,bda6663da91906f1a89899170b45e468210318d83ad7d4131a312295315534c2
data/raw_results/ldp/gplus/post_rr_increase/8pctres_n10000_alg3_eps1_0p001_ns0_cl0_ba1_1_itr10_1.csv,schema_09,raw_result_csv,ldp,Gplus,15,24,#tri(true)|#tri(est)|#tri(rel-err)|#tri(l2-loss)|#2st(true)|#2st(est)|#2st(rel-err)|#2st(l2-loss)|#3st(true)|#3st(est)|#3st(rel-err)|#3st(l2-loss)|clst(true)|clst(est)|clst(rel-err)|clst(l2-loss)|sen_tri|sen_2st|sen_3st|eclip_sum|tclip_sum|#eclip|#tclip|max_deg,3290,523a132db8d121915154bdbcb01994fdd39be84e69765bf698ddc5f519c28ad4
data/raw_results/ldp/gplus/post_rr_increase/8pctres_n10000_alg3_eps1_0p001_ns2_cl6_150_ba1_1_itr10_1.csv,schema_09,raw_result_csv,ldp,Gplus,15,24,#tri(true)|#tri(est)|#tri(rel-err)|#tri(l2-loss)|#2st(true)|#2st(est)|#2st(rel-err)|#2st(l2-loss)|#3st(true)|#3st(est)|#3st(rel-err)|#3st(l2-loss)|clst(true)|clst(est)|clst(rel-err)|clst(l2-loss)|sen_tri|sen_2st|sen_3st|eclip_sum|tclip_sum|#eclip|#tclip|max_deg,3272,bc4f0ec1bd0ae0b9353107870bea54b9d64ab981320f6a387b813fc33af11a84
data/raw_results/ldp/gplus/post_rr_increase/8pctres_n10000_alg4_eps1_0p001_ns0_cl0_ba1_1_itr10_1.csv,schema_09,raw_result_csv,ldp,Gplus,15,24,#tri(true)|#tri(est)|#tri(rel-err)|#tri(l2-loss)|#2st(true)|#2st(est)|#2st(rel-err)|#2st(l2-loss)|#3st(true)|#3st(est)|#3st(rel-err)|#3st(l2-loss)|clst(true)|clst(est)|clst(rel-err)|clst(l2-loss)|sen_tri|sen_2st|sen_3st|eclip_sum|tclip_sum|#eclip|#tclip|max_deg,3290,096e46e91fbb7dbb5d1df7b01af73bf7c34410aaccd4010bb8bf3a18c26f1461
data/raw_results/ldp/gplus/post_rr_increase/8pctres_n10000_alg4_eps1_0p001_ns2_cl6_150_ba1_1_itr10_1.csv,schema_09,raw_result_csv,ldp,Gplus,15,24,#tri(true)|#tri(est)|#tri(rel-err)|#tri(l2-loss)|#2st(true)|#2st(est)|#2st(rel-err)|#2st(l2-loss)|#3st(true)|#3st(est)|#3st(rel-err)|#3st(l2-loss)|clst(true)|clst(est)|clst(rel-err)|clst(l2-loss)|sen_tri|sen_2st|sen_3st|eclip_sum|tclip_sum|#eclip|#tclip|max_deg,3265,6d9e8afe6ed2e0a2e4dd8c50d207b2e8120c9236ac2fd9cbb13421563d407516
data/raw_results/ldp/imdb/clean_baseline/res_n10000_alg2_eps1_0p001_ns0_cl0_ba1_1_itr10_1.csv,schema_09,raw_result_csv,ldp,IMDB,15,24,#tri(true)|#tri(est)|#tri(rel-err)|#tri(l2-loss)|#2st(true)|#2st(est)|#2st(rel-err)|#2st(l2-loss)|#3st(true)|#3st(est)|#3st(rel-err)|#3st(l2-loss)|clst(true)|clst(est)|clst(rel-err)|clst(l2-loss)|sen_tri|sen_2st|sen_3st|eclip_sum|tclip_sum|#eclip|#tclip|max_deg,3249,0415b698eae9ca65fca42743c4ca52ce79cee690980df29c63a20b634e766c74
data/raw_results/ldp/imdb/clean_baseline/res_n10000_alg2_eps1_0p001_ns2_cl6_150_ba1_1_itr10_1.csv,schema_09,raw_result_csv,ldp,IMDB,15,24,#tri(true)|#tri(est)|#tri(rel-err)|#tri(l2-loss)|#2st(true)|#2st(est)|#2st(rel-err)|#2st(l2-loss)|#3st(true)|#3st(est)|#3st(rel-err)|#3st(l2-loss)|clst(true)|clst(est)|clst(rel-err)|clst(l2-loss)|sen_tri|sen_2st|sen_3st|eclip_sum|tclip_sum|#eclip|#tclip|max_deg,3240,1658a1944f17ed0bc27a56e9b819bd405e9db99ce3555b0ef80bbd3ab292b76b
data/raw_results/ldp/imdb/clean_baseline/res_n10000_alg3_eps1_0p001_ns0_cl0_ba1_1_itr10_1.csv,schema_09,raw_result_csv,ldp,IMDB,15,24,#tri(true)|#tri(est)|#tri(rel-err)|#tri(l2-loss)|#2st(true)|#2st(est)|#2st(rel-err)|#2st(l2-loss)|#3st(true)|#3st(est)|#3st(rel-err)|#3st(l2-loss)|clst(true)|clst(est)|clst(rel-err)|clst(l2-loss)|sen_tri|sen_2st|sen_3st|eclip_sum|tclip_sum|#eclip|#tclip|max_deg,3250,ea80dc5632ebedd396fa51c8fd755ced3e40fe01e1249907f8b5ac1677a501df
data/raw_results/ldp/imdb/clean_baseline/res_n10000_alg3_eps1_0p001_ns2_cl6_150_ba1_1_itr10_1.csv,schema_09,raw_result_csv,ldp,IMDB,15,24,#tri(true)|#tri(est)|#tri(rel-err)|#tri(l2-loss)|#2st(true)|#2st(est)|#2st(rel-err)|#2st(l2-loss)|#3st(true)|#3st(est)|#3st(rel-err)|#3st(l2-loss)|clst(true)|clst(est)|clst(rel-err)|clst(l2-loss)|sen_tri|sen_2st|sen_3st|eclip_sum|tclip_sum|#eclip|#tclip|max_deg,3240,8949091eb13d2ddfcd61635a11b2a7f4455a082ca85f9f1b46ad8b2509e0e9c4
data/raw_results/ldp/imdb/clean_baseline/res_n10000_alg4_eps1_0p001_ns0_cl0_ba1_1_itr10_1.csv,schema_09,raw_result_csv,ldp,IMDB,15,24,#tri(true)|#tri(est)|#tri(rel-err)|#tri(l2-loss)|#2st(true)|#2st(est)|#2st(rel-err)|#2st(l2-loss)|#3st(true)|#3st(est)|#3st(rel-err)|#3st(l2-loss)|clst(true)|clst(est)|clst(rel-err)|clst(l2-loss)|sen_tri|sen_2st|sen_3st|eclip_sum|tclip_sum|#eclip|#tclip|max_deg,3251,b219eea31d3c4eac9a1c86d0388733dd650be17be21fc707d82dbb5e6a76ade4
data/raw_results/ldp/imdb/clean_baseline/res_n10000_alg4_eps1_0p001_ns2_cl6_150_ba1_1_itr10_1.csv,schema_09,raw_result_csv,ldp,IMDB,15,24,#tri(true)|#tri(est)|#tri(rel-err)|#tri(l2-loss)|#2st(true)|#2st(est)|#2st(rel-err)|#2st(l2-loss)|#3st(true)|#3st(est)|#3st(rel-err)|#3st(l2-loss)|clst(true)|clst(est)|clst(rel-err)|clst(l2-loss)|sen_tri|sen_2st|sen_3st|eclip_sum|tclip_sum|#eclip|#tclip|max_deg,3240,fa570ddb56b43ae4672587c4171113b080b6d09bc54a2fde22c4d2970e867792
data/raw_results/ldp/imdb/original_decrease/10pctres_n10000_alg2_eps1_0p001_ns0_cl0_ba1_1_itr10_1.csv,schema_09,raw_result_csv,ldp,IMDB,15,24,#tri(true)|#tri(est)|#tri(rel-err)|#tri(l2-loss)|#2st(true)|#2st(est)|#2st(rel-err)|#2st(l2-loss)|#3st(true)|#3st(est)|#3st(rel-err)|#3st(l2-loss)|clst(true)|clst(est)|clst(rel-err)|clst(l2-loss)|sen_tri|sen_2st|sen_3st|eclip_sum|tclip_sum|#eclip|#tclip|max_deg,3251,3ba8cb0534cae15773ffc659cbf0b83deaa2344590291f5f4ea5b66f3f9a33a2
data/raw_results/ldp/imdb/original_decrease/10pctres_n10000_alg2_eps1_0p001_ns2_cl6_150_ba1_1_itr10_1.csv,schema_09,raw_result_csv,ldp,IMDB,15,24,#tri(true)|#tri(est)|#tri(rel-err)|#tri(l2-loss)|#2st(true)|#2st(est)|#2st(rel-err)|#2st(l2-loss)|#3st(true)|#3st(est)|#3st(rel-err)|#3st(l2-loss)|clst(true)|clst(est)|clst(rel-err)|clst(l2-loss)|sen_tri|sen_2st|sen_3st|eclip_sum|tclip_sum|#eclip|#tclip|max_deg,3240,ade8c63c171037c1fa9e05ececaecbb0319ef50e9539a587d76b1939075a443e
data/raw_results/ldp/imdb/original_decrease/10pctres_n10000_alg3_eps1_0p001_ns0_cl0_ba1_1_itr10_1.csv,schema_09,raw_result_csv,ldp,IMDB,15,24,#tri(true)|#tri(est)|#tri(rel-err)|#tri(l2-loss)|#2st(true)|#2st(est)|#2st(rel-err)|#2st(l2-loss)|#3st(true)|#3st(est)|#3st(rel-err)|#3st(l2-loss)|clst(true)|clst(est)|clst(rel-err)|clst(l2-loss)|sen_tri|sen_2st|sen_3st|eclip_sum|tclip_sum|#eclip|#tclip|max_deg,3251,aca27baa5b0f7cf25fc91ce19ff3fcff484bc8ac8200edf543fa72dae87b95a4
data/raw_results/ldp/imdb/original_decrease/10pctres_n10000_alg3_eps1_0p001_ns2_cl6_150_ba1_1_itr10_1.csv,schema_09,raw_result_csv,ldp,IMDB,15,24,#tri(true)|#tri(est)|#tri(rel-err)|#tri(l2-loss)|#2st(true)|#2st(est)|#2st(rel-err)|#2st(l2-loss)|#3st(true)|#3st(est)|#3st(rel-err)|#3st(l2-loss)|clst(true)|clst(est)|clst(rel-err)|clst(l2-loss)|sen_tri|sen_2st|sen_3st|eclip_sum|tclip_sum|#eclip|#tclip|max_deg,3240,a6d0ab49eea1b90ad077b194e0bc52fe4ca0f207247563b0a020ae5b0f1e4f6d
data/raw_results/ldp/imdb/original_decrease/10pctres_n10000_alg4_eps1_0p001_ns0_cl0_ba1_1_itr10_1.csv,schema_09,raw_result_csv,ldp,IMDB,15,24,#tri(true)|#tri(est)|#tri(rel-err)|#tri(l2-loss)|#2st(true)|#2st(est)|#2st(rel-err)|#2st(l2-loss)|#3st(true)|#3st(est)|#3st(rel-err)|#3st(l2-loss)|clst(true)|clst(est)|clst(rel-err)|clst(l2-loss)|sen_tri|sen_2st|sen_3st|eclip_sum|tclip_sum|#eclip|#tclip|max_deg,3249,fe2ebb2bbb8edb439b5b7b269b6d370bec58c2786db4aedee18cd21c07786ef5
data/raw_results/ldp/imdb/original_decrease/10pctres_n10000_alg4_eps1_0p001_ns2_cl6_150_ba1_1_itr10_1.csv,schema_09,raw_result_csv,ldp,IMDB,15,24,#tri(true)|#tri(est)|#tri(rel-err)|#tri(l2-loss)|#2st(true)|#2st(est)|#2st(rel-err)|#2st(l2-loss)|#3st(true)|#3st(est)|#3st(rel-err)|#3st(l2-loss)|clst(true)|clst(est)|clst(rel-err)|clst(l2-loss)|sen_tri|sen_2st|sen_3st|eclip_sum|tclip_sum|#eclip|#tclip|max_deg,3240,f3eab182a352b082ef99d2e768cf2bf599aa44347b9f01da2760aad4d2a85ade
data/raw_results/ldp/imdb/original_decrease/20pctres_n10000_alg2_eps1_0p001_ns0_cl0_ba1_1_itr10_1.csv,schema_09,raw_result_csv,ldp,IMDB,15,24,#tri(true)|#tri(est)|#tri(rel-err)|#tri(l2-loss)|#2st(true)|#2st(est)|#2st(rel-err)|#2st(l2-loss)|#3st(true)|#3st(est)|#3st(rel-err)|#3st(l2-loss)|clst(true)|clst(est)|clst(rel-err)|clst(l2-loss)|sen_tri|sen_2st|sen_3st|eclip_sum|tclip_sum|#eclip|#tclip|max_deg,3251,f5cd4c1dfef43f59bc0e96c25cfe42f0d0ebdf5c8da700a52faf3ec10d5d8f31
data/raw_results/ldp/imdb/original_decrease/20pctres_n10000_alg2_eps1_0p001_ns2_cl6_150_ba1_1_itr10_1.csv,schema_09,raw_result_csv,ldp,IMDB,15,24,#tri(true)|#tri(est)|#tri(rel-err)|#tri(l2-loss)|#2st(true)|#2st(est)|#2st(rel-err)|#2st(l2-loss)|#3st(true)|#3st(est)|#3st(rel-err)|#3st(l2-loss)|clst(true)|clst(est)|clst(rel-err)|clst(l2-loss)|sen_tri|sen_2st|sen_3st|eclip_sum|tclip_sum|#eclip|#tclip|max_deg,3240,507354ffd83b7db1e6077073de197107291a80f1bd20f808ac9f3601618c604f
data/raw_results/ldp/imdb/original_decrease/20pctres_n10000_alg3_eps1_0p001_ns0_cl0_ba1_1_itr10_1.csv,schema_09,raw_result_csv,ldp,IMDB,15,24,#tri(true)|#tri(est)|#tri(rel-err)|#tri(l2-loss)|#2st(true)|#2st(est)|#2st(rel-err)|#2st(l2-loss)|#3st(true)|#3st(est)|#3st(rel-err)|#3st(l2-loss)|clst(true)|clst(est)|clst(rel-err)|clst(l2-loss)|sen_tri|sen_2st|sen_3st|eclip_sum|tclip_sum|#eclip|#tclip|max_deg,3251,08e5c196bf9d4f5cc6ee86504eb41c71af601796344009e0a3753b16685ced6a
data/raw_results/ldp/imdb/original_decrease/20pctres_n10000_alg3_eps1_0p001_ns2_cl6_150_ba1_1_itr10_1.csv,schema_09,raw_result_csv,ldp,IMDB,15,24,#tri(true)|#tri(est)|#tri(rel-err)|#tri(l2-loss)|#2st(true)|#2st(est)|#2st(rel-err)|#2st(l2-loss)|#3st(true)|#3st(est)|#3st(rel-err)|#3st(l2-loss)|clst(true)|clst(est)|clst(rel-err)|clst(l2-loss)|sen_tri|sen_2st|sen_3st|eclip_sum|tclip_sum|#eclip|#tclip|max_deg,3240,c786d30259a5f6af446359e4a56108bd1640df5a7ba20e4b65058565871aa698
data/raw_results/ldp/imdb/original_decrease/20pctres_n10000_alg4_eps1_0p001_ns0_cl0_ba1_1_itr10_1.csv,schema_09,raw_result_csv,ldp,IMDB,15,24,#tri(true)|#tri(est)|#tri(rel-err)|#tri(l2-loss)|#2st(true)|#2st(est)|#2st(rel-err)|#2st(l2-loss)|#3st(true)|#3st(est)|#3st(rel-err)|#3st(l2-loss)|clst(true)|clst(est)|clst(rel-err)|clst(l2-loss)|sen_tri|sen_2st|sen_3st|eclip_sum|tclip_sum|#eclip|#tclip|max_deg,3250,625b2cc4ea55126d4bf0ec8263037edf7ae28626296e5dcade46012233e3173d
data/raw_results/ldp/imdb/original_decrease/20pctres_n10000_alg4_eps1_0p001_ns2_cl6_150_ba1_1_itr10_1.csv,schema_09,raw_result_csv,ldp,IMDB,15,24,#tri(true)|#tri(est)|#tri(rel-err)|#tri(l2-loss)|#2st(true)|#2st(est)|#2st(rel-err)|#2st(l2-loss)|#3st(true)|#3st(est)|#3st(rel-err)|#3st(l2-loss)|clst(true)|clst(est)|clst(rel-err)|clst(l2-loss)|sen_tri|sen_2st|sen_3st|eclip_sum|tclip_sum|#eclip|#tclip|max_deg,3240,4991295133a63cd13880f2dee48c188d9060b6f197a55d5e685c98c636859eaf
data/raw_results/ldp/imdb/original_decrease/5pctres_n10000_alg2_eps1_0p001_ns0_cl0_ba1_1_itr10_1.csv,schema_09,raw_result_csv,ldp,IMDB,15,24,#tri(true)|#tri(est)|#tri(rel-err)|#tri(l2-loss)|#2st(true)|#2st(est)|#2st(rel-err)|#2st(l2-loss)|#3st(true)|#3st(est)|#3st(rel-err)|#3st(l2-loss)|clst(true)|clst(est)|clst(rel-err)|clst(l2-loss)|sen_tri|sen_2st|sen_3st|eclip_sum|tclip_sum|#eclip|#tclip|max_deg,3250,be94fc578d5923398a647b135f31be8a95e3fef78dba0aebb31a7a5a43a75f40
data/raw_results/ldp/imdb/original_decrease/5pctres_n10000_alg2_eps1_0p001_ns2_cl6_150_ba1_1_itr10_1.csv,schema_09,raw_result_csv,ldp,IMDB,15,24,#tri(true)|#tri(est)|#tri(rel-err)|#tri(l2-loss)|#2st(true)|#2st(est)|#2st(rel-err)|#2st(l2-loss)|#3st(true)|#3st(est)|#3st(rel-err)|#3st(l2-loss)|clst(true)|clst(est)|clst(rel-err)|clst(l2-loss)|sen_tri|sen_2st|sen_3st|eclip_sum|tclip_sum|#eclip|#tclip|max_deg,3240,b72b80a19765c6271277241632dfffe95f95d1eef8ff6ab8a611648fde34a758
data/raw_results/ldp/imdb/original_decrease/5pctres_n10000_alg3_eps1_0p001_ns0_cl0_ba1_1_itr10_1.csv,schema_09,raw_result_csv,ldp,IMDB,15,24,#tri(true)|#tri(est)|#tri(rel-err)|#tri(l2-loss)|#2st(true)|#2st(est)|#2st(rel-err)|#2st(l2-loss)|#3st(true)|#3st(est)|#3st(rel-err)|#3st(l2-loss)|clst(true)|clst(est)|clst(rel-err)|clst(l2-loss)|sen_tri|sen_2st|sen_3st|eclip_sum|tclip_sum|#eclip|#tclip|max_deg,3251,9f3417816ab59cf807b2cc065b3a3109709f20911011f15351cd3843bbe7f33c
data/raw_results/ldp/imdb/original_decrease/5pctres_n10000_alg3_eps1_0p001_ns2_cl6_150_ba1_1_itr10_1.csv,schema_09,raw_result_csv,ldp,IMDB,15,24,#tri(true)|#tri(est)|#tri(rel-err)|#tri(l2-loss)|#2st(true)|#2st(est)|#2st(rel-err)|#2st(l2-loss)|#3st(true)|#3st(est)|#3st(rel-err)|#3st(l2-loss)|clst(true)|clst(est)|clst(rel-err)|clst(l2-loss)|sen_tri|sen_2st|sen_3st|eclip_sum|tclip_sum|#eclip|#tclip|max_deg,3240,b7212933717a216c8db843fa558d7adde952f57739657f0bd2b70afbf1186dda
data/raw_results/ldp/imdb/original_decrease/5pctres_n10000_alg4_eps1_0p001_ns0_cl0_ba1_1_itr10_1.csv,schema_09,raw_result_csv,ldp,IMDB,15,24,#tri(true)|#tri(est)|#tri(rel-err)|#tri(l2-loss)|#2st(true)|#2st(est)|#2st(rel-err)|#2st(l2-loss)|#3st(true)|#3st(est)|#3st(rel-err)|#3st(l2-loss)|clst(true)|clst(est)|clst(rel-err)|clst(l2-loss)|sen_tri|sen_2st|sen_3st|eclip_sum|tclip_sum|#eclip|#tclip|max_deg,3249,4c85fb85744172439d7e04db6e589673c3a844bb4adb340879bc1a47578897ed
data/raw_results/ldp/imdb/original_decrease/5pctres_n10000_alg4_eps1_0p001_ns2_cl6_150_ba1_1_itr10_1.csv,schema_09,raw_result_csv,ldp,IMDB,15,24,#tri(true)|#tri(est)|#tri(rel-err)|#tri(l2-loss)|#2st(true)|#2st(est)|#2st(rel-err)|#2st(l2-loss)|#3st(true)|#3st(est)|#3st(rel-err)|#3st(l2-loss)|clst(true)|clst(est)|clst(rel-err)|clst(l2-loss)|sen_tri|sen_2st|sen_3st|eclip_sum|tclip_sum|#eclip|#tclip|max_deg,3240,15c08efb891060413899d87835302dd39117a71dd637bb5c87408395268816c6
data/raw_results/ldp/imdb/post_rr_decrease/10pctres_n10000_alg2_eps1_0p001_ns0_cl0_ba1_1_itr10_1.csv,schema_09,raw_result_csv,ldp,IMDB,15,24,#tri(true)|#tri(est)|#tri(rel-err)|#tri(l2-loss)|#2st(true)|#2st(est)|#2st(rel-err)|#2st(l2-loss)|#3st(true)|#3st(est)|#3st(rel-err)|#3st(l2-loss)|clst(true)|clst(est)|clst(rel-err)|clst(l2-loss)|sen_tri|sen_2st|sen_3st|eclip_sum|tclip_sum|#eclip|#tclip|max_deg,3251,2d505d494c9a1a9234b15a6065c8fd9f0b23003ebb7258bc147acb7ce7ff5f61
data/raw_results/ldp/imdb/post_rr_decrease/10pctres_n10000_alg2_eps1_0p001_ns2_cl6_150_ba1_1_itr10_1.csv,schema_09,raw_result_csv,ldp,IMDB,15,24,#tri(true)|#tri(est)|#tri(rel-err)|#tri(l2-loss)|#2st(true)|#2st(est)|#2st(rel-err)|#2st(l2-loss)|#3st(true)|#3st(est)|#3st(rel-err)|#3st(l2-loss)|clst(true)|clst(est)|clst(rel-err)|clst(l2-loss)|sen_tri|sen_2st|sen_3st|eclip_sum|tclip_sum|#eclip|#tclip|max_deg,3240,5c214d6f4b99fd620d9bccbc7ba77ab326e263315aa4d2c8aca3c30bb2dc84f6
data/raw_results/ldp/imdb/post_rr_decrease/10pctres_n10000_alg3_eps1_0p001_ns0_cl0_ba1_1_itr10_1.csv,schema_09,raw_result_csv,ldp,IMDB,15,24,#tri(true)|#tri(est)|#tri(rel-err)|#tri(l2-loss)|#2st(true)|#2st(est)|#2st(rel-err)|#2st(l2-loss)|#3st(true)|#3st(est)|#3st(rel-err)|#3st(l2-loss)|clst(true)|clst(est)|clst(rel-err)|clst(l2-loss)|sen_tri|sen_2st|sen_3st|eclip_sum|tclip_sum|#eclip|#tclip|max_deg,3251,d4176448b41cba9675f1029cce49b2f76a51341534f8dea40590972991132022
data/raw_results/ldp/imdb/post_rr_decrease/10pctres_n10000_alg3_eps1_0p001_ns2_cl6_150_ba1_1_itr10_1.csv,schema_09,raw_result_csv,ldp,IMDB,15,24,#tri(true)|#tri(est)|#tri(rel-err)|#tri(l2-loss)|#2st(true)|#2st(est)|#2st(rel-err)|#2st(l2-loss)|#3st(true)|#3st(est)|#3st(rel-err)|#3st(l2-loss)|clst(true)|clst(est)|clst(rel-err)|clst(l2-loss)|sen_tri|sen_2st|sen_3st|eclip_sum|tclip_sum|#eclip|#tclip|max_deg,3240,9fced33316584a5b69daacf05fb319319cd4af1e31a96312235451625754eeb1
data/raw_results/ldp/imdb/post_rr_decrease/10pctres_n10000_alg4_eps1_0p001_ns0_cl0_ba1_1_itr10_1.csv,schema_09,raw_result_csv,ldp,IMDB,15,24,#tri(true)|#tri(est)|#tri(rel-err)|#tri(l2-loss)|#2st(true)|#2st(est)|#2st(rel-err)|#2st(l2-loss)|#3st(true)|#3st(est)|#3st(rel-err)|#3st(l2-loss)|clst(true)|clst(est)|clst(rel-err)|clst(l2-loss)|sen_tri|sen_2st|sen_3st|eclip_sum|tclip_sum|#eclip|#tclip|max_deg,3250,58a2481c452cf39e39212b6af0e68b6cc61a265eda66c906ba766153339d9f40
data/raw_results/ldp/imdb/post_rr_decrease/10pctres_n10000_alg4_eps1_0p001_ns2_cl6_150_ba1_1_itr10_1.csv,schema_09,raw_result_csv,ldp,IMDB,15,24,#tri(true)|#tri(est)|#tri(rel-err)|#tri(l2-loss)|#2st(true)|#2st(est)|#2st(rel-err)|#2st(l2-loss)|#3st(true)|#3st(est)|#3st(rel-err)|#3st(l2-loss)|clst(true)|clst(est)|clst(rel-err)|clst(l2-loss)|sen_tri|sen_2st|sen_3st|eclip_sum|tclip_sum|#eclip|#tclip|max_deg,3240,e74b460b9f9ae5c72f81ea8f521eebef709a1d6e4c3c20fb787dab1daacc5954
data/raw_results/ldp/imdb/post_rr_decrease/20pctres_n10000_alg2_eps1_0p001_ns0_cl0_ba1_1_itr10_1.csv,schema_09,raw_result_csv,ldp,IMDB,15,24,#tri(true)|#tri(est)|#tri(rel-err)|#tri(l2-loss)|#2st(true)|#2st(est)|#2st(rel-err)|#2st(l2-loss)|#3st(true)|#3st(est)|#3st(rel-err)|#3st(l2-loss)|clst(true)|clst(est)|clst(rel-err)|clst(l2-loss)|sen_tri|sen_2st|sen_3st|eclip_sum|tclip_sum|#eclip|#tclip|max_deg,3251,e4b14b6086763d054a2f17011468dc1a2cd1d205acb367434b7756523bd8a015
data/raw_results/ldp/imdb/post_rr_decrease/20pctres_n10000_alg2_eps1_0p001_ns2_cl6_150_ba1_1_itr10_1.csv,schema_09,raw_result_csv,ldp,IMDB,15,24,#tri(true)|#tri(est)|#tri(rel-err)|#tri(l2-loss)|#2st(true)|#2st(est)|#2st(rel-err)|#2st(l2-loss)|#3st(true)|#3st(est)|#3st(rel-err)|#3st(l2-loss)|clst(true)|clst(est)|clst(rel-err)|clst(l2-loss)|sen_tri|sen_2st|sen_3st|eclip_sum|tclip_sum|#eclip|#tclip|max_deg,3240,b8ea5981cf69024051770282d60f6653099f991c656888917c10b6a1bd733cf5
data/raw_results/ldp/imdb/post_rr_decrease/20pctres_n10000_alg3_eps1_0p001_ns0_cl0_ba1_1_itr10_1.csv,schema_09,raw_result_csv,ldp,IMDB,15,24,#tri(true)|#tri(est)|#tri(rel-err)|#tri(l2-loss)|#2st(true)|#2st(est)|#2st(rel-err)|#2st(l2-loss)|#3st(true)|#3st(est)|#3st(rel-err)|#3st(l2-loss)|clst(true)|clst(est)|clst(rel-err)|clst(l2-loss)|sen_tri|sen_2st|sen_3st|eclip_sum|tclip_sum|#eclip|#tclip|max_deg,3251,edcf7dd28d1a453e415445f56e4febbd7ba2c544bf44a8323c4438ab9b9fb577
data/raw_results/ldp/imdb/post_rr_decrease/20pctres_n10000_alg3_eps1_0p001_ns2_cl6_150_ba1_1_itr10_1.csv,schema_09,raw_result_csv,ldp,IMDB,15,24,#tri(true)|#tri(est)|#tri(rel-err)|#tri(l2-loss)|#2st(true)|#2st(est)|#2st(rel-err)|#2st(l2-loss)|#3st(true)|#3st(est)|#3st(rel-err)|#3st(l2-loss)|clst(true)|clst(est)|clst(rel-err)|clst(l2-loss)|sen_tri|sen_2st|sen_3st|eclip_sum|tclip_sum|#eclip|#tclip|max_deg,3240,7f726c213dbd2fe349c0802d1b94728b58b6138a05357e140b53f68b59a78486
data/raw_results/ldp/imdb/post_rr_decrease/20pctres_n10000_alg4_eps1_0p001_ns0_cl0_ba1_1_itr10_1.csv,schema_09,raw_result_csv,ldp,IMDB,15,24,#tri(true)|#tri(est)|#tri(rel-err)|#tri(l2-loss)|#2st(true)|#2st(est)|#2st(rel-err)|#2st(l2-loss)|#3st(true)|#3st(est)|#3st(rel-err)|#3st(l2-loss)|clst(true)|clst(est)|clst(rel-err)|clst(l2-loss)|sen_tri|sen_2st|sen_3st|eclip_sum|tclip_sum|#eclip|#tclip|max_deg,3251,031550d9492b65c0194a8f1b90ca154015b2100116b3a0692228465e21be5073
data/raw_results/ldp/imdb/post_rr_decrease/20pctres_n10000_alg4_eps1_0p001_ns2_cl6_150_ba1_1_itr10_1.csv,schema_09,raw_result_csv,ldp,IMDB,15,24,#tri(true)|#tri(est)|#tri(rel-err)|#tri(l2-loss)|#2st(true)|#2st(est)|#2st(rel-err)|#2st(l2-loss)|#3st(true)|#3st(est)|#3st(rel-err)|#3st(l2-loss)|clst(true)|clst(est)|clst(rel-err)|clst(l2-loss)|sen_tri|sen_2st|sen_3st|eclip_sum|tclip_sum|#eclip|#tclip|max_deg,3240,868fd7f437f354b74b1c787aadffd52c3929d079ce15f77ec2473efb3f4d0e03
data/raw_results/ldp/imdb/post_rr_increase/10pctres_n10000_alg2_eps1_0p001_ns0_cl0_ba1_1_itr10_1.csv,schema_09,raw_result_csv,ldp,IMDB,15,24,#tri(true)|#tri(est)|#tri(rel-err)|#tri(l2-loss)|#2st(true)|#2st(est)|#2st(rel-err)|#2st(l2-loss)|#3st(true)|#3st(est)|#3st(rel-err)|#3st(l2-loss)|clst(true)|clst(est)|clst(rel-err)|clst(l2-loss)|sen_tri|sen_2st|sen_3st|eclip_sum|tclip_sum|#eclip|#tclip|max_deg,3261,f2285af0e70e97412987b23c127674b1e5f138d5f0cd69ac7bc2492e66a94137
data/raw_results/ldp/imdb/post_rr_increase/10pctres_n10000_alg2_eps1_0p001_ns2_cl6_150_ba1_1_itr10_1.csv,schema_09,raw_result_csv,ldp,IMDB,15,24,#tri(true)|#tri(est)|#tri(rel-err)|#tri(l2-loss)|#2st(true)|#2st(est)|#2st(rel-err)|#2st(l2-loss)|#3st(true)|#3st(est)|#3st(rel-err)|#3st(l2-loss)|clst(true)|clst(est)|clst(rel-err)|clst(l2-loss)|sen_tri|sen_2st|sen_3st|eclip_sum|tclip_sum|#eclip|#tclip|max_deg,3240,ef2dc5543976bab949e89d07e699d9ebfbdec2502da778867fe6ad8c2297eea5
data/raw_results/ldp/imdb/post_rr_increase/10pctres_n10000_alg3_eps1_0p001_ns0_cl0_ba1_1_itr10_1.csv,schema_09,raw_result_csv,ldp,IMDB,15,24,#tri(true)|#tri(est)|#tri(rel-err)|#tri(l2-loss)|#2st(true)|#2st(est)|#2st(rel-err)|#2st(l2-loss)|#3st(true)|#3st(est)|#3st(rel-err)|#3st(l2-loss)|clst(true)|clst(est)|clst(rel-err)|clst(l2-loss)|sen_tri|sen_2st|sen_3st|eclip_sum|tclip_sum|#eclip|#tclip|max_deg,3251,58e199c8440eaf61ecf2160ef718de9a10f2f1bb5b1de3ddcf7f692028dc6208
data/raw_results/ldp/imdb/post_rr_increase/10pctres_n10000_alg3_eps1_0p001_ns2_cl6_150_ba1_1_itr10_1.csv,schema_09,raw_result_csv,ldp,IMDB,15,24,#tri(true)|#tri(est)|#tri(rel-err)|#tri(l2-loss)|#2st(true)|#2st(est)|#2st(rel-err)|#2st(l2-loss)|#3st(true)|#3st(est)|#3st(rel-err)|#3st(l2-loss)|clst(true)|clst(est)|clst(rel-err)|clst(l2-loss)|sen_tri|sen_2st|sen_3st|eclip_sum|tclip_sum|#eclip|#tclip|max_deg,3240,a079086e69cca4e60c0015eb2218c4588a498a6a60a83089e65129b5963da30c
data/raw_results/ldp/imdb/post_rr_increase/10pctres_n10000_alg4_eps1_0p001_ns0_cl0_ba1_1_itr10_1.csv,schema_09,raw_result_csv,ldp,IMDB,15,24,#tri(true)|#tri(est)|#tri(rel-err)|#tri(l2-loss)|#2st(true)|#2st(est)|#2st(rel-err)|#2st(l2-loss)|#3st(true)|#3st(est)|#3st(rel-err)|#3st(l2-loss)|clst(true)|clst(est)|clst(rel-err)|clst(l2-loss)|sen_tri|sen_2st|sen_3st|eclip_sum|tclip_sum|#eclip|#tclip|max_deg,3251,ccb05e74b5465ee54aa18ca75395f9669bdfc7820c0e3d7d5bf608cc211e0218
data/raw_results/ldp/imdb/post_rr_increase/10pctres_n10000_alg4_eps1_0p001_ns2_cl6_150_ba1_1_itr10_1.csv,schema_09,raw_result_csv,ldp,IMDB,15,24,#tri(true)|#tri(est)|#tri(rel-err)|#tri(l2-loss)|#2st(true)|#2st(est)|#2st(rel-err)|#2st(l2-loss)|#3st(true)|#3st(est)|#3st(rel-err)|#3st(l2-loss)|clst(true)|clst(est)|clst(rel-err)|clst(l2-loss)|sen_tri|sen_2st|sen_3st|eclip_sum|tclip_sum|#eclip|#tclip|max_deg,3240,c613658051de792af4b22f61bc3cdca9e34648a82e486e253c721f3895eddbc0
data/raw_results/ldp/imdb/post_rr_increase/20pctres_n10000_alg2_eps1_0p001_ns0_cl0_ba1_1_itr10_1.csv,schema_09,raw_result_csv,ldp,IMDB,15,24,#tri(true)|#tri(est)|#tri(rel-err)|#tri(l2-loss)|#2st(true)|#2st(est)|#2st(rel-err)|#2st(l2-loss)|#3st(true)|#3st(est)|#3st(rel-err)|#3st(l2-loss)|clst(true)|clst(est)|clst(rel-err)|clst(l2-loss)|sen_tri|sen_2st|sen_3st|eclip_sum|tclip_sum|#eclip|#tclip|max_deg,3261,5378b8af1fa363216a1c6f5ac7723e45db5c20f0dc9909511f44a3684951cfc5
data/raw_results/ldp/imdb/post_rr_increase/20pctres_n10000_alg2_eps1_0p001_ns2_cl6_150_ba1_1_itr10_1.csv,schema_09,raw_result_csv,ldp,IMDB,15,24,#tri(true)|#tri(est)|#tri(rel-err)|#tri(l2-loss)|#2st(true)|#2st(est)|#2st(rel-err)|#2st(l2-loss)|#3st(true)|#3st(est)|#3st(rel-err)|#3st(l2-loss)|clst(true)|clst(est)|clst(rel-err)|clst(l2-loss)|sen_tri|sen_2st|sen_3st|eclip_sum|tclip_sum|#eclip|#tclip|max_deg,3250,bdce28145a11eb679922585a3b00b12d27f512745dd65ef84cc0ef24969132ff
data/raw_results/ldp/imdb/post_rr_increase/20pctres_n10000_alg3_eps1_0p001_ns0_cl0_ba1_1_itr10_1.csv,schema_09,raw_result_csv,ldp,IMDB,15,24,#tri(true)|#tri(est)|#tri(rel-err)|#tri(l2-loss)|#2st(true)|#2st(est)|#2st(rel-err)|#2st(l2-loss)|#3st(true)|#3st(est)|#3st(rel-err)|#3st(l2-loss)|clst(true)|clst(est)|clst(rel-err)|clst(l2-loss)|sen_tri|sen_2st|sen_3st|eclip_sum|tclip_sum|#eclip|#tclip|max_deg,3261,470a8d4125228875e1fe71446eb67dab7fefde961362a55db9c7bd23575a3edd
data/raw_results/ldp/imdb/post_rr_increase/20pctres_n10000_alg3_eps1_0p001_ns2_cl6_150_ba1_1_itr10_1.csv,schema_09,raw_result_csv,ldp,IMDB,15,24,#tri(true)|#tri(est)|#tri(rel-err)|#tri(l2-loss)|#2st(true)|#2st(est)|#2st(rel-err)|#2st(l2-loss)|#3st(true)|#3st(est)|#3st(rel-err)|#3st(l2-loss)|clst(true)|clst(est)|clst(rel-err)|clst(l2-loss)|sen_tri|sen_2st|sen_3st|eclip_sum|tclip_sum|#eclip|#tclip|max_deg,3240,753fdeedaa047327d8af9a170529cb0f4e0f45728c1818efee460c2723de58d6
data/raw_results/ldp/imdb/post_rr_increase/20pctres_n10000_alg4_eps1_0p001_ns0_cl0_ba1_1_itr10_1.csv,schema_09,raw_result_csv,ldp,IMDB,15,24,#tri(true)|#tri(est)|#tri(rel-err)|#tri(l2-loss)|#2st(true)|#2st(est)|#2st(rel-err)|#2st(l2-loss)|#3st(true)|#3st(est)|#3st(rel-err)|#3st(l2-loss)|clst(true)|clst(est)|clst(rel-err)|clst(l2-loss)|sen_tri|sen_2st|sen_3st|eclip_sum|tclip_sum|#eclip|#tclip|max_deg,3253,a017ff53412229872e04ab5f23d943564278028f1e615ed634049bb536312c0a
data/raw_results/ldp/imdb/post_rr_increase/20pctres_n10000_alg4_eps1_0p001_ns2_cl6_150_ba1_1_itr10_1.csv,schema_09,raw_result_csv,ldp,IMDB,15,24,#tri(true)|#tri(est)|#tri(rel-err)|#tri(l2-loss)|#2st(true)|#2st(est)|#2st(rel-err)|#2st(l2-loss)|#3st(true)|#3st(est)|#3st(rel-err)|#3st(l2-loss)|clst(true)|clst(est)|clst(rel-err)|clst(l2-loss)|sen_tri|sen_2st|sen_3st|eclip_sum|tclip_sum|#eclip|#tclip|max_deg,3240,0add1a2117102f503dad8de97fd5c2256eb752983d0e11565818f83eafbde8c6
data/raw_results/ldp/imdb/post_rr_increase/30pctres_n10000_alg2_eps1_0p001_ns0_cl0_ba1_1_itr10_1.csv,schema_09,raw_result_csv,ldp,IMDB,15,24,#tri(true)|#tri(est)|#tri(rel-err)|#tri(l2-loss)|#2st(true)|#2st(est)|#2st(rel-err)|#2st(l2-loss)|#3st(true)|#3st(est)|#3st(rel-err)|#3st(l2-loss)|clst(true)|clst(est)|clst(rel-err)|clst(l2-loss)|sen_tri|sen_2st|sen_3st|eclip_sum|tclip_sum|#eclip|#tclip|max_deg,3261,d6895259b8b369abe537f679208ca6664b4293548fbe60b83ce97fa33237ab78
data/raw_results/ldp/imdb/post_rr_increase/30pctres_n10000_alg2_eps1_0p001_ns2_cl6_150_ba1_1_itr10_1.csv,schema_09,raw_result_csv,ldp,IMDB,15,24,#tri(true)|#tri(est)|#tri(rel-err)|#tri(l2-loss)|#2st(true)|#2st(est)|#2st(rel-err)|#2st(l2-loss)|#3st(true)|#3st(est)|#3st(rel-err)|#3st(l2-loss)|clst(true)|clst(est)|clst(rel-err)|clst(l2-loss)|sen_tri|sen_2st|sen_3st|eclip_sum|tclip_sum|#eclip|#tclip|max_deg,3249,a9aed65cc5c8793053722133ccd658aa1753b94d8bc3b76a16924a7bc44eee83
data/raw_results/ldp/imdb/post_rr_increase/30pctres_n10000_alg3_eps1_0p001_ns0_cl0_ba1_1_itr10_1.csv,schema_09,raw_result_csv,ldp,IMDB,15,24,#tri(true)|#tri(est)|#tri(rel-err)|#tri(l2-loss)|#2st(true)|#2st(est)|#2st(rel-err)|#2st(l2-loss)|#3st(true)|#3st(est)|#3st(rel-err)|#3st(l2-loss)|clst(true)|clst(est)|clst(rel-err)|clst(l2-loss)|sen_tri|sen_2st|sen_3st|eclip_sum|tclip_sum|#eclip|#tclip|max_deg,3261,76c2bfe4fc07d354f18913b5a774f8697ab055f90261ec0313cbfb5b32fde833
data/raw_results/ldp/imdb/post_rr_increase/30pctres_n10000_alg3_eps1_0p001_ns2_cl6_150_ba1_1_itr10_1.csv,schema_09,raw_result_csv,ldp,IMDB,15,24,#tri(true)|#tri(est)|#tri(rel-err)|#tri(l2-loss)|#2st(true)|#2st(est)|#2st(rel-err)|#2st(l2-loss)|#3st(true)|#3st(est)|#3st(rel-err)|#3st(l2-loss)|clst(true)|clst(est)|clst(rel-err)|clst(l2-loss)|sen_tri|sen_2st|sen_3st|eclip_sum|tclip_sum|#eclip|#tclip|max_deg,3250,4cdbba210ea5f6b4afea8b1be7e364b3e30862f6b3f170ceacb8effbd2b80eb6
data/raw_results/ldp/imdb/post_rr_increase/30pctres_n10000_alg4_eps1_0p001_ns0_cl0_ba1_1_itr10_1.csv,schema_09,raw_result_csv,ldp,IMDB,15,24,#tri(true)|#tri(est)|#tri(rel-err)|#tri(l2-loss)|#2st(true)|#2st(est)|#2st(rel-err)|#2st(l2-loss)|#3st(true)|#3st(est)|#3st(rel-err)|#3st(l2-loss)|clst(true)|clst(est)|clst(rel-err)|clst(l2-loss)|sen_tri|sen_2st|sen_3st|eclip_sum|tclip_sum|#eclip|#tclip|max_deg,3261,205459a0f33375a31f5a5b6d855b885e44164899ab89842fce07f7c6b6f3b3d9
data/raw_results/ldp/imdb/post_rr_increase/30pctres_n10000_alg4_eps1_0p001_ns2_cl6_150_ba1_1_itr10_1.csv,schema_09,raw_result_csv,ldp,IMDB,15,24,#tri(true)|#tri(est)|#tri(rel-err)|#tri(l2-loss)|#2st(true)|#2st(est)|#2st(rel-err)|#2st(l2-loss)|#3st(true)|#3st(est)|#3st(rel-err)|#3st(l2-loss)|clst(true)|clst(est)|clst(rel-err)|clst(l2-loss)|sen_tri|sen_2st|sen_3st|eclip_sum|tclip_sum|#eclip|#tclip|max_deg,3240,cb1210148c6ab788d93992b38ed5476e5f16f09b6154075444296603de8d49ef
data/raw_results/ldp/imdb/post_rr_increase/3pctres_n10000_alg2_eps1_0p001_ns0_cl0_ba1_1_itr10_1.csv,schema_09,raw_result_csv,ldp,IMDB,15,24,#tri(true)|#tri(est)|#tri(rel-err)|#tri(l2-loss)|#2st(true)|#2st(est)|#2st(rel-err)|#2st(l2-loss)|#3st(true)|#3st(est)|#3st(rel-err)|#3st(l2-loss)|clst(true)|clst(est)|clst(rel-err)|clst(l2-loss)|sen_tri|sen_2st|sen_3st|eclip_sum|tclip_sum|#eclip|#tclip|max_deg,3251,47a1793b04d2e365010bae38aec66520257467d1884b6417cf8cfc0564b06ddb
data/raw_results/ldp/imdb/post_rr_increase/3pctres_n10000_alg2_eps1_0p001_ns2_cl6_150_ba1_1_itr10_1.csv,schema_09,raw_result_csv,ldp,IMDB,15,24,#tri(true)|#tri(est)|#tri(rel-err)|#tri(l2-loss)|#2st(true)|#2st(est)|#2st(rel-err)|#2st(l2-loss)|#3st(true)|#3st(est)|#3st(rel-err)|#3st(l2-loss)|clst(true)|clst(est)|clst(rel-err)|clst(l2-loss)|sen_tri|sen_2st|sen_3st|eclip_sum|tclip_sum|#eclip|#tclip|max_deg,3240,c8d4310e82747d2966f84feaf2eec7115a160417e8f3a5a962c041b271fdf0c8
data/raw_results/ldp/imdb/post_rr_increase/3pctres_n10000_alg3_eps1_0p001_ns0_cl0_ba1_1_itr10_1.csv,schema_09,raw_result_csv,ldp,IMDB,15,24,#tri(true)|#tri(est)|#tri(rel-err)|#tri(l2-loss)|#2st(true)|#2st(est)|#2st(rel-err)|#2st(l2-loss)|#3st(true)|#3st(est)|#3st(rel-err)|#3st(l2-loss)|clst(true)|clst(est)|clst(rel-err)|clst(l2-loss)|sen_tri|sen_2st|sen_3st|eclip_sum|tclip_sum|#eclip|#tclip|max_deg,3248,05b6e9fc07ef400e207a84ca025c3cc96c2c33503800ede92ce904769fb038a8
data/raw_results/ldp/imdb/post_rr_increase/3pctres_n10000_alg3_eps1_0p001_ns2_cl6_150_ba1_1_itr10_1.csv,schema_09,raw_result_csv,ldp,IMDB,15,24,#tri(true)|#tri(est)|#tri(rel-err)|#tri(l2-loss)|#2st(true)|#2st(est)|#2st(rel-err)|#2st(l2-loss)|#3st(true)|#3st(est)|#3st(rel-err)|#3st(l2-loss)|clst(true)|clst(est)|clst(rel-err)|clst(l2-loss)|sen_tri|sen_2st|sen_3st|eclip_sum|tclip_sum|#eclip|#tclip|max_deg,3240,fb270282f8091dc861edb0999ff2b2aa9bf497245b19c85a04a060e8feecf4e1
data/raw_results/ldp/imdb/post_rr_increase/3pctres_n10000_alg4_eps1_0p001_ns0_cl0_ba1_1_itr10_1.csv,schema_09,raw_result_csv,ldp,IMDB,15,24,#tri(true)|#tri(est)|#tri(rel-err)|#tri(l2-loss)|#2st(true)|#2st(est)|#2st(rel-err)|#2st(l2-loss)|#3st(true)|#3st(est)|#3st(rel-err)|#3st(l2-loss)|clst(true)|clst(est)|clst(rel-err)|clst(l2-loss)|sen_tri|sen_2st|sen_3st|eclip_sum|tclip_sum|#eclip|#tclip|max_deg,3251,a929e6487a884981bf1cad6e6db0f00f1d3d48fdb8aafcbafbf44a36946dfa2f
data/raw_results/ldp/imdb/post_rr_increase/3pctres_n10000_alg4_eps1_0p001_ns2_cl6_150_ba1_1_itr10_1.csv,schema_09,raw_result_csv,ldp,IMDB,15,24,#tri(true)|#tri(est)|#tri(rel-err)|#tri(l2-loss)|#2st(true)|#2st(est)|#2st(rel-err)|#2st(l2-loss)|#3st(true)|#3st(est)|#3st(rel-err)|#3st(l2-loss)|clst(true)|clst(est)|clst(rel-err)|clst(l2-loss)|sen_tri|sen_2st|sen_3st|eclip_sum|tclip_sum|#eclip|#tclip|max_deg,3240,bd903a766e421818fca877ed5e91344ce0d9efbd613a6feecad68e2c6eb23d62
data/raw_results/ldp/imdb/post_rr_increase/50pctres_n10000_alg2_eps1_0p001_ns0_cl0_ba1_1_itr10_1.csv,schema_09,raw_result_csv,ldp,IMDB,15,24,#tri(true)|#tri(est)|#tri(rel-err)|#tri(l2-loss)|#2st(true)|#2st(est)|#2st(rel-err)|#2st(l2-loss)|#3st(true)|#3st(est)|#3st(rel-err)|#3st(l2-loss)|clst(true)|clst(est)|clst(rel-err)|clst(l2-loss)|sen_tri|sen_2st|sen_3st|eclip_sum|tclip_sum|#eclip|#tclip|max_deg,3271,705df3c9d60753c180b63c6947eff6fae7870ed724343a95648583b765667e37
data/raw_results/ldp/imdb/post_rr_increase/50pctres_n10000_alg2_eps1_0p001_ns2_cl6_150_ba1_1_itr10_1.csv,schema_09,raw_result_csv,ldp,IMDB,15,24,#tri(true)|#tri(est)|#tri(rel-err)|#tri(l2-loss)|#2st(true)|#2st(est)|#2st(rel-err)|#2st(l2-loss)|#3st(true)|#3st(est)|#3st(rel-err)|#3st(l2-loss)|clst(true)|clst(est)|clst(rel-err)|clst(l2-loss)|sen_tri|sen_2st|sen_3st|eclip_sum|tclip_sum|#eclip|#tclip|max_deg,3256,f522aa868923c7a562e8d96c7a476260027c2f1a7aa7f8b6f03e2f1996ed909f
data/raw_results/ldp/imdb/post_rr_increase/50pctres_n10000_alg3_eps1_0p001_ns0_cl0_ba1_1_itr10_1.csv,schema_09,raw_result_csv,ldp,IMDB,15,24,#tri(true)|#tri(est)|#tri(rel-err)|#tri(l2-loss)|#2st(true)|#2st(est)|#2st(rel-err)|#2st(l2-loss)|#3st(true)|#3st(est)|#3st(rel-err)|#3st(l2-loss)|clst(true)|clst(est)|clst(rel-err)|clst(l2-loss)|sen_tri|sen_2st|sen_3st|eclip_sum|tclip_sum|#eclip|#tclip|max_deg,3261,56e4c3096682462c0b09becd328eba1409b1c6c4194200a88d12b035eac7c8f2
data/raw_results/ldp/imdb/post_rr_increase/50pctres_n10000_alg3_eps1_0p001_ns2_cl6_150_ba1_1_itr10_1.csv,schema_09,raw_result_csv,ldp,IMDB,15,24,#tri(true)|#tri(est)|#tri(rel-err)|#tri(l2-loss)|#2st(true)|#2st(est)|#2st(rel-err)|#2st(l2-loss)|#3st(true)|#3st(est)|#3st(rel-err)|#3st(l2-loss)|clst(true)|clst(est)|clst(rel-err)|clst(l2-loss)|sen_tri|sen_2st|sen_3st|eclip_sum|tclip_sum|#eclip|#tclip|max_deg,3257,10c0a36af9a4367ab0aab7e1abdf48b66f754214f3c90ab64dab277774b2c6b2
data/raw_results/ldp/imdb/post_rr_increase/50pctres_n10000_alg4_eps1_0p001_ns0_cl0_ba1_1_itr10_1.csv,schema_09,raw_result_csv,ldp,IMDB,15,24,#tri(true)|#tri(est)|#tri(rel-err)|#tri(l2-loss)|#2st(true)|#2st(est)|#2st(rel-err)|#2st(l2-loss)|#3st(true)|#3st(est)|#3st(rel-err)|#3st(l2-loss)|clst(true)|clst(est)|clst(rel-err)|clst(l2-loss)|sen_tri|sen_2st|sen_3st|eclip_sum|tclip_sum|#eclip|#tclip|max_deg,3261,d316bf02d621d28778b2c0d44bf2f2ab07f9d1b976bf848fbf23e7075d9a49df
data/raw_results/ldp/imdb/post_rr_increase/50pctres_n10000_alg4_eps1_0p001_ns2_cl6_150_ba1_1_itr10_1.csv,schema_09,raw_result_csv,ldp,IMDB,15,24,#tri(true)|#tri(est)|#tri(rel-err)|#tri(l2-loss)|#2st(true)|#2st(est)|#2st(rel-err)|#2st(l2-loss)|#3st(true)|#3st(est)|#3st(rel-err)|#3st(l2-loss)|clst(true)|clst(est)|clst(rel-err)|clst(l2-loss)|sen_tri|sen_2st|sen_3st|eclip_sum|tclip_sum|#eclip|#tclip|max_deg,3250,c847942b30d802847aaff441e123314eda0fd4ec516a5408ef6b616446608906
data/raw_results/ldp/imdb/post_rr_increase/5pctres_n10000_alg2_eps1_0p001_ns0_cl0_ba1_1_itr10_1.csv,schema_09,raw_result_csv,ldp,IMDB,15,24,#tri(true)|#tri(est)|#tri(rel-err)|#tri(l2-loss)|#2st(true)|#2st(est)|#2st(rel-err)|#2st(l2-loss)|#3st(true)|#3st(est)|#3st(rel-err)|#3st(l2-loss)|clst(true)|clst(est)|clst(rel-err)|clst(l2-loss)|sen_tri|sen_2st|sen_3st|eclip_sum|tclip_sum|#eclip|#tclip|max_deg,3251,3e1445888e24b4b89c8453da38d61f62bbd4f06a6b7077251052474455bc442f
data/raw_results/ldp/imdb/post_rr_increase/5pctres_n10000_alg2_eps1_0p001_ns2_cl6_150_ba1_1_itr10_1.csv,schema_09,raw_result_csv,ldp,IMDB,15,24,#tri(true)|#tri(est)|#tri(rel-err)|#tri(l2-loss)|#2st(true)|#2st(est)|#2st(rel-err)|#2st(l2-loss)|#3st(true)|#3st(est)|#3st(rel-err)|#3st(l2-loss)|clst(true)|clst(est)|clst(rel-err)|clst(l2-loss)|sen_tri|sen_2st|sen_3st|eclip_sum|tclip_sum|#eclip|#tclip|max_deg,3240,54e451329a7db1a0d37d64c735168c2a94f066d98f70b6aa15d7f68da8ed95ab
data/raw_results/ldp/imdb/post_rr_increase/5pctres_n10000_alg3_eps1_0p001_ns0_cl0_ba1_1_itr10_1.csv,schema_09,raw_result_csv,ldp,IMDB,15,24,#tri(true)|#tri(est)|#tri(rel-err)|#tri(l2-loss)|#2st(true)|#2st(est)|#2st(rel-err)|#2st(l2-loss)|#3st(true)|#3st(est)|#3st(rel-err)|#3st(l2-loss)|clst(true)|clst(est)|clst(rel-err)|clst(l2-loss)|sen_tri|sen_2st|sen_3st|eclip_sum|tclip_sum|#eclip|#tclip|max_deg,3251,212a47abf4c2c69f314df238dce2a5626d9ded2d57c92863c6c738e60cb209a7
data/raw_results/ldp/imdb/post_rr_increase/5pctres_n10000_alg3_eps1_0p001_ns2_cl6_150_ba1_1_itr10_1.csv,schema_09,raw_result_csv,ldp,IMDB,15,24,#tri(true)|#tri(est)|#tri(rel-err)|#tri(l2-loss)|#2st(true)|#2st(est)|#2st(rel-err)|#2st(l2-loss)|#3st(true)|#3st(est)|#3st(rel-err)|#3st(l2-loss)|clst(true)|clst(est)|clst(rel-err)|clst(l2-loss)|sen_tri|sen_2st|sen_3st|eclip_sum|tclip_sum|#eclip|#tclip|max_deg,3240,92ed885e3bd96b5bdd237cc1e901bbef994ee5e60b79c959a762000fc060ee15
data/raw_results/ldp/imdb/post_rr_increase/5pctres_n10000_alg4_eps1_0p001_ns0_cl0_ba1_1_itr10_1.csv,schema_09,raw_result_csv,ldp,IMDB,15,24,#tri(true)|#tri(est)|#tri(rel-err)|#tri(l2-loss)|#2st(true)|#2st(est)|#2st(rel-err)|#2st(l2-loss)|#3st(true)|#3st(est)|#3st(rel-err)|#3st(l2-loss)|clst(true)|clst(est)|clst(rel-err)|clst(l2-loss)|sen_tri|sen_2st|sen_3st|eclip_sum|tclip_sum|#eclip|#tclip|max_deg,3251,45dc40e57e319152e15b42bc577ddfa7503d9bf0516110aee58ee6c4bf204143
data/raw_results/ldp/imdb/post_rr_increase/5pctres_n10000_alg4_eps1_0p001_ns2_cl6_150_ba1_1_itr10_1.csv,schema_09,raw_result_csv,ldp,IMDB,15,24,#tri(true)|#tri(est)|#tri(rel-err)|#tri(l2-loss)|#2st(true)|#2st(est)|#2st(rel-err)|#2st(l2-loss)|#3st(true)|#3st(est)|#3st(rel-err)|#3st(l2-loss)|clst(true)|clst(est)|clst(rel-err)|clst(l2-loss)|sen_tri|sen_2st|sen_3st|eclip_sum|tclip_sum|#eclip|#tclip|max_deg,3240,41a5f2dd87a02c2e209b6f635bd9b32cc53fcd2ab34c1ff83452a3c3ef93f794
data/raw_results/ldp/imdb/post_rr_increase/8pctres_n10000_alg2_eps1_0p001_ns0_cl0_ba1_1_itr10_1.csv,schema_09,raw_result_csv,ldp,IMDB,15,24,#tri(true)|#tri(est)|#tri(rel-err)|#tri(l2-loss)|#2st(true)|#2st(est)|#2st(rel-err)|#2st(l2-loss)|#3st(true)|#3st(est)|#3st(rel-err)|#3st(l2-loss)|clst(true)|clst(est)|clst(rel-err)|clst(l2-loss)|sen_tri|sen_2st|sen_3st|eclip_sum|tclip_sum|#eclip|#tclip|max_deg,3261,8309c10ffa2efcc91fc01a391e40cb8a9939fa31e2472b616cb8e747edfa5a6c
data/raw_results/ldp/imdb/post_rr_increase/8pctres_n10000_alg2_eps1_0p001_ns2_cl6_150_ba1_1_itr10_1.csv,schema_09,raw_result_csv,ldp,IMDB,15,24,#tri(true)|#tri(est)|#tri(rel-err)|#tri(l2-loss)|#2st(true)|#2st(est)|#2st(rel-err)|#2st(l2-loss)|#3st(true)|#3st(est)|#3st(rel-err)|#3st(l2-loss)|clst(true)|clst(est)|clst(rel-err)|clst(l2-loss)|sen_tri|sen_2st|sen_3st|eclip_sum|tclip_sum|#eclip|#tclip|max_deg,3240,b5277210cabc36531e5c30f04bfb0d3b292e42194a3647695e50d67eea86721b
data/raw_results/ldp/imdb/post_rr_increase/8pctres_n10000_alg3_eps1_0p001_ns0_cl0_ba1_1_itr10_1.csv,schema_09,raw_result_csv,ldp,IMDB,15,24,#tri(true)|#tri(est)|#tri(rel-err)|#tri(l2-loss)|#2st(true)|#2st(est)|#2st(rel-err)|#2st(l2-loss)|#3st(true)|#3st(est)|#3st(rel-err)|#3st(l2-loss)|clst(true)|clst(est)|clst(rel-err)|clst(l2-loss)|sen_tri|sen_2st|sen_3st|eclip_sum|tclip_sum|#eclip|#tclip|max_deg,3251,81bb0ce9740059725f3141185ff0c6862e41ddd371f26434f17d957be91280f4
data/raw_results/ldp/imdb/post_rr_increase/8pctres_n10000_alg3_eps1_0p001_ns2_cl6_150_ba1_1_itr10_1.csv,schema_09,raw_result_csv,ldp,IMDB,15,24,#tri(true)|#tri(est)|#tri(rel-err)|#tri(l2-loss)|#2st(true)|#2st(est)|#2st(rel-err)|#2st(l2-loss)|#3st(true)|#3st(est)|#3st(rel-err)|#3st(l2-loss)|clst(true)|clst(est)|clst(rel-err)|clst(l2-loss)|sen_tri|sen_2st|sen_3st|eclip_sum|tclip_sum|#eclip|#tclip|max_deg,3240,064533fa98d8a88d396c1c131d91025fce8be8bbd1776790f827ac31bcaf2950
data/raw_results/ldp/imdb/post_rr_increase/8pctres_n10000_alg4_eps1_0p001_ns0_cl0_ba1_1_itr10_1.csv,schema_09,raw_result_csv,ldp,IMDB,15,24,#tri(true)|#tri(est)|#tri(rel-err)|#tri(l2-loss)|#2st(true)|#2st(est)|#2st(rel-err)|#2st(l2-loss)|#3st(true)|#3st(est)|#3st(rel-err)|#3st(l2-loss)|clst(true)|clst(est)|clst(rel-err)|clst(l2-loss)|sen_tri|sen_2st|sen_3st|eclip_sum|tclip_sum|#eclip|#tclip|max_deg,3251,bb7daebc306c2064d2809d864c6f4254f3457b496add332d3f1e1bb94de75ce2
data/raw_results/ldp/imdb/post_rr_increase/8pctres_n10000_alg4_eps1_0p001_ns2_cl6_150_ba1_1_itr10_1.csv,schema_09,raw_result_csv,ldp,IMDB,15,24,#tri(true)|#tri(est)|#tri(rel-err)|#tri(l2-loss)|#2st(true)|#2st(est)|#2st(rel-err)|#2st(l2-loss)|#3st(true)|#3st(est)|#3st(rel-err)|#3st(l2-loss)|clst(true)|clst(est)|clst(rel-err)|clst(l2-loss)|sen_tri|sen_2st|sen_3st|eclip_sum|tclip_sum|#eclip|#tclip|max_deg,3240,0e8849d5e7a25aa5ec50e6b17595d1a69e48cdd422c98f82462a57c48654ff70
data/raw_results/rldp_2024/results_laplace_all_attacks_gplus/summary.csv,schema_10,raw_result_csv,rldp_2024,Gplus,441,13,dataset|scheme|epsilon|attack_type|direction|malicious_ratio|lambda|true_triangle_count|avg_estimated_triangle_count|relative_signed_error|mre|finished|log_file,61769,0dff046ae5c634aeeb3536cdba85ee5143e3ed6c41a3ed3870d79d83d8b4b8ef
data/raw_results/rldp_2024/results_laplace_all_attacks_imdb/summary.csv,schema_10,raw_result_csv,rldp_2024,IMDB,441,13,dataset|scheme|epsilon|attack_type|direction|malicious_ratio|lambda|true_triangle_count|avg_estimated_triangle_count|relative_signed_error|mre|finished|log_file,63304,824b529803037210524ec2cabffd645d699e23e633a62604368d51289d73ab04
data/raw_results/shuffle_dp/shuffledp_gplus/robust_strict_rr_decrease/ratio_10_res_n20000_alg2n_eps1_8_pair_1_itr20_1.csv,schema_11,raw_result_csv,shuffle_dp,Gplus,24,14,#tri(true)|#tri(est)|#tri(rel-err)|#tri(l2-loss)|#2st(true)|#2st(est)|#2st(rel-err)|#2st(l2-loss)|clst(true)|clst(est)|clst(rel-err)|clst(l2-loss)|EpsL|max_deg,3701,75e2ca5af48e65cb5ffdbdf4a4a8ff2e62eaf366daa82a651fb2face5f3e8ad5
data/raw_results/shuffle_dp/shuffledp_gplus/robust_strict_rr_decrease/ratio_10_res_n20000_alg3n_eps1_8_pair_1_itr20_1.csv,schema_11,raw_result_csv,shuffle_dp,Gplus,24,14,#tri(true)|#tri(est)|#tri(rel-err)|#tri(l2-loss)|#2st(true)|#2st(est)|#2st(rel-err)|#2st(l2-loss)|clst(true)|clst(est)|clst(rel-err)|clst(l2-loss)|EpsL|max_deg,3697,f7911e354c3bf082e0744fe9a3044fd5c8e671748da7bb50143f115d49e12797
data/raw_results/shuffle_dp/shuffledp_gplus/robust_strict_rr_decrease/ratio_10_res_n20000_alg4n_eps1_8_pair_1_itr20_1.csv,schema_11,raw_result_csv,shuffle_dp,Gplus,24,14,#tri(true)|#tri(est)|#tri(rel-err)|#tri(l2-loss)|#2st(true)|#2st(est)|#2st(rel-err)|#2st(l2-loss)|clst(true)|clst(est)|clst(rel-err)|clst(l2-loss)|EpsL|max_deg,3698,952d861693840e945f75f5f42a6174ace78358954df18225483c40248190863a
data/raw_results/shuffle_dp/shuffledp_gplus/robust_strict_rr_decrease/ratio_12p5_res_n20000_alg2n_eps1_8_pair_1_itr20_1.csv,schema_11,raw_result_csv,shuffle_dp,Gplus,24,14,#tri(true)|#tri(est)|#tri(rel-err)|#tri(l2-loss)|#2st(true)|#2st(est)|#2st(rel-err)|#2st(l2-loss)|clst(true)|clst(est)|clst(rel-err)|clst(l2-loss)|EpsL|max_deg,3701,52e1210644fd8321ab500f8fe24743426dba772a402daac9267b148594cf19e7
data/raw_results/shuffle_dp/shuffledp_gplus/robust_strict_rr_decrease/ratio_12p5_res_n20000_alg3n_eps1_8_pair_1_itr20_1.csv,schema_11,raw_result_csv,shuffle_dp,Gplus,24,14,#tri(true)|#tri(est)|#tri(rel-err)|#tri(l2-loss)|#2st(true)|#2st(est)|#2st(rel-err)|#2st(l2-loss)|clst(true)|clst(est)|clst(rel-err)|clst(l2-loss)|EpsL|max_deg,3697,a25253cf387ba7e2a423f5f7b911af5d656b7e695664dd8c354e918732f32b76
data/raw_results/shuffle_dp/shuffledp_gplus/robust_strict_rr_decrease/ratio_12p5_res_n20000_alg4n_eps1_8_pair_1_itr20_1.csv,schema_11,raw_result_csv,shuffle_dp,Gplus,24,14,#tri(true)|#tri(est)|#tri(rel-err)|#tri(l2-loss)|#2st(true)|#2st(est)|#2st(rel-err)|#2st(l2-loss)|clst(true)|clst(est)|clst(rel-err)|clst(l2-loss)|EpsL|max_deg,3698,1235b2e5490b32b27e4e751e2b7baeb1fe6f7c0cedea4a0d9caf58bee457c28e
data/raw_results/shuffle_dp/shuffledp_gplus/robust_strict_rr_decrease/ratio_15_res_n20000_alg2n_eps1_8_pair_1_itr20_1.csv,schema_11,raw_result_csv,shuffle_dp,Gplus,24,14,#tri(true)|#tri(est)|#tri(rel-err)|#tri(l2-loss)|#2st(true)|#2st(est)|#2st(rel-err)|#2st(l2-loss)|clst(true)|clst(est)|clst(rel-err)|clst(l2-loss)|EpsL|max_deg,3702,59c67428c2a4637142b9396ec95abc0270e8a874eda8ed7a1b8c4ee829dca91c
data/raw_results/shuffle_dp/shuffledp_gplus/robust_strict_rr_decrease/ratio_15_res_n20000_alg3n_eps1_8_pair_1_itr20_1.csv,schema_11,raw_result_csv,shuffle_dp,Gplus,24,14,#tri(true)|#tri(est)|#tri(rel-err)|#tri(l2-loss)|#2st(true)|#2st(est)|#2st(rel-err)|#2st(l2-loss)|clst(true)|clst(est)|clst(rel-err)|clst(l2-loss)|EpsL|max_deg,3697,e46e7d5f5cea9ac3c7ed29e278377430c0e2849ff471d6cbd15206a6d9298710
data/raw_results/shuffle_dp/shuffledp_gplus/robust_strict_rr_decrease/ratio_15_res_n20000_alg4n_eps1_8_pair_1_itr20_1.csv,schema_11,raw_result_csv,shuffle_dp,Gplus,24,14,#tri(true)|#tri(est)|#tri(rel-err)|#tri(l2-loss)|#2st(true)|#2st(est)|#2st(rel-err)|#2st(l2-loss)|clst(true)|clst(est)|clst(rel-err)|clst(l2-loss)|EpsL|max_deg,3698,3f237dfad64e2e24c86652e2113f4919965ff6de2dec1247b9b2d4ce4f3b46ce
data/raw_results/shuffle_dp/shuffledp_gplus/robust_strict_rr_decrease/ratio_17p5_res_n20000_alg2n_eps1_8_pair_1_itr20_1.csv,schema_11,raw_result_csv,shuffle_dp,Gplus,24,14,#tri(true)|#tri(est)|#tri(rel-err)|#tri(l2-loss)|#2st(true)|#2st(est)|#2st(rel-err)|#2st(l2-loss)|clst(true)|clst(est)|clst(rel-err)|clst(l2-loss)|EpsL|max_deg,3700,49ebc67f981c7e47e81a4b619b21245224f31faa49438ff5f2f9cfc5409f67e2
data/raw_results/shuffle_dp/shuffledp_gplus/robust_strict_rr_decrease/ratio_17p5_res_n20000_alg3n_eps1_8_pair_1_itr20_1.csv,schema_11,raw_result_csv,shuffle_dp,Gplus,24,14,#tri(true)|#tri(est)|#tri(rel-err)|#tri(l2-loss)|#2st(true)|#2st(est)|#2st(rel-err)|#2st(l2-loss)|clst(true)|clst(est)|clst(rel-err)|clst(l2-loss)|EpsL|max_deg,3697,d84c5b63572b124592233f1a0aa0693087f977f1f6dad40f43d8f35cef85f182
data/raw_results/shuffle_dp/shuffledp_gplus/robust_strict_rr_decrease/ratio_17p5_res_n20000_alg4n_eps1_8_pair_1_itr20_1.csv,schema_11,raw_result_csv,shuffle_dp,Gplus,24,14,#tri(true)|#tri(est)|#tri(rel-err)|#tri(l2-loss)|#2st(true)|#2st(est)|#2st(rel-err)|#2st(l2-loss)|clst(true)|clst(est)|clst(rel-err)|clst(l2-loss)|EpsL|max_deg,3698,ff7fcceb1b70bf0240806591a1238a1180b6548bf2336b0548c57a6be5ffa331
data/raw_results/shuffle_dp/shuffledp_gplus/robust_strict_rr_decrease/ratio_20_res_n20000_alg2n_eps1_8_pair_1_itr20_1.csv,schema_11,raw_result_csv,shuffle_dp,Gplus,24,14,#tri(true)|#tri(est)|#tri(rel-err)|#tri(l2-loss)|#2st(true)|#2st(est)|#2st(rel-err)|#2st(l2-loss)|clst(true)|clst(est)|clst(rel-err)|clst(l2-loss)|EpsL|max_deg,3701,fe3ad43f607a3a83280fd8ba23ec2c6e69ee79474da04bda528b82aaab735258
data/raw_results/shuffle_dp/shuffledp_gplus/robust_strict_rr_decrease/ratio_20_res_n20000_alg3n_eps1_8_pair_1_itr20_1.csv,schema_11,raw_result_csv,shuffle_dp,Gplus,24,14,#tri(true)|#tri(est)|#tri(rel-err)|#tri(l2-loss)|#2st(true)|#2st(est)|#2st(rel-err)|#2st(l2-loss)|clst(true)|clst(est)|clst(rel-err)|clst(l2-loss)|EpsL|max_deg,3697,582a539c1f02877c1daeea0adb68de86d344dec5ca30de02f18f92ac974072e1
data/raw_results/shuffle_dp/shuffledp_gplus/robust_strict_rr_decrease/ratio_20_res_n20000_alg4n_eps1_8_pair_1_itr20_1.csv,schema_11,raw_result_csv,shuffle_dp,Gplus,24,14,#tri(true)|#tri(est)|#tri(rel-err)|#tri(l2-loss)|#2st(true)|#2st(est)|#2st(rel-err)|#2st(l2-loss)|clst(true)|clst(est)|clst(rel-err)|clst(l2-loss)|EpsL|max_deg,3698,07fd0e74e00962a06f5cbe728ffdbd0fd65c793846fd547fca98d92e7d3d7f77
data/raw_results/shuffle_dp/shuffledp_gplus/robust_strict_rr_decrease/ratio_2p5_res_n20000_alg2n_eps1_8_pair_1_itr20_1.csv,schema_11,raw_result_csv,shuffle_dp,Gplus,24,14,#tri(true)|#tri(est)|#tri(rel-err)|#tri(l2-loss)|#2st(true)|#2st(est)|#2st(rel-err)|#2st(l2-loss)|clst(true)|clst(est)|clst(rel-err)|clst(l2-loss)|EpsL|max_deg,3700,6545e8898083bbde9230084bc7d9744c3a038c99aa2c698501e18b7ce3e816b4
data/raw_results/shuffle_dp/shuffledp_gplus/robust_strict_rr_decrease/ratio_2p5_res_n20000_alg3n_eps1_8_pair_1_itr20_1.csv,schema_11,raw_result_csv,shuffle_dp,Gplus,24,14,#tri(true)|#tri(est)|#tri(rel-err)|#tri(l2-loss)|#2st(true)|#2st(est)|#2st(rel-err)|#2st(l2-loss)|clst(true)|clst(est)|clst(rel-err)|clst(l2-loss)|EpsL|max_deg,3697,f205c75c0f2a799d76236332021499712bc7a0d0bc0ac17cd0ffb2ac2533b057
data/raw_results/shuffle_dp/shuffledp_gplus/robust_strict_rr_decrease/ratio_2p5_res_n20000_alg4n_eps1_8_pair_1_itr20_1.csv,schema_11,raw_result_csv,shuffle_dp,Gplus,24,14,#tri(true)|#tri(est)|#tri(rel-err)|#tri(l2-loss)|#2st(true)|#2st(est)|#2st(rel-err)|#2st(l2-loss)|clst(true)|clst(est)|clst(rel-err)|clst(l2-loss)|EpsL|max_deg,3698,c940e60e774e95298d9444b380512a6e18fba63f652a04cb572eeff58fe4b5d5
data/raw_results/shuffle_dp/shuffledp_gplus/robust_strict_rr_decrease/ratio_5_res_n20000_alg2n_eps1_8_pair_1_itr20_1.csv,schema_11,raw_result_csv,shuffle_dp,Gplus,24,14,#tri(true)|#tri(est)|#tri(rel-err)|#tri(l2-loss)|#2st(true)|#2st(est)|#2st(rel-err)|#2st(l2-loss)|clst(true)|clst(est)|clst(rel-err)|clst(l2-loss)|EpsL|max_deg,3700,926cd96325465e52173c9d78098f0bddf8227593370fa960b9947303f88799a2
data/raw_results/shuffle_dp/shuffledp_gplus/robust_strict_rr_decrease/ratio_5_res_n20000_alg3n_eps1_8_pair_1_itr20_1.csv,schema_11,raw_result_csv,shuffle_dp,Gplus,24,14,#tri(true)|#tri(est)|#tri(rel-err)|#tri(l2-loss)|#2st(true)|#2st(est)|#2st(rel-err)|#2st(l2-loss)|clst(true)|clst(est)|clst(rel-err)|clst(l2-loss)|EpsL|max_deg,3697,81bc0e56c3167a8bc3b12a45d72fd3698562bf4d6d7c69786c82e3a5f1b81077
data/raw_results/shuffle_dp/shuffledp_gplus/robust_strict_rr_decrease/ratio_5_res_n20000_alg4n_eps1_8_pair_1_itr20_1.csv,schema_11,raw_result_csv,shuffle_dp,Gplus,24,14,#tri(true)|#tri(est)|#tri(rel-err)|#tri(l2-loss)|#2st(true)|#2st(est)|#2st(rel-err)|#2st(l2-loss)|clst(true)|clst(est)|clst(rel-err)|clst(l2-loss)|EpsL|max_deg,3698,fec3b5fbb7fe2a52156b65eeae3c1b1a2a2a1c06d30e7e113b83f858213c140e
data/raw_results/shuffle_dp/shuffledp_gplus/robust_strict_rr_decrease/ratio_7p5_res_n20000_alg2n_eps1_8_pair_1_itr20_1.csv,schema_11,raw_result_csv,shuffle_dp,Gplus,24,14,#tri(true)|#tri(est)|#tri(rel-err)|#tri(l2-loss)|#2st(true)|#2st(est)|#2st(rel-err)|#2st(l2-loss)|clst(true)|clst(est)|clst(rel-err)|clst(l2-loss)|EpsL|max_deg,3701,8254b16f557faaea903fb6924652b7a075029706b567502ed4de5a6e1130b1f5
data/raw_results/shuffle_dp/shuffledp_gplus/robust_strict_rr_decrease/ratio_7p5_res_n20000_alg3n_eps1_8_pair_1_itr20_1.csv,schema_11,raw_result_csv,shuffle_dp,Gplus,24,14,#tri(true)|#tri(est)|#tri(rel-err)|#tri(l2-loss)|#2st(true)|#2st(est)|#2st(rel-err)|#2st(l2-loss)|clst(true)|clst(est)|clst(rel-err)|clst(l2-loss)|EpsL|max_deg,3697,382d4f2c51cfa7d29fb11bdc0090ad8000e240eed7e4d0a73a4f4a93135aee33
data/raw_results/shuffle_dp/shuffledp_gplus/robust_strict_rr_decrease/ratio_7p5_res_n20000_alg4n_eps1_8_pair_1_itr20_1.csv,schema_11,raw_result_csv,shuffle_dp,Gplus,24,14,#tri(true)|#tri(est)|#tri(rel-err)|#tri(l2-loss)|#2st(true)|#2st(est)|#2st(rel-err)|#2st(l2-loss)|clst(true)|clst(est)|clst(rel-err)|clst(l2-loss)|EpsL|max_deg,3698,fb2037172c766b7b7b18ea3eb26a75f7c39dbd78dcd275348323a91ca95f2ed1
data/raw_results/shuffle_dp/shuffledp_gplus/robust_strict_rr_increase/ratio_10_res_n20000_alg2n_eps1_8_pair_1_itr20_1.csv,schema_11,raw_result_csv,shuffle_dp,Gplus,24,14,#tri(true)|#tri(est)|#tri(rel-err)|#tri(l2-loss)|#2st(true)|#2st(est)|#2st(rel-err)|#2st(l2-loss)|clst(true)|clst(est)|clst(rel-err)|clst(l2-loss)|EpsL|max_deg,3699,eb1eeb2ea069bfeddf7124be940274dfe7b3af829f6416d7b5d4f3e2885d438c
data/raw_results/shuffle_dp/shuffledp_gplus/robust_strict_rr_increase/ratio_10_res_n20000_alg3n_eps1_8_pair_1_itr20_1.csv,schema_11,raw_result_csv,shuffle_dp,Gplus,24,14,#tri(true)|#tri(est)|#tri(rel-err)|#tri(l2-loss)|#2st(true)|#2st(est)|#2st(rel-err)|#2st(l2-loss)|clst(true)|clst(est)|clst(rel-err)|clst(l2-loss)|EpsL|max_deg,3697,677bf4087b299a071e6bb9828ef308fbced03b91f8e455b0b83948835f862aa1
data/raw_results/shuffle_dp/shuffledp_gplus/robust_strict_rr_increase/ratio_10_res_n20000_alg4n_eps1_8_pair_1_itr20_1.csv,schema_11,raw_result_csv,shuffle_dp,Gplus,24,14,#tri(true)|#tri(est)|#tri(rel-err)|#tri(l2-loss)|#2st(true)|#2st(est)|#2st(rel-err)|#2st(l2-loss)|clst(true)|clst(est)|clst(rel-err)|clst(l2-loss)|EpsL|max_deg,3696,c1732b3aaf8ced7b21d7734db99b7fa89cd4c14998b94c71feb7f55047a697fc
data/raw_results/shuffle_dp/shuffledp_gplus/robust_strict_rr_increase/ratio_12p5_res_n20000_alg2n_eps1_8_pair_1_itr20_1.csv,schema_11,raw_result_csv,shuffle_dp,Gplus,24,14,#tri(true)|#tri(est)|#tri(rel-err)|#tri(l2-loss)|#2st(true)|#2st(est)|#2st(rel-err)|#2st(l2-loss)|clst(true)|clst(est)|clst(rel-err)|clst(l2-loss)|EpsL|max_deg,3699,0d5d65190fa51d232090f279b92711e4f4ea33d7c7c149fc88f494d5a690cc81
data/raw_results/shuffle_dp/shuffledp_gplus/robust_strict_rr_increase/ratio_12p5_res_n20000_alg3n_eps1_8_pair_1_itr20_1.csv,schema_11,raw_result_csv,shuffle_dp,Gplus,24,14,#tri(true)|#tri(est)|#tri(rel-err)|#tri(l2-loss)|#2st(true)|#2st(est)|#2st(rel-err)|#2st(l2-loss)|clst(true)|clst(est)|clst(rel-err)|clst(l2-loss)|EpsL|max_deg,3697,9ed1de9c01db9307d91577b0a3f2461cfdfb8f9332814589701caafb0d989d6e
data/raw_results/shuffle_dp/shuffledp_gplus/robust_strict_rr_increase/ratio_12p5_res_n20000_alg4n_eps1_8_pair_1_itr20_1.csv,schema_11,raw_result_csv,shuffle_dp,Gplus,24,14,#tri(true)|#tri(est)|#tri(rel-err)|#tri(l2-loss)|#2st(true)|#2st(est)|#2st(rel-err)|#2st(l2-loss)|clst(true)|clst(est)|clst(rel-err)|clst(l2-loss)|EpsL|max_deg,3696,0157d068c4b04850fbcea72db9044a13f56c993eca106953e2ee9310edde002c
data/raw_results/shuffle_dp/shuffledp_gplus/robust_strict_rr_increase/ratio_15_res_n20000_alg2n_eps1_8_pair_1_itr20_1.csv,schema_11,raw_result_csv,shuffle_dp,Gplus,24,14,#tri(true)|#tri(est)|#tri(rel-err)|#tri(l2-loss)|#2st(true)|#2st(est)|#2st(rel-err)|#2st(l2-loss)|clst(true)|clst(est)|clst(rel-err)|clst(l2-loss)|EpsL|max_deg,3699,2960977d7b33828a25309398563939b9453c9cf388b60d4b177af91548f3069d
data/raw_results/shuffle_dp/shuffledp_gplus/robust_strict_rr_increase/ratio_15_res_n20000_alg3n_eps1_8_pair_1_itr20_1.csv,schema_11,raw_result_csv,shuffle_dp,Gplus,24,14,#tri(true)|#tri(est)|#tri(rel-err)|#tri(l2-loss)|#2st(true)|#2st(est)|#2st(rel-err)|#2st(l2-loss)|clst(true)|clst(est)|clst(rel-err)|clst(l2-loss)|EpsL|max_deg,3697,121ba7b91e3c0c81652507e86f09fe6b5b06e81d54b4ea9e692a18c4e96384f8
data/raw_results/shuffle_dp/shuffledp_gplus/robust_strict_rr_increase/ratio_15_res_n20000_alg4n_eps1_8_pair_1_itr20_1.csv,schema_11,raw_result_csv,shuffle_dp,Gplus,24,14,#tri(true)|#tri(est)|#tri(rel-err)|#tri(l2-loss)|#2st(true)|#2st(est)|#2st(rel-err)|#2st(l2-loss)|clst(true)|clst(est)|clst(rel-err)|clst(l2-loss)|EpsL|max_deg,3696,ee09a38d4d70694f7a79a9682c9b53e6d7bdeb244ffcff06c29a46154a708eec
data/raw_results/shuffle_dp/shuffledp_gplus/robust_strict_rr_increase/ratio_17p5_res_n20000_alg2n_eps1_8_pair_1_itr20_1.csv,schema_11,raw_result_csv,shuffle_dp,Gplus,24,14,#tri(true)|#tri(est)|#tri(rel-err)|#tri(l2-loss)|#2st(true)|#2st(est)|#2st(rel-err)|#2st(l2-loss)|clst(true)|clst(est)|clst(rel-err)|clst(l2-loss)|EpsL|max_deg,3700,fcde43822e5caa55b565c91fdd2e0661b4e0efa0a4b3242018ac73d2e05d3b28
data/raw_results/shuffle_dp/shuffledp_gplus/robust_strict_rr_increase/ratio_17p5_res_n20000_alg3n_eps1_8_pair_1_itr20_1.csv,schema_11,raw_result_csv,shuffle_dp,Gplus,24,14,#tri(true)|#tri(est)|#tri(rel-err)|#tri(l2-loss)|#2st(true)|#2st(est)|#2st(rel-err)|#2st(l2-loss)|clst(true)|clst(est)|clst(rel-err)|clst(l2-loss)|EpsL|max_deg,3697,efbea2fee8e88c1d6aa98455f2bf52c09d28774e0ba71e2c4f6ab208f89761d4
data/raw_results/shuffle_dp/shuffledp_gplus/robust_strict_rr_increase/ratio_17p5_res_n20000_alg4n_eps1_8_pair_1_itr20_1.csv,schema_11,raw_result_csv,shuffle_dp,Gplus,24,14,#tri(true)|#tri(est)|#tri(rel-err)|#tri(l2-loss)|#2st(true)|#2st(est)|#2st(rel-err)|#2st(l2-loss)|clst(true)|clst(est)|clst(rel-err)|clst(l2-loss)|EpsL|max_deg,3696,b1298062b59ee9234efab55617e93f651b18c512de9176835edf8bea6767d7d9
data/raw_results/shuffle_dp/shuffledp_gplus/robust_strict_rr_increase/ratio_20_res_n20000_alg2n_eps1_8_pair_1_itr20_1.csv,schema_11,raw_result_csv,shuffle_dp,Gplus,24,14,#tri(true)|#tri(est)|#tri(rel-err)|#tri(l2-loss)|#2st(true)|#2st(est)|#2st(rel-err)|#2st(l2-loss)|clst(true)|clst(est)|clst(rel-err)|clst(l2-loss)|EpsL|max_deg,3700,0cdd7fa62182037217e237f51de8c0257a4712eba203db3a09f43c302837da2b
data/raw_results/shuffle_dp/shuffledp_gplus/robust_strict_rr_increase/ratio_20_res_n20000_alg3n_eps1_8_pair_1_itr20_1.csv,schema_11,raw_result_csv,shuffle_dp,Gplus,24,14,#tri(true)|#tri(est)|#tri(rel-err)|#tri(l2-loss)|#2st(true)|#2st(est)|#2st(rel-err)|#2st(l2-loss)|clst(true)|clst(est)|clst(rel-err)|clst(l2-loss)|EpsL|max_deg,3697,161c66f6dd889f0dbddc871c588bb0e2f9d8fe0cf432a9350da11df286f340e3
data/raw_results/shuffle_dp/shuffledp_gplus/robust_strict_rr_increase/ratio_20_res_n20000_alg4n_eps1_8_pair_1_itr20_1.csv,schema_11,raw_result_csv,shuffle_dp,Gplus,24,14,#tri(true)|#tri(est)|#tri(rel-err)|#tri(l2-loss)|#2st(true)|#2st(est)|#2st(rel-err)|#2st(l2-loss)|clst(true)|clst(est)|clst(rel-err)|clst(l2-loss)|EpsL|max_deg,3696,17a56ebdb9ce4ef058fecbb5402a44bffb8d73e19bfc3ca075e281439cc01dc8
data/raw_results/shuffle_dp/shuffledp_gplus/robust_strict_rr_increase/ratio_2p5_res_n20000_alg2n_eps1_8_pair_1_itr20_1.csv,schema_11,raw_result_csv,shuffle_dp,Gplus,24,14,#tri(true)|#tri(est)|#tri(rel-err)|#tri(l2-loss)|#2st(true)|#2st(est)|#2st(rel-err)|#2st(l2-loss)|clst(true)|clst(est)|clst(rel-err)|clst(l2-loss)|EpsL|max_deg,3700,f1eceabbfb3a63d01e8b4c582a5348769e21a123f929ad543233c9ee673995eb
data/raw_results/shuffle_dp/shuffledp_gplus/robust_strict_rr_increase/ratio_2p5_res_n20000_alg3n_eps1_8_pair_1_itr20_1.csv,schema_11,raw_result_csv,shuffle_dp,Gplus,24,14,#tri(true)|#tri(est)|#tri(rel-err)|#tri(l2-loss)|#2st(true)|#2st(est)|#2st(rel-err)|#2st(l2-loss)|clst(true)|clst(est)|clst(rel-err)|clst(l2-loss)|EpsL|max_deg,3697,d687644afa856d0a2b09fae8585f2a337792857bedb58e1401431a8ec2c4ae92
data/raw_results/shuffle_dp/shuffledp_gplus/robust_strict_rr_increase/ratio_2p5_res_n20000_alg4n_eps1_8_pair_1_itr20_1.csv,schema_11,raw_result_csv,shuffle_dp,Gplus,24,14,#tri(true)|#tri(est)|#tri(rel-err)|#tri(l2-loss)|#2st(true)|#2st(est)|#2st(rel-err)|#2st(l2-loss)|clst(true)|clst(est)|clst(rel-err)|clst(l2-loss)|EpsL|max_deg,3697,8c11977311d8a47e017bd9553a1ac811b05c3aa65b05894d70c7e83372ad09e3
data/raw_results/shuffle_dp/shuffledp_gplus/robust_strict_rr_increase/ratio_5_res_n20000_alg2n_eps1_8_pair_1_itr20_1.csv,schema_11,raw_result_csv,shuffle_dp,Gplus,24,14,#tri(true)|#tri(est)|#tri(rel-err)|#tri(l2-loss)|#2st(true)|#2st(est)|#2st(rel-err)|#2st(l2-loss)|clst(true)|clst(est)|clst(rel-err)|clst(l2-loss)|EpsL|max_deg,3701,32967dd08458c4751cdb26657462623cdb0a7f8db738a1af88570905e6ae23f2
data/raw_results/shuffle_dp/shuffledp_gplus/robust_strict_rr_increase/ratio_5_res_n20000_alg3n_eps1_8_pair_1_itr20_1.csv,schema_11,raw_result_csv,shuffle_dp,Gplus,24,14,#tri(true)|#tri(est)|#tri(rel-err)|#tri(l2-loss)|#2st(true)|#2st(est)|#2st(rel-err)|#2st(l2-loss)|clst(true)|clst(est)|clst(rel-err)|clst(l2-loss)|EpsL|max_deg,3697,983879b418172a3899b00214c63140aafdea331c5942d78e3fac232d92171bdb
data/raw_results/shuffle_dp/shuffledp_gplus/robust_strict_rr_increase/ratio_5_res_n20000_alg4n_eps1_8_pair_1_itr20_1.csv,schema_11,raw_result_csv,shuffle_dp,Gplus,24,14,#tri(true)|#tri(est)|#tri(rel-err)|#tri(l2-loss)|#2st(true)|#2st(est)|#2st(rel-err)|#2st(l2-loss)|clst(true)|clst(est)|clst(rel-err)|clst(l2-loss)|EpsL|max_deg,3697,82256cf97720f90f08e0f5abedd7ff3ec2375a9790f1b0ba29ddcd302dd4fce3
data/raw_results/shuffle_dp/shuffledp_gplus/robust_strict_rr_increase/ratio_7p5_res_n20000_alg2n_eps1_8_pair_1_itr20_1.csv,schema_11,raw_result_csv,shuffle_dp,Gplus,24,14,#tri(true)|#tri(est)|#tri(rel-err)|#tri(l2-loss)|#2st(true)|#2st(est)|#2st(rel-err)|#2st(l2-loss)|clst(true)|clst(est)|clst(rel-err)|clst(l2-loss)|EpsL|max_deg,3701,996fc37527213da8294e6355fd6384dca44c606da61a7d4c2a82dd8bbe7eb774
data/raw_results/shuffle_dp/shuffledp_gplus/robust_strict_rr_increase/ratio_7p5_res_n20000_alg3n_eps1_8_pair_1_itr20_1.csv,schema_11,raw_result_csv,shuffle_dp,Gplus,24,14,#tri(true)|#tri(est)|#tri(rel-err)|#tri(l2-loss)|#2st(true)|#2st(est)|#2st(rel-err)|#2st(l2-loss)|clst(true)|clst(est)|clst(rel-err)|clst(l2-loss)|EpsL|max_deg,3697,3d8f25b4a47ab59adddfaa8bd995282c856c6d8b7ab3167770f1a2102a1a93bb
data/raw_results/shuffle_dp/shuffledp_gplus/robust_strict_rr_increase/ratio_7p5_res_n20000_alg4n_eps1_8_pair_1_itr20_1.csv,schema_11,raw_result_csv,shuffle_dp,Gplus,24,14,#tri(true)|#tri(est)|#tri(rel-err)|#tri(l2-loss)|#2st(true)|#2st(est)|#2st(rel-err)|#2st(l2-loss)|clst(true)|clst(est)|clst(rel-err)|clst(l2-loss)|EpsL|max_deg,3697,789ae3ffd528ec6bb828b1aa4a3950799a286c7fc127615bde07996dcab565c1
data/raw_results/shuffle_dp/shuffledp_gplus/robust_strict_shuffle_decrease/ratio_10_res_n20000_alg2n_eps1_8_pair_1_itr20_1.csv,schema_11,raw_result_csv,shuffle_dp,Gplus,24,14,#tri(true)|#tri(est)|#tri(rel-err)|#tri(l2-loss)|#2st(true)|#2st(est)|#2st(rel-err)|#2st(l2-loss)|clst(true)|clst(est)|clst(rel-err)|clst(l2-loss)|EpsL|max_deg,3700,efeb38e30a8a1678282af49d1cc21c1378ceb26727610104ca8d52a313633ce6
data/raw_results/shuffle_dp/shuffledp_gplus/robust_strict_shuffle_decrease/ratio_10_res_n20000_alg3n_eps1_8_pair_1_itr20_1.csv,schema_11,raw_result_csv,shuffle_dp,Gplus,24,14,#tri(true)|#tri(est)|#tri(rel-err)|#tri(l2-loss)|#2st(true)|#2st(est)|#2st(rel-err)|#2st(l2-loss)|clst(true)|clst(est)|clst(rel-err)|clst(l2-loss)|EpsL|max_deg,3697,bb8b4e4c566983cb95fbfad802ee9eb34ef5469a2912b22408b2865ecc80abac
data/raw_results/shuffle_dp/shuffledp_gplus/robust_strict_shuffle_decrease/ratio_10_res_n20000_alg4n_eps1_8_pair_1_itr20_1.csv,schema_11,raw_result_csv,shuffle_dp,Gplus,24,14,#tri(true)|#tri(est)|#tri(rel-err)|#tri(l2-loss)|#2st(true)|#2st(est)|#2st(rel-err)|#2st(l2-loss)|clst(true)|clst(est)|clst(rel-err)|clst(l2-loss)|EpsL|max_deg,3698,b586dd70faf447c59457c506e83b2fc688f2fdb55042304de595dfa2dd7ca2ef
data/raw_results/shuffle_dp/shuffledp_gplus/robust_strict_shuffle_decrease/ratio_12p5_res_n20000_alg2n_eps1_8_pair_1_itr20_1.csv,schema_11,raw_result_csv,shuffle_dp,Gplus,24,14,#tri(true)|#tri(est)|#tri(rel-err)|#tri(l2-loss)|#2st(true)|#2st(est)|#2st(rel-err)|#2st(l2-loss)|clst(true)|clst(est)|clst(rel-err)|clst(l2-loss)|EpsL|max_deg,3700,e87032d10428c7caa534791f6b8954e78259c76b6128e91f964e7ded809c4be1
data/raw_results/shuffle_dp/shuffledp_gplus/robust_strict_shuffle_decrease/ratio_12p5_res_n20000_alg3n_eps1_8_pair_1_itr20_1.csv,schema_11,raw_result_csv,shuffle_dp,Gplus,24,14,#tri(true)|#tri(est)|#tri(rel-err)|#tri(l2-loss)|#2st(true)|#2st(est)|#2st(rel-err)|#2st(l2-loss)|clst(true)|clst(est)|clst(rel-err)|clst(l2-loss)|EpsL|max_deg,3697,fcaa6109bffc3e3b54ca8d5002606618a1b69206ff3bfc20a382ea7b09c464d6
data/raw_results/shuffle_dp/shuffledp_gplus/robust_strict_shuffle_decrease/ratio_12p5_res_n20000_alg4n_eps1_8_pair_1_itr20_1.csv,schema_11,raw_result_csv,shuffle_dp,Gplus,24,14,#tri(true)|#tri(est)|#tri(rel-err)|#tri(l2-loss)|#2st(true)|#2st(est)|#2st(rel-err)|#2st(l2-loss)|clst(true)|clst(est)|clst(rel-err)|clst(l2-loss)|EpsL|max_deg,3697,e5f1eb310ad1c8d34bdae9f5befd4a77ae9b61b6e80c8c41c92f1d72ee1ed6fd
data/raw_results/shuffle_dp/shuffledp_gplus/robust_strict_shuffle_decrease/ratio_15_res_n20000_alg2n_eps1_8_pair_1_itr20_1.csv,schema_11,raw_result_csv,shuffle_dp,Gplus,24,14,#tri(true)|#tri(est)|#tri(rel-err)|#tri(l2-loss)|#2st(true)|#2st(est)|#2st(rel-err)|#2st(l2-loss)|clst(true)|clst(est)|clst(rel-err)|clst(l2-loss)|EpsL|max_deg,3701,88d90db5fb8f87356d8b8386c17aca920a855e7fd8976cd856d4603a3df6a5c0
data/raw_results/shuffle_dp/shuffledp_gplus/robust_strict_shuffle_decrease/ratio_15_res_n20000_alg3n_eps1_8_pair_1_itr20_1.csv,schema_11,raw_result_csv,shuffle_dp,Gplus,24,14,#tri(true)|#tri(est)|#tri(rel-err)|#tri(l2-loss)|#2st(true)|#2st(est)|#2st(rel-err)|#2st(l2-loss)|clst(true)|clst(est)|clst(rel-err)|clst(l2-loss)|EpsL|max_deg,3697,fa1b4b1025755af09100c6c9b5a1167de0c4e6a884d7f3b076dff90559ab2f30
data/raw_results/shuffle_dp/shuffledp_gplus/robust_strict_shuffle_decrease/ratio_15_res_n20000_alg4n_eps1_8_pair_1_itr20_1.csv,schema_11,raw_result_csv,shuffle_dp,Gplus,24,14,#tri(true)|#tri(est)|#tri(rel-err)|#tri(l2-loss)|#2st(true)|#2st(est)|#2st(rel-err)|#2st(l2-loss)|clst(true)|clst(est)|clst(rel-err)|clst(l2-loss)|EpsL|max_deg,3697,ab8426ef4284b1afc79d25903c2a596df34b9f84c42a91e457df59cbfd33e2ee
data/raw_results/shuffle_dp/shuffledp_gplus/robust_strict_shuffle_decrease/ratio_17p5_res_n20000_alg2n_eps1_8_pair_1_itr20_1.csv,schema_11,raw_result_csv,shuffle_dp,Gplus,24,14,#tri(true)|#tri(est)|#tri(rel-err)|#tri(l2-loss)|#2st(true)|#2st(est)|#2st(rel-err)|#2st(l2-loss)|clst(true)|clst(est)|clst(rel-err)|clst(l2-loss)|EpsL|max_deg,3702,583f734128bd4615abfa2e2559c3fa4933f40ffead2a5a55630293d15dcb51fb
data/raw_results/shuffle_dp/shuffledp_gplus/robust_strict_shuffle_decrease/ratio_17p5_res_n20000_alg3n_eps1_8_pair_1_itr20_1.csv,schema_11,raw_result_csv,shuffle_dp,Gplus,24,14,#tri(true)|#tri(est)|#tri(rel-err)|#tri(l2-loss)|#2st(true)|#2st(est)|#2st(rel-err)|#2st(l2-loss)|clst(true)|clst(est)|clst(rel-err)|clst(l2-loss)|EpsL|max_deg,3697,6048f325ccd67cc5176353355476b42afeca14ab5af407acab7a8c814a58fcb1
data/raw_results/shuffle_dp/shuffledp_gplus/robust_strict_shuffle_decrease/ratio_17p5_res_n20000_alg4n_eps1_8_pair_1_itr20_1.csv,schema_11,raw_result_csv,shuffle_dp,Gplus,24,14,#tri(true)|#tri(est)|#tri(rel-err)|#tri(l2-loss)|#2st(true)|#2st(est)|#2st(rel-err)|#2st(l2-loss)|clst(true)|clst(est)|clst(rel-err)|clst(l2-loss)|EpsL|max_deg,3697,34beaa64b37fb1601dd0035bbfdfa01521c91f4028beec565033ae6742d3a5f7
data/raw_results/shuffle_dp/shuffledp_gplus/robust_strict_shuffle_decrease/ratio_20_res_n20000_alg2n_eps1_8_pair_1_itr20_1.csv,schema_11,raw_result_csv,shuffle_dp,Gplus,24,14,#tri(true)|#tri(est)|#tri(rel-err)|#tri(l2-loss)|#2st(true)|#2st(est)|#2st(rel-err)|#2st(l2-loss)|clst(true)|clst(est)|clst(rel-err)|clst(l2-loss)|EpsL|max_deg,3703,6846bc725a87c57e651eb211d94cd8d327ba4aa8b0aa2cfd8ca423ab9cb66af9
data/raw_results/shuffle_dp/shuffledp_gplus/robust_strict_shuffle_decrease/ratio_20_res_n20000_alg3n_eps1_8_pair_1_itr20_1.csv,schema_11,raw_result_csv,shuffle_dp,Gplus,24,14,#tri(true)|#tri(est)|#tri(rel-err)|#tri(l2-loss)|#2st(true)|#2st(est)|#2st(rel-err)|#2st(l2-loss)|clst(true)|clst(est)|clst(rel-err)|clst(l2-loss)|EpsL|max_deg,3697,bfe6e376b24c75e7b8521b50d6c66fcf54c00795a40141c996cbe25f1e80edb9
data/raw_results/shuffle_dp/shuffledp_gplus/robust_strict_shuffle_decrease/ratio_20_res_n20000_alg4n_eps1_8_pair_1_itr20_1.csv,schema_11,raw_result_csv,shuffle_dp,Gplus,24,14,#tri(true)|#tri(est)|#tri(rel-err)|#tri(l2-loss)|#2st(true)|#2st(est)|#2st(rel-err)|#2st(l2-loss)|clst(true)|clst(est)|clst(rel-err)|clst(l2-loss)|EpsL|max_deg,3696,c512653ae80e95efd60414b77684ba51772b08d384776d022864cb93c57300c5
data/raw_results/shuffle_dp/shuffledp_gplus/robust_strict_shuffle_decrease/ratio_2p5_res_n20000_alg2n_eps1_8_pair_1_itr20_1.csv,schema_11,raw_result_csv,shuffle_dp,Gplus,24,14,#tri(true)|#tri(est)|#tri(rel-err)|#tri(l2-loss)|#2st(true)|#2st(est)|#2st(rel-err)|#2st(l2-loss)|clst(true)|clst(est)|clst(rel-err)|clst(l2-loss)|EpsL|max_deg,3700,dcf6bc2a0e910925125cdf504f3676ef613571bb7190afea06c1820c5c9590be
data/raw_results/shuffle_dp/shuffledp_gplus/robust_strict_shuffle_decrease/ratio_2p5_res_n20000_alg3n_eps1_8_pair_1_itr20_1.csv,schema_11,raw_result_csv,shuffle_dp,Gplus,24,14,#tri(true)|#tri(est)|#tri(rel-err)|#tri(l2-loss)|#2st(true)|#2st(est)|#2st(rel-err)|#2st(l2-loss)|clst(true)|clst(est)|clst(rel-err)|clst(l2-loss)|EpsL|max_deg,3697,f34f8f53c46cd1716f813315546ff243a19b9f5e982905e47fef3cebb8168ac5
data/raw_results/shuffle_dp/shuffledp_gplus/robust_strict_shuffle_decrease/ratio_2p5_res_n20000_alg4n_eps1_8_pair_1_itr20_1.csv,schema_11,raw_result_csv,shuffle_dp,Gplus,24,14,#tri(true)|#tri(est)|#tri(rel-err)|#tri(l2-loss)|#2st(true)|#2st(est)|#2st(rel-err)|#2st(l2-loss)|clst(true)|clst(est)|clst(rel-err)|clst(l2-loss)|EpsL|max_deg,3697,0db0534cf2da54787aeb0808e20c5e6054737369cf398f16e676f3fe2b360813
data/raw_results/shuffle_dp/shuffledp_gplus/robust_strict_shuffle_decrease/ratio_5_res_n20000_alg2n_eps1_8_pair_1_itr20_1.csv,schema_11,raw_result_csv,shuffle_dp,Gplus,24,14,#tri(true)|#tri(est)|#tri(rel-err)|#tri(l2-loss)|#2st(true)|#2st(est)|#2st(rel-err)|#2st(l2-loss)|clst(true)|clst(est)|clst(rel-err)|clst(l2-loss)|EpsL|max_deg,3700,ecb31449195a7c2dc95da9de79f0ad2914558e49c3261c7c8e195c28149415b7
data/raw_results/shuffle_dp/shuffledp_gplus/robust_strict_shuffle_decrease/ratio_5_res_n20000_alg3n_eps1_8_pair_1_itr20_1.csv,schema_11,raw_result_csv,shuffle_dp,Gplus,24,14,#tri(true)|#tri(est)|#tri(rel-err)|#tri(l2-loss)|#2st(true)|#2st(est)|#2st(rel-err)|#2st(l2-loss)|clst(true)|clst(est)|clst(rel-err)|clst(l2-loss)|EpsL|max_deg,3697,c7c0d7790b9249752dfb3416c1499d168a0d9c7cd4cc7a1629fb9c27eda56ca0
data/raw_results/shuffle_dp/shuffledp_gplus/robust_strict_shuffle_decrease/ratio_5_res_n20000_alg4n_eps1_8_pair_1_itr20_1.csv,schema_11,raw_result_csv,shuffle_dp,Gplus,24,14,#tri(true)|#tri(est)|#tri(rel-err)|#tri(l2-loss)|#2st(true)|#2st(est)|#2st(rel-err)|#2st(l2-loss)|clst(true)|clst(est)|clst(rel-err)|clst(l2-loss)|EpsL|max_deg,3698,7c66a63ae90829942dfcfd5e91eae960988f5555e8f222bda256f2c1f66e6220
data/raw_results/shuffle_dp/shuffledp_gplus/robust_strict_shuffle_decrease/ratio_7p5_res_n20000_alg2n_eps1_8_pair_1_itr20_1.csv,schema_11,raw_result_csv,shuffle_dp,Gplus,24,14,#tri(true)|#tri(est)|#tri(rel-err)|#tri(l2-loss)|#2st(true)|#2st(est)|#2st(rel-err)|#2st(l2-loss)|clst(true)|clst(est)|clst(rel-err)|clst(l2-loss)|EpsL|max_deg,3701,c95da3b8023e437117c170a55d528215a5bf6f1b5dce7742f6eab98bca7e2b67
data/raw_results/shuffle_dp/shuffledp_gplus/robust_strict_shuffle_decrease/ratio_7p5_res_n20000_alg3n_eps1_8_pair_1_itr20_1.csv,schema_11,raw_result_csv,shuffle_dp,Gplus,24,14,#tri(true)|#tri(est)|#tri(rel-err)|#tri(l2-loss)|#2st(true)|#2st(est)|#2st(rel-err)|#2st(l2-loss)|clst(true)|clst(est)|clst(rel-err)|clst(l2-loss)|EpsL|max_deg,3697,8c50e5e8ef190e151d335b4b4f998b0af32560a42f3aeaf11d4604d7dff1f486
data/raw_results/shuffle_dp/shuffledp_gplus/robust_strict_shuffle_decrease/ratio_7p5_res_n20000_alg4n_eps1_8_pair_1_itr20_1.csv,schema_11,raw_result_csv,shuffle_dp,Gplus,24,14,#tri(true)|#tri(est)|#tri(rel-err)|#tri(l2-loss)|#2st(true)|#2st(est)|#2st(rel-err)|#2st(l2-loss)|clst(true)|clst(est)|clst(rel-err)|clst(l2-loss)|EpsL|max_deg,3698,c556f5a059bc5212c702015922edf732415f805c6333fac940bf702de3dc43a9
data/raw_results/shuffle_dp/shuffledp_gplus/robust_strict_shuffle_increase/ratio_10_res_n20000_alg2n_eps1_8_pair_1_itr20_1.csv,schema_11,raw_result_csv,shuffle_dp,Gplus,24,14,#tri(true)|#tri(est)|#tri(rel-err)|#tri(l2-loss)|#2st(true)|#2st(est)|#2st(rel-err)|#2st(l2-loss)|clst(true)|clst(est)|clst(rel-err)|clst(l2-loss)|EpsL|max_deg,3709,f8958a3190caf4ff73476592c90f7ec1460541afbf138f2dcf57712d9a43b4ff
data/raw_results/shuffle_dp/shuffledp_gplus/robust_strict_shuffle_increase/ratio_10_res_n20000_alg3n_eps1_8_pair_1_itr20_1.csv,schema_11,raw_result_csv,shuffle_dp,Gplus,24,14,#tri(true)|#tri(est)|#tri(rel-err)|#tri(l2-loss)|#2st(true)|#2st(est)|#2st(rel-err)|#2st(l2-loss)|clst(true)|clst(est)|clst(rel-err)|clst(l2-loss)|EpsL|max_deg,3700,7b175c21a6ab44dd003d132c312283bf845c8f5b7abe1017c9ba903b44cf6be8
data/raw_results/shuffle_dp/shuffledp_gplus/robust_strict_shuffle_increase/ratio_10_res_n20000_alg4n_eps1_8_pair_1_itr20_1.csv,schema_11,raw_result_csv,shuffle_dp,Gplus,24,14,#tri(true)|#tri(est)|#tri(rel-err)|#tri(l2-loss)|#2st(true)|#2st(est)|#2st(rel-err)|#2st(l2-loss)|clst(true)|clst(est)|clst(rel-err)|clst(l2-loss)|EpsL|max_deg,3704,fcd5fa83bad83c76a981aff917d2e837c36e7ae38b6b88aa6cfdc3e9b7b25ab0
data/raw_results/shuffle_dp/shuffledp_gplus/robust_strict_shuffle_increase/ratio_12p5_res_n20000_alg2n_eps1_8_pair_1_itr20_1.csv,schema_11,raw_result_csv,shuffle_dp,Gplus,24,14,#tri(true)|#tri(est)|#tri(rel-err)|#tri(l2-loss)|#2st(true)|#2st(est)|#2st(rel-err)|#2st(l2-loss)|clst(true)|clst(est)|clst(rel-err)|clst(l2-loss)|EpsL|max_deg,3709,8a5fa52bc393e9c4e4ad83cde5f485d7198a6b1866b8abebce356d0a2140204c
data/raw_results/shuffle_dp/shuffledp_gplus/robust_strict_shuffle_increase/ratio_12p5_res_n20000_alg3n_eps1_8_pair_1_itr20_1.csv,schema_11,raw_result_csv,shuffle_dp,Gplus,24,14,#tri(true)|#tri(est)|#tri(rel-err)|#tri(l2-loss)|#2st(true)|#2st(est)|#2st(rel-err)|#2st(l2-loss)|clst(true)|clst(est)|clst(rel-err)|clst(l2-loss)|EpsL|max_deg,3700,2757559773d67eac5af143072eb46c6c20ea69f70c7faa22ba2201df45991f9d
data/raw_results/shuffle_dp/shuffledp_gplus/robust_strict_shuffle_increase/ratio_12p5_res_n20000_alg4n_eps1_8_pair_1_itr20_1.csv,schema_11,raw_result_csv,shuffle_dp,Gplus,24,14,#tri(true)|#tri(est)|#tri(rel-err)|#tri(l2-loss)|#2st(true)|#2st(est)|#2st(rel-err)|#2st(l2-loss)|clst(true)|clst(est)|clst(rel-err)|clst(l2-loss)|EpsL|max_deg,3706,91c801824179658a992d8be59d46a448411d0fdec03d6bda64e7109b8f14177e
data/raw_results/shuffle_dp/shuffledp_gplus/robust_strict_shuffle_increase/ratio_15_res_n20000_alg2n_eps1_8_pair_1_itr20_1.csv,schema_11,raw_result_csv,shuffle_dp,Gplus,24,14,#tri(true)|#tri(est)|#tri(rel-err)|#tri(l2-loss)|#2st(true)|#2st(est)|#2st(rel-err)|#2st(l2-loss)|clst(true)|clst(est)|clst(rel-err)|clst(l2-loss)|EpsL|max_deg,3701,d8c7f542eb47eaedece921d3ae615a428ef314953c5218776f0ad88e3dd6402b
data/raw_results/shuffle_dp/shuffledp_gplus/robust_strict_shuffle_increase/ratio_15_res_n20000_alg3n_eps1_8_pair_1_itr20_1.csv,schema_11,raw_result_csv,shuffle_dp,Gplus,24,14,#tri(true)|#tri(est)|#tri(rel-err)|#tri(l2-loss)|#2st(true)|#2st(est)|#2st(rel-err)|#2st(l2-loss)|clst(true)|clst(est)|clst(rel-err)|clst(l2-loss)|EpsL|max_deg,3706,271460320dab43ff42a0fe4751b5d2bc14c46a797e0179c402c2f34b4a448477
data/raw_results/shuffle_dp/shuffledp_gplus/robust_strict_shuffle_increase/ratio_15_res_n20000_alg4n_eps1_8_pair_1_itr20_1.csv,schema_11,raw_result_csv,shuffle_dp,Gplus,24,14,#tri(true)|#tri(est)|#tri(rel-err)|#tri(l2-loss)|#2st(true)|#2st(est)|#2st(rel-err)|#2st(l2-loss)|clst(true)|clst(est)|clst(rel-err)|clst(l2-loss)|EpsL|max_deg,3706,c4a6ae42cbf7c1592093b091b3d2f67516773c9e9261f40aea656ca983a788f1
data/raw_results/shuffle_dp/shuffledp_gplus/robust_strict_shuffle_increase/ratio_17p5_res_n20000_alg2n_eps1_8_pair_1_itr20_1.csv,schema_11,raw_result_csv,shuffle_dp,Gplus,24,14,#tri(true)|#tri(est)|#tri(rel-err)|#tri(l2-loss)|#2st(true)|#2st(est)|#2st(rel-err)|#2st(l2-loss)|clst(true)|clst(est)|clst(rel-err)|clst(l2-loss)|EpsL|max_deg,3701,4b72e1022ddf66e26a6d0d0f8de2fe2c76fb087c5a76d38d945f4fbbcac91ce6
data/raw_results/shuffle_dp/shuffledp_gplus/robust_strict_shuffle_increase/ratio_17p5_res_n20000_alg3n_eps1_8_pair_1_itr20_1.csv,schema_11,raw_result_csv,shuffle_dp,Gplus,24,14,#tri(true)|#tri(est)|#tri(rel-err)|#tri(l2-loss)|#2st(true)|#2st(est)|#2st(rel-err)|#2st(l2-loss)|clst(true)|clst(est)|clst(rel-err)|clst(l2-loss)|EpsL|max_deg,3704,f7a4506917566e5cbbaa7958ebcd222d26599915e6789d8f02cfb76317e17dda
data/raw_results/shuffle_dp/shuffledp_gplus/robust_strict_shuffle_increase/ratio_17p5_res_n20000_alg4n_eps1_8_pair_1_itr20_1.csv,schema_11,raw_result_csv,shuffle_dp,Gplus,24,14,#tri(true)|#tri(est)|#tri(rel-err)|#tri(l2-loss)|#2st(true)|#2st(est)|#2st(rel-err)|#2st(l2-loss)|clst(true)|clst(est)|clst(rel-err)|clst(l2-loss)|EpsL|max_deg,3706,aaff934ac54306e61b19c4ef07bb31469948f8d9fe21ab7a9e5b0159123761ae
data/raw_results/shuffle_dp/shuffledp_gplus/robust_strict_shuffle_increase/ratio_20_res_n20000_alg2n_eps1_8_pair_1_itr20_1.csv,schema_11,raw_result_csv,shuffle_dp,Gplus,24,14,#tri(true)|#tri(est)|#tri(rel-err)|#tri(l2-loss)|#2st(true)|#2st(est)|#2st(rel-err)|#2st(l2-loss)|clst(true)|clst(est)|clst(rel-err)|clst(l2-loss)|EpsL|max_deg,3700,2f98b993b5d9b6a4e12fbc007ab56d69585b06d20ff856f22100c25b689b75b3
data/raw_results/shuffle_dp/shuffledp_gplus/robust_strict_shuffle_increase/ratio_20_res_n20000_alg3n_eps1_8_pair_1_itr20_1.csv,schema_11,raw_result_csv,shuffle_dp,Gplus,24,14,#tri(true)|#tri(est)|#tri(rel-err)|#tri(l2-loss)|#2st(true)|#2st(est)|#2st(rel-err)|#2st(l2-loss)|clst(true)|clst(est)|clst(rel-err)|clst(l2-loss)|EpsL|max_deg,3705,e6acdce66c448b11be7fbfb44bbdc048955ff4d535b7cb559db4769a823edd15
data/raw_results/shuffle_dp/shuffledp_gplus/robust_strict_shuffle_increase/ratio_20_res_n20000_alg4n_eps1_8_pair_1_itr20_1.csv,schema_11,raw_result_csv,shuffle_dp,Gplus,24,14,#tri(true)|#tri(est)|#tri(rel-err)|#tri(l2-loss)|#2st(true)|#2st(est)|#2st(rel-err)|#2st(l2-loss)|clst(true)|clst(est)|clst(rel-err)|clst(l2-loss)|EpsL|max_deg,3705,a97f0388207397fe3c8f27aef1734a0a847e50dd0e77403e42a2737439b7696e
data/raw_results/shuffle_dp/shuffledp_gplus/robust_strict_shuffle_increase/ratio_2p5_res_n20000_alg2n_eps1_8_pair_1_itr20_1.csv,schema_11,raw_result_csv,shuffle_dp,Gplus,24,14,#tri(true)|#tri(est)|#tri(rel-err)|#tri(l2-loss)|#2st(true)|#2st(est)|#2st(rel-err)|#2st(l2-loss)|clst(true)|clst(est)|clst(rel-err)|clst(l2-loss)|EpsL|max_deg,3702,7b8f4ea0ff4c866ad4a8baf716d0157d11efec211f813d56a422cda491920ab3
data/raw_results/shuffle_dp/shuffledp_gplus/robust_strict_shuffle_increase/ratio_2p5_res_n20000_alg3n_eps1_8_pair_1_itr20_1.csv,schema_11,raw_result_csv,shuffle_dp,Gplus,24,14,#tri(true)|#tri(est)|#tri(rel-err)|#tri(l2-loss)|#2st(true)|#2st(est)|#2st(rel-err)|#2st(l2-loss)|clst(true)|clst(est)|clst(rel-err)|clst(l2-loss)|EpsL|max_deg,3697,1f221523ea5fb370a3945500c9a3f2147bc11337e384d43b584149645e0788b1
data/raw_results/shuffle_dp/shuffledp_gplus/robust_strict_shuffle_increase/ratio_2p5_res_n20000_alg4n_eps1_8_pair_1_itr20_1.csv,schema_11,raw_result_csv,shuffle_dp,Gplus,24,14,#tri(true)|#tri(est)|#tri(rel-err)|#tri(l2-loss)|#2st(true)|#2st(est)|#2st(rel-err)|#2st(l2-loss)|clst(true)|clst(est)|clst(rel-err)|clst(l2-loss)|EpsL|max_deg,3697,4a9be52aea0251819b8e87e18127e77ad4fe291e05a3bda67cf2a3bfef66ca0c
data/raw_results/shuffle_dp/shuffledp_gplus/robust_strict_shuffle_increase/ratio_5_res_n20000_alg2n_eps1_8_pair_1_itr20_1.csv,schema_11,raw_result_csv,shuffle_dp,Gplus,24,14,#tri(true)|#tri(est)|#tri(rel-err)|#tri(l2-loss)|#2st(true)|#2st(est)|#2st(rel-err)|#2st(l2-loss)|clst(true)|clst(est)|clst(rel-err)|clst(l2-loss)|EpsL|max_deg,3704,630135766d998210bf97ca29ebf4bed1e05f95bc7ff11fc0a738db0bf74b08eb
data/raw_results/shuffle_dp/shuffledp_gplus/robust_strict_shuffle_increase/ratio_5_res_n20000_alg3n_eps1_8_pair_1_itr20_1.csv,schema_11,raw_result_csv,shuffle_dp,Gplus,24,14,#tri(true)|#tri(est)|#tri(rel-err)|#tri(l2-loss)|#2st(true)|#2st(est)|#2st(rel-err)|#2st(l2-loss)|clst(true)|clst(est)|clst(rel-err)|clst(l2-loss)|EpsL|max_deg,3697,3aacd11fbba787c34c5b2d2185f315142d49b5e92e3861397cf268df252a7c43
data/raw_results/shuffle_dp/shuffledp_gplus/robust_strict_shuffle_increase/ratio_5_res_n20000_alg4n_eps1_8_pair_1_itr20_1.csv,schema_11,raw_result_csv,shuffle_dp,Gplus,24,14,#tri(true)|#tri(est)|#tri(rel-err)|#tri(l2-loss)|#2st(true)|#2st(est)|#2st(rel-err)|#2st(l2-loss)|clst(true)|clst(est)|clst(rel-err)|clst(l2-loss)|EpsL|max_deg,3697,20d2b7b5b9f5f1b1bd839f2d998b07c19172e9edd5772909144b54b599db1c21
data/raw_results/shuffle_dp/shuffledp_gplus/robust_strict_shuffle_increase/ratio_7p5_res_n20000_alg2n_eps1_8_pair_1_itr20_1.csv,schema_11,raw_result_csv,shuffle_dp,Gplus,24,14,#tri(true)|#tri(est)|#tri(rel-err)|#tri(l2-loss)|#2st(true)|#2st(est)|#2st(rel-err)|#2st(l2-loss)|clst(true)|clst(est)|clst(rel-err)|clst(l2-loss)|EpsL|max_deg,3708,441c38ff6c6747b5bb2ac91ca4f1726df6b9649cf079469e67379ec17b500952
data/raw_results/shuffle_dp/shuffledp_gplus/robust_strict_shuffle_increase/ratio_7p5_res_n20000_alg3n_eps1_8_pair_1_itr20_1.csv,schema_11,raw_result_csv,shuffle_dp,Gplus,24,14,#tri(true)|#tri(est)|#tri(rel-err)|#tri(l2-loss)|#2st(true)|#2st(est)|#2st(rel-err)|#2st(l2-loss)|clst(true)|clst(est)|clst(rel-err)|clst(l2-loss)|EpsL|max_deg,3700,69be79c6175c8fbff175587a0c7a97586ff9eeae792f636248e2c77d0bd97eb1
data/raw_results/shuffle_dp/shuffledp_gplus/robust_strict_shuffle_increase/ratio_7p5_res_n20000_alg4n_eps1_8_pair_1_itr20_1.csv,schema_11,raw_result_csv,shuffle_dp,Gplus,24,14,#tri(true)|#tri(est)|#tri(rel-err)|#tri(l2-loss)|#2st(true)|#2st(est)|#2st(rel-err)|#2st(l2-loss)|clst(true)|clst(est)|clst(rel-err)|clst(l2-loss)|EpsL|max_deg,3705,e9f88d7b0683c34c08c7c5eff4efbac9fb991db9c51e4b85b75d57a99f964c93
data/raw_results/shuffle_dp/shuffledp_imdb/robust_strict_rr_decrease/ratio_10_res_n20000_alg2n_eps1_8_pair_1_itr20_1.csv,schema_11,raw_result_csv,shuffle_dp,IMDB,24,14,#tri(true)|#tri(est)|#tri(rel-err)|#tri(l2-loss)|#2st(true)|#2st(est)|#2st(rel-err)|#2st(l2-loss)|clst(true)|clst(est)|clst(rel-err)|clst(l2-loss)|EpsL|max_deg,3684,36a327b7225aa5e7a66adb64f18cfc0b3e063a0dbbe61b2dd15f73bab4020361
data/raw_results/shuffle_dp/shuffledp_imdb/robust_strict_rr_decrease/ratio_10_res_n20000_alg3n_eps1_8_pair_1_itr20_1.csv,schema_11,raw_result_csv,shuffle_dp,IMDB,24,14,#tri(true)|#tri(est)|#tri(rel-err)|#tri(l2-loss)|#2st(true)|#2st(est)|#2st(rel-err)|#2st(l2-loss)|clst(true)|clst(est)|clst(rel-err)|clst(l2-loss)|EpsL|max_deg,3687,ba2438e54615b35bb6799301efdc1919e2b505f598943298053c803262f81a30
data/raw_results/shuffle_dp/shuffledp_imdb/robust_strict_rr_decrease/ratio_10_res_n20000_alg4n_eps1_8_pair_1_itr20_1.csv,schema_11,raw_result_csv,shuffle_dp,IMDB,24,14,#tri(true)|#tri(est)|#tri(rel-err)|#tri(l2-loss)|#2st(true)|#2st(est)|#2st(rel-err)|#2st(l2-loss)|clst(true)|clst(est)|clst(rel-err)|clst(l2-loss)|EpsL|max_deg,3681,99b7b1e6465ce26b13ca5439a578e6f9904b3065c85dc838e15203964edfb294
data/raw_results/shuffle_dp/shuffledp_imdb/robust_strict_rr_decrease/ratio_12p5_res_n20000_alg2n_eps1_8_pair_1_itr20_1.csv,schema_11,raw_result_csv,shuffle_dp,IMDB,24,14,#tri(true)|#tri(est)|#tri(rel-err)|#tri(l2-loss)|#2st(true)|#2st(est)|#2st(rel-err)|#2st(l2-loss)|clst(true)|clst(est)|clst(rel-err)|clst(l2-loss)|EpsL|max_deg,3684,e6002dda5cbe623a08606a162d17da34678436dcd0210c3a1ba64e628af0c170
data/raw_results/shuffle_dp/shuffledp_imdb/robust_strict_rr_decrease/ratio_12p5_res_n20000_alg3n_eps1_8_pair_1_itr20_1.csv,schema_11,raw_result_csv,shuffle_dp,IMDB,24,14,#tri(true)|#tri(est)|#tri(rel-err)|#tri(l2-loss)|#2st(true)|#2st(est)|#2st(rel-err)|#2st(l2-loss)|clst(true)|clst(est)|clst(rel-err)|clst(l2-loss)|EpsL|max_deg,3686,8319aded53b57595126d36db8a72eb0c028e01360741f83d3b876314274bb265
data/raw_results/shuffle_dp/shuffledp_imdb/robust_strict_rr_decrease/ratio_12p5_res_n20000_alg4n_eps1_8_pair_1_itr20_1.csv,schema_11,raw_result_csv,shuffle_dp,IMDB,24,14,#tri(true)|#tri(est)|#tri(rel-err)|#tri(l2-loss)|#2st(true)|#2st(est)|#2st(rel-err)|#2st(l2-loss)|clst(true)|clst(est)|clst(rel-err)|clst(l2-loss)|EpsL|max_deg,3679,3fb4e9a87d79204470026dbec0dfb2726593218154ebdba8ee3f1d8b21cb4a67
data/raw_results/shuffle_dp/shuffledp_imdb/robust_strict_rr_decrease/ratio_15_res_n20000_alg2n_eps1_8_pair_1_itr20_1.csv,schema_11,raw_result_csv,shuffle_dp,IMDB,24,14,#tri(true)|#tri(est)|#tri(rel-err)|#tri(l2-loss)|#2st(true)|#2st(est)|#2st(rel-err)|#2st(l2-loss)|clst(true)|clst(est)|clst(rel-err)|clst(l2-loss)|EpsL|max_deg,3684,7557bd83e088eb0fe4184050da2de0d341f487b327d06bdf45607b5d6d2187db
data/raw_results/shuffle_dp/shuffledp_imdb/robust_strict_rr_decrease/ratio_15_res_n20000_alg3n_eps1_8_pair_1_itr20_1.csv,schema_11,raw_result_csv,shuffle_dp,IMDB,24,14,#tri(true)|#tri(est)|#tri(rel-err)|#tri(l2-loss)|#2st(true)|#2st(est)|#2st(rel-err)|#2st(l2-loss)|clst(true)|clst(est)|clst(rel-err)|clst(l2-loss)|EpsL|max_deg,3686,aeabe95503e33647168ba62fa44279cc7dfdc40a0bf538b459a05463d3a84d13
data/raw_results/shuffle_dp/shuffledp_imdb/robust_strict_rr_decrease/ratio_15_res_n20000_alg4n_eps1_8_pair_1_itr20_1.csv,schema_11,raw_result_csv,shuffle_dp,IMDB,24,14,#tri(true)|#tri(est)|#tri(rel-err)|#tri(l2-loss)|#2st(true)|#2st(est)|#2st(rel-err)|#2st(l2-loss)|clst(true)|clst(est)|clst(rel-err)|clst(l2-loss)|EpsL|max_deg,3679,074f329dd1f1c55f437b0515b702ef646bfd0a30e6df237cf0fab0b5897efcf5
data/raw_results/shuffle_dp/shuffledp_imdb/robust_strict_rr_decrease/ratio_17p5_res_n20000_alg2n_eps1_8_pair_1_itr20_1.csv,schema_11,raw_result_csv,shuffle_dp,IMDB,24,14,#tri(true)|#tri(est)|#tri(rel-err)|#tri(l2-loss)|#2st(true)|#2st(est)|#2st(rel-err)|#2st(l2-loss)|clst(true)|clst(est)|clst(rel-err)|clst(l2-loss)|EpsL|max_deg,3684,ee7c0affe1ba050ab4caf64d77c717fdf6a50abf831868b619bd1131939ecd97
data/raw_results/shuffle_dp/shuffledp_imdb/robust_strict_rr_decrease/ratio_17p5_res_n20000_alg3n_eps1_8_pair_1_itr20_1.csv,schema_11,raw_result_csv,shuffle_dp,IMDB,24,14,#tri(true)|#tri(est)|#tri(rel-err)|#tri(l2-loss)|#2st(true)|#2st(est)|#2st(rel-err)|#2st(l2-loss)|clst(true)|clst(est)|clst(rel-err)|clst(l2-loss)|EpsL|max_deg,3685,a28fa0570b468b9d04aeb53e10759b1059aeb1a07d602c11d6aa9b6b66ac14fc
data/raw_results/shuffle_dp/shuffledp_imdb/robust_strict_rr_decrease/ratio_17p5_res_n20000_alg4n_eps1_8_pair_1_itr20_1.csv,schema_11,raw_result_csv,shuffle_dp,IMDB,24,14,#tri(true)|#tri(est)|#tri(rel-err)|#tri(l2-loss)|#2st(true)|#2st(est)|#2st(rel-err)|#2st(l2-loss)|clst(true)|clst(est)|clst(rel-err)|clst(l2-loss)|EpsL|max_deg,3678,bd992377b52845e3a459db1ff6e913acc0e7a15b213345a24c39cd8f2a9edb1e
data/raw_results/shuffle_dp/shuffledp_imdb/robust_strict_rr_decrease/ratio_20_res_n20000_alg2n_eps1_8_pair_1_itr20_1.csv,schema_11,raw_result_csv,shuffle_dp,IMDB,24,14,#tri(true)|#tri(est)|#tri(rel-err)|#tri(l2-loss)|#2st(true)|#2st(est)|#2st(rel-err)|#2st(l2-loss)|clst(true)|clst(est)|clst(rel-err)|clst(l2-loss)|EpsL|max_deg,3684,92f519b82fbe8282cc2ea0023f3958e3c7361629a7ed0a7e19eb721d17c9353b
data/raw_results/shuffle_dp/shuffledp_imdb/robust_strict_rr_decrease/ratio_20_res_n20000_alg3n_eps1_8_pair_1_itr20_1.csv,schema_11,raw_result_csv,shuffle_dp,IMDB,24,14,#tri(true)|#tri(est)|#tri(rel-err)|#tri(l2-loss)|#2st(true)|#2st(est)|#2st(rel-err)|#2st(l2-loss)|clst(true)|clst(est)|clst(rel-err)|clst(l2-loss)|EpsL|max_deg,3687,86392fe8de11da269f3bb8eb7569192152468fb466f2e1073ac8867d63363665
data/raw_results/shuffle_dp/shuffledp_imdb/robust_strict_rr_decrease/ratio_20_res_n20000_alg4n_eps1_8_pair_1_itr20_1.csv,schema_11,raw_result_csv,shuffle_dp,IMDB,24,14,#tri(true)|#tri(est)|#tri(rel-err)|#tri(l2-loss)|#2st(true)|#2st(est)|#2st(rel-err)|#2st(l2-loss)|clst(true)|clst(est)|clst(rel-err)|clst(l2-loss)|EpsL|max_deg,3679,cf7c6ee6d2cd4ea5ab78bc8e96c3bf4ba21b007afce7efe990a13a2e04cf2d91
data/raw_results/shuffle_dp/shuffledp_imdb/robust_strict_rr_decrease/ratio_2p5_res_n20000_alg2n_eps1_8_pair_1_itr20_1.csv,schema_11,raw_result_csv,shuffle_dp,IMDB,24,14,#tri(true)|#tri(est)|#tri(rel-err)|#tri(l2-loss)|#2st(true)|#2st(est)|#2st(rel-err)|#2st(l2-loss)|clst(true)|clst(est)|clst(rel-err)|clst(l2-loss)|EpsL|max_deg,3684,a3b8348c09d5c72a5fa5d930d6f4335869b4e299814c283df9726cdf58b553ba
data/raw_results/shuffle_dp/shuffledp_imdb/robust_strict_rr_decrease/ratio_2p5_res_n20000_alg3n_eps1_8_pair_1_itr20_1.csv,schema_11,raw_result_csv,shuffle_dp,IMDB,24,14,#tri(true)|#tri(est)|#tri(rel-err)|#tri(l2-loss)|#2st(true)|#2st(est)|#2st(rel-err)|#2st(l2-loss)|clst(true)|clst(est)|clst(rel-err)|clst(l2-loss)|EpsL|max_deg,3686,2c3430b3c1e125cb665645028b449d3f5949c0f306e69c5f5e756593144f5228
data/raw_results/shuffle_dp/shuffledp_imdb/robust_strict_rr_decrease/ratio_2p5_res_n20000_alg4n_eps1_8_pair_1_itr20_1.csv,schema_11,raw_result_csv,shuffle_dp,IMDB,24,14,#tri(true)|#tri(est)|#tri(rel-err)|#tri(l2-loss)|#2st(true)|#2st(est)|#2st(rel-err)|#2st(l2-loss)|clst(true)|clst(est)|clst(rel-err)|clst(l2-loss)|EpsL|max_deg,3681,90b17aa5da506abd528a6668483f95a18f6484c91301e21e210a0f6acf6c5400
data/raw_results/shuffle_dp/shuffledp_imdb/robust_strict_rr_decrease/ratio_5_res_n20000_alg2n_eps1_8_pair_1_itr20_1.csv,schema_11,raw_result_csv,shuffle_dp,IMDB,24,14,#tri(true)|#tri(est)|#tri(rel-err)|#tri(l2-loss)|#2st(true)|#2st(est)|#2st(rel-err)|#2st(l2-loss)|clst(true)|clst(est)|clst(rel-err)|clst(l2-loss)|EpsL|max_deg,3684,68091514b953921a4fc4750fe50e7e2339f64370d5530965d88d36fecf43b2c4
data/raw_results/shuffle_dp/shuffledp_imdb/robust_strict_rr_decrease/ratio_5_res_n20000_alg3n_eps1_8_pair_1_itr20_1.csv,schema_11,raw_result_csv,shuffle_dp,IMDB,24,14,#tri(true)|#tri(est)|#tri(rel-err)|#tri(l2-loss)|#2st(true)|#2st(est)|#2st(rel-err)|#2st(l2-loss)|clst(true)|clst(est)|clst(rel-err)|clst(l2-loss)|EpsL|max_deg,3686,42d64f605d32cfdb420ab745258b06275a150b8337b0a72b58adbb075dde06d0
data/raw_results/shuffle_dp/shuffledp_imdb/robust_strict_rr_decrease/ratio_5_res_n20000_alg4n_eps1_8_pair_1_itr20_1.csv,schema_11,raw_result_csv,shuffle_dp,IMDB,24,14,#tri(true)|#tri(est)|#tri(rel-err)|#tri(l2-loss)|#2st(true)|#2st(est)|#2st(rel-err)|#2st(l2-loss)|clst(true)|clst(est)|clst(rel-err)|clst(l2-loss)|EpsL|max_deg,3682,fd332eaf57572ec17f615a3d44500640f6fd1d3b3289da42134f27dea5012c75
data/raw_results/shuffle_dp/shuffledp_imdb/robust_strict_rr_decrease/ratio_7p5_res_n20000_alg2n_eps1_8_pair_1_itr20_1.csv,schema_11,raw_result_csv,shuffle_dp,IMDB,24,14,#tri(true)|#tri(est)|#tri(rel-err)|#tri(l2-loss)|#2st(true)|#2st(est)|#2st(rel-err)|#2st(l2-loss)|clst(true)|clst(est)|clst(rel-err)|clst(l2-loss)|EpsL|max_deg,3684,91e42f5425d95826d1576403eb399a38f6e9c261cc624f2902133d210378039a
data/raw_results/shuffle_dp/shuffledp_imdb/robust_strict_rr_decrease/ratio_7p5_res_n20000_alg3n_eps1_8_pair_1_itr20_1.csv,schema_11,raw_result_csv,shuffle_dp,IMDB,24,14,#tri(true)|#tri(est)|#tri(rel-err)|#tri(l2-loss)|#2st(true)|#2st(est)|#2st(rel-err)|#2st(l2-loss)|clst(true)|clst(est)|clst(rel-err)|clst(l2-loss)|EpsL|max_deg,3686,18a946034c0c91abcf3dd6c26f528ecc4d48b36551a1b9428d47a5537024ea54
data/raw_results/shuffle_dp/shuffledp_imdb/robust_strict_rr_decrease/ratio_7p5_res_n20000_alg4n_eps1_8_pair_1_itr20_1.csv,schema_11,raw_result_csv,shuffle_dp,IMDB,24,14,#tri(true)|#tri(est)|#tri(rel-err)|#tri(l2-loss)|#2st(true)|#2st(est)|#2st(rel-err)|#2st(l2-loss)|clst(true)|clst(est)|clst(rel-err)|clst(l2-loss)|EpsL|max_deg,3681,d6d1be9dbd8469f03c4dd8d4aae2165eea69bf863bdeb8e233ccb6c822d45122
data/raw_results/shuffle_dp/shuffledp_imdb/robust_strict_rr_increase/ratio_10_res_n20000_alg2n_eps1_8_pair_1_itr20_1.csv,schema_11,raw_result_csv,shuffle_dp,IMDB,24,14,#tri(true)|#tri(est)|#tri(rel-err)|#tri(l2-loss)|#2st(true)|#2st(est)|#2st(rel-err)|#2st(l2-loss)|clst(true)|clst(est)|clst(rel-err)|clst(l2-loss)|EpsL|max_deg,3683,90bec9da3595bff4a262f3f33c0b91378520dd97b25b85d6daf86dbd86418ea4
data/raw_results/shuffle_dp/shuffledp_imdb/robust_strict_rr_increase/ratio_10_res_n20000_alg3n_eps1_8_pair_1_itr20_1.csv,schema_11,raw_result_csv,shuffle_dp,IMDB,24,14,#tri(true)|#tri(est)|#tri(rel-err)|#tri(l2-loss)|#2st(true)|#2st(est)|#2st(rel-err)|#2st(l2-loss)|clst(true)|clst(est)|clst(rel-err)|clst(l2-loss)|EpsL|max_deg,3686,014266746593d0dbf737cc1b04a76c17f78afa9d2e1b2743dc1bfbe9ee68f1fa
data/raw_results/shuffle_dp/shuffledp_imdb/robust_strict_rr_increase/ratio_10_res_n20000_alg4n_eps1_8_pair_1_itr20_1.csv,schema_11,raw_result_csv,shuffle_dp,IMDB,24,14,#tri(true)|#tri(est)|#tri(rel-err)|#tri(l2-loss)|#2st(true)|#2st(est)|#2st(rel-err)|#2st(l2-loss)|clst(true)|clst(est)|clst(rel-err)|clst(l2-loss)|EpsL|max_deg,3681,29a019acedfd9a19698587b76ea6538c942fc77e4551a8ada5d8a7f9732ef675
data/raw_results/shuffle_dp/shuffledp_imdb/robust_strict_rr_increase/ratio_12p5_res_n20000_alg2n_eps1_8_pair_1_itr20_1.csv,schema_11,raw_result_csv,shuffle_dp,IMDB,24,14,#tri(true)|#tri(est)|#tri(rel-err)|#tri(l2-loss)|#2st(true)|#2st(est)|#2st(rel-err)|#2st(l2-loss)|clst(true)|clst(est)|clst(rel-err)|clst(l2-loss)|EpsL|max_deg,3684,8c7e53edf7dd5e8bc5d7637323c318a88891380e53c85c486b081fa6fdf205b3
data/raw_results/shuffle_dp/shuffledp_imdb/robust_strict_rr_increase/ratio_12p5_res_n20000_alg3n_eps1_8_pair_1_itr20_1.csv,schema_11,raw_result_csv,shuffle_dp,IMDB,24,14,#tri(true)|#tri(est)|#tri(rel-err)|#tri(l2-loss)|#2st(true)|#2st(est)|#2st(rel-err)|#2st(l2-loss)|clst(true)|clst(est)|clst(rel-err)|clst(l2-loss)|EpsL|max_deg,3686,c5391cdb5da2da67910d0997f5d3599736a21723f20e84a7645191b1ca5b920a
data/raw_results/shuffle_dp/shuffledp_imdb/robust_strict_rr_increase/ratio_12p5_res_n20000_alg4n_eps1_8_pair_1_itr20_1.csv,schema_11,raw_result_csv,shuffle_dp,IMDB,24,14,#tri(true)|#tri(est)|#tri(rel-err)|#tri(l2-loss)|#2st(true)|#2st(est)|#2st(rel-err)|#2st(l2-loss)|clst(true)|clst(est)|clst(rel-err)|clst(l2-loss)|EpsL|max_deg,3684,fe89b418ada9d93cac9721ab53bba87f6e59ddefe4eed3a2e65cd053094a15dc
data/raw_results/shuffle_dp/shuffledp_imdb/robust_strict_rr_increase/ratio_15_res_n20000_alg2n_eps1_8_pair_1_itr20_1.csv,schema_11,raw_result_csv,shuffle_dp,IMDB,24,14,#tri(true)|#tri(est)|#tri(rel-err)|#tri(l2-loss)|#2st(true)|#2st(est)|#2st(rel-err)|#2st(l2-loss)|clst(true)|clst(est)|clst(rel-err)|clst(l2-loss)|EpsL|max_deg,3686,a86a3580b980f8bf1b96672c7545689d157a85dd3661bf4a22f92f2b445b15b2
data/raw_results/shuffle_dp/shuffledp_imdb/robust_strict_rr_increase/ratio_15_res_n20000_alg3n_eps1_8_pair_1_itr20_1.csv,schema_11,raw_result_csv,shuffle_dp,IMDB,24,14,#tri(true)|#tri(est)|#tri(rel-err)|#tri(l2-loss)|#2st(true)|#2st(est)|#2st(rel-err)|#2st(l2-loss)|clst(true)|clst(est)|clst(rel-err)|clst(l2-loss)|EpsL|max_deg,3688,e0d59ad30665c98cf64f52e70a5c950be4ae7dc7c0f6e81231e26127109410f0
data/raw_results/shuffle_dp/shuffledp_imdb/robust_strict_rr_increase/ratio_15_res_n20000_alg4n_eps1_8_pair_1_itr20_1.csv,schema_11,raw_result_csv,shuffle_dp,IMDB,24,14,#tri(true)|#tri(est)|#tri(rel-err)|#tri(l2-loss)|#2st(true)|#2st(est)|#2st(rel-err)|#2st(l2-loss)|clst(true)|clst(est)|clst(rel-err)|clst(l2-loss)|EpsL|max_deg,3684,733005cd0a8ee1c9dd990663f34c1133f96ea39c1245bbd276ddcf35c9f7fa54
data/raw_results/shuffle_dp/shuffledp_imdb/robust_strict_rr_increase/ratio_17p5_res_n20000_alg2n_eps1_8_pair_1_itr20_1.csv,schema_11,raw_result_csv,shuffle_dp,IMDB,24,14,#tri(true)|#tri(est)|#tri(rel-err)|#tri(l2-loss)|#2st(true)|#2st(est)|#2st(rel-err)|#2st(l2-loss)|clst(true)|clst(est)|clst(rel-err)|clst(l2-loss)|EpsL|max_deg,3685,3142b58dfb7742fa7246a18f9640c1d4b7f101bc052b16e95d79eefe180e3a7f
data/raw_results/shuffle_dp/shuffledp_imdb/robust_strict_rr_increase/ratio_17p5_res_n20000_alg3n_eps1_8_pair_1_itr20_1.csv,schema_11,raw_result_csv,shuffle_dp,IMDB,24,14,#tri(true)|#tri(est)|#tri(rel-err)|#tri(l2-loss)|#2st(true)|#2st(est)|#2st(rel-err)|#2st(l2-loss)|clst(true)|clst(est)|clst(rel-err)|clst(l2-loss)|EpsL|max_deg,3687,1dce5349365d3c63c4601e77cdf077c645aef6c1f4fd1725e2740be37ffcaf0e
data/raw_results/shuffle_dp/shuffledp_imdb/robust_strict_rr_increase/ratio_17p5_res_n20000_alg4n_eps1_8_pair_1_itr20_1.csv,schema_11,raw_result_csv,shuffle_dp,IMDB,24,14,#tri(true)|#tri(est)|#tri(rel-err)|#tri(l2-loss)|#2st(true)|#2st(est)|#2st(rel-err)|#2st(l2-loss)|clst(true)|clst(est)|clst(rel-err)|clst(l2-loss)|EpsL|max_deg,3684,2a858706450fb29acbcc5630b5f23276ca052e4639bf6eab26f6dbddd000d42c
data/raw_results/shuffle_dp/shuffledp_imdb/robust_strict_rr_increase/ratio_20_res_n20000_alg2n_eps1_8_pair_1_itr20_1.csv,schema_11,raw_result_csv,shuffle_dp,IMDB,24,14,#tri(true)|#tri(est)|#tri(rel-err)|#tri(l2-loss)|#2st(true)|#2st(est)|#2st(rel-err)|#2st(l2-loss)|clst(true)|clst(est)|clst(rel-err)|clst(l2-loss)|EpsL|max_deg,3686,14bb4c72994a0c5f64b0c8aaaffd8eb87e39800c61205612e8d6fe6b09ce4375
data/raw_results/shuffle_dp/shuffledp_imdb/robust_strict_rr_increase/ratio_20_res_n20000_alg3n_eps1_8_pair_1_itr20_1.csv,schema_11,raw_result_csv,shuffle_dp,IMDB,24,14,#tri(true)|#tri(est)|#tri(rel-err)|#tri(l2-loss)|#2st(true)|#2st(est)|#2st(rel-err)|#2st(l2-loss)|clst(true)|clst(est)|clst(rel-err)|clst(l2-loss)|EpsL|max_deg,3687,eb89b691e5ad9e98b2fd753f96b87ffdc5c5853590ec0f10625c2a2efb259c26
data/raw_results/shuffle_dp/shuffledp_imdb/robust_strict_rr_increase/ratio_20_res_n20000_alg4n_eps1_8_pair_1_itr20_1.csv,schema_11,raw_result_csv,shuffle_dp,IMDB,24,14,#tri(true)|#tri(est)|#tri(rel-err)|#tri(l2-loss)|#2st(true)|#2st(est)|#2st(rel-err)|#2st(l2-loss)|clst(true)|clst(est)|clst(rel-err)|clst(l2-loss)|EpsL|max_deg,3685,8630ef499752f0129e0326f20a0b01af519e224f7a0d3d0b9b3968cd78eb8b2f
data/raw_results/shuffle_dp/shuffledp_imdb/robust_strict_rr_increase/ratio_2p5_res_n20000_alg2n_eps1_8_pair_1_itr20_1.csv,schema_11,raw_result_csv,shuffle_dp,IMDB,24,14,#tri(true)|#tri(est)|#tri(rel-err)|#tri(l2-loss)|#2st(true)|#2st(est)|#2st(rel-err)|#2st(l2-loss)|clst(true)|clst(est)|clst(rel-err)|clst(l2-loss)|EpsL|max_deg,3684,9451f12ad7528b87223705b3bc0376b094bb82174ae872c16c05a0f597b7b5d9
data/raw_results/shuffle_dp/shuffledp_imdb/robust_strict_rr_increase/ratio_2p5_res_n20000_alg3n_eps1_8_pair_1_itr20_1.csv,schema_11,raw_result_csv,shuffle_dp,IMDB,24,14,#tri(true)|#tri(est)|#tri(rel-err)|#tri(l2-loss)|#2st(true)|#2st(est)|#2st(rel-err)|#2st(l2-loss)|clst(true)|clst(est)|clst(rel-err)|clst(l2-loss)|EpsL|max_deg,3686,594bd7a5e7ed575c6e3ef6e3afc27f2ae3754c728f26d3a9098a6510c4eb6561
data/raw_results/shuffle_dp/shuffledp_imdb/robust_strict_rr_increase/ratio_2p5_res_n20000_alg4n_eps1_8_pair_1_itr20_1.csv,schema_11,raw_result_csv,shuffle_dp,IMDB,24,14,#tri(true)|#tri(est)|#tri(rel-err)|#tri(l2-loss)|#2st(true)|#2st(est)|#2st(rel-err)|#2st(l2-loss)|clst(true)|clst(est)|clst(rel-err)|clst(l2-loss)|EpsL|max_deg,3681,55177e45cebf3e5276d8a146a62d8c5b41a00c81455eb3cfb47caf8263b051f2
data/raw_results/shuffle_dp/shuffledp_imdb/robust_strict_rr_increase/ratio_5_res_n20000_alg2n_eps1_8_pair_1_itr20_1.csv,schema_11,raw_result_csv,shuffle_dp,IMDB,24,14,#tri(true)|#tri(est)|#tri(rel-err)|#tri(l2-loss)|#2st(true)|#2st(est)|#2st(rel-err)|#2st(l2-loss)|clst(true)|clst(est)|clst(rel-err)|clst(l2-loss)|EpsL|max_deg,3684,3a38363849ee99c107af48ec56c8d7d532992412c6f64a4ccb53b0f80d1ce520
data/raw_results/shuffle_dp/shuffledp_imdb/robust_strict_rr_increase/ratio_5_res_n20000_alg3n_eps1_8_pair_1_itr20_1.csv,schema_11,raw_result_csv,shuffle_dp,IMDB,24,14,#tri(true)|#tri(est)|#tri(rel-err)|#tri(l2-loss)|#2st(true)|#2st(est)|#2st(rel-err)|#2st(l2-loss)|clst(true)|clst(est)|clst(rel-err)|clst(l2-loss)|EpsL|max_deg,3686,70cbf27407a5c37a0c32db770971f80f224d9980fdaec2b1f5cbdb0c4d47c63d
data/raw_results/shuffle_dp/shuffledp_imdb/robust_strict_rr_increase/ratio_5_res_n20000_alg4n_eps1_8_pair_1_itr20_1.csv,schema_11,raw_result_csv,shuffle_dp,IMDB,24,14,#tri(true)|#tri(est)|#tri(rel-err)|#tri(l2-loss)|#2st(true)|#2st(est)|#2st(rel-err)|#2st(l2-loss)|clst(true)|clst(est)|clst(rel-err)|clst(l2-loss)|EpsL|max_deg,3682,58c9c9e6be92f5d6118feaccce45ce7bec9096e9ec2cfbe9c5bbd694f667c2ae
data/raw_results/shuffle_dp/shuffledp_imdb/robust_strict_rr_increase/ratio_7p5_res_n20000_alg2n_eps1_8_pair_1_itr20_1.csv,schema_11,raw_result_csv,shuffle_dp,IMDB,24,14,#tri(true)|#tri(est)|#tri(rel-err)|#tri(l2-loss)|#2st(true)|#2st(est)|#2st(rel-err)|#2st(l2-loss)|clst(true)|clst(est)|clst(rel-err)|clst(l2-loss)|EpsL|max_deg,3684,949b748b49aa00b942c05ba0c6dfcdb4dc8840bf44dbe05d82b1acf6d2e0ccbf
data/raw_results/shuffle_dp/shuffledp_imdb/robust_strict_rr_increase/ratio_7p5_res_n20000_alg3n_eps1_8_pair_1_itr20_1.csv,schema_11,raw_result_csv,shuffle_dp,IMDB,24,14,#tri(true)|#tri(est)|#tri(rel-err)|#tri(l2-loss)|#2st(true)|#2st(est)|#2st(rel-err)|#2st(l2-loss)|clst(true)|clst(est)|clst(rel-err)|clst(l2-loss)|EpsL|max_deg,3686,a742ecbc1453fcceea735131d3e5f36fdb6932b516cbc46a04024ad0a8270b50
data/raw_results/shuffle_dp/shuffledp_imdb/robust_strict_rr_increase/ratio_7p5_res_n20000_alg4n_eps1_8_pair_1_itr20_1.csv,schema_11,raw_result_csv,shuffle_dp,IMDB,24,14,#tri(true)|#tri(est)|#tri(rel-err)|#tri(l2-loss)|#2st(true)|#2st(est)|#2st(rel-err)|#2st(l2-loss)|clst(true)|clst(est)|clst(rel-err)|clst(l2-loss)|EpsL|max_deg,3683,8d55cf56ef3325b4191148b4455e4332524640fd965a50a763fd9165adbf4434
data/raw_results/shuffle_dp/shuffledp_imdb/robust_strict_shuffle_decrease/ratio_10_res_n20000_alg2n_eps1_8_pair_1_itr20_1.csv,schema_11,raw_result_csv,shuffle_dp,IMDB,24,14,#tri(true)|#tri(est)|#tri(rel-err)|#tri(l2-loss)|#2st(true)|#2st(est)|#2st(rel-err)|#2st(l2-loss)|clst(true)|clst(est)|clst(rel-err)|clst(l2-loss)|EpsL|max_deg,3684,2751cbf288974a3b4953bf356a40a47297c0c3e19a4a717105a675e6a67f2801
data/raw_results/shuffle_dp/shuffledp_imdb/robust_strict_shuffle_decrease/ratio_10_res_n20000_alg3n_eps1_8_pair_1_itr20_1.csv,schema_11,raw_result_csv,shuffle_dp,IMDB,24,14,#tri(true)|#tri(est)|#tri(rel-err)|#tri(l2-loss)|#2st(true)|#2st(est)|#2st(rel-err)|#2st(l2-loss)|clst(true)|clst(est)|clst(rel-err)|clst(l2-loss)|EpsL|max_deg,3685,75fdd902da3f504904a09b02b389df9af380df06249f5d2b92b2687ad55d91d0
data/raw_results/shuffle_dp/shuffledp_imdb/robust_strict_shuffle_decrease/ratio_10_res_n20000_alg4n_eps1_8_pair_1_itr20_1.csv,schema_11,raw_result_csv,shuffle_dp,IMDB,24,14,#tri(true)|#tri(est)|#tri(rel-err)|#tri(l2-loss)|#2st(true)|#2st(est)|#2st(rel-err)|#2st(l2-loss)|clst(true)|clst(est)|clst(rel-err)|clst(l2-loss)|EpsL|max_deg,3681,ab71aed4fc5b176fb47cbd1519d6014b6bfdfa617caf6d61a33d223b4572dbdf
data/raw_results/shuffle_dp/shuffledp_imdb/robust_strict_shuffle_decrease/ratio_12p5_res_n20000_alg2n_eps1_8_pair_1_itr20_1.csv,schema_11,raw_result_csv,shuffle_dp,IMDB,24,14,#tri(true)|#tri(est)|#tri(rel-err)|#tri(l2-loss)|#2st(true)|#2st(est)|#2st(rel-err)|#2st(l2-loss)|clst(true)|clst(est)|clst(rel-err)|clst(l2-loss)|EpsL|max_deg,3682,72aa25602d31753eed84318df3e87217cb08081745354f5ab28bca2f9239f67b
data/raw_results/shuffle_dp/shuffledp_imdb/robust_strict_shuffle_decrease/ratio_12p5_res_n20000_alg3n_eps1_8_pair_1_itr20_1.csv,schema_11,raw_result_csv,shuffle_dp,IMDB,24,14,#tri(true)|#tri(est)|#tri(rel-err)|#tri(l2-loss)|#2st(true)|#2st(est)|#2st(rel-err)|#2st(l2-loss)|clst(true)|clst(est)|clst(rel-err)|clst(l2-loss)|EpsL|max_deg,3685,7762b72990ccf30742e8db23f7604ad5d56db230a1a2d362b9ca873680a5cfab
data/raw_results/shuffle_dp/shuffledp_imdb/robust_strict_shuffle_decrease/ratio_12p5_res_n20000_alg4n_eps1_8_pair_1_itr20_1.csv,schema_11,raw_result_csv,shuffle_dp,IMDB,24,14,#tri(true)|#tri(est)|#tri(rel-err)|#tri(l2-loss)|#2st(true)|#2st(est)|#2st(rel-err)|#2st(l2-loss)|clst(true)|clst(est)|clst(rel-err)|clst(l2-loss)|EpsL|max_deg,3680,93115952f2661edd6bdfd22fd6742ac99dce3b9bf68f28ac4941954ab6b6018e
data/raw_results/shuffle_dp/shuffledp_imdb/robust_strict_shuffle_decrease/ratio_15_res_n20000_alg2n_eps1_8_pair_1_itr20_1.csv,schema_11,raw_result_csv,shuffle_dp,IMDB,24,14,#tri(true)|#tri(est)|#tri(rel-err)|#tri(l2-loss)|#2st(true)|#2st(est)|#2st(rel-err)|#2st(l2-loss)|clst(true)|clst(est)|clst(rel-err)|clst(l2-loss)|EpsL|max_deg,3683,3e2abfb9d1a13d9caeee7bf463dcfb3b82fd3fc99e220491947946ce29697391
data/raw_results/shuffle_dp/shuffledp_imdb/robust_strict_shuffle_decrease/ratio_15_res_n20000_alg3n_eps1_8_pair_1_itr20_1.csv,schema_11,raw_result_csv,shuffle_dp,IMDB,24,14,#tri(true)|#tri(est)|#tri(rel-err)|#tri(l2-loss)|#2st(true)|#2st(est)|#2st(rel-err)|#2st(l2-loss)|clst(true)|clst(est)|clst(rel-err)|clst(l2-loss)|EpsL|max_deg,3687,c98e896d691b1b8443ce0e4b9a151d07a1820b181113553dcae51c3382428eb4
data/raw_results/shuffle_dp/shuffledp_imdb/robust_strict_shuffle_decrease/ratio_15_res_n20000_alg4n_eps1_8_pair_1_itr20_1.csv,schema_11,raw_result_csv,shuffle_dp,IMDB,24,14,#tri(true)|#tri(est)|#tri(rel-err)|#tri(l2-loss)|#2st(true)|#2st(est)|#2st(rel-err)|#2st(l2-loss)|clst(true)|clst(est)|clst(rel-err)|clst(l2-loss)|EpsL|max_deg,3683,05b7d04e9d9203e115c1d43281e689a7b7c9069519251990f317f09a39188434
data/raw_results/shuffle_dp/shuffledp_imdb/robust_strict_shuffle_decrease/ratio_17p5_res_n20000_alg2n_eps1_8_pair_1_itr20_1.csv,schema_11,raw_result_csv,shuffle_dp,IMDB,24,14,#tri(true)|#tri(est)|#tri(rel-err)|#tri(l2-loss)|#2st(true)|#2st(est)|#2st(rel-err)|#2st(l2-loss)|clst(true)|clst(est)|clst(rel-err)|clst(l2-loss)|EpsL|max_deg,3686,39a9907ce482fd8f9b8edbced4c3d7aff14ac58594580af1d3dde54a7b496e02
data/raw_results/shuffle_dp/shuffledp_imdb/robust_strict_shuffle_decrease/ratio_17p5_res_n20000_alg3n_eps1_8_pair_1_itr20_1.csv,schema_11,raw_result_csv,shuffle_dp,IMDB,24,14,#tri(true)|#tri(est)|#tri(rel-err)|#tri(l2-loss)|#2st(true)|#2st(est)|#2st(rel-err)|#2st(l2-loss)|clst(true)|clst(est)|clst(rel-err)|clst(l2-loss)|EpsL|max_deg,3686,a526e6bb1594774580e72b6865fc5a9dc0fd4168823ddf86cb81220071bab41c
data/raw_results/shuffle_dp/shuffledp_imdb/robust_strict_shuffle_decrease/ratio_17p5_res_n20000_alg4n_eps1_8_pair_1_itr20_1.csv,schema_11,raw_result_csv,shuffle_dp,IMDB,24,14,#tri(true)|#tri(est)|#tri(rel-err)|#tri(l2-loss)|#2st(true)|#2st(est)|#2st(rel-err)|#2st(l2-loss)|clst(true)|clst(est)|clst(rel-err)|clst(l2-loss)|EpsL|max_deg,3684,86e6bb3805b9d768632b6d93ef808df2d4cfd72f7d06d21ec9591b245150a2b3
data/raw_results/shuffle_dp/shuffledp_imdb/robust_strict_shuffle_decrease/ratio_20_res_n20000_alg2n_eps1_8_pair_1_itr20_1.csv,schema_11,raw_result_csv,shuffle_dp,IMDB,24,14,#tri(true)|#tri(est)|#tri(rel-err)|#tri(l2-loss)|#2st(true)|#2st(est)|#2st(rel-err)|#2st(l2-loss)|clst(true)|clst(est)|clst(rel-err)|clst(l2-loss)|EpsL|max_deg,3687,7027df08cfd4d828876b911c15e1494f039f9fc7cd4a1dadd3de202094b64979
data/raw_results/shuffle_dp/shuffledp_imdb/robust_strict_shuffle_decrease/ratio_20_res_n20000_alg3n_eps1_8_pair_1_itr20_1.csv,schema_11,raw_result_csv,shuffle_dp,IMDB,24,14,#tri(true)|#tri(est)|#tri(rel-err)|#tri(l2-loss)|#2st(true)|#2st(est)|#2st(rel-err)|#2st(l2-loss)|clst(true)|clst(est)|clst(rel-err)|clst(l2-loss)|EpsL|max_deg,3686,f80c15fa7f6910851210c6435ad54fc828b2d46f47ddd81c6b79d89f1a69bc5c
data/raw_results/shuffle_dp/shuffledp_imdb/robust_strict_shuffle_decrease/ratio_20_res_n20000_alg4n_eps1_8_pair_1_itr20_1.csv,schema_11,raw_result_csv,shuffle_dp,IMDB,24,14,#tri(true)|#tri(est)|#tri(rel-err)|#tri(l2-loss)|#2st(true)|#2st(est)|#2st(rel-err)|#2st(l2-loss)|clst(true)|clst(est)|clst(rel-err)|clst(l2-loss)|EpsL|max_deg,3685,06163e68511200de5d61e45ff4f664c5ea5a490dc9e7c1ef795f6a499a25c3b7
data/raw_results/shuffle_dp/shuffledp_imdb/robust_strict_shuffle_decrease/ratio_2p5_res_n20000_alg2n_eps1_8_pair_1_itr20_1.csv,schema_11,raw_result_csv,shuffle_dp,IMDB,24,14,#tri(true)|#tri(est)|#tri(rel-err)|#tri(l2-loss)|#2st(true)|#2st(est)|#2st(rel-err)|#2st(l2-loss)|clst(true)|clst(est)|clst(rel-err)|clst(l2-loss)|EpsL|max_deg,3684,ee8afdc86bceaff7774b29bdba22bdf6029bd8d64a8bd66a6425121b0d6df322
data/raw_results/shuffle_dp/shuffledp_imdb/robust_strict_shuffle_decrease/ratio_2p5_res_n20000_alg3n_eps1_8_pair_1_itr20_1.csv,schema_11,raw_result_csv,shuffle_dp,IMDB,24,14,#tri(true)|#tri(est)|#tri(rel-err)|#tri(l2-loss)|#2st(true)|#2st(est)|#2st(rel-err)|#2st(l2-loss)|clst(true)|clst(est)|clst(rel-err)|clst(l2-loss)|EpsL|max_deg,3686,1b76467475c9eb9e2beda30b7d32c524188cfa315ee682ba0a2c89689e73f086
data/raw_results/shuffle_dp/shuffledp_imdb/robust_strict_shuffle_decrease/ratio_2p5_res_n20000_alg4n_eps1_8_pair_1_itr20_1.csv,schema_11,raw_result_csv,shuffle_dp,IMDB,24,14,#tri(true)|#tri(est)|#tri(rel-err)|#tri(l2-loss)|#2st(true)|#2st(est)|#2st(rel-err)|#2st(l2-loss)|clst(true)|clst(est)|clst(rel-err)|clst(l2-loss)|EpsL|max_deg,3681,b2fe9d71416afde6715149c96b7792628ba443a51181a61727e0d81f587214a7
data/raw_results/shuffle_dp/shuffledp_imdb/robust_strict_shuffle_decrease/ratio_5_res_n20000_alg2n_eps1_8_pair_1_itr20_1.csv,schema_11,raw_result_csv,shuffle_dp,IMDB,24,14,#tri(true)|#tri(est)|#tri(rel-err)|#tri(l2-loss)|#2st(true)|#2st(est)|#2st(rel-err)|#2st(l2-loss)|clst(true)|clst(est)|clst(rel-err)|clst(l2-loss)|EpsL|max_deg,3684,4bb58bc2229ca31924e1338bc8c131a06adb8156904f2c945a3b51198c81f4d6
data/raw_results/shuffle_dp/shuffledp_imdb/robust_strict_shuffle_decrease/ratio_5_res_n20000_alg3n_eps1_8_pair_1_itr20_1.csv,schema_11,raw_result_csv,shuffle_dp,IMDB,24,14,#tri(true)|#tri(est)|#tri(rel-err)|#tri(l2-loss)|#2st(true)|#2st(est)|#2st(rel-err)|#2st(l2-loss)|clst(true)|clst(est)|clst(rel-err)|clst(l2-loss)|EpsL|max_deg,3686,6d1828b9c69cb0eb2cfe2870a6129fff11d6c24093f0280e4f632e3dcac68b62
data/raw_results/shuffle_dp/shuffledp_imdb/robust_strict_shuffle_decrease/ratio_5_res_n20000_alg4n_eps1_8_pair_1_itr20_1.csv,schema_11,raw_result_csv,shuffle_dp,IMDB,24,14,#tri(true)|#tri(est)|#tri(rel-err)|#tri(l2-loss)|#2st(true)|#2st(est)|#2st(rel-err)|#2st(l2-loss)|clst(true)|clst(est)|clst(rel-err)|clst(l2-loss)|EpsL|max_deg,3681,becca37ced58d115c6ad01f3a3817caabe9ec75535575b3d1d4aaa9cfeee94dc
data/raw_results/shuffle_dp/shuffledp_imdb/robust_strict_shuffle_decrease/ratio_7p5_res_n20000_alg2n_eps1_8_pair_1_itr20_1.csv,schema_11,raw_result_csv,shuffle_dp,IMDB,24,14,#tri(true)|#tri(est)|#tri(rel-err)|#tri(l2-loss)|#2st(true)|#2st(est)|#2st(rel-err)|#2st(l2-loss)|clst(true)|clst(est)|clst(rel-err)|clst(l2-loss)|EpsL|max_deg,3684,909963c8bb66f03e3910eba51cc666698e35c3f57ed96253a0b21c3c81f32461
data/raw_results/shuffle_dp/shuffledp_imdb/robust_strict_shuffle_decrease/ratio_7p5_res_n20000_alg3n_eps1_8_pair_1_itr20_1.csv,schema_11,raw_result_csv,shuffle_dp,IMDB,24,14,#tri(true)|#tri(est)|#tri(rel-err)|#tri(l2-loss)|#2st(true)|#2st(est)|#2st(rel-err)|#2st(l2-loss)|clst(true)|clst(est)|clst(rel-err)|clst(l2-loss)|EpsL|max_deg,3686,d1050a844d54a7b272480bd5ab303a47c2efdde26fbbee1df7cbb249d1b12488
data/raw_results/shuffle_dp/shuffledp_imdb/robust_strict_shuffle_decrease/ratio_7p5_res_n20000_alg4n_eps1_8_pair_1_itr20_1.csv,schema_11,raw_result_csv,shuffle_dp,IMDB,24,14,#tri(true)|#tri(est)|#tri(rel-err)|#tri(l2-loss)|#2st(true)|#2st(est)|#2st(rel-err)|#2st(l2-loss)|clst(true)|clst(est)|clst(rel-err)|clst(l2-loss)|EpsL|max_deg,3681,825ec8c66456ac26aa94a969e524c9138342632c6b6cc33f917af2b2c0551a46
data/raw_results/shuffle_dp/shuffledp_imdb/robust_strict_shuffle_increase/ratio_10_res_n20000_alg2n_eps1_8_pair_1_itr20_1.csv,schema_11,raw_result_csv,shuffle_dp,IMDB,24,14,#tri(true)|#tri(est)|#tri(rel-err)|#tri(l2-loss)|#2st(true)|#2st(est)|#2st(rel-err)|#2st(l2-loss)|clst(true)|clst(est)|clst(rel-err)|clst(l2-loss)|EpsL|max_deg,3690,3a59b0c9e73f49a2f33727917e9a157a483e414b90446a43d746e76db29d2584
data/raw_results/shuffle_dp/shuffledp_imdb/robust_strict_shuffle_increase/ratio_10_res_n20000_alg3n_eps1_8_pair_1_itr20_1.csv,schema_11,raw_result_csv,shuffle_dp,IMDB,24,14,#tri(true)|#tri(est)|#tri(rel-err)|#tri(l2-loss)|#2st(true)|#2st(est)|#2st(rel-err)|#2st(l2-loss)|clst(true)|clst(est)|clst(rel-err)|clst(l2-loss)|EpsL|max_deg,3687,acf258fc6c17677dad605c407cd6c0ffbea5eb2f8dc26e9a0b81e6cc15079966
data/raw_results/shuffle_dp/shuffledp_imdb/robust_strict_shuffle_increase/ratio_10_res_n20000_alg4n_eps1_8_pair_1_itr20_1.csv,schema_11,raw_result_csv,shuffle_dp,IMDB,24,14,#tri(true)|#tri(est)|#tri(rel-err)|#tri(l2-loss)|#2st(true)|#2st(est)|#2st(rel-err)|#2st(l2-loss)|clst(true)|clst(est)|clst(rel-err)|clst(l2-loss)|EpsL|max_deg,3685,bafc2c936e8b4610177c38cc08dc9799ddd2f147af133c1fa170287b2ff342df
data/raw_results/shuffle_dp/shuffledp_imdb/robust_strict_shuffle_increase/ratio_12p5_res_n20000_alg2n_eps1_8_pair_1_itr20_1.csv,schema_11,raw_result_csv,shuffle_dp,IMDB,24,14,#tri(true)|#tri(est)|#tri(rel-err)|#tri(l2-loss)|#2st(true)|#2st(est)|#2st(rel-err)|#2st(l2-loss)|clst(true)|clst(est)|clst(rel-err)|clst(l2-loss)|EpsL|max_deg,3690,1a6f3707d0101c49ca4f7ee43d725cc17bd41b56e4f87be174beeb1055a9c58f
data/raw_results/shuffle_dp/shuffledp_imdb/robust_strict_shuffle_increase/ratio_12p5_res_n20000_alg3n_eps1_8_pair_1_itr20_1.csv,schema_11,raw_result_csv,shuffle_dp,IMDB,24,14,#tri(true)|#tri(est)|#tri(rel-err)|#tri(l2-loss)|#2st(true)|#2st(est)|#2st(rel-err)|#2st(l2-loss)|clst(true)|clst(est)|clst(rel-err)|clst(l2-loss)|EpsL|max_deg,3688,b7398061cbdcf22fb12302d28780ffe1bc1ff0a0feab8aa00b1191b1ec998238
data/raw_results/shuffle_dp/shuffledp_imdb/robust_strict_shuffle_increase/ratio_12p5_res_n20000_alg4n_eps1_8_pair_1_itr20_1.csv,schema_11,raw_result_csv,shuffle_dp,IMDB,24,14,#tri(true)|#tri(est)|#tri(rel-err)|#tri(l2-loss)|#2st(true)|#2st(est)|#2st(rel-err)|#2st(l2-loss)|clst(true)|clst(est)|clst(rel-err)|clst(l2-loss)|EpsL|max_deg,3687,367fa72d357fd31668b29bbb87c29b8538d2e3ec4d8e9d524db0c192bca57561
data/raw_results/shuffle_dp/shuffledp_imdb/robust_strict_shuffle_increase/ratio_15_res_n20000_alg2n_eps1_8_pair_1_itr20_1.csv,schema_11,raw_result_csv,shuffle_dp,IMDB,24,14,#tri(true)|#tri(est)|#tri(rel-err)|#tri(l2-loss)|#2st(true)|#2st(est)|#2st(rel-err)|#2st(l2-loss)|clst(true)|clst(est)|clst(rel-err)|clst(l2-loss)|EpsL|max_deg,3681,61d2da06151ed0060e3e99c4cf0e2cf26f1c509e52cbd3f5d1ec8917bddd34f5
data/raw_results/shuffle_dp/shuffledp_imdb/robust_strict_shuffle_increase/ratio_15_res_n20000_alg3n_eps1_8_pair_1_itr20_1.csv,schema_11,raw_result_csv,shuffle_dp,IMDB,24,14,#tri(true)|#tri(est)|#tri(rel-err)|#tri(l2-loss)|#2st(true)|#2st(est)|#2st(rel-err)|#2st(l2-loss)|clst(true)|clst(est)|clst(rel-err)|clst(l2-loss)|EpsL|max_deg,3688,4d491bba9dea3d91413daf17d6a72b80c92e57e9303f5d9ad93d0216a300d1fc
data/raw_results/shuffle_dp/shuffledp_imdb/robust_strict_shuffle_increase/ratio_15_res_n20000_alg4n_eps1_8_pair_1_itr20_1.csv,schema_11,raw_result_csv,shuffle_dp,IMDB,24,14,#tri(true)|#tri(est)|#tri(rel-err)|#tri(l2-loss)|#2st(true)|#2st(est)|#2st(rel-err)|#2st(l2-loss)|clst(true)|clst(est)|clst(rel-err)|clst(l2-loss)|EpsL|max_deg,3684,dd1978d761f5d079879b16d0181a0e8c50faf5363e67c4c722e59c61e7914563
data/raw_results/shuffle_dp/shuffledp_imdb/robust_strict_shuffle_increase/ratio_17p5_res_n20000_alg2n_eps1_8_pair_1_itr20_1.csv,schema_11,raw_result_csv,shuffle_dp,IMDB,24,14,#tri(true)|#tri(est)|#tri(rel-err)|#tri(l2-loss)|#2st(true)|#2st(est)|#2st(rel-err)|#2st(l2-loss)|clst(true)|clst(est)|clst(rel-err)|clst(l2-loss)|EpsL|max_deg,3681,d8a20c06d3489d557887f03314f587c65ae3eee9ad7c3009bc6809b8d1811574
data/raw_results/shuffle_dp/shuffledp_imdb/robust_strict_shuffle_increase/ratio_17p5_res_n20000_alg3n_eps1_8_pair_1_itr20_1.csv,schema_11,raw_result_csv,shuffle_dp,IMDB,24,14,#tri(true)|#tri(est)|#tri(rel-err)|#tri(l2-loss)|#2st(true)|#2st(est)|#2st(rel-err)|#2st(l2-loss)|clst(true)|clst(est)|clst(rel-err)|clst(l2-loss)|EpsL|max_deg,3688,36c6d0fb2ea4f648c81559493edd2f882e3d6b5706f2cf4b71315eea1c544dff
data/raw_results/shuffle_dp/shuffledp_imdb/robust_strict_shuffle_increase/ratio_17p5_res_n20000_alg4n_eps1_8_pair_1_itr20_1.csv,schema_11,raw_result_csv,shuffle_dp,IMDB,24,14,#tri(true)|#tri(est)|#tri(rel-err)|#tri(l2-loss)|#2st(true)|#2st(est)|#2st(rel-err)|#2st(l2-loss)|clst(true)|clst(est)|clst(rel-err)|clst(l2-loss)|EpsL|max_deg,3683,de2970099d16cf5f9f9ddc894021b9aba319f1961903c5ba07202bfafba4baf6
data/raw_results/shuffle_dp/shuffledp_imdb/robust_strict_shuffle_increase/ratio_20_res_n20000_alg2n_eps1_8_pair_1_itr20_1.csv,schema_11,raw_result_csv,shuffle_dp,IMDB,24,14,#tri(true)|#tri(est)|#tri(rel-err)|#tri(l2-loss)|#2st(true)|#2st(est)|#2st(rel-err)|#2st(l2-loss)|clst(true)|clst(est)|clst(rel-err)|clst(l2-loss)|EpsL|max_deg,3682,1c16e48dd7d8eae40d8f07dbf4c8339f3e7c45ddb9e134d956c179bd72e431e3
data/raw_results/shuffle_dp/shuffledp_imdb/robust_strict_shuffle_increase/ratio_20_res_n20000_alg3n_eps1_8_pair_1_itr20_1.csv,schema_11,raw_result_csv,shuffle_dp,IMDB,24,14,#tri(true)|#tri(est)|#tri(rel-err)|#tri(l2-loss)|#2st(true)|#2st(est)|#2st(rel-err)|#2st(l2-loss)|clst(true)|clst(est)|clst(rel-err)|clst(l2-loss)|EpsL|max_deg,3687,a4da48b337a2fb2491406ccba3d697e82556d136082505fc974ee4249c3c40a6
data/raw_results/shuffle_dp/shuffledp_imdb/robust_strict_shuffle_increase/ratio_20_res_n20000_alg4n_eps1_8_pair_1_itr20_1.csv,schema_11,raw_result_csv,shuffle_dp,IMDB,24,14,#tri(true)|#tri(est)|#tri(rel-err)|#tri(l2-loss)|#2st(true)|#2st(est)|#2st(rel-err)|#2st(l2-loss)|clst(true)|clst(est)|clst(rel-err)|clst(l2-loss)|EpsL|max_deg,3682,95c3021c772880a9292f2a66850c7c3549b22ca611bf0036be49a1b185bc754e
data/raw_results/shuffle_dp/shuffledp_imdb/robust_strict_shuffle_increase/ratio_2p5_res_n20000_alg2n_eps1_8_pair_1_itr20_1.csv,schema_11,raw_result_csv,shuffle_dp,IMDB,24,14,#tri(true)|#tri(est)|#tri(rel-err)|#tri(l2-loss)|#2st(true)|#2st(est)|#2st(rel-err)|#2st(l2-loss)|clst(true)|clst(est)|clst(rel-err)|clst(l2-loss)|EpsL|max_deg,3686,fe3ed31a49724d3153f8bba2a82ce6daef96f88e2ac15850de9b986c08b04330
data/raw_results/shuffle_dp/shuffledp_imdb/robust_strict_shuffle_increase/ratio_2p5_res_n20000_alg3n_eps1_8_pair_1_itr20_1.csv,schema_11,raw_result_csv,shuffle_dp,IMDB,24,14,#tri(true)|#tri(est)|#tri(rel-err)|#tri(l2-loss)|#2st(true)|#2st(est)|#2st(rel-err)|#2st(l2-loss)|clst(true)|clst(est)|clst(rel-err)|clst(l2-loss)|EpsL|max_deg,3685,4803c63e1add8906b67140e0afbacf6ff126dbe00cd944aad58c4461f24295bc
data/raw_results/shuffle_dp/shuffledp_imdb/robust_strict_shuffle_increase/ratio_2p5_res_n20000_alg4n_eps1_8_pair_1_itr20_1.csv,schema_11,raw_result_csv,shuffle_dp,IMDB,24,14,#tri(true)|#tri(est)|#tri(rel-err)|#tri(l2-loss)|#2st(true)|#2st(est)|#2st(rel-err)|#2st(l2-loss)|clst(true)|clst(est)|clst(rel-err)|clst(l2-loss)|EpsL|max_deg,3683,056bc645d0660e21ff73c3d3abb5c503035c51688d2b8124a2f69303a5f6b31d
data/raw_results/shuffle_dp/shuffledp_imdb/robust_strict_shuffle_increase/ratio_5_res_n20000_alg2n_eps1_8_pair_1_itr20_1.csv,schema_11,raw_result_csv,shuffle_dp,IMDB,24,14,#tri(true)|#tri(est)|#tri(rel-err)|#tri(l2-loss)|#2st(true)|#2st(est)|#2st(rel-err)|#2st(l2-loss)|clst(true)|clst(est)|clst(rel-err)|clst(l2-loss)|EpsL|max_deg,3686,f66bcfa4e6ca25444fe161074eff319256c47d020abb654fe8778383be902e6e
data/raw_results/shuffle_dp/shuffledp_imdb/robust_strict_shuffle_increase/ratio_5_res_n20000_alg3n_eps1_8_pair_1_itr20_1.csv,schema_11,raw_result_csv,shuffle_dp,IMDB,24,14,#tri(true)|#tri(est)|#tri(rel-err)|#tri(l2-loss)|#2st(true)|#2st(est)|#2st(rel-err)|#2st(l2-loss)|clst(true)|clst(est)|clst(rel-err)|clst(l2-loss)|EpsL|max_deg,3684,5556dca4fb483bfedb42ba6b1698dd27c71bb00611a748dec4cd6cd72af58fb0
data/raw_results/shuffle_dp/shuffledp_imdb/robust_strict_shuffle_increase/ratio_5_res_n20000_alg4n_eps1_8_pair_1_itr20_1.csv,schema_11,raw_result_csv,shuffle_dp,IMDB,24,14,#tri(true)|#tri(est)|#tri(rel-err)|#tri(l2-loss)|#2st(true)|#2st(est)|#2st(rel-err)|#2st(l2-loss)|clst(true)|clst(est)|clst(rel-err)|clst(l2-loss)|EpsL|max_deg,3686,b6d6f89446a3672f8c76231401ca6c85e3c368f37e96e7c5699cada497d14e6d
data/raw_results/shuffle_dp/shuffledp_imdb/robust_strict_shuffle_increase/ratio_7p5_res_n20000_alg2n_eps1_8_pair_1_itr20_1.csv,schema_11,raw_result_csv,shuffle_dp,IMDB,24,14,#tri(true)|#tri(est)|#tri(rel-err)|#tri(l2-loss)|#2st(true)|#2st(est)|#2st(rel-err)|#2st(l2-loss)|clst(true)|clst(est)|clst(rel-err)|clst(l2-loss)|EpsL|max_deg,3688,6d1ec0520f73498949ba39c86c8d37d677b8ab35dfab5b12f0e5f5976d0a555d
data/raw_results/shuffle_dp/shuffledp_imdb/robust_strict_shuffle_increase/ratio_7p5_res_n20000_alg3n_eps1_8_pair_1_itr20_1.csv,schema_11,raw_result_csv,shuffle_dp,IMDB,24,14,#tri(true)|#tri(est)|#tri(rel-err)|#tri(l2-loss)|#2st(true)|#2st(est)|#2st(rel-err)|#2st(l2-loss)|clst(true)|clst(est)|clst(rel-err)|clst(l2-loss)|EpsL|max_deg,3688,0dc646b1619f436fdcfdcb62f4db5e04f592de947842d5c4d8bf8472f5a069f4
data/raw_results/shuffle_dp/shuffledp_imdb/robust_strict_shuffle_increase/ratio_7p5_res_n20000_alg4n_eps1_8_pair_1_itr20_1.csv,schema_11,raw_result_csv,shuffle_dp,IMDB,24,14,#tri(true)|#tri(est)|#tri(rel-err)|#tri(l2-loss)|#2st(true)|#2st(est)|#2st(rel-err)|#2st(l2-loss)|clst(true)|clst(est)|clst(rel-err)|clst(l2-loss)|EpsL|max_deg,3686,c2fbe24d52a50105811977ba63b238a494ff2ded2208eb8537aeae4132d6e6d2
data/raw_results/shuffle_dp_legacy/gplus/clean_baseline/res_n20000_alg2n_eps1_8_pair_1_itr20_1.csv,schema_11,raw_result_csv,shuffle_dp_legacy,Gplus,24,14,#tri(true)|#tri(est)|#tri(rel-err)|#tri(l2-loss)|#2st(true)|#2st(est)|#2st(rel-err)|#2st(l2-loss)|clst(true)|clst(est)|clst(rel-err)|clst(l2-loss)|EpsL|max_deg,3699,b579395301f48899795ef74502c075305cb991a60d2bc15e9d3a8c061a80711a
data/raw_results/shuffle_dp_legacy/gplus/clean_baseline/res_n20000_alg3n_eps1_8_pair_1_itr20_1.csv,schema_11,raw_result_csv,shuffle_dp_legacy,Gplus,24,14,#tri(true)|#tri(est)|#tri(rel-err)|#tri(l2-loss)|#2st(true)|#2st(est)|#2st(rel-err)|#2st(l2-loss)|clst(true)|clst(est)|clst(rel-err)|clst(l2-loss)|EpsL|max_deg,3697,06cb84dacf6c34e65b47e6f7b945e3320916f858513e1901c1058c2fd4d3f9b7
data/raw_results/shuffle_dp_legacy/gplus/clean_baseline/res_n20000_alg4n_eps1_8_pair_1_itr20_1.csv,schema_11,raw_result_csv,shuffle_dp_legacy,Gplus,24,14,#tri(true)|#tri(est)|#tri(rel-err)|#tri(l2-loss)|#2st(true)|#2st(est)|#2st(rel-err)|#2st(l2-loss)|clst(true)|clst(est)|clst(rel-err)|clst(l2-loss)|EpsL|max_deg,3697,5589aa3552ac721a074302dacdc19b6d095b8173209f2d0b8c5c1b96de1c978b
data/raw_results/shuffle_dp_legacy/gplus/clean_baseline/res_n20000_alg5_eps1_8_pair_1_itr20_1.csv,schema_11,raw_result_csv,shuffle_dp_legacy,Gplus,24,14,#tri(true)|#tri(est)|#tri(rel-err)|#tri(l2-loss)|#2st(true)|#2st(est)|#2st(rel-err)|#2st(l2-loss)|clst(true)|clst(est)|clst(rel-err)|clst(l2-loss)|EpsL|max_deg,3699,97f0f1d85a15ccb523be2f8852a01f31a21493f026172d92c6671081668d6169
data/raw_results/shuffle_dp_legacy/gplus/clean_baseline/res_n20000_alg6_0p1_eps1_8_pair_1_itr20_1.csv,schema_11,raw_result_csv,shuffle_dp_legacy,Gplus,24,14,#tri(true)|#tri(est)|#tri(rel-err)|#tri(l2-loss)|#2st(true)|#2st(est)|#2st(rel-err)|#2st(l2-loss)|clst(true)|clst(est)|clst(rel-err)|clst(l2-loss)|EpsL|max_deg,3706,e8118e8a44a2b853158ee213749736b8cc43c951adc5c9a5d73d51b06bd3bff2
data/raw_results/shuffle_dp_legacy/gplus/clean_baseline/res_n20000_alg8n_eps1_8_pair_1_itr20_1.csv,schema_12,raw_result_csv,shuffle_dp_legacy,Gplus,22,6,#4cyc(true)|#4cyc(est)|#4cyc(rel-err)|#4cyc(l2-loss)|EpsL|max_deg,1456,34abc13767755ffd83ee83773ab33c4ca53c8ed28cbe51e5201caaf6b3ff255e
data/raw_results/shuffle_dp_legacy/gplus/clean_baseline/res_n20000_alg9_eps1_8_pair_1_itr20_1.csv,schema_12,raw_result_csv,shuffle_dp_legacy,Gplus,22,6,#4cyc(true)|#4cyc(est)|#4cyc(rel-err)|#4cyc(l2-loss)|EpsL|max_deg,1464,16cf3a11f60d86c512212ee47f590e1efcc82a517e9f4cbd5f4783512bab0fe0
data/raw_results/shuffle_dp_legacy/gplus/robust_strict_original_decrease/ratio_10_res_n20000_alg2n_eps1_8_pair_1_itr20_1.csv,schema_11,raw_result_csv,shuffle_dp_legacy,Gplus,24,14,#tri(true)|#tri(est)|#tri(rel-err)|#tri(l2-loss)|#2st(true)|#2st(est)|#2st(rel-err)|#2st(l2-loss)|clst(true)|clst(est)|clst(rel-err)|clst(l2-loss)|EpsL|max_deg,3700,6aadff379f2dc842211a53e997a522f9c356a542288576dc91b6c7949505baa8
data/raw_results/shuffle_dp_legacy/gplus/robust_strict_original_decrease/ratio_10_res_n20000_alg3n_eps1_8_pair_1_itr20_1.csv,schema_11,raw_result_csv,shuffle_dp_legacy,Gplus,24,14,#tri(true)|#tri(est)|#tri(rel-err)|#tri(l2-loss)|#2st(true)|#2st(est)|#2st(rel-err)|#2st(l2-loss)|clst(true)|clst(est)|clst(rel-err)|clst(l2-loss)|EpsL|max_deg,3697,0cc65b3835e7b93b6eaabfe2542cd342f1c1080bf6bcb233f6d518a7927a9d5a
data/raw_results/shuffle_dp_legacy/gplus/robust_strict_original_decrease/ratio_10_res_n20000_alg4n_eps1_8_pair_1_itr20_1.csv,schema_11,raw_result_csv,shuffle_dp_legacy,Gplus,24,14,#tri(true)|#tri(est)|#tri(rel-err)|#tri(l2-loss)|#2st(true)|#2st(est)|#2st(rel-err)|#2st(l2-loss)|clst(true)|clst(est)|clst(rel-err)|clst(l2-loss)|EpsL|max_deg,3697,ea922c45e145d55ef7d00020350700a68c2d20b9f41e840b43f5d2e6e3c654c2
data/raw_results/shuffle_dp_legacy/gplus/robust_strict_original_decrease/ratio_15_res_n20000_alg2n_eps1_8_pair_1_itr20_1.csv,schema_11,raw_result_csv,shuffle_dp_legacy,Gplus,24,14,#tri(true)|#tri(est)|#tri(rel-err)|#tri(l2-loss)|#2st(true)|#2st(est)|#2st(rel-err)|#2st(l2-loss)|clst(true)|clst(est)|clst(rel-err)|clst(l2-loss)|EpsL|max_deg,3701,b60f3da9bc0374fe385a1c0fa73829796128ee34b45858c92d0f6aab0ccce5c0
data/raw_results/shuffle_dp_legacy/gplus/robust_strict_original_decrease/ratio_15_res_n20000_alg3n_eps1_8_pair_1_itr20_1.csv,schema_11,raw_result_csv,shuffle_dp_legacy,Gplus,24,14,#tri(true)|#tri(est)|#tri(rel-err)|#tri(l2-loss)|#2st(true)|#2st(est)|#2st(rel-err)|#2st(l2-loss)|clst(true)|clst(est)|clst(rel-err)|clst(l2-loss)|EpsL|max_deg,3697,9605b90266961fef14cd8ebb208366103eeb0e71a01f16c62df0e4fcc1cd3159
data/raw_results/shuffle_dp_legacy/gplus/robust_strict_original_decrease/ratio_15_res_n20000_alg4n_eps1_8_pair_1_itr20_1.csv,schema_11,raw_result_csv,shuffle_dp_legacy,Gplus,24,14,#tri(true)|#tri(est)|#tri(rel-err)|#tri(l2-loss)|#2st(true)|#2st(est)|#2st(rel-err)|#2st(l2-loss)|clst(true)|clst(est)|clst(rel-err)|clst(l2-loss)|EpsL|max_deg,3697,4d4b279e32ffff0da99b62cd6773ebd4f2e3449b7537c703e01b2f505b1283e2
data/raw_results/shuffle_dp_legacy/gplus/robust_strict_original_decrease/ratio_20_res_n20000_alg2n_eps1_8_pair_1_itr20_1.csv,schema_11,raw_result_csv,shuffle_dp_legacy,Gplus,24,14,#tri(true)|#tri(est)|#tri(rel-err)|#tri(l2-loss)|#2st(true)|#2st(est)|#2st(rel-err)|#2st(l2-loss)|clst(true)|clst(est)|clst(rel-err)|clst(l2-loss)|EpsL|max_deg,3702,01e7edd3a5cd90a05b4341ad1e77601bcc4cc72f7183c6e65ea062c0c1a169f4
data/raw_results/shuffle_dp_legacy/gplus/robust_strict_original_decrease/ratio_20_res_n20000_alg3n_eps1_8_pair_1_itr20_1.csv,schema_11,raw_result_csv,shuffle_dp_legacy,Gplus,24,14,#tri(true)|#tri(est)|#tri(rel-err)|#tri(l2-loss)|#2st(true)|#2st(est)|#2st(rel-err)|#2st(l2-loss)|clst(true)|clst(est)|clst(rel-err)|clst(l2-loss)|EpsL|max_deg,3697,c7c9cf0adc2ca453d9ed935c87a049e61eaadd7c26d6497c03c1fb6f8bd659f7
data/raw_results/shuffle_dp_legacy/gplus/robust_strict_original_decrease/ratio_20_res_n20000_alg4n_eps1_8_pair_1_itr20_1.csv,schema_11,raw_result_csv,shuffle_dp_legacy,Gplus,24,14,#tri(true)|#tri(est)|#tri(rel-err)|#tri(l2-loss)|#2st(true)|#2st(est)|#2st(rel-err)|#2st(l2-loss)|clst(true)|clst(est)|clst(rel-err)|clst(l2-loss)|EpsL|max_deg,3698,0b676b591900e69daea99903f9d5e3d625400c3d487be214a19426354f92dbfd
data/raw_results/shuffle_dp_legacy/gplus/robust_strict_original_decrease/ratio_5_res_n20000_alg2n_eps1_8_pair_1_itr20_1.csv,schema_11,raw_result_csv,shuffle_dp_legacy,Gplus,24,14,#tri(true)|#tri(est)|#tri(rel-err)|#tri(l2-loss)|#2st(true)|#2st(est)|#2st(rel-err)|#2st(l2-loss)|clst(true)|clst(est)|clst(rel-err)|clst(l2-loss)|EpsL|max_deg,3700,c4392e59fd61f0e2fe0d1a5cbcdecf7bbf6860a403c37d410430620c4ccc88a2
data/raw_results/shuffle_dp_legacy/gplus/robust_strict_original_decrease/ratio_5_res_n20000_alg3n_eps1_8_pair_1_itr20_1.csv,schema_11,raw_result_csv,shuffle_dp_legacy,Gplus,24,14,#tri(true)|#tri(est)|#tri(rel-err)|#tri(l2-loss)|#2st(true)|#2st(est)|#2st(rel-err)|#2st(l2-loss)|clst(true)|clst(est)|clst(rel-err)|clst(l2-loss)|EpsL|max_deg,3697,6dcf62188fdc126d49f280bd31d7ebf499c79ebbda899fdd3aed665f680f252e
data/raw_results/shuffle_dp_legacy/gplus/robust_strict_original_decrease/ratio_5_res_n20000_alg4n_eps1_8_pair_1_itr20_1.csv,schema_11,raw_result_csv,shuffle_dp_legacy,Gplus,24,14,#tri(true)|#tri(est)|#tri(rel-err)|#tri(l2-loss)|#2st(true)|#2st(est)|#2st(rel-err)|#2st(l2-loss)|clst(true)|clst(est)|clst(rel-err)|clst(l2-loss)|EpsL|max_deg,3697,188703de9f7cede57a540749e055c6791961dbed6f41746a4f8ce2c07a13aa94
data/raw_results/shuffle_dp_legacy/gplus/robust_strict_original_increase/ratio_10_res_n20000_alg2n_eps1_8_pair_1_itr20_1.csv,schema_11,raw_result_csv,shuffle_dp_legacy,Gplus,24,14,#tri(true)|#tri(est)|#tri(rel-err)|#tri(l2-loss)|#2st(true)|#2st(est)|#2st(rel-err)|#2st(l2-loss)|clst(true)|clst(est)|clst(rel-err)|clst(l2-loss)|EpsL|max_deg,3696,4bcfe736758fb1b2bc02048b4acfd5a2019274444abe4bc00cb39917d4e90a4f
data/raw_results/shuffle_dp_legacy/gplus/robust_strict_original_increase/ratio_10_res_n20000_alg3n_eps1_8_pair_1_itr20_1.csv,schema_11,raw_result_csv,shuffle_dp_legacy,Gplus,24,14,#tri(true)|#tri(est)|#tri(rel-err)|#tri(l2-loss)|#2st(true)|#2st(est)|#2st(rel-err)|#2st(l2-loss)|clst(true)|clst(est)|clst(rel-err)|clst(l2-loss)|EpsL|max_deg,3696,40a82addf919913ea924abc99067529696ef066fae8a3e211e0297beb7f960b1
data/raw_results/shuffle_dp_legacy/gplus/robust_strict_original_increase/ratio_10_res_n20000_alg4n_eps1_8_pair_1_itr20_1.csv,schema_11,raw_result_csv,shuffle_dp_legacy,Gplus,24,14,#tri(true)|#tri(est)|#tri(rel-err)|#tri(l2-loss)|#2st(true)|#2st(est)|#2st(rel-err)|#2st(l2-loss)|clst(true)|clst(est)|clst(rel-err)|clst(l2-loss)|EpsL|max_deg,3696,0bb94a6bf779e3d39bc7f0ac382d2463e4d080fa02a7456585061f64f4451808
data/raw_results/shuffle_dp_legacy/gplus/robust_strict_original_increase/ratio_15_res_n20000_alg2n_eps1_8_pair_1_itr20_1.csv,schema_11,raw_result_csv,shuffle_dp_legacy,Gplus,24,14,#tri(true)|#tri(est)|#tri(rel-err)|#tri(l2-loss)|#2st(true)|#2st(est)|#2st(rel-err)|#2st(l2-loss)|clst(true)|clst(est)|clst(rel-err)|clst(l2-loss)|EpsL|max_deg,3696,dd0f1f00da1824f8fbf1cdb4167d1a9f37f5647e97e5e02fab1bdf668c902a1f
data/raw_results/shuffle_dp_legacy/gplus/robust_strict_original_increase/ratio_15_res_n20000_alg3n_eps1_8_pair_1_itr20_1.csv,schema_11,raw_result_csv,shuffle_dp_legacy,Gplus,24,14,#tri(true)|#tri(est)|#tri(rel-err)|#tri(l2-loss)|#2st(true)|#2st(est)|#2st(rel-err)|#2st(l2-loss)|clst(true)|clst(est)|clst(rel-err)|clst(l2-loss)|EpsL|max_deg,3696,f647b166c675483024fd62fe77ac8bd56a368d60e6a0df84ab3fb1006687c81d
data/raw_results/shuffle_dp_legacy/gplus/robust_strict_original_increase/ratio_15_res_n20000_alg4n_eps1_8_pair_1_itr20_1.csv,schema_11,raw_result_csv,shuffle_dp_legacy,Gplus,24,14,#tri(true)|#tri(est)|#tri(rel-err)|#tri(l2-loss)|#2st(true)|#2st(est)|#2st(rel-err)|#2st(l2-loss)|clst(true)|clst(est)|clst(rel-err)|clst(l2-loss)|EpsL|max_deg,3696,bfb4bc651723474295b1654bbd985e0e403e00e6fe63c9e49d5acc8345be607d
data/raw_results/shuffle_dp_legacy/gplus/robust_strict_original_increase/ratio_20_res_n20000_alg2n_eps1_8_pair_1_itr20_1.csv,schema_11,raw_result_csv,shuffle_dp_legacy,Gplus,24,14,#tri(true)|#tri(est)|#tri(rel-err)|#tri(l2-loss)|#2st(true)|#2st(est)|#2st(rel-err)|#2st(l2-loss)|clst(true)|clst(est)|clst(rel-err)|clst(l2-loss)|EpsL|max_deg,3696,53e2b55336358fd5fcbaad0703bb51b6d08c956ddabb967617079a9d64ba0d3a
data/raw_results/shuffle_dp_legacy/gplus/robust_strict_original_increase/ratio_20_res_n20000_alg3n_eps1_8_pair_1_itr20_1.csv,schema_11,raw_result_csv,shuffle_dp_legacy,Gplus,24,14,#tri(true)|#tri(est)|#tri(rel-err)|#tri(l2-loss)|#2st(true)|#2st(est)|#2st(rel-err)|#2st(l2-loss)|clst(true)|clst(est)|clst(rel-err)|clst(l2-loss)|EpsL|max_deg,3696,32ef43fe006cfd291f92c72ba92efdff7530cde149ba8fa68c6bdb1c55751541
data/raw_results/shuffle_dp_legacy/gplus/robust_strict_original_increase/ratio_20_res_n20000_alg4n_eps1_8_pair_1_itr20_1.csv,schema_11,raw_result_csv,shuffle_dp_legacy,Gplus,24,14,#tri(true)|#tri(est)|#tri(rel-err)|#tri(l2-loss)|#2st(true)|#2st(est)|#2st(rel-err)|#2st(l2-loss)|clst(true)|clst(est)|clst(rel-err)|clst(l2-loss)|EpsL|max_deg,3696,36dc244b81f404d1321ebd7b18a63893249def7fa18c9c98cdaf42a807e06756
data/raw_results/shuffle_dp_legacy/gplus/robust_strict_original_increase/ratio_5_res_n20000_alg2n_eps1_8_pair_1_itr20_1.csv,schema_11,raw_result_csv,shuffle_dp_legacy,Gplus,24,14,#tri(true)|#tri(est)|#tri(rel-err)|#tri(l2-loss)|#2st(true)|#2st(est)|#2st(rel-err)|#2st(l2-loss)|clst(true)|clst(est)|clst(rel-err)|clst(l2-loss)|EpsL|max_deg,3696,59bea073d4578415ccf7def603112244d79889f1ba43f00e2a48d8dd1de54c27
data/raw_results/shuffle_dp_legacy/gplus/robust_strict_original_increase/ratio_5_res_n20000_alg3n_eps1_8_pair_1_itr20_1.csv,schema_11,raw_result_csv,shuffle_dp_legacy,Gplus,24,14,#tri(true)|#tri(est)|#tri(rel-err)|#tri(l2-loss)|#2st(true)|#2st(est)|#2st(rel-err)|#2st(l2-loss)|clst(true)|clst(est)|clst(rel-err)|clst(l2-loss)|EpsL|max_deg,3696,98bd1b9ddda315e4b18ca2b7a9fbeb69c6cebe95c5f74e0527faa10be1b9b35f
data/raw_results/shuffle_dp_legacy/gplus/robust_strict_original_increase/ratio_5_res_n20000_alg4n_eps1_8_pair_1_itr20_1.csv,schema_11,raw_result_csv,shuffle_dp_legacy,Gplus,24,14,#tri(true)|#tri(est)|#tri(rel-err)|#tri(l2-loss)|#2st(true)|#2st(est)|#2st(rel-err)|#2st(l2-loss)|clst(true)|clst(est)|clst(rel-err)|clst(l2-loss)|EpsL|max_deg,3696,b5139bc77cafe2b22a1e0268c0c93379e0f1cd5136ef2e87a9f97bb35dfcd549
data/raw_results/shuffle_dp_legacy/imdb/clean_baseline/res_n20000_alg2n_eps1_8_pair_1_itr20_1.csv,schema_11,raw_result_csv,shuffle_dp_legacy,IMDB,24,14,#tri(true)|#tri(est)|#tri(rel-err)|#tri(l2-loss)|#2st(true)|#2st(est)|#2st(rel-err)|#2st(l2-loss)|clst(true)|clst(est)|clst(rel-err)|clst(l2-loss)|EpsL|max_deg,3684,aef56cbdd1b564719decf183387d0d7d5cdb33c608cde82b50d64465058d9e8a
data/raw_results/shuffle_dp_legacy/imdb/clean_baseline/res_n20000_alg3n_eps1_8_pair_1_itr20_1.csv,schema_11,raw_result_csv,shuffle_dp_legacy,IMDB,24,14,#tri(true)|#tri(est)|#tri(rel-err)|#tri(l2-loss)|#2st(true)|#2st(est)|#2st(rel-err)|#2st(l2-loss)|clst(true)|clst(est)|clst(rel-err)|clst(l2-loss)|EpsL|max_deg,3686,26679890ba43fe9590f6e2486a35b18fdabb883266f61dfb6f2c3689ca09aec0
data/raw_results/shuffle_dp_legacy/imdb/clean_baseline/res_n20000_alg4n_eps1_8_pair_1_itr20_1.csv,schema_11,raw_result_csv,shuffle_dp_legacy,IMDB,24,14,#tri(true)|#tri(est)|#tri(rel-err)|#tri(l2-loss)|#2st(true)|#2st(est)|#2st(rel-err)|#2st(l2-loss)|clst(true)|clst(est)|clst(rel-err)|clst(l2-loss)|EpsL|max_deg,3681,723e9a4bc31292010deaf2c03e6be46e2ca4d95d9fe17c3d5a9c4fefd05b93ed
data/raw_results/shuffle_dp_legacy/imdb/clean_baseline/res_n20000_alg5_eps1_8_pair_1_itr20_1.csv,schema_11,raw_result_csv,shuffle_dp_legacy,IMDB,24,14,#tri(true)|#tri(est)|#tri(rel-err)|#tri(l2-loss)|#2st(true)|#2st(est)|#2st(rel-err)|#2st(l2-loss)|clst(true)|clst(est)|clst(rel-err)|clst(l2-loss)|EpsL|max_deg,3680,1680b0f34fa1e31fd3511725e0d3f05200d6a1d17f0f980eb5dd81198e40624a
data/raw_results/shuffle_dp_legacy/imdb/clean_baseline/res_n20000_alg6_0p1_eps1_8_pair_1_itr20_1.csv,schema_11,raw_result_csv,shuffle_dp_legacy,IMDB,24,14,#tri(true)|#tri(est)|#tri(rel-err)|#tri(l2-loss)|#2st(true)|#2st(est)|#2st(rel-err)|#2st(l2-loss)|clst(true)|clst(est)|clst(rel-err)|clst(l2-loss)|EpsL|max_deg,3688,f138b3311cf12c2cd077a149a0ee448d3935edb60401f5afc3e348d4984f8890
data/raw_results/shuffle_dp_legacy/imdb/clean_baseline/res_n20000_alg8n_eps1_8_pair_1_itr20_1.csv,schema_12,raw_result_csv,shuffle_dp_legacy,IMDB,22,6,#4cyc(true)|#4cyc(est)|#4cyc(rel-err)|#4cyc(l2-loss)|EpsL|max_deg,1449,0689babf31191f8468fd90ffdcef634a1bd4ad2be0a1005a416ae068c131bf4b
data/raw_results/shuffle_dp_legacy/imdb/clean_baseline/res_n20000_alg9_eps1_8_pair_1_itr20_1.csv,schema_12,raw_result_csv,shuffle_dp_legacy,IMDB,22,6,#4cyc(true)|#4cyc(est)|#4cyc(rel-err)|#4cyc(l2-loss)|EpsL|max_deg,1445,e928096aca3164b5c86ba2c94c71e1f5bdd9ba2a780f9d16dbd44e0ea060324a
data/raw_results/shuffle_dp_legacy/imdb/original_increase/res_n20000_alg2n_eps1_8_pair_1_itr20_1.csv,schema_11,raw_result_csv,shuffle_dp_legacy,IMDB,24,14,#tri(true)|#tri(est)|#tri(rel-err)|#tri(l2-loss)|#2st(true)|#2st(est)|#2st(rel-err)|#2st(l2-loss)|clst(true)|clst(est)|clst(rel-err)|clst(l2-loss)|EpsL|max_deg,3696,104da10e690a9d261ba5fc3d6ba9182c77aae913b045c5457f3d7d7a5f91dc51
data/raw_results/shuffle_dp_legacy/imdb/original_increase/res_n20000_alg3n_eps1_8_pair_1_itr20_1.csv,schema_11,raw_result_csv,shuffle_dp_legacy,IMDB,24,14,#tri(true)|#tri(est)|#tri(rel-err)|#tri(l2-loss)|#2st(true)|#2st(est)|#2st(rel-err)|#2st(l2-loss)|clst(true)|clst(est)|clst(rel-err)|clst(l2-loss)|EpsL|max_deg,3696,0602e73ead48911c5c6f173b49c6af2ff6f053eba764bc34404f4c8f3f8c6b6b
data/raw_results/shuffle_dp_legacy/imdb/original_increase/res_n20000_alg4n_eps1_8_pair_1_itr20_1.csv,schema_11,raw_result_csv,shuffle_dp_legacy,IMDB,24,14,#tri(true)|#tri(est)|#tri(rel-err)|#tri(l2-loss)|#2st(true)|#2st(est)|#2st(rel-err)|#2st(l2-loss)|clst(true)|clst(est)|clst(rel-err)|clst(l2-loss)|EpsL|max_deg,3696,f2aa58556582c1b332d98526759c2bada957f63b8218936dc04a474267e896ec
data/raw_results/shuffle_dp_legacy/imdb/original_increase/res_n20000_alg5_eps1_8_pair_1_itr20_1.csv,schema_11,raw_result_csv,shuffle_dp_legacy,IMDB,24,14,#tri(true)|#tri(est)|#tri(rel-err)|#tri(l2-loss)|#2st(true)|#2st(est)|#2st(rel-err)|#2st(l2-loss)|clst(true)|clst(est)|clst(rel-err)|clst(l2-loss)|EpsL|max_deg,3696,9281631fb3040ab86c1bc05a3b6d154ceded1804974e653209eb276d7281e68f
data/raw_results/shuffle_dp_legacy/imdb/original_increase/res_n20000_alg6_0p1_eps1_8_pair_1_itr20_1.csv,schema_11,raw_result_csv,shuffle_dp_legacy,IMDB,24,14,#tri(true)|#tri(est)|#tri(rel-err)|#tri(l2-loss)|#2st(true)|#2st(est)|#2st(rel-err)|#2st(l2-loss)|clst(true)|clst(est)|clst(rel-err)|clst(l2-loss)|EpsL|max_deg,3703,77f66fed2744dfd99c85d8b989c8222b8ea79b5b80a391fae81368089c6d5f36
data/raw_results/shuffle_dp_legacy/imdb/original_increase/res_n20000_alg8n_eps1_8_pair_1_itr20_1.csv,schema_12,raw_result_csv,shuffle_dp_legacy,IMDB,22,6,#4cyc(true)|#4cyc(est)|#4cyc(rel-err)|#4cyc(l2-loss)|EpsL|max_deg,1456,7bc62d26ec5201f11b504ab7f47c26516c8753e947be2194d3e463b80302838a
data/raw_results/shuffle_dp_legacy/imdb/original_increase/res_n20000_alg9_eps1_8_pair_1_itr20_1.csv,schema_12,raw_result_csv,shuffle_dp_legacy,IMDB,22,6,#4cyc(true)|#4cyc(est)|#4cyc(rel-err)|#4cyc(l2-loss)|EpsL|max_deg,1456,dcdd1eb7fbafb6c46bfee6362adab993859139c28bfdf96afc9caf669beb120f
data/raw_results/shuffle_dp_legacy/imdb/robust_strict_original_decrease/ratio_10_res_n20000_alg2n_eps1_8_pair_1_itr20_1.csv,schema_11,raw_result_csv,shuffle_dp_legacy,IMDB,24,14,#tri(true)|#tri(est)|#tri(rel-err)|#tri(l2-loss)|#2st(true)|#2st(est)|#2st(rel-err)|#2st(l2-loss)|clst(true)|clst(est)|clst(rel-err)|clst(l2-loss)|EpsL|max_deg,3684,a9d191e5ddea8ac905fc55eef4d90f000b5b71c92d71d2d3d3c2ac3a2e09abd1
data/raw_results/shuffle_dp_legacy/imdb/robust_strict_original_decrease/ratio_10_res_n20000_alg3n_eps1_8_pair_1_itr20_1.csv,schema_11,raw_result_csv,shuffle_dp_legacy,IMDB,24,14,#tri(true)|#tri(est)|#tri(rel-err)|#tri(l2-loss)|#2st(true)|#2st(est)|#2st(rel-err)|#2st(l2-loss)|clst(true)|clst(est)|clst(rel-err)|clst(l2-loss)|EpsL|max_deg,3687,9060a464ba52a7665b715fe44a1fc5bcb2be35a9b11741b0b382865512f153d6
data/raw_results/shuffle_dp_legacy/imdb/robust_strict_original_decrease/ratio_10_res_n20000_alg4n_eps1_8_pair_1_itr20_1.csv,schema_11,raw_result_csv,shuffle_dp_legacy,IMDB,24,14,#tri(true)|#tri(est)|#tri(rel-err)|#tri(l2-loss)|#2st(true)|#2st(est)|#2st(rel-err)|#2st(l2-loss)|clst(true)|clst(est)|clst(rel-err)|clst(l2-loss)|EpsL|max_deg,3680,5d3519f0a0f1dc34dcd4a820614dbc02fe23b7576f1c1758efec565103bb6b5c
data/raw_results/shuffle_dp_legacy/imdb/robust_strict_original_decrease/ratio_15_res_n20000_alg2n_eps1_8_pair_1_itr20_1.csv,schema_11,raw_result_csv,shuffle_dp_legacy,IMDB,24,14,#tri(true)|#tri(est)|#tri(rel-err)|#tri(l2-loss)|#2st(true)|#2st(est)|#2st(rel-err)|#2st(l2-loss)|clst(true)|clst(est)|clst(rel-err)|clst(l2-loss)|EpsL|max_deg,3684,07244be56e4e65839b21e52428f625937fa8888a558102355dfbdaa53d77e4f9
data/raw_results/shuffle_dp_legacy/imdb/robust_strict_original_decrease/ratio_15_res_n20000_alg3n_eps1_8_pair_1_itr20_1.csv,schema_11,raw_result_csv,shuffle_dp_legacy,IMDB,24,14,#tri(true)|#tri(est)|#tri(rel-err)|#tri(l2-loss)|#2st(true)|#2st(est)|#2st(rel-err)|#2st(l2-loss)|clst(true)|clst(est)|clst(rel-err)|clst(l2-loss)|EpsL|max_deg,3687,18b0cf80d1f1f6ff1d885cfa365617f71bb56ca4bc18b5e5d8d423f41d3b00d4
data/raw_results/shuffle_dp_legacy/imdb/robust_strict_original_decrease/ratio_15_res_n20000_alg4n_eps1_8_pair_1_itr20_1.csv,schema_11,raw_result_csv,shuffle_dp_legacy,IMDB,24,14,#tri(true)|#tri(est)|#tri(rel-err)|#tri(l2-loss)|#2st(true)|#2st(est)|#2st(rel-err)|#2st(l2-loss)|clst(true)|clst(est)|clst(rel-err)|clst(l2-loss)|EpsL|max_deg,3680,815a4221571f2b8768a9c71843a01899deec5a9cf94c13b45c855aeaa7d0f296
data/raw_results/shuffle_dp_legacy/imdb/robust_strict_original_decrease/ratio_20_res_n20000_alg2n_eps1_8_pair_1_itr20_1.csv,schema_11,raw_result_csv,shuffle_dp_legacy,IMDB,24,14,#tri(true)|#tri(est)|#tri(rel-err)|#tri(l2-loss)|#2st(true)|#2st(est)|#2st(rel-err)|#2st(l2-loss)|clst(true)|clst(est)|clst(rel-err)|clst(l2-loss)|EpsL|max_deg,3684,6eaf07946930adc50d2b1929c5eff6e8bc30bdd771e039bb517d73908c3ea212
data/raw_results/shuffle_dp_legacy/imdb/robust_strict_original_decrease/ratio_20_res_n20000_alg3n_eps1_8_pair_1_itr20_1.csv,schema_11,raw_result_csv,shuffle_dp_legacy,IMDB,24,14,#tri(true)|#tri(est)|#tri(rel-err)|#tri(l2-loss)|#2st(true)|#2st(est)|#2st(rel-err)|#2st(l2-loss)|clst(true)|clst(est)|clst(rel-err)|clst(l2-loss)|EpsL|max_deg,3686,ba1a225af0bbb9f14c7d3bab468ae62d3df4ba6c757066897a692793c333c20f
data/raw_results/shuffle_dp_legacy/imdb/robust_strict_original_decrease/ratio_20_res_n20000_alg4n_eps1_8_pair_1_itr20_1.csv,schema_11,raw_result_csv,shuffle_dp_legacy,IMDB,24,14,#tri(true)|#tri(est)|#tri(rel-err)|#tri(l2-loss)|#2st(true)|#2st(est)|#2st(rel-err)|#2st(l2-loss)|clst(true)|clst(est)|clst(rel-err)|clst(l2-loss)|EpsL|max_deg,3680,5c7414d858e6b8d65e7870c55a5ee1f5fb3ba7f8fba2d492bc299b15b09bb5fb
data/raw_results/shuffle_dp_legacy/imdb/robust_strict_original_decrease/ratio_5_res_n20000_alg2n_eps1_8_pair_1_itr20_1.csv,schema_11,raw_result_csv,shuffle_dp_legacy,IMDB,24,14,#tri(true)|#tri(est)|#tri(rel-err)|#tri(l2-loss)|#2st(true)|#2st(est)|#2st(rel-err)|#2st(l2-loss)|clst(true)|clst(est)|clst(rel-err)|clst(l2-loss)|EpsL|max_deg,3684,80813041ecef090066f74826e90d7ffad3c2de17808e2f5ef4105f5ced1dd7da
data/raw_results/shuffle_dp_legacy/imdb/robust_strict_original_decrease/ratio_5_res_n20000_alg3n_eps1_8_pair_1_itr20_1.csv,schema_11,raw_result_csv,shuffle_dp_legacy,IMDB,24,14,#tri(true)|#tri(est)|#tri(rel-err)|#tri(l2-loss)|#2st(true)|#2st(est)|#2st(rel-err)|#2st(l2-loss)|clst(true)|clst(est)|clst(rel-err)|clst(l2-loss)|EpsL|max_deg,3686,7cdbc8027adec04316f610b6c304db54f9b564e72d56adc257a80497e35d0aef
data/raw_results/shuffle_dp_legacy/imdb/robust_strict_original_decrease/ratio_5_res_n20000_alg4n_eps1_8_pair_1_itr20_1.csv,schema_11,raw_result_csv,shuffle_dp_legacy,IMDB,24,14,#tri(true)|#tri(est)|#tri(rel-err)|#tri(l2-loss)|#2st(true)|#2st(est)|#2st(rel-err)|#2st(l2-loss)|clst(true)|clst(est)|clst(rel-err)|clst(l2-loss)|EpsL|max_deg,3680,fb4556d53f7285b0a1f17bdbbc97afa5d8bcc4cc054b1d27aa1bb0c6036b6a6c
data/raw_results/shuffle_dp_legacy/imdb/robust_strict_original_increase/ratio_10_res_n20000_alg2n_eps1_8_pair_1_itr20_1.csv,schema_11,raw_result_csv,shuffle_dp_legacy,IMDB,24,14,#tri(true)|#tri(est)|#tri(rel-err)|#tri(l2-loss)|#2st(true)|#2st(est)|#2st(rel-err)|#2st(l2-loss)|clst(true)|clst(est)|clst(rel-err)|clst(l2-loss)|EpsL|max_deg,3696,e8e16ba1db6db70e5e96800c364572fd5d4581a740804608e2f4fada2312e503
data/raw_results/shuffle_dp_legacy/imdb/robust_strict_original_increase/ratio_10_res_n20000_alg3n_eps1_8_pair_1_itr20_1.csv,schema_11,raw_result_csv,shuffle_dp_legacy,IMDB,24,14,#tri(true)|#tri(est)|#tri(rel-err)|#tri(l2-loss)|#2st(true)|#2st(est)|#2st(rel-err)|#2st(l2-loss)|clst(true)|clst(est)|clst(rel-err)|clst(l2-loss)|EpsL|max_deg,3696,88fc9b8b5dc204cca6e9b2174f522b05ec677bcf19c2078320ef059cc60fe25f
data/raw_results/shuffle_dp_legacy/imdb/robust_strict_original_increase/ratio_10_res_n20000_alg4n_eps1_8_pair_1_itr20_1.csv,schema_11,raw_result_csv,shuffle_dp_legacy,IMDB,24,14,#tri(true)|#tri(est)|#tri(rel-err)|#tri(l2-loss)|#2st(true)|#2st(est)|#2st(rel-err)|#2st(l2-loss)|clst(true)|clst(est)|clst(rel-err)|clst(l2-loss)|EpsL|max_deg,3696,3e7ed443660495a345919550045bba030b923d1299774f8558dc173ad8015725
data/raw_results/shuffle_dp_legacy/imdb/robust_strict_original_increase/ratio_15_res_n20000_alg2n_eps1_8_pair_1_itr20_1.csv,schema_11,raw_result_csv,shuffle_dp_legacy,IMDB,24,14,#tri(true)|#tri(est)|#tri(rel-err)|#tri(l2-loss)|#2st(true)|#2st(est)|#2st(rel-err)|#2st(l2-loss)|clst(true)|clst(est)|clst(rel-err)|clst(l2-loss)|EpsL|max_deg,3696,e7a9afc39080e94edbfd6d6ad776b8f4e0875590214a02a852aec323da5f8642
data/raw_results/shuffle_dp_legacy/imdb/robust_strict_original_increase/ratio_15_res_n20000_alg3n_eps1_8_pair_1_itr20_1.csv,schema_11,raw_result_csv,shuffle_dp_legacy,IMDB,24,14,#tri(true)|#tri(est)|#tri(rel-err)|#tri(l2-loss)|#2st(true)|#2st(est)|#2st(rel-err)|#2st(l2-loss)|clst(true)|clst(est)|clst(rel-err)|clst(l2-loss)|EpsL|max_deg,3696,82f734c980c14fdba938300e50225561719f529664ebba9a53b077cb939f3738
data/raw_results/shuffle_dp_legacy/imdb/robust_strict_original_increase/ratio_15_res_n20000_alg4n_eps1_8_pair_1_itr20_1.csv,schema_11,raw_result_csv,shuffle_dp_legacy,IMDB,24,14,#tri(true)|#tri(est)|#tri(rel-err)|#tri(l2-loss)|#2st(true)|#2st(est)|#2st(rel-err)|#2st(l2-loss)|clst(true)|clst(est)|clst(rel-err)|clst(l2-loss)|EpsL|max_deg,3696,4bd8326d4cd7448df0d40e259f94702c4257838f961b07fa8c8bcdc82fad153c
data/raw_results/shuffle_dp_legacy/imdb/robust_strict_original_increase/ratio_20_res_n20000_alg2n_eps1_8_pair_1_itr20_1.csv,schema_11,raw_result_csv,shuffle_dp_legacy,IMDB,24,14,#tri(true)|#tri(est)|#tri(rel-err)|#tri(l2-loss)|#2st(true)|#2st(est)|#2st(rel-err)|#2st(l2-loss)|clst(true)|clst(est)|clst(rel-err)|clst(l2-loss)|EpsL|max_deg,3696,1cb4088b03d8b576294be6f28eaf7e8584c2133a141b557b370c16896e79ffe4
data/raw_results/shuffle_dp_legacy/imdb/robust_strict_original_increase/ratio_20_res_n20000_alg3n_eps1_8_pair_1_itr20_1.csv,schema_11,raw_result_csv,shuffle_dp_legacy,IMDB,24,14,#tri(true)|#tri(est)|#tri(rel-err)|#tri(l2-loss)|#2st(true)|#2st(est)|#2st(rel-err)|#2st(l2-loss)|clst(true)|clst(est)|clst(rel-err)|clst(l2-loss)|EpsL|max_deg,3696,adca9ded74aa22bd06b069a76398b6008d932448535b5f08800ae41215c733ea
data/raw_results/shuffle_dp_legacy/imdb/robust_strict_original_increase/ratio_20_res_n20000_alg4n_eps1_8_pair_1_itr20_1.csv,schema_11,raw_result_csv,shuffle_dp_legacy,IMDB,24,14,#tri(true)|#tri(est)|#tri(rel-err)|#tri(l2-loss)|#2st(true)|#2st(est)|#2st(rel-err)|#2st(l2-loss)|clst(true)|clst(est)|clst(rel-err)|clst(l2-loss)|EpsL|max_deg,3696,8aade3880d9ae4f217010c46c7bb8a51de6e085d9e365c8210077dc80940732f
data/raw_results/shuffle_dp_legacy/imdb/robust_strict_original_increase/ratio_5_res_n20000_alg2n_eps1_8_pair_1_itr20_1.csv,schema_11,raw_result_csv,shuffle_dp_legacy,IMDB,24,14,#tri(true)|#tri(est)|#tri(rel-err)|#tri(l2-loss)|#2st(true)|#2st(est)|#2st(rel-err)|#2st(l2-loss)|clst(true)|clst(est)|clst(rel-err)|clst(l2-loss)|EpsL|max_deg,3696,fabe0f3fe4f3a99460038fdbf533083a025098a17e884b1a7c59dc671c298620
data/raw_results/shuffle_dp_legacy/imdb/robust_strict_original_increase/ratio_5_res_n20000_alg3n_eps1_8_pair_1_itr20_1.csv,schema_11,raw_result_csv,shuffle_dp_legacy,IMDB,24,14,#tri(true)|#tri(est)|#tri(rel-err)|#tri(l2-loss)|#2st(true)|#2st(est)|#2st(rel-err)|#2st(l2-loss)|clst(true)|clst(est)|clst(rel-err)|clst(l2-loss)|EpsL|max_deg,3696,38124fba9717a35f32db63a23a6644869dbee048b1f4347ec9e7291cf9db9d9b
data/raw_results/shuffle_dp_legacy/imdb/robust_strict_original_increase/ratio_5_res_n20000_alg4n_eps1_8_pair_1_itr20_1.csv,schema_11,raw_result_csv,shuffle_dp_legacy,IMDB,24,14,#tri(true)|#tri(est)|#tri(rel-err)|#tri(l2-loss)|#2st(true)|#2st(est)|#2st(rel-err)|#2st(l2-loss)|clst(true)|clst(est)|clst(rel-err)|clst(l2-loss)|EpsL|max_deg,3696,7473a2bb39cac1bf01e2babd4c8d59fbcb580eb1fd7fb90efe05a28ad50f7534
data/raw_results/tdp_vc_2025/gplus_n10000_tdpvc_results.csv,schema_13,raw_result_csv,tdp_vc_2025,Gplus,1215,25,run|attack|epsilon|eps0|eps1|eps2|alpha|malicious_ratio|malicious_count|poison_prob|fixed_offset|scale_k|local_k|clean_edges|protocol_edges|clean_triangles|protocol_triangles|estimate|rel_error_clean|rel_error_protocol|orig_edge_changes|rr_changes|lap_attacked_reports|lap_total_offset|seconds,332072,d665d115e4a64b3436c305831e3d23ccc6d006182989263fe6c670c0a52e39ea
data/raw_results/tdp_vc_2025/imdb_n10000_tdpvc_results.csv,schema_13,raw_result_csv,tdp_vc_2025,IMDB,1215,25,run|attack|epsilon|eps0|eps1|eps2|alpha|malicious_ratio|malicious_count|poison_prob|fixed_offset|scale_k|local_k|clean_edges|protocol_edges|clean_triangles|protocol_triangles|estimate|rel_error_clean|rel_error_protocol|orig_edge_changes|rr_changes|lap_attacked_reports|lap_total_offset|seconds,316901,d100cd7bfe285ee73c9db025afd096a69014db71aee06f5221c330fa0cf23393
