run,attack,n,eps,eps1,eps2,delta,h_prime,h,mal_ratio,mal_count,orig_poison_prob,lap_strength,edges_clean,edges_protocol,changed_edges,clean_triangles,protocol_triangles,lambda,max_d_tail,max_c_dagger,estimate,rel_clean,rel_protocol,changed_reports,bias_sum,phase2_noise_sum,time_sec,seed
0,none,10000,0.5,0.05,0.45,1e-06,100,3,0,0,0,0,879102,879102,0,32950647,32950647,26083.3552413406,2663.28628881644,3912.50328620109,32020071.7074608,0.0282414877176531,0.0282414877176531,0,0,-2791725.87761742,3.357513654,20260619
1,none,10000,0.5,0.05,0.45,1e-06,100,3,0,0,0,0,879102,879102,0,32950647,32950647,25751.2876369702,2663.65656956992,3862.69314554553,31249389.7902792,0.0516304644858972,0.0516304644858972,0,0,-5103771.62916256,3.457582256,20365348
2,none,10000,0.5,0.05,0.45,1e-06,100,3,0,0,0,0,879102,879102,0,32950647,32950647,24943.0585679439,2688.10336253968,3741.45878519159,32775909.4972032,0.00530300672993615,0.00530300672993615,0,0,-524212.508390499,3.783715862,20470077
3,none,10000,0.5,0.05,0.45,1e-06,100,3,0,0,0,0,879102,879102,0,32950647,32950647,24979.1366342952,2664.48335062126,3746.87049514428,31692233.8057709,0.038190849309548,0.038190849309548,0,0,-3775239.58268717,3.765767062,20574806
4,none,10000,0.5,0.05,0.45,1e-06,100,3,0,0,0,0,879102,879102,0,32950647,32950647,25693.2489891533,2685.39767811875,3853.98734837299,31563357.2061596,0.0421020501916218,0.0421020501916218,0,0,-4161869.38152185,3.330931854,20679535
0,none,10000,1,0.1,0.9,1e-06,100,4,0,0,0,0,879102,879102,0,32950647,32950647,10497.3772627709,1922.92755000047,3149.21317883128,32594116.9211666,0.0108201237697515,0.0108201237697515,0,0,-1069590.23650011,3.285624354,20260619
1,none,10000,1,0.1,0.9,1e-06,100,4,0,0,0,0,879102,879102,0,32950647,32950647,10331.1552425759,1924.70179456649,3099.34657277277,32259571.3200546,0.0209730534257904,0.0209730534257904,0,0,-2073227.03983592,3.391276556,20365348
2,none,10000,1,0.1,0.9,1e-06,100,4,0,0,0,0,879102,879102,0,32950647,32950647,10127.1085305997,1930.7530971955,3038.13255917992,32885440.9805625,0.00197889951713317,0.00197889951713317,0,0,-195618.058312483,3.487963957,20470077
3,none,10000,1,0.1,0.9,1e-06,100,4,0,0,0,0,879102,879102,0,32950647,32950647,10204.8400622958,1920.32129464126,3061.45201868873,32435612.3916122,0.0156304854465472,0.0156304854465472,0,0,-1545103.82516334,3.414989356,20574806
4,none,10000,1,0.1,0.9,1e-06,100,4,0,0,0,0,879102,879102,0,32950647,32950647,10316.6455806217,1936.8753680804,3094.9936741865,32393456.7835457,0.0169098414502843,0.0169098414502843,0,0,-1671570.64936311,3.480822357,20679535
0,none,10000,2,0.2,1.8,1e-06,100,7,0,0,0,0,879102,879102,0,32950647,32950647,4571.0109823594,1547.11766785329,2742.60658941564,32793115.9992788,0.00478081661708194,0.00478081661708194,0,0,-472593.002163717,3.395869056,20260619
1,none,10000,2,0.2,1.8,1e-06,100,7,0,0,0,0,879102,879102,0,32950647,32950647,4529.45547731064,1549.7373136882,2717.67328638638,32656455.5413386,0.00892824528336115,0.00892824528336115,0,0,-882574.375984464,3.329417155,20365348
2,none,10000,2,0.2,1.8,1e-06,100,7,0,0,0,0,879102,879102,0,32950647,32950647,4478.4437993166,1566.78186409908,2687.06627958996,32927832.9701238,0.00069236970904312,0.00069236970904312,0,0,-68442.0896285174,3.257708453,20470077
3,none,10000,2,0.2,1.8,1e-06,100,7,0,0,0,0,879102,879102,0,32950647,32950647,4497.87668224061,1557.03844376884,2698.72600934436,32729493.9642272,0.00671164471437441,0.00671164471437441,0,0,-663459.107318107,3.438846757,20574806
4,none,10000,2,0.2,1.8,1e-06,100,7,0,0,0,0,879102,879102,0,32950647,32950647,4525.82806182208,1555.9376840402,2715.49683709325,32707533.4700343,0.00737811096594605,0.00737811096594605,0,0,-729340.589897699,3.409729155,20679535
0,orig_increase,10000,0.5,0.05,0.45,1e-06,100,3,0.05,500,0.25,0,879102,909995,30893,32950647,33525686,25853.944813397,2674.08779265383,3878.09172200955,31999990.7466771,0.0288509131041624,0.0455082486104215,0,0,-4577085.75996899,3.62072976,20260619
1,orig_increase,10000,0.5,0.05,0.45,1e-06,100,3,0.05,500,0.25,0,879102,910012,30910,32950647,33533549,25651.8877544664,2682.11802362893,3847.78316316995,34599053.8757228,0.0500265404719606,0.0317742949224607,0,0,3196514.62716796,3.70519656,20365348
2,orig_increase,10000,0.5,0.05,0.45,1e-06,100,3,0.05,500,0.25,0,879102,909581,30479,32950647,33506751,25377.9929940056,2660.35411360504,3806.69894910084,30300663.4320592,0.0804228083272778,0.0956848238714876,0,0,-9618262.70382205,3.66363366,20470077
3,orig_increase,10000,0.5,0.05,0.45,1e-06,100,3,0.05,500,0.25,0,879102,909741,30639,32950647,33540775,25421.3783578637,2689.04277713044,3813.20675367956,32412182.52021,0.0163415449714839,0.0336483721616448,0,0,-3385777.43937033,3.505684457,20574806
4,orig_increase,10000,0.5,0.05,0.45,1e-06,100,3,0.05,500,0.25,0,879102,909636,30534,32950647,33598741,25966.3660814105,2668.6472114005,3894.95491221157,35305207.7944499,0.0714571945871009,0.0507896053143739,0,0,5119400.38334934,3.69198706,20679535
0,orig_decrease,10000,0.5,0.05,0.45,1e-06,100,3,0.05,500,0.25,0,879102,878618,484,32950647,32900453,25441.9086000131,2672.08077654143,3816.28629000197,32454322.4963477,0.0150626633720527,0.0135600109716525,0,0,-1338391.51095733,3.537915458,20260619
1,orig_decrease,10000,0.5,0.05,0.45,1e-06,100,3,0.05,500,0.25,0,879102,878590,512,32950647,32892764,25922.9736580797,2685.08833782011,3888.44604871196,30851448.7224435,0.0637073462489681,0.0620597064313757,0,0,-6123945.83266988,3.568009658,20365348
2,orig_decrease,10000,0.5,0.05,0.45,1e-06,100,3,0.05,500,0.25,0,879102,878599,503,32950647,32894030,25536.4725765006,2693.21432014909,3830.4708864751,32859386.8102391,0.00276960236200862,0.00105317559936901,0,0,-103929.569282291,3.514736857,20470077
3,orig_decrease,10000,0.5,0.05,0.45,1e-06,100,3,0.05,500,0.25,0,879102,878578,524,32950647,32886830,26151.6514284295,2659.84353164313,3922.74771426442,32902625.0697738,0.0014573895992454,0.000480285566404339,0,0,47385.2093213748,3.501888957,20574806
4,orig_decrease,10000,0.5,0.05,0.45,1e-06,100,3,0.05,500,0.25,0,879102,878419,683,32950647,32867554,25539.8404285394,2668.35709243392,3830.97606428091,31518088.3170688,0.0434758893484298,0.0410576851240944,0,0,-4048397.04879404,3.397809156,20679535
0,orig_increase,10000,0.5,0.05,0.45,1e-06,100,3,0.05,500,0.5,0,879102,940613,61511,32950647,36082876,25853.944813397,2689.51940876642,3878.09172200955,34557180.746677,0.0487557572595469,0.04228308334743,0,0,-4577085.75996899,3.870964863,20260619
1,orig_increase,10000,0.5,0.05,0.45,1e-06,100,3,0.05,500,0.5,0,879102,940842,61740,32950647,36127723,25651.8877544664,2684.15045228311,3847.78316316995,37193227.8757228,0.128755616717413,0.0294927215790153,0,0,3196514.62716796,3.766105461,20365348
2,orig_increase,10000,0.5,0.05,0.45,1e-06,100,3,0.05,500,0.5,0,879102,940465,61363,32950647,36044986,25517.976006325,2681.30989237989,3827.69640094875,32821213.9053268,0.00392808962668189,0.0894374628047617,0,0,-9671316.28401958,3.831510662,20470077
3,orig_increase,10000,0.5,0.05,0.45,1e-06,100,3,0.05,500,0.5,0,879102,940329,61227,32950647,36084783,25421.3783578637,2694.88000379001,3813.20675367956,34956190.5202101,0.0608650725495637,0.0312761332052332,0,0,-3385777.43937033,3.792203262,20574806
4,orig_increase,10000,0.5,0.05,0.45,1e-06,100,3,0.05,500,0.5,0,879102,939885,60783,32950647,36191443,25966.3660814105,2678.67171482373,3894.95491221157,37897909.7944499,0.150141597961638,0.0471511123347543,0,0,5119400.38334934,3.810720262,20679535
0,orig_decrease,10000,0.5,0.05,0.45,1e-06,100,3,0.05,500,0.5,0,879102,878088,1014,32950647,32846258,25441.9086000131,2672.08077654143,3816.28629000197,32400127.4963477,0.016707395871539,0.0135823844424634,0,0,-1338391.51095733,3.545577258,20260619
1,orig_decrease,10000,0.5,0.05,0.45,1e-06,100,3,0.05,500,0.5,0,879102,878029,1073,32950647,32827447,25922.9736580797,2685.08833782011,3888.44604871196,30786131.7224435,0.0656896138505725,0.0621831870616233,0,0,-6123945.83266988,3.478679057,20365348
2,orig_decrease,10000,0.5,0.05,0.45,1e-06,100,3,0.05,500,0.5,0,879102,878084,1018,32950647,32837347,25536.4725765006,2690.51755195779,3830.4708864751,32802703.8102391,0.00448984172483543,0.0010549935645204,0,0,-103929.569282291,3.607055359,20470077
3,orig_decrease,10000,0.5,0.05,0.45,1e-06,100,3,0.05,500,0.5,0,879102,877998,1104,32950647,32813714,26151.6514284295,2658.00478071504,3922.74771426442,32829509.0697738,0.00367634451081394,0.000481355745764775,0,0,47385.2093213748,3.386940355,20574806
4,orig_decrease,10000,0.5,0.05,0.45,1e-06,100,3,0.05,500,0.5,0,879102,877752,1350,32950647,32782700,25539.8404285394,2668.35709243392,3830.97606428091,31433234.3170688,0.0460510739874446,0.0411639579086277,0,0,-4048397.04879404,3.473333957,20679535
0,orig_increase,10000,0.5,0.05,0.45,1e-06,100,3,0.05,500,0.75,0,879102,971186,92084,32950647,42441237,25853.944813397,2709.80688180767,3878.09172200955,40915541.746677,0.24172195303713,0.0359484162377964,0,0,-4577085.75996899,4.014669966,20260619
1,orig_increase,10000,0.5,0.05,0.45,1e-06,100,3,0.05,500,0.75,0,879102,971181,92079,32950647,42452492,25651.8877544664,2696.0634356456,3847.78316316995,43517996.8757227,0.32070234844623,0.0250987592370958,0,0,3196514.62716796,4.155360468,20365348
2,orig_increase,10000,0.5,0.05,0.45,1e-06,100,3,0.05,500,0.75,0,879102,971006,91904,32950647,42352629,26045.6896984317,2684.06316146201,3906.85345476475,39062189.0522742,0.185475631245549,0.0776915158614063,0,0,-9871319.84317752,4.363330271,20470077
3,orig_increase,10000,0.5,0.05,0.45,1e-06,100,3,0.05,500,0.75,0,879102,971175,92073,32950647,42498571,25421.3783578637,2712.09601167207,3813.20675367956,41369978.52021,0.255513390077288,0.0265560100783145,0,0,-3385777.43937033,4.128143967,20574806
4,orig_increase,10000,0.5,0.05,0.45,1e-06,100,3,0.05,500,0.75,0,879102,970411,91309,32950647,42582907,25966.3660814105,2691.65387961882,3894.95491221157,44289373.7944499,0.344112417411709,0.0400739854244773,0,0,5119400.38334934,4.149235668,20679535
0,orig_decrease,10000,0.5,0.05,0.45,1e-06,100,3,0.05,500,0.75,0,879102,877569,1533,32950647,32789174,25441.9086000131,2672.08077654143,3816.28629000197,32343043.4963477,0.0184398049498797,0.0136060305652206,0,0,-1338391.51095733,3.592298158,20260619
1,orig_decrease,10000,0.5,0.05,0.45,1e-06,100,3,0.05,500,0.75,0,879102,877521,1581,32950647,32767751,25922.9736580797,2685.08833782011,3888.44604871196,30726435.7224435,0.0675012929960533,0.0622964718438114,0,0,-6123945.83266988,3.737222161,20365348
2,orig_decrease,10000,0.5,0.05,0.45,1e-06,100,3,0.05,500,0.75,0,879102,877599,1503,32950647,32782723,25536.4725765006,2690.50775179194,3830.4708864751,32748079.8102391,0.00614759369553304,0.00105675144071878,0,0,-103929.569282291,3.610240359,20470077
3,orig_decrease,10000,0.5,0.05,0.45,1e-06,100,3,0.05,500,0.75,0,879102,877496,1606,32950647,32752524,26151.6514284295,2658.00478071504,3922.74771426442,32768319.0697738,0.00553336419239983,0.00048225504006327,0,0,47385.2093213748,3.498659957,20574806
4,orig_decrease,10000,0.5,0.05,0.45,1e-06,100,3,0.05,500,0.75,0,879102,877073,2029,32950647,32702073,25539.8404285394,2668.35709243392,3830.97606428091,31352607.3170688,0.0484979758646672,0.0412654476959662,0,0,-4048397.04879404,3.574232458,20679535
0,orig_increase,10000,0.5,0.05,0.45,1e-06,100,3,0.05,500,1,0,879102,1001776,122674,32950647,54437156,25853.944813397,2714.97483339403,3878.09172200955,52911460.7466772,0.605779114039164,0.0280267259612677,0,0,-4577085.75996899,4.173580568,20260619
1,orig_increase,10000,0.5,0.05,0.45,1e-06,100,3,0.05,500,1,0,879102,1001744,122642,32950647,54445337,25651.8877544664,2703.89059391001,3847.78316316995,55510841.8757227,0.684666218412121,0.0195701768862723,0,0,3196514.62716796,4.097150667,20365348
2,orig_increase,10000,0.5,0.05,0.45,1e-06,100,3,0.05,500,1,0,879102,1001800,122698,32950647,54401887,26172.3563650983,2696.32219984473,3925.85345476475,51095444.8244631,0.550665904207073,0.0607780788107023,0,0,-9919326.52661009,4.174453169,20470077
3,orig_increase,10000,0.5,0.05,0.45,1e-06,100,3,0.05,500,1,0,879102,1001672,122570,32950647,54480350,25421.3783578637,2734.51522764283,3813.20675367956,53351757.52021,0.619141424452455,0.0207155879099523,0,0,-3385777.43937033,4.140494968,20574806
4,orig_increase,10000,0.5,0.05,0.45,1e-06,100,3,0.05,500,1,0,879102,1001155,122053,32950647,54683464,25966.3660814105,2713.04646880204,3894.95491221157,56389930.7944496,0.711345176149337,0.0312062672995556,0,0,5119400.38334934,4.220953869,20679535
0,orig_decrease,10000,0.5,0.05,0.45,1e-06,100,3,0.05,500,1,0,879102,877026,2076,32950647,32728286,25441.9086000131,2670.40233084246,3816.28629000197,32282155.4963477,0.0202876594093084,0.0136313433478413,0,0,-1338391.51095733,3.578479259,20260619
1,orig_decrease,10000,0.5,0.05,0.45,1e-06,100,3,0.05,500,1,0,879102,876994,2108,32950647,32707940,25922.9736580797,2685.08833782011,3888.44604871196,30666624.7224435,0.0693164622095742,0.0624103895738013,0,0,-6123945.83266988,3.445923157,20365348
2,orig_decrease,10000,0.5,0.05,0.45,1e-06,100,3,0.05,500,1,0,879102,877050,2052,32950647,32725034,25536.4725765006,2690.50775179194,3830.4708864751,32690390.8102391,0.00789836356660685,0.00105861432446253,0,0,-103929.569282291,3.512917758,20470077
3,orig_decrease,10000,0.5,0.05,0.45,1e-06,100,3,0.05,500,1,0,879102,876922,2180,32950647,32683795,26151.6514284295,2658.00478071504,3922.74771426442,32699590.0697738,0.00761918059533723,0.000483269148328498,0,0,47385.2093213748,3.522722657,20574806
4,orig_decrease,10000,0.5,0.05,0.45,1e-06,100,3,0.05,500,1,0,879102,876405,2697,32950647,32625066,25539.8404285394,2668.35709243392,3830.97606428091,31275600.3170688,0.0508350164696669,0.0413628491335828,0,0,-4048397.04879404,3.495827257,20679535
0,orig_increase,10000,0.5,0.05,0.45,1e-06,100,3,0.1,1000,0.25,0,879102,1002417,123315,32950647,36579165,25462.6772003373,2693.29973475437,3819.40158005059,35915918.3174319,0.0899912926575289,0.0181318158183237,0,0,-1989740.04770401,4.375587671,20260619
1,orig_increase,10000,0.5,0.05,0.45,1e-06,100,3,0.1,1000,0.25,0,879102,1001999,122897,32950647,36796122,25444.9050899324,2708.79286053707,3816.73576348986,35747535.7282853,0.0848811475017563,0.0284971952129818,0,0,-3145758.81514361,4.409264072,20365348
2,orig_increase,10000,0.5,0.05,0.45,1e-06,100,3,0.1,1000,0.25,0,879102,1002350,123248,32950647,36694169,25759.3216395389,2693.43971295702,3863.89824593084,36859518.3764986,0.11862806143074,0.00450614855179354,0,0,496048.129495293,4.320728471,20470077
3,orig_increase,10000,0.5,0.05,0.45,1e-06,100,3,0.1,1000,0.25,0,879102,1001556,122454,32950647,36772166,25904.2600834536,2702.42537797968,3885.63901251805,36756679.9242907,0.115507077123271,0.000421135804437131,0,0,-46458.2271284011,4.404060272,20574806
4,orig_increase,10000,0.5,0.05,0.45,1e-06,100,3,0.1,1000,0.25,0,879102,1000866,121764,32950647,36931997,25330.4532291505,2693.13411966696,3799.56798437258,34201996.0358161,0.0379764632790405,0.0739196681994714,0,0,-8190002.89255137,4.29429737,20679535
0,orig_decrease,10000,0.5,0.05,0.45,1e-06,100,3,0.1,1000,0.25,0,879102,877359,1743,32950647,32771422,25827.8315611448,2656.29637614577,3874.17473417172,33302634.0644449,0.0106822504712836,0.0162096128890852,0,0,1593636.19333416,3.545963658,20260619
1,orig_decrease,10000,0.5,0.05,0.45,1e-06,100,3,0.1,1000,0.25,0,879102,876915,2187,32950647,32699336,25346.8005661672,2662.54304712077,3802.02008492508,32819433.736706,0.00398211492763663,0.00367278823967602,0,0,360293.210118019,3.459051257,20365348
2,orig_decrease,10000,0.5,0.05,0.45,1e-06,100,3,0.1,1000,0.25,0,879102,877111,1991,32950647,32743825,25589.9847127319,2675.65934779764,3838.49770690978,32698684.6051938,0.00764666001266004,0.0013785925989458,0,0,-135421.184419027,3.535954658,20470077
3,orig_decrease,10000,0.5,0.05,0.45,1e-06,100,3,0.1,1000,0.25,0,879102,876934,2168,32950647,32706723,26674.0291602676,2672.91336003674,4001.10437404013,33297507.3663949,0.0105266632972304,0.0180630864912665,0,0,1772353.09918458,3.601858959,20574806
4,orig_decrease,10000,0.5,0.05,0.45,1e-06,100,3,0.1,1000,0.25,0,879102,876609,2493,32950647,32651759,26019.1284457826,2678.69080602582,3902.8692668674,31288982.0597678,0.050428901752133,0.0417367082806233,0,0,-4088330.8206964,3.500283557,20679535
0,orig_increase,10000,0.5,0.05,0.45,1e-06,100,3,0.1,1000,0.5,0,879102,1125193,246091,32950647,55898691,25462.6772003373,2745.43044869663,3819.40158005059,55235444.3174319,0.676308338268197,0.0118651558865314,0,0,-1989740.04770401,5.49859159,20260619
1,orig_increase,10000,0.5,0.05,0.45,1e-06,100,3,0.1,1000,0.5,0,879102,1124893,245791,32950647,56505161,25892.5654273821,2762.21929317056,3883.88481410732,55438126.6152907,0.682459425312367,0.0188838393843234,0,0,-3201103.15412802,5.49008499,20365348
2,orig_increase,10000,0.5,0.05,0.45,1e-06,100,3,0.1,1000,0.5,0,879102,1125234,246132,32950647,56256745,26389.6324710584,2750.94392422091,3958.44487065875,56426140.348844,0.712444078832321,0.0030111118025757,0,0,508186.046531743,5.779185995,20470077
3,orig_increase,10000,0.5,0.05,0.45,1e-06,100,3,0.1,1000,0.5,0,879102,1124387,245285,32950647,56388135,25904.2600834536,2751.25130553952,3885.63901251805,56372648.9242906,0.710820698734402,0.0002746335857602,0,0,-46458.2271284011,5.562620291,20574806
4,orig_increase,10000,0.5,0.05,0.45,1e-06,100,3,0.1,1000,0.5,0,879102,1123127,244025,32950647,56621114,25330.4532291505,2776.02227779147,3799.56798437258,53891113.0358162,0.63551001095111,0.0482152464217471,0,0,-8190002.89255137,5.636526892,20679535
0,orig_decrease,10000,0.5,0.05,0.45,1e-06,100,3,0.1,1000,0.5,0,879102,875583,3519,32950647,32593824,25827.8315611448,2656.29637614577,3874.17473417172,33125036.0644448,0.0052924321772753,0.0162979362116222,0,0,1593636.19333416,3.469589356,20260619
1,orig_decrease,10000,0.5,0.05,0.45,1e-06,100,3,0.1,1000,0.5,0,879102,874664,4438,32950647,32455100,25346.8005661672,2654.95198787384,3802.02008492508,32575197.736706,0.0113942910830851,0.00370042725815094,0,0,360293.210118019,3.496280558,20365348
2,orig_decrease,10000,0.5,0.05,0.45,1e-06,100,3,0.1,1000,0.5,0,879102,875162,3940,32950647,32546899,25589.9847127319,2675.65934779764,3838.49770690978,32501758.6051938,0.0136230525247706,0.00138693381529762,0,0,-135421.184419027,3.557151659,20470077
3,orig_decrease,10000,0.5,0.05,0.45,1e-06,100,3,0.1,1000,0.5,0,879102,874786,4316,32950647,32465210,26674.0291602676,2672.91336003674,4001.10437404013,33055994.3663949,0.00319712588329077,0.0181974601856842,0,0,1772353.09918458,3.461771557,20574806
4,orig_decrease,10000,0.5,0.05,0.45,1e-06,100,3,0.1,1000,0.5,0,879102,874194,4908,32950647,32377264,26019.1284457826,2678.69080602582,3902.8692668674,31014487.0597678,0.0587593906800136,0.0420905528099044,0,0,-4088330.8206964,3.505782657,20679535
0,orig_increase,10000,0.5,0.05,0.45,1e-06,100,3,0.1,1000,0.75,0,879102,1247978,368876,32950647,105776231,26163.8401695526,2871.52085663299,3924.57602543289,105094720.565761,2.18945848212815,0.0064429449583946,0,0,-2044531.30271771,6.896932013,20260619
1,orig_increase,10000,0.5,0.05,0.45,1e-06,100,3,0.1,1000,0.75,0,879102,1247116,368014,32950647,106543746,26105.8987607155,2888.96688464823,3915.88481410732,105467920.134094,2.20078449852878,0.010097503666766,0,0,-3227477.59771608,7.283768819,20365348
2,orig_increase,10000,0.5,0.05,0.45,1e-06,100,3,0.1,1000,0.75,0,879102,1248285,369183,32950647,106555834,27611.7264562742,2851.83802842179,4141.75896844113,106733073.983936,2.23917991607072,0.0016633531669026,0,0,531719.951807541,7.026105615,20470077
3,orig_increase,10000,0.5,0.05,0.45,1e-06,100,3,0.1,1000,0.75,0,879102,1247018,367916,32950647,106530517,26830.6179991602,2846.38796463891,4024.59269987403,106514477.129325,2.23254584741008,0.000150565970448971,0,0,-48119.6120246116,6.893446512,20574806
4,orig_increase,10000,0.5,0.05,0.45,1e-06,100,3,0.1,1000,0.75,0,879102,1245967,366865,32950647,106958566,24968.2017283767,2884.79469525886,3745.23025925651,104267606.853878,2.16435688968044,0.0251588932682748,0,0,-8072877.43836668,6.844918111,20679535
0,orig_decrease,10000,0.5,0.05,0.45,1e-06,100,3,0.1,1000,0.75,0,879102,873788,5314,32950647,32432593,25827.8315611448,2656.29637614577,3874.17473417172,32963805.0644448,0.000399326436438106,0.0163789575642268,0,0,1593636.19333416,3.513399958,20260619
1,orig_decrease,10000,0.5,0.05,0.45,1e-06,100,3,0.1,1000,0.75,0,879102,872605,6497,32950647,32239150,25346.8005661672,2653.5319605341,3802.02008492508,32359247.736706,0.0179480318943048,0.0037252141171843,0,0,360293.210118019,3.457692656,20365348
2,orig_decrease,10000,0.5,0.05,0.45,1e-06,100,3,0.1,1000,0.75,0,879102,873259,5843,32950647,32355846,25589.9847127319,2675.65934779764,3838.49770690978,32310705.6051938,0.0194212087794866,0.00139512330495593,0,0,-135421.184419027,3.465491758,20470077
3,orig_decrease,10000,0.5,0.05,0.45,1e-06,100,3,0.1,1000,0.75,0,879102,872681,6421,32950647,32248969,26674.0291602676,2667.63339592058,4001.10437404013,32839753.3663949,0.00336544631749215,0.018319480737349,0,0,1772353.09918458,3.464397056,20574806
4,orig_decrease,10000,0.5,0.05,0.45,1e-06,100,3,0.1,1000,0.75,0,879102,871740,7362,32950647,32105623,26019.1284457826,2667.91213302271,3902.8692668674,30742846.0597679,0.0670032652236585,0.0424466748467129,0,0,-4088330.8206964,3.445694556,20679535
0,orig_increase,10000,0.5,0.05,0.45,1e-06,100,3,0.1,1000,1,0,879102,1371452,492350,32950647,201709934,26163.8401695526,3022.80258829109,3924.57602543289,201028423.565761,5.10089457623581,0.00337866569446787,0,0,-2044531.30271771,6.056977899,20260619
1,orig_increase,10000,0.5,0.05,0.45,1e-06,100,3,0.1,1000,1,0,879102,1369972,490870,32950647,202241336,27004.3120896957,3037.9001593156,4050.64681345435,201128486.45962,5.10393132673906,0.00550258202595939,0,0,-3338548.62114074,6.856320212,20365348
2,orig_increase,10000,0.5,0.05,0.45,1e-06,100,3,0.1,1000,1,0,879102,1370766,491664,32950647,201984391,29129.6324710584,2969.67026661774,4369.44487065875,202171374.439787,5.13558132681846,0.000925732126432399,0,0,560950.319358357,6.390685005,20470077
3,orig_increase,10000,0.5,0.05,0.45,1e-06,100,3,0.1,1000,1,0,879102,1370021,490919,32950647,202310087,28143.9513324935,3013.97487768545,4221.59269987403,202293261.99285,5.1392804211963,8.31644501718648e-05,0,0,-50475.0214475362,6.391141704,20574806
4,orig_increase,10000,0.5,0.05,0.45,1e-06,100,3,0.1,1000,1,0,879102,1368801,489699,32950647,202776281,27241.5350617101,3027.91608449298,4086.23025925651,199840312.333686,5.06483728024175,0.0144788564610965,0,0,-8807905.99894168,6.543317307,20679535
0,orig_decrease,10000,0.5,0.05,0.45,1e-06,100,3,0.1,1000,1,0,879102,871952,7150,32950647,32259215,25827.8315611448,2653.49495609852,3874.17473417172,32790427.0644448,0.00486242153470188,0.0164669867027093,0,0,1593636.19333416,3.548081158,20260619
1,orig_decrease,10000,0.5,0.05,0.45,1e-06,100,3,0.1,1000,1,0,879102,870472,8630,32950647,32018428,25346.8005661672,2653.5319605341,3802.02008492508,32138525.736706,0.0246465953549855,0.00375089422585123,0,0,360293.210118019,3.587137459,20365348
2,orig_decrease,10000,0.5,0.05,0.45,1e-06,100,3,0.1,1000,1,0,879102,871266,7836,32950647,32158066,25589.9847127319,2675.65934779764,3838.49770690978,32112925.6051938,0.0254235188403483,0.00140370365575359,0,0,-135421.184419027,3.619452659,20470077
3,orig_decrease,10000,0.5,0.05,0.45,1e-06,100,3,0.1,1000,1,0,879102,870521,8581,32950647,32019635,26674.0291602676,2667.63339592058,4001.10437404013,32610419.3663949,0.0103253703517604,0.0184506902216367,0,0,1772353.09918458,3.639981359,20574806
4,orig_decrease,10000,0.5,0.05,0.45,1e-06,100,3,0.1,1000,1,0,879102,869301,9801,32950647,31845771,26019.1284457826,2667.91213302271,3902.8692668674,30482994.0597678,0.0748893622705544,0.0427930270625936,0,0,-4088330.8206964,3.634438159,20679535
0,orig_increase,10000,0.5,0.05,0.45,1e-06,100,3,0.15,1500,0.25,0,879102,1155617,276515,32950647,44556079,27099.9150246467,2767.1885401469,4064.98725369701,43689900.9698455,0.325919365706097,0.0194401762810973,0,0,-2598534.090463,5.785099695,20260619
1,orig_increase,10000,0.5,0.05,0.45,1e-06,100,3,0.15,1500,0.25,0,879102,1155496,276394,32950647,44898559,25630.9389994933,2771.49567059051,3844.64084992399,44799081.2554013,0.359581232362488,0.00221561107559553,0,0,-298433.233795337,5.969976198,20365348
2,orig_increase,10000,0.5,0.05,0.45,1e-06,100,3,0.15,1500,0.25,0,879102,1156287,277185,32950647,44754533,26078.6620871685,2729.43427659695,3911.79931307528,45690596.2031443,0.386637300419149,0.020915494820253,0,0,2808189.60943324,5.786137695,20470077
3,orig_increase,10000,0.5,0.05,0.45,1e-06,100,3,0.15,1500,0.25,0,879102,1155537,276435,32950647,44876239,25839.8251242564,2734.64442860372,3875.97376863847,44727756.5935799,0.357416641730278,0.00330870878952521,0,0,-445447.219260151,5.675512593,20574806
4,orig_increase,10000,0.5,0.05,0.45,1e-06,100,3,0.15,1500,0.25,0,879102,1154392,275290,32950647,44918768,25229.3762923267,2779.23316495766,3784.406443849,46930778.854595,0.424274881600808,0.0447922092296705,0,0,6036032.56378447,5.714406493,20679535
0,orig_decrease,10000,0.5,0.05,0.45,1e-06,100,3,0.15,1500,0.25,0,879102,874732,4370,32950647,32499258,25634.0653819306,2666.68813499661,3845.10980728959,32950354.6757145,8.87157953259392e-06,0.0138802146102686,0,0,1353290.02714352,3.514393558,20260619
1,orig_decrease,10000,0.5,0.05,0.45,1e-06,100,3,0.15,1500,0.25,0,879102,874215,4887,32950647,32402915,26111.7650467912,2653.8559857393,3916.76475701868,33736977.1277543,0.0238638751996069,0.0411710529054038,0,0,4002186.38326307,3.576662558,20365348
2,orig_decrease,10000,0.5,0.05,0.45,1e-06,100,3,0.15,1500,0.25,0,879102,874644,4458,32950647,32483688,25137.4863491507,2655.43179532201,3770.6229523726,30578751.243552,0.0719832832553471,0.058642871968477,0,0,-5714810.26934366,3.515291457,20470077
3,orig_decrease,10000,0.5,0.05,0.45,1e-06,100,3,0.15,1500,0.25,0,879102,874489,4613,32950647,32474443,26550.1314843537,2681.57882628369,3982.51972265305,31258691.2527209,0.0513481798181102,0.0374371855209056,0,0,-3647255.24183723,3.503396657,20574806
4,orig_decrease,10000,0.5,0.05,0.45,1e-06,100,3,0.15,1500,0.25,0,879102,874097,5005,32950647,32409100,25600.810848364,2657.68357286252,3840.1216272546,33119204.6774766,0.00511545880955292,0.0219106571141012,0,0,2130314.03242985,3.622256059,20679535
0,orig_increase,10000,0.5,0.05,0.45,1e-06,100,3,0.15,1500,0.5,0,879102,1432203,553101,32950647,109376047,27101.0670638734,2951.92399681684,4065.160059581,108509832.147919,2.29310171505644,0.00791960283663075,0,0,-2598644.55624127,9.471387055,20260619
1,orig_increase,10000,0.5,0.05,0.45,1e-06,100,3,0.15,1500,0.5,0,879102,1431886,552784,32950647,110260358,27590.9389994933,2960.12160292817,4138.64084992399,110153273.184142,2.34297755015683,0.000971199602468225,0,0,-321254.447573348,9.686984759,20365348
2,orig_increase,10000,0.5,0.05,0.45,1e-06,100,3,0.15,1500,0.5,0,879102,1432645,553543,32950647,109822602,27980.9986092029,2874.04875049411,4197.14979138044,110826947.35705,2.36342249537769,0.00914516082080754,0,0,3013036.07114842,9.331255053,20470077
3,orig_increase,10000,0.5,0.05,0.45,1e-06,100,3,0.15,1500,0.5,0,879102,1432196,553094,32950647,110185165,26111.7734026468,2934.07918030886,3916.76601039702,110035119.90751,2.33939178516008,0.00136175403004856,0,0,-450135.277472959,9.449888155,20574806
4,orig_increase,10000,0.5,0.05,0.45,1e-06,100,3,0.15,1500,0.5,0,879102,1430219,551117,32950647,109951886,25927.301936425,2942.10290287368,3889.09529046375,112019555.542125,2.39961626677997,0.0188052212412665,0,0,6203008.62637382,9.553601256,20679535
0,orig_decrease,10000,0.5,0.05,0.45,1e-06,100,3,0.15,1500,0.5,0,879102,870444,8658,32950647,32080403,25634.0653819306,2658.89208823336,3845.10980728959,32531499.6757145,0.0127204580925383,0.0140614404287402,0,0,1353290.02714352,3.452132257,20260619
1,orig_decrease,10000,0.5,0.05,0.45,1e-06,100,3,0.15,1500,0.5,0,879102,869243,9859,32950647,31884320,26111.7650467912,2635.2553530652,3916.76475701868,33218382.1277543,0.00812533750109011,0.0418406956069404,0,0,4002186.38326307,3.445622956,20365348
2,orig_decrease,10000,0.5,0.05,0.45,1e-06,100,3,0.15,1500,0.5,0,879102,870216,8886,32950647,32047204,25137.4863491507,2655.43179532201,3770.6229523726,30142267.243552,0.0852298820247132,0.0594415898637513,0,0,-5714810.26934366,3.400894355,20470077
3,orig_decrease,10000,0.5,0.05,0.45,1e-06,100,3,0.15,1500,0.5,0,879102,869847,9255,32950647,32018231,26550.1314843537,2673.16727770171,3982.51972265305,30802479.252721,0.0651934921726737,0.0379706095342692,0,0,-3647255.24183723,3.383343155,20574806
4,orig_decrease,10000,0.5,0.05,0.45,1e-06,100,3,0.15,1500,0.5,0,879102,869257,9845,32950647,31918612,25600.810848364,2656.37051541364,3840.1216272546,32628716.6774766,0.0097700759115106,0.0222473545364883,0,0,2130314.03242985,3.440765757,20679535
0,orig_increase,10000,0.5,0.05,0.45,1e-06,100,3,0.15,1500,0.75,0,879102,1708558,829456,32950647,277432329,29221.0670638734,3206.98520772253,4383.160059581,276498353.882905,7.39128754840247,0.00336649704978981,0,0,-2801925.35128329,13.454971121,20260619
1,orig_increase,10000,0.5,0.05,0.45,1e-06,100,3,0.15,1500,0.75,0,879102,1707844,828742,32950647,278801190,28106.9533849111,3231.1169702553,4216.04300773667,278692102.450368,7.45786434634706,0.00039127361555448,0,0,-327262.648900981,13.559378721,20365348
2,orig_increase,10000,0.5,0.05,0.45,1e-06,100,3,0.15,1500,0.75,0,879102,1709190,830088,32950647,278452832,30091.9954205019,3152.96090741979,4513.79931307528,279532949.129022,7.48338271260719,0.00387899494957151,0,0,3240351.38706539,13.792874026,20470077
3,orig_increase,10000,0.5,0.05,0.45,1e-06,100,3,0.15,1500,0.75,0,879102,1708439,829337,32950647,278786020,27558.4400693135,3197.8286190775,4133.76601039702,278627661.981746,7.4559086800859,0.00056802711360356,0,0,-475074.054758191,14.06748603,20574806
4,orig_increase,10000,0.5,0.05,0.45,1e-06,100,3,0.15,1500,0.75,0,879102,1707080,827978,32950647,278730722,26713.9686030917,3213.3555987995,4007.09529046375,280861127.213984,7.52369081596436,0.00764323788456873,0,0,6391215.64195067,14.301529834,20679535
0,orig_decrease,10000,0.5,0.05,0.45,1e-06,100,3,0.15,1500,0.75,0,879102,866071,13031,32950647,31670832,25634.0653819306,2649.49746366624,3845.10980728959,32121928.6757145,0.025150289895234,0.0142432846637713,0,0,1353290.02714352,3.315383554,20260619
1,orig_decrease,10000,0.5,0.05,0.45,1e-06,100,3,0.15,1500,0.75,0,879102,864640,14462,32950647,31428900,26111.7650467912,2628.88594723829,3916.76475701868,32762962.1277543,0.00569593890662341,0.0424469875736754,0,0,4002186.38326307,3.64746396,20365348
2,orig_decrease,10000,0.5,0.05,0.45,1e-06,100,3,0.15,1500,0.75,0,879102,865832,13270,32950647,31631246,25137.4863491507,2655.43179532201,3770.6229523726,29726309.2435521,0.0978535491715213,0.0602232601411889,0,0,-5714810.26934366,3.492951657,20470077
3,orig_decrease,10000,0.5,0.05,0.45,1e-06,100,3,0.15,1500,0.75,0,879102,865251,13851,32950647,31586936,26550.1314843537,2656.77593146719,3982.51972265305,30371184.252721,0.0782826130023782,0.0384890686225145,0,0,-3647255.24183723,3.475990057,20574806
4,orig_decrease,10000,0.5,0.05,0.45,1e-06,100,3,0.15,1500,0.75,0,879102,864411,14691,32950647,31432782,25600.810848364,2656.37051541364,3840.1216272546,32142886.6774766,0.024514247702735,0.0225912131314568,0,0,2130314.03242985,3.389670855,20679535
0,orig_increase,10000,0.5,0.05,0.45,1e-06,100,3,0.15,1500,1,0,879102,1985881,1106779,32950647,600272344,31254.4003972067,3522.26522285644,4688.160059581,599273378.69162,17.1869988377351,0.00166418679515185,0,0,-2996895.92514436,10.139888666,20260619
1,orig_increase,10000,0.5,0.05,0.45,1e-06,100,3,0.15,1500,1,0,879102,1984135,1105033,32950647,600941080,29649.2868278537,3535.75200504758,4447.39302417806,600826006.409343,17.2341186323092,0.000191488973689989,0,0,-345220.771971582,10.019148064,20365348
2,orig_increase,10000,0.5,0.05,0.45,1e-06,100,4,0.15,1500,1,0,879102,1985629,1106527,32950647,600624541,32238.6620871685,3480.73057534181,4835.79931307528,601785793.771723,17.2632466601254,0.00193340879776452,0,0,3483758.31517,10.144305966,20470077
3,orig_increase,10000,0.5,0.05,0.45,1e-06,100,3,0.15,1500,1,0,879102,1984865,1105763,32950647,601067846,30418.1474237807,3503.19645256206,4562.72211356711,600893055.353909,17.236153461688,0.000290800193778566,0,0,-524371.938270151,10.074224865,20574806
4,orig_increase,10000,0.5,0.05,0.45,1e-06,100,3,0.15,1500,1,0,879102,1983846,1104744,32950647,601386798,29822.7466098764,3513.1966744786,4473.41199148146,603765124.328705,17.3233162107167,0.00395473651336282,0,0,7134978.98612166,10.324448069,20679535
0,orig_decrease,10000,0.5,0.05,0.45,1e-06,100,3,0.15,1500,1,0,879102,861631,17471,32950647,31256992,25634.0653819306,2645.98603691123,3845.10980728959,31708088.6757145,0.037709679093267,0.0144318645797548,0,0,1353290.02714352,3.435357456,20260619
1,orig_decrease,10000,0.5,0.05,0.45,1e-06,100,3,0.15,1500,1,0,879102,859885,19217,32950647,30968819,26111.7650467912,2625.50054931251,3916.76475701868,32302881.1277543,0.0196586692894291,0.0430775912944656,0,0,4002186.38326307,3.479983857,20365348
2,orig_decrease,10000,0.5,0.05,0.45,1e-06,100,3,0.15,1500,1,0,879102,861379,17723,32950647,31213804,25137.4863491507,2655.43179532201,3770.6229523726,29308867.243552,0.110522253370259,0.061028663999042,0,0,-5714810.26934366,3.470796357,20470077
3,orig_decrease,10000,0.5,0.05,0.45,1e-06,100,3,0.15,1500,1,0,879102,860615,18487,32950647,31152417,26550.1314843537,2644.24197198228,3982.51972265305,29936665.252721,0.0914695771308822,0.0390259204375369,0,0,-3647255.24183723,3.454192357,20574806
4,orig_decrease,10000,0.5,0.05,0.45,1e-06,100,3,0.15,1500,1,0,879102,859596,19506,32950647,30950341,25600.810848364,2651.54810630091,3840.1216272546,31660445.6774766,0.0391555687062342,0.0229433555344876,0,0,2130314.03242985,3.421221356,20679535
0,orig_increase,10000,0.5,0.05,0.45,1e-06,100,3,0.2,2000,0.25,0,879102,1370927,491825,32950647,59749501,25436.0289801019,2862.92496611211,3815.40434701528,60620811.9274781,0.839745724187999,0.014582731452069,0,0,2613932.7824349,7.901123129,20260619
1,orig_increase,10000,0.5,0.05,0.45,1e-06,100,3,0.2,2000,0.25,0,879102,1370105,491003,32950647,60218127,26755.3302922369,2863.01739743418,4013.29954383554,57447082.3844203,0.743428054217577,0.0460167852045572,0,0,-8313133.84673906,8.163385833,20365348
2,orig_increase,10000,0.5,0.05,0.45,1e-06,100,3,0.2,2000,0.25,0,879102,1371273,492171,32950647,60132510,25729.1497900699,2827.26578631751,3859.37246851048,59550014.4619661,0.807248715388385,0.0096868655247195,0,0,-1747486.61410094,8.702899943,20470077
3,orig_increase,10000,0.5,0.05,0.45,1e-06,100,3,0.2,2000,0.25,0,879102,1370695,491593,32950647,60054803,25760.9962854804,2841.05828827001,3864.14944282206,60798520.1085601,0.845138886303511,0.0123839738273743,0,0,2231151.32567987,9.536196356,20574806
4,orig_increase,10000,0.5,0.05,0.45,1e-06,100,3,0.2,2000,0.25,0,879102,1368805,489703,32950647,60551480,25367.1672321432,2821.04257596505,3805.07508482147,58962992.4627024,0.789433526531432,0.0262336698838351,0,0,-4765462.61189276,9.072993048,20679535
0,orig_decrease,10000,0.5,0.05,0.45,1e-06,100,3,0.2,2000,0.25,0,879102,871073,8029,32950647,32112906,25791.3693258685,2663.27480555481,3868.70539888027,30331045.1934405,0.0795007699411634,0.0554873734117829,0,0,-5345582.41967824,3.540542457,20260619
1,orig_decrease,10000,0.5,0.05,0.45,1e-06,100,3,0.2,2000,0.25,0,879102,870225,8877,32950647,31940616,25947.7746414353,2645.49461170056,3892.16619621529,30272162.1653076,0.0812877766768114,0.052236119512925,0,0,-5005361.50407776,3.403058756,20365348
2,orig_decrease,10000,0.5,0.05,0.45,1e-06,100,3,0.2,2000,0.25,0,879102,870905,8197,32950647,32101854,25557.3644528524,2655.95266119931,3833.60466792786,33147696.6456632,0.005980144962348,0.0325788861186384,0,0,3137527.93698974,3.623878159,20470077
3,orig_decrease,10000,0.5,0.05,0.45,1e-06,100,3,0.2,2000,0.25,0,879102,870789,8313,32950647,32120196,24854.8363730752,2655.86812539893,3728.22545596127,31233639.0939063,0.0521084731991349,0.0276012296467199,0,0,-2659670.71828074,3.439443856,20574806
4,orig_decrease,10000,0.5,0.05,0.45,1e-06,100,3,0.2,2000,0.25,0,879102,869603,9499,32950647,31901080,25855.105575891,2674.07812737582,3878.26583638365,31677400.3822361,0.038641020243513,0.00701166285792991,0,0,-671038.853291093,3.382612756,20679535
0,orig_increase,10000,0.5,0.05,0.45,1e-06,100,3,0.2,2000,0.5,0,879102,1862351,983249,32950647,212817922,26926.1089724436,3180.77789032016,4038.91634586654,213740275.603249,5.4866791721343,0.00433400342687991,0,0,2767060.80974921,15.969563461,20260619
1,orig_increase,10000,0.5,0.05,0.45,1e-06,100,3,0.2,2000,0.5,0,879102,1861506,982404,32950647,214259340,27259.868632171,3184.57345399326,4088.98029482564,211436040.441761,5.41674928087941,0.0131770197660397,0,0,-8469898.6747143,15.93640646,20365348
2,orig_increase,10000,0.5,0.05,0.45,1e-06,100,3,0.2,2000,0.5,0,879102,1862857,983755,32950647,213867372,26289.1497900699,3162.25445434437,3943.37246851048,213272198.332142,5.47247376757556,0.00278291009185673,0,0,-1785521.00357283,16.664416273,20470077
3,orig_increase,10000,0.5,0.05,0.45,1e-06,100,3,0.2,2000,0.5,0,879102,1862283,983181,32950647,213679740,26811.5338696192,3161.68741257276,4021.73008044288,214453786.012219,5.50833308408841,0.00362245860191783,0,0,2322138.0366577,16.838354575,20574806
4,orig_increase,10000,0.5,0.05,0.45,1e-06,100,3,0.2,2000,0.5,0,879102,1858460,979358,32950647,214230945,25469.415445777,3174.8416767238,3820.41231686655,212636054.697602,5.45316781481109,0.0074447242082527,0,0,-4784670.90719612,17.085910279,20679535
0,orig_decrease,10000,0.5,0.05,0.45,1e-06,100,3,0.2,2000,0.5,0,879102,863083,16019,32950647,31346323,25791.3693258685,2659.67929395143,3868.70539888027,29564462.1934406,0.102765351058491,0.0568443324775102,0,0,-5345582.41967824,3.426306256,20260619
1,orig_decrease,10000,0.5,0.05,0.45,1e-06,100,3,0.2,2000,0.5,0,879102,861317,17785,32950647,31012527,25947.7746414353,2645.07227771412,3892.16619621529,29344073.1653075,0.109453809349858,0.0537993512973797,0,0,-5005361.50407776,3.443630457,20365348
2,orig_decrease,10000,0.5,0.05,0.45,1e-06,100,3,0.2,2000,0.5,0,879102,862588,16514,32950647,31309070,25557.3644528524,2635.09916182985,3833.60466792786,32354912.6456632,0.0180795950482199,0.0334038234180433,0,0,3137527.93698974,3.365428755,20470077
3,orig_decrease,10000,0.5,0.05,0.45,1e-06,100,3,0.2,2000,0.5,0,879102,862434,16668,32950647,31326678,24854.8363730752,2648.59703508806,3728.22545596127,30440121.0939064,0.0761904889483242,0.0283003804646516,0,0,-2659670.71828074,3.460983756,20574806
4,orig_decrease,10000,0.5,0.05,0.45,1e-06,100,3,0.2,2000,0.5,0,879102,860334,18768,32950647,30948216,25855.105575891,2655.29797128334,3878.26583638365,30724536.3822361,0.0675589349660983,0.00722754480464599,0,0,-671038.853291093,3.408924355,20679535
0,orig_increase,10000,0.5,0.05,0.45,1e-06,100,3,0.2,2000,0.75,0,879102,2353978,1474876,32950647,611189219,29693.0549264178,3592.58084784845,4453.95823896267,612206354.310228,17.5794941844458,0.00166419052988562,0,0,3051405.93067892,25.361767115,20260619
1,orig_increase,10000,0.5,0.05,0.45,1e-06,100,3,0.2,2000,0.75,0,879102,2352459,1473357,32950647,613379803,29875.5643860581,3611.59700843799,4481.33465790871,610285596.315758,17.5212022184499,0.00504452000067223,0,0,-9282620.05273149,25.040700009,20365348
2,orig_increase,10000,0.5,0.05,0.45,1e-06,100,4,0.2,2000,0.75,0,879102,2352967,1473865,32950647,611472804,31886.4422560263,3595.63297017179,4782.96633840394,610741967.22124,17.5350523533344,0.00119520733216465,0,0,-2192510.33627479,26.352507732,20470077
3,orig_increase,10000,0.5,0.05,0.45,1e-06,100,3,0.2,2000,0.75,0,879102,2353455,1474353,32950647,612405861,29864.8672029526,3567.11084647152,4479.73008044288,613268056.407256,17.6117151632032,0.00140788235737751,0,0,2586586.22177111,25.70817082,20574806
4,orig_increase,10000,0.5,0.05,0.45,1e-06,100,4,0.2,2000,0.75,0,879102,2349567,1470465,32950647,613221804,31563.7641666658,3611.31483952159,4734.56462499987,611241757.86588,17.5502202086011,0.00322892323985307,0,0,-5940138.40235909,25.919356824,20679535
0,orig_decrease,10000,0.5,0.05,0.45,1e-06,100,3,0.2,2000,0.75,0,879102,855079,24023,32950647,30591837,25791.3693258685,2638.62668779907,3868.70539888027,28809976.1934406,0.125662807366404,0.0582462833650484,0,0,-5345582.41967824,3.393110156,20260619
1,orig_decrease,10000,0.5,0.05,0.45,1e-06,100,3,0.2,2000,0.75,0,879102,852754,26348,32950647,30186836,25947.7746414353,2643.80320079236,3892.16619621529,28518382.1653075,0.134512224743038,0.055270907977653,0,0,-5005361.50407776,3.535103558,20365348
2,orig_decrease,10000,0.5,0.05,0.45,1e-06,100,3,0.2,2000,0.75,0,879102,854403,24699,32950647,30575404,25557.3644528524,2627.78382783564,3833.60466792786,31621246.6456632,0.0403451972987609,0.0342053581912826,0,0,3137527.93698974,3.454788457,20470077
3,orig_decrease,10000,0.5,0.05,0.45,1e-06,100,3,0.2,2000,0.75,0,879102,854178,24924,32950647,30585487,24854.8363730752,2646.91476514329,3728.22545596127,29698930.0939063,0.0986844630423692,0.0289861955146784,0,0,-2659670.71828074,3.426797056,20574806
4,orig_decrease,10000,0.5,0.05,0.45,1e-06,100,3,0.2,2000,0.75,0,879102,851084,28018,32950647,30073659,25855.105575891,2646.67057711265,3878.26583638365,29849979.3822361,0.0941003561406202,0.00743772541159219,0,0,-671038.853291093,3.305708754,20679535
0,orig_increase,10000,0.5,0.05,0.45,1e-06,100,4,0.2,2000,1,0,879102,2845990,1966888,32950647,1374693987,33720.7783475323,4040.35383527878,5058.11675212985,1375847639.34908,40.7547989072591,0.000839206659803157,0,0,3460957.04725822,17.639816289,20260619
1,orig_increase,10000,0.5,0.05,0.45,1e-06,100,4,0.2,2000,1,0,879102,2842997,1963895,32950647,1375380995,33367.5102090408,4051.72438610737,5005.12653135611,1371922973.96503,40.6356915226893,0.0025142277285674,0,0,-10374063.1049157,17.832488092,20365348
2,orig_increase,10000,0.5,0.05,0.45,1e-06,100,4,0.2,2000,1,0,879102,2845222,1966120,32950647,1375383776,34333.108922693,4048.91276197231,5149.96633840394,1374596861.6579,40.7168397833858,0.000572141649355042,0,0,-2360743.02630066,17.374436185,20470077
3,orig_increase,10000,0.5,0.05,0.45,1e-06,100,4,0.2,2000,1,0,879102,2844887,1965785,32950647,1375436001,33900.9962854804,4013.36641773835,5085.14944282206,1376436628.06819,40.7726737829515,0.000727498093303282,0,0,3001881.20455678,17.803301991,20574806
4,orig_increase,10000,0.5,0.05,0.45,1e-06,100,4,0.2,2000,1,0,879102,2840857,1961755,32950647,1376314109,34177.0974999991,4067.75646357018,5126.56462499987,1374170124.2261,40.7038889775397,0.00155777286585915,0,0,-6431954.32170031,18.313194099,20679535
0,orig_decrease,10000,0.5,0.05,0.45,1e-06,100,3,0.2,2000,1,0,879102,846990,32112,32950647,29873010,25791.3693258685,2631.93477866729,3868.70539888027,28091149.1934406,0.147478069446083,0.059647849565858,0,0,-5345582.41967824,3.191680353,20260619
1,orig_decrease,10000,0.5,0.05,0.45,1e-06,100,3,0.2,2000,1,0,879102,843997,35105,32950647,29373992,25947.7746414353,2637.47340179876,3892.16619621529,27705538.1653075,0.159180754013495,0.0568003775139758,0,0,-5005361.50407776,3.377140955,20365348
2,orig_decrease,10000,0.5,0.05,0.45,1e-06,100,3,0.2,2000,1,0,879102,846222,32880,32950647,29854649,25557.3644528524,2627.31293624807,3833.60466792786,30900491.6456632,0.0622189711278454,0.0350311486048011,0,0,3137527.93698974,3.404560355,20470077
3,orig_decrease,10000,0.5,0.05,0.45,1e-06,100,3,0.2,2000,1,0,879102,845887,33215,32950647,29866351,24854.8363730752,2642.37925658263,3728.22545596127,28979794.0939064,0.12050910278313,0.0296841387183065,0,0,-2659670.71828074,3.414588756,20574806
4,orig_decrease,10000,0.5,0.05,0.45,1e-06,100,3,0.2,2000,1,0,879102,841857,37245,32950647,29218083,25855.105575891,2630.85485717018,3878.26583638365,28994403.3822361,0.120065733997996,0.00765551996562739,0,0,-671038.853291093,3.325567755,20679535
0,orig_increase,10000,1,0.1,0.9,1e-06,100,4,0.05,500,0.25,0,879102,909995,30893,32950647,33525686,10253.7537367598,1923.91111749053,3076.12612102794,32918465.3246333,0.000976662927642459,0.0181121029221217,0,0,-1821662.02610017,3.765597062,20260619
1,orig_increase,10000,1,0.1,0.9,1e-06,100,4,0.05,500,0.25,0,879102,910012,30910,32950647,33533549,10214.9580356415,1932.30871917721,3064.48741069245,33959726.8599076,0.0306239771227431,0.0127089995725648,0,0,1278533.57972301,3.794261062,20365348
2,orig_increase,10000,1,0.1,0.9,1e-06,100,4,0.05,500,0.25,0,879102,909581,30479,32950647,33506751,10235.9245241916,1912.78100000731,3070.77735725748,32214162.4045125,0.0223511421638409,0.03857696007254,0,0,-3877765.78646261,3.835436362,20470077
3,orig_increase,10000,1,0.1,0.9,1e-06,100,4,0.05,500,0.25,0,879102,909741,30639,32950647,33540775,10248.6779227993,1934.76576177634,3074.60337683978,33083850.1160517,0.00404250381037187,0.0136229673866594,0,0,-1370774.65184415,3.741294061,20574806
4,orig_increase,10000,1,0.1,0.9,1e-06,100,4,0.05,500,0.25,0,879102,909636,30534,32950647,33598741,10384.9248536859,1919.29900723126,3115.47745610578,34290290.8530138,0.0406560712757422,0.0205826120988825,0,0,2074649.55904127,3.777922262,20679535
0,orig_decrease,10000,1,0.1,0.9,1e-06,100,4,0.05,500,0.25,0,879102,878618,484,32950647,32900453,10253.8104833366,1911.49664985257,3076.14314500098,32710396.4192791,0.00729122498629378,0.00577671622700594,0,0,-570169.74216254,3.522516658,20260619
1,orig_decrease,10000,1,0.1,0.9,1e-06,100,4,0.05,500,0.25,0,879102,878590,512,32950647,32892764,10374.0767478533,1920.00263143723,3112.22302435598,32083549.153134,0.0263150476792155,0.024601606811334,0,0,-2427644.54059808,3.597865558,20365348
2,orig_decrease,10000,1,0.1,0.9,1e-06,100,4,0.05,500,0.25,0,879102,878599,503,32950647,32894030,10233.7458147794,1926.40875175275,3070.12374443382,32866331.0581114,0.00255885542668045,0.000842065927725547,0,0,-83096.8256657938,3.575373059,20470077
3,orig_decrease,10000,1,0.1,0.9,1e-06,100,4,0.05,500,0.25,0,879102,878578,524,32950647,32886830,10431.2461904407,1921.36845031597,3129.37385713221,32882788.8064053,0.00205938880637834,0.000122881822137431,0,0,-12123.5807840368,3.510114858,20574806
4,orig_decrease,10000,1,0.1,0.9,1e-06,100,4,0.05,500,0.25,0,879102,878419,683,32950647,32867554,10223.2934404682,1916.86683034153,3066.98803214046,32332908.4951733,0.0187473861993262,0.016266665442359,0,0,-1603936.51447958,4.085263967,20679535
0,orig_increase,10000,1,0.1,0.9,1e-06,100,4,0.05,500,0.5,0,879102,940613,61511,32950647,36082876,10253.7537367598,1925.39421991277,3076.12612102794,35475655.3246333,0.0766300074360697,0.0168284999057917,0,0,-1821662.02610017,4.064802966,20260619
1,orig_increase,10000,1,0.1,0.9,1e-06,100,4,0.05,500,0.5,0,879102,940842,61740,32950647,36127723,10214.9580356415,1934.07522614155,3064.48741069245,36553900.8599076,0.109353053368197,0.0117964218200966,0,0,1278533.57972301,3.869779463,20365348
2,orig_increase,10000,1,0.1,0.9,1e-06,100,4,0.05,500,0.5,0,879102,940465,61363,32950647,36044986,10235.9245241916,1927.7305045644,3070.77735725748,34752397.4045125,0.0546802739415852,0.035860427175295,0,0,-3877765.78646261,4.039003566,20470077
3,orig_increase,10000,1,0.1,0.9,1e-06,100,4,0.05,500,0.5,0,879102,940329,61227,32950647,36084783,10248.6779227993,1939.9647275232,3074.60337683978,35627858.1160516,0.0812491213314151,0.0126625365586477,0,0,-1370774.65184415,4.009161765,20574806
4,orig_increase,10000,1,0.1,0.9,1e-06,100,4,0.05,500,0.5,0,879102,939885,60783,32950647,36191443,10384.9248536859,1934.24344304313,3115.47745610578,36882992.8530138,0.11934047465028,0.0191081038966541,0,0,2074649.55904127,4.004382666,20679535
0,orig_decrease,10000,1,0.1,0.9,1e-06,100,4,0.05,500,0.5,0,879102,878088,1014,32950647,32846258,10253.8104833366,1911.49664985257,3076.14314500098,32656201.4192791,0.00893595748577972,0.00578624757562749,0,0,-570169.74216254,3.334816055,20260619
1,orig_decrease,10000,1,0.1,0.9,1e-06,100,4,0.05,500,0.5,0,879102,878029,1073,32950647,32827447,10374.0767478533,1920.00263143723,3112.22302435598,32018232.153134,0.0282973152808198,0.0246505567998023,0,0,-2427644.54059808,3.599017259,20365348
2,orig_decrease,10000,1,0.1,0.9,1e-06,100,4,0.05,500,0.5,0,879102,878084,1018,32950647,32837347,10233.7458147794,1926.40875175275,3070.12374443382,32809648.0581114,0.00427909478950704,0.000843519480687209,0,0,-83096.8256657938,3.640621359,20470077
3,orig_decrease,10000,1,0.1,0.9,1e-06,100,4,0.05,500,0.5,0,879102,877998,1104,32950647,32813714,10431.2461904407,1919.44923788801,3129.37385713221,32809672.8064053,0.0042783437179462,0.000123155629219928,0,0,-12123.5807840368,3.466748856,20574806
4,orig_decrease,10000,1,0.1,0.9,1e-06,100,4,0.05,500,0.5,0,879102,877752,1350,32950647,32782700,10223.2934404682,1916.86683034153,3066.98803214046,32248054.4951733,0.021322570838341,0.0163087697116671,0,0,-1603936.51447958,3.452075057,20679535
0,orig_increase,10000,1,0.1,0.9,1e-06,100,4,0.05,500,0.75,0,879102,971186,92084,32950647,42441237,10253.7537367598,1944.50767259174,3076.12612102794,41834016.3246334,0.269596203213653,0.0143073274552917,0,0,-1821662.02610017,4.29444017,20260619
1,orig_increase,10000,1,0.1,0.9,1e-06,100,4,0.05,500,0.75,0,879102,971181,92079,32950647,42452492,10214.9580356415,1948.4992504082,3064.48741069245,42878669.8599076,0.301299785097014,0.0100389362279972,0,0,1278533.57972301,4.324999271,20365348
2,orig_increase,10000,1,0.1,0.9,1e-06,100,4,0.05,500,0.75,0,879102,971006,91904,32950647,42352629,10375.8396791293,1933.66109992237,3112.75190373878,41042371.9727865,0.245571049721316,0.030936852284033,0,0,-3930771.08164065,4.361019572,20470077
3,orig_increase,10000,1,0.1,0.9,1e-06,100,4,0.05,500,0.75,0,879102,971175,92073,32950647,42498571,10248.6779227993,1949.78238032943,3074.60337683978,42041646.1160518,0.275897438859145,0.0107515352445197,0,0,-1370774.65184415,4.352666371,20574806
4,orig_increase,10000,1,0.1,0.9,1e-06,100,4,0.05,500,0.75,0,879102,970411,91309,32950647,42582907,10384.9248536859,1953.83585741187,3115.47745610578,43274456.8530138,0.313311294100349,0.0162400808618765,0,0,2074649.55904127,4.31090217,20679535
0,orig_decrease,10000,1,0.1,0.9,1e-06,100,4,0.05,500,0.75,0,879102,877569,1533,32950647,32789174,10253.8104833366,1910.92657038281,3076.14314500098,32599117.4192791,0.0106683665641204,0.00579632108820231,0,0,-570169.74216254,3.547015258,20260619
1,orig_decrease,10000,1,0.1,0.9,1e-06,100,4,0.05,500,0.75,0,879102,877521,1581,32950647,32767751,10374.0767478533,1920.00263143723,3112.22302435598,31958536.153134,0.0301089944263007,0.0246954649669427,0,0,-2427644.54059808,3.583517159,20365348
2,orig_decrease,10000,1,0.1,0.9,1e-06,100,4,0.05,500,0.75,0,879102,877599,1503,32950647,32782723,10233.7458147794,1926.40875175275,3070.12374443382,32755024.0581114,0.00593684676020442,0.000844924989562015,0,0,-83096.8256657938,3.577729958,20470077
3,orig_decrease,10000,1,0.1,0.9,1e-06,100,4,0.05,500,0.75,0,879102,877496,1606,32950647,32752524,10431.2461904407,1919.44923788801,3129.37385713221,32748482.8064053,0.00613536339953276,0.000123385715089437,0,0,-12123.5807840368,3.528024658,20574806
4,orig_decrease,10000,1,0.1,0.9,1e-06,100,4,0.05,500,0.75,0,879102,877073,2029,32950647,32702073,10223.2934404682,1916.86683034153,3066.98803214046,32167427.4951733,0.0237694727155636,0.01634897900285,0,0,-1603936.51447958,3.553364059,20679535
0,orig_increase,10000,1,0.1,0.9,1e-06,100,4,0.05,500,1,0,879102,1001776,122674,32950647,54437156,10253.7537367598,1954.50895874247,3076.12612102794,53829935.3246334,0.633653364215683,0.0111545260624306,0,0,-1821662.02610017,4.154057968,20260619
1,orig_increase,10000,1,0.1,0.9,1e-06,100,4,0.05,500,1,0,879102,1001744,122642,32950647,54445337,10519.0791795878,1955.37464334792,3155.72375387633,54884203.0861173,0.665648722652314,0.00806067351768417,0,0,1316598.25835238,4.078558966,20365348
2,orig_increase,10000,1,0.1,0.9,1e-06,100,4,0.05,500,1,0,879102,1001800,122698,32950647,54401887,10647.6127288081,1939.06224690954,3194.28381864244,53057310.5770404,0.610205425618512,0.024715621040124,0,0,-4033729.26887978,4.023162466,20470077
3,orig_increase,10000,1,0.1,0.9,1e-06,100,4,0.05,500,1,0,879102,1001672,122570,32950647,54480350,10248.6779227993,1956.68165968365,3074.60337683978,54023425.1160518,0.639525473234313,0.00838696674944635,0,0,-1370774.65184415,4.130037267,20574806
4,orig_increase,10000,1,0.1,0.9,1e-06,100,4,0.05,500,1,0,879102,1001155,122053,32950647,54683464,10384.9248536859,1958.44647256955,3115.47745610578,55375013.8530136,0.680544052837978,0.012646416346513,0,0,2074649.55904127,4.019558966,20679535
0,orig_decrease,10000,1,0.1,0.9,1e-06,100,4,0.05,500,1,0,879102,877026,2076,32950647,32728286,10253.8104833366,1910.92657038281,3076.14314500098,32538229.4192791,0.0125162210235491,0.00580710461650653,0,0,-570169.74216254,3.484073157,20260619
1,orig_decrease,10000,1,0.1,0.9,1e-06,100,4,0.05,500,1,0,879102,876994,2108,32950647,32707940,10374.0767478533,1920.00263143723,3112.22302435598,31898725.153134,0.0319241636398217,0.0247406240462102,0,0,-2427644.54059808,3.540928958,20365348
2,orig_decrease,10000,1,0.1,0.9,1e-06,100,4,0.05,500,1,0,879102,877050,2052,32950647,32725034,10233.7458147794,1926.40875175275,3070.12374443382,32697335.0581114,0.00768761663127846,0.000846414457157957,0,0,-83096.8256657938,3.539917557,20470077
3,orig_decrease,10000,1,0.1,0.9,1e-06,100,4,0.05,500,1,0,879102,876922,2180,32950647,32683795,10431.2461904407,1916.50071556981,3129.37385713221,32679753.8064053,0.00822117980247016,0.000123645176293755,0,0,-12123.5807840368,3.435843356,20574806
4,orig_decrease,10000,1,0.1,0.9,1e-06,100,4,0.05,500,1,0,879102,876405,2697,32950647,32625066,10223.2934404682,1916.86683034153,3066.98803214046,32090420.4951733,0.026106513320563,0.0163875685286481,0,0,-1603936.51447958,3.436635756,20679535
0,orig_increase,10000,1,0.1,0.9,1e-06,100,4,0.1,1000,0.25,0,879102,1002417,123315,32950647,36579165,10377.5590667791,1934.77759191996,3113.26772003373,36297895.0996398,0.101583683611426,0.00768934721063806,0,0,-843809.701080483,4.314317171,20260619
1,orig_increase,10000,1,0.1,0.9,1e-06,100,4,0.1,1000,0.25,0,879102,1001999,122897,32950647,36796122,10254.5596058164,1949.65904899434,3076.36788174493,36371672.5673071,0.103822713020085,0.0115351675563223,0,0,-1273348.29807852,4.395338072,20365348
2,orig_increase,10000,1,0.1,0.9,1e-06,100,4,0.1,1000,0.25,0,879102,1002350,123248,32950647,36694169,10333.1637432181,1949.46438363928,3099.94912296542,36757236.3827639,0.115523964757473,0.00171873037277243,0,0,189202.148291515,4.459610273,20470077
3,orig_increase,10000,1,0.1,0.9,1e-06,100,4,0.1,1000,0.25,0,879102,1001556,122454,32950647,36772166,10369.3983541967,1954.51723788374,3110.81950625902,36758521.1436779,0.115562955218389,0.000371064797272819,0,0,-40934.5689657535,4.348786271,20574806
4,orig_increase,10000,1,0.1,0.9,1e-06,100,4,0.1,1000,0.25,0,879102,1000866,121764,32950647,36931997,10183.3986503319,1937.29511343523,3055.01959509958,35819796.3673214,0.0870741435614734,0.0301148251657924,0,0,-3336601.89803519,4.397548272,20679535
0,orig_decrease,10000,1,0.1,0.9,1e-06,100,4,0.1,1000,0.25,0,879102,877359,1743,32950647,32771422,10350.2912236195,1895.43412227755,3105.08736708586,32996982.2012013,0.00140620004218141,0.00688283227994515,0,0,676680.603604372,3.444553456,20260619
1,orig_decrease,10000,1,0.1,0.9,1e-06,100,4,0.1,1000,0.25,0,879102,876915,2187,32950647,32699336,10175.0334748751,1920.67623475571,3052.51004246254,32740941.3267628,0.00636423537410832,0.0012723599880696,0,0,124815.980288529,3.503725557,20365348
2,orig_decrease,10000,1,0.1,0.9,1e-06,100,4,0.1,1000,0.25,0,879102,877111,1991,32950647,32743825,10275.6204551265,1906.30748094844,3082.68613653794,32728290.8650267,0.00674815687149652,0.000474414182622409,0,0,-46602.4049196284,3.785002063,20470077
3,orig_decrease,10000,1,0.1,0.9,1e-06,100,4,0.1,1000,0.25,0,879102,876934,2168,32950647,32706723,10709.0220759604,1915.40542764985,3212.70662278811,32946562.2824706,0.000123964713938233,0.0073330269886887,0,0,719517.847411292,3.70243866,20574806
4,orig_decrease,10000,1,0.1,0.9,1e-06,100,4,0.1,1000,0.25,0,879102,876609,2493,32950647,32651759,10283.3520356862,1923.84540301291,3085.00561070586,32115220.6304226,0.0253538684559798,0.0164321428924373,0,0,-1609615.10873221,3.66752346,20679535
0,orig_increase,10000,1,0.1,0.9,1e-06,100,4,0.1,1000,0.5,0,879102,1125193,246091,32950647,55898691,10377.5590667791,2005.28919122681,3113.26772003373,55617421.0996393,0.68790072922208,0.00503177973095383,0,0,-843809.701080483,5.51938029,20260619
1,orig_increase,10000,1,0.1,0.9,1e-06,100,4,0.1,1000,0.5,0,879102,1124893,245791,32950647,56505161,10568.6329202385,2020.06181887261,3170.58987607155,56067711.668213,0.701566335502093,0.00774175887733455,0,0,-1312347.99536093,5.500010789,20365348
2,orig_increase,10000,1,0.1,0.9,1e-06,100,4,0.1,1000,0.5,0,879102,1125234,246132,32950647,56256745,10712.4081177646,2008.95228654349,3213.72243532938,56322127.0610877,0.709287440124853,0.00116220839097002,0,0,196146.183262301,5.442912589,20470077
3,orig_increase,10000,1,0.1,0.9,1e-06,100,4,0.1,1000,0.5,0,879102,1124387,245285,32950647,56388135,10369.3983541967,1999.19080250064,3110.81950625902,56374490.1436779,0.710876576829521,0.000241980982738432,0,0,-40934.5689657535,5.620836192,20574806
4,orig_increase,10000,1,0.1,0.9,1e-06,100,4,0.1,1000,0.5,0,879102,1123127,244025,32950647,56621114,10183.3986503319,2009.98340793703,3055.01959509958,55508913.3673217,0.684607691233549,0.01964286030611,0,0,-3336601.89803519,5.657046693,20679535
0,orig_decrease,10000,1,0.1,0.9,1e-06,100,4,0.1,1000,0.5,0,879102,875583,3519,32950647,32593824,10350.2912236195,1890.80857276619,3105.08736708586,32819384.2012013,0.00398361825182659,0.00692033561945063,0,0,676680.603604372,3.64070826,20260619
1,orig_decrease,10000,1,0.1,0.9,1e-06,100,4,0.1,1000,0.5,0,879102,874664,4438,32950647,32455100,10175.0334748751,1920.27121727541,3052.51004246254,32496705.3267628,0.0137764115295568,0.0012819349428239,0,0,124815.980288529,3.538170858,20365348
2,orig_decrease,10000,1,0.1,0.9,1e-06,100,4,0.1,1000,0.5,0,879102,875162,3940,32950647,32546899,10275.6204551265,1906.30748094844,3082.68613653794,32531364.8650267,0.012724549383607,0.000477284640029838,0,0,-46602.4049196284,3.547371858,20470077
3,orig_decrease,10000,1,0.1,0.9,1e-06,100,4,0.1,1000,0.5,0,879102,874786,4316,32950647,32465210,10709.0220759604,1915.40542764985,3212.70662278811,32705049.2824706,0.00745350212787767,0.00738757834834748,0,0,719517.847411292,3.607524259,20574806
4,orig_decrease,10000,1,0.1,0.9,1e-06,100,4,0.1,1000,0.5,0,879102,874194,4908,32950647,32377264,10283.3520356862,1922.45934659994,3085.00561070586,31840725.6304225,0.0336843573838613,0.0165714548819646,0,0,-1609615.10873221,3.594023959,20679535
0,orig_increase,10000,1,0.1,0.9,1e-06,100,4,0.1,1000,0.75,0,879102,1247978,368876,32950647,105776231,10573.6676714036,2103.87033567319,3172.10030142109,105489645.837416,2.20144383924893,0.00270935313041966,0,0,-859755.487751764,6.989421814,20260619
1,orig_increase,10000,1,0.1,0.9,1e-06,100,4,0.1,1000,0.75,0,879102,1247116,368014,32950647,106543746,10675.2995869052,2112.9261565584,3202.58987607155,106101881.597465,2.22002422585101,0.004147257996121,0,0,-1325593.20760628,6.850021012,20365348
2,orig_increase,10000,1,0.1,0.9,1e-06,100,5,0.1,1000,0.75,0,879102,1248285,369183,32950647,106555834,11432.4081177646,2075.12299340761,3429.72243532938,106629535.617063,2.2360376904606,0.000691671345396101,0,0,221104.851188481,6.860040312,20470077
3,orig_increase,10000,1,0.1,0.9,1e-06,100,4,0.1,1000,0.75,0,879102,1247018,367916,32950647,106530517,10999.3211664567,2097.53046781266,3299.79634993701,106516043.242523,2.23259337646764,0.000135864894719724,0,0,-43421.2724292285,6.951670114,20574806
4,orig_increase,10000,1,0.1,0.9,1e-06,100,5,0.1,1000,0.75,0,879102,1245967,366865,32950647,106958566,10481.2473342045,2127.00063357416,3144.37420026134,105811189.595244,2.21120218353356,0.0107272979403673,0,0,-3442129.21426894,7.061287915,20679535
0,orig_decrease,10000,1,0.1,0.9,1e-06,100,4,0.1,1000,0.75,0,879102,873788,5314,32950647,32432593,10350.2912236195,1890.80857276619,3105.08736708586,32658153.2012013,0.00887672399266379,0.00695473843862268,0,0,676680.603604372,3.560391659,20260619
1,orig_decrease,10000,1,0.1,0.9,1e-06,100,4,0.1,1000,0.75,0,879102,872605,6497,32950647,32239150,10175.0334748751,1914.24012240012,3052.51004246254,32280755.3267629,0.0203301523407763,0.00129052182712184,0,0,124815.980288529,3.543948058,20365348
2,orig_decrease,10000,1,0.1,0.9,1e-06,100,4,0.1,1000,0.75,0,879102,873259,5843,32950647,32355846,10275.6204551265,1906.30748094844,3082.68613653794,32340311.8650267,0.0185227056383232,0.000480102883828127,0,0,-46602.4049196284,3.69588126,20470077
3,orig_decrease,10000,1,0.1,0.9,1e-06,100,4,0.1,1000,0.75,0,879102,872681,6421,32950647,32248969,10709.0220759604,1915.40542764985,3212.70662278811,32488808.2824705,0.0140160743286606,0.00743711473289403,0,0,719517.847411292,3.641293059,20574806
4,orig_decrease,10000,1,0.1,0.9,1e-06,100,4,0.1,1000,0.75,0,879102,871740,7362,32950647,32105623,10283.3520356862,1922.45934659994,3085.00561070586,31569084.6304225,0.0419282319275087,0.016711663548079,0,0,-1609615.10873221,3.68580136,20679535
0,orig_increase,10000,1,0.1,0.9,1e-06,100,5,0.1,1000,1,0,879102,1371452,492350,32950647,201709934,11864.4488334739,2250.01449567291,3559.33465004216,201396764.762406,5.11207314874289,0.00155257220794275,0,0,-939507.712784802,6.0922279,20260619
1,orig_increase,10000,1,0.1,0.9,1e-06,100,5,0.1,1000,1,0,879102,1369972,490870,32950647,202241336,12007.6251507012,2271.66788568092,3602.28754521037,201739485.827848,5.12247419080566,0.00248144213283838,0,0,-1505550.51645701,6.028930998,20365348
2,orig_increase,10000,1,0.1,0.9,1e-06,100,5,0.1,1000,1,0,879102,1370766,491664,32950647,201984391,12082.4081177646,2215.598308245,3624.72243532938,202062282.989782,5.13227057392172,0.000385633708607044,0,0,233675.969345921,7.153346917,20470077
3,orig_increase,10000,1,0.1,0.9,1e-06,100,5,0.1,1000,1,0,879102,1370021,490919,32950647,202310087,11655.9878331234,2250.07783426507,3496.79634993701,202284538.064847,5.1390156637849,0.00012628601733119,0,0,-76646.8054611628,7.172452017,20574806
4,orig_increase,10000,1,0.1,0.9,1e-06,100,5,0.1,1000,1,0,879102,1368801,489699,32950647,202776281,11132.8555484997,2275.89299508774,3339.8566645499,201557573.40093,5.11695343648124,0.00601010923496321,0,0,-3656122.79720476,7.419782221,20679535
0,orig_decrease,10000,1,0.1,0.9,1e-06,100,4,0.1,1000,1,0,879102,871952,7150,32950647,32259215,10350.2912236195,1890.80857276619,3105.08736708586,32484775.2012013,0.0141384719638038,0.00699211686339252,0,0,676680.603604372,3.511578758,20260619
1,orig_decrease,10000,1,0.1,0.9,1e-06,100,4,0.1,1000,1,0,879102,870472,8630,32950647,32018428,10175.0334748751,1914.24012240012,3052.51004246254,32060033.3267629,0.0270287158014574,0.00129941815890696,0,0,124815.980288529,3.352940954,20365348
2,orig_decrease,10000,1,0.1,0.9,1e-06,100,4,0.1,1000,1,0,879102,871266,7836,32950647,32158066,10275.6204551265,1906.30748094844,3082.68613653794,32142531.8650267,0.0245250156991846,0.000483055634418168,0,0,-46602.4049196284,3.607890359,20470077
3,orig_decrease,10000,1,0.1,0.9,1e-06,100,4,0.1,1000,1,0,879102,870521,8581,32950647,32019635,10709.0220759604,1913.36508779329,3212.70662278811,32259474.2824705,0.0209759983629294,0.00749038152591482,0,0,719517.847411292,3.781904662,20574806
4,orig_decrease,10000,1,0.1,0.9,1e-06,100,4,0.1,1000,1,0,879102,869301,9801,32950647,31845771,10283.3520356862,1914.82397724584,3085.00561070586,31309232.6304226,0.0498143289744037,0.0168480257418622,0,0,-1609615.10873221,3.527188158,20679535
0,orig_increase,10000,1,0.1,0.9,1e-06,100,4,0.15,1500,0.25,0,879102,1155617,276515,32950647,44556079,10613.312089495,2011.93434672064,3183.99362684851,44213906.2625656,0.341822097228185,0.00767959715293607,0,0,-1026518.21230297,5.550849191,20260619
1,orig_increase,10000,1,0.1,0.9,1e-06,100,4,0.15,1500,0.25,0,879102,1155496,276394,32950647,44898559,10391.0680832067,1988.14642520934,3117.320424962,44840408.0327467,0.360835434665263,0.00129516333148575,0,0,-174452.901759775,5.541675091,20365348
2,orig_increase,10000,1,0.1,0.9,1e-06,100,4,0.15,1500,0.25,0,879102,1156287,277185,32950647,44754533,10442.9988551255,1981.08494497156,3132.89965653764,45130695.054518,0.369645186466838,0.00840500457278734,0,0,1128486.16355374,5.792723595,20470077
3,orig_increase,10000,1,0.1,0.9,1e-06,100,4,0.15,1500,0.25,0,879102,1155537,276435,32950647,44876239,10353.2896143974,1996.63169067849,3105.98688431923,44816251.5920321,0.360102324911317,0.00133672984422498,0,0,-179962.223903968,5.940405597,20574806
4,orig_increase,10000,1,0.1,0.9,1e-06,100,4,0.15,1500,0.25,0,879102,1154392,275290,32950647,44918768,10200.677406415,2017.07537837136,3060.2032219245,45729254.1068979,0.387810506631263,0.018043373471372,0,0,2431458.32069387,6.358175304,20679535
0,orig_decrease,10000,1,0.1,0.9,1e-06,100,4,0.15,1500,0.25,0,879102,874732,4370,32950647,32499258,10246.849678816,1910.72684965479,3074.0549036448,32677623.842997,0.00828582082175672,0.00548830508675134,0,0,535097.52899109,3.611658059,20260619
1,orig_decrease,10000,1,0.1,0.9,1e-06,100,4,0.15,1500,0.25,0,879102,874215,4887,32950647,32402915,10369.7490500697,1900.74947671997,3110.92471502091,32922506.7348094,0.000854012523353189,0.0160353392529471,0,0,1558775.20442814,3.644216259,20365348
2,orig_decrease,10000,1,0.1,0.9,1e-06,100,4,0.15,1500,0.25,0,879102,874644,4458,32950647,32483688,10177.704920621,1903.34133956111,3053.3114761863,31725768.0257283,0.037173138793653,0.023332325266505,0,0,-2273759.92281521,3.595403759,20470077
3,orig_decrease,10000,1,0.1,0.9,1e-06,100,4,0.15,1500,0.25,0,879102,874489,4613,32950647,32474443,10530.8662044218,1927.00995938244,3159.25986132653,31996084.1535106,0.0289694720255245,0.0147303172063469,0,0,-1435076.53946835,3.535625358,20574806
4,orig_decrease,10000,1,0.1,0.9,1e-06,100,4,0.15,1500,0.25,0,879102,874097,5005,32950647,32409100,10238.5360454243,1925.37460000375,3071.5608136273,32691530.6339604,0.00786377172016032,0.00871454727099533,0,0,847291.901880849,3.499509757,20679535
0,orig_increase,10000,1,0.1,0.9,1e-06,100,4,0.15,1500,0.5,0,879102,1432203,553101,32950647,109376047,11106.933432635,2194.70167448493,3332.0800297905,109017959.931129,2.3085225892872,0.0032739075756823,0,0,-1074261.20661445,9.492188555,20260619
1,orig_increase,10000,1,0.1,0.9,1e-06,100,4,0.15,1500,0.5,0,879102,1431886,552784,32950647,110260358,11197.8733505259,2202.06154640614,3359.36200515778,110197691.952458,2.34432558949323,0.000568346128004931,0,0,-187998.142625469,9.78573266,20365348
2,orig_increase,10000,1,0.1,0.9,1e-06,100,5,0.15,1500,0.5,0,879102,1432645,553543,32950647,109822602,11482.1185844131,2117.9877199632,3444.63557532394,110248187.86548,2.34585806055582,0.0038752120030775,0,0,1276757.59643662,9.686079659,20470077
3,orig_increase,10000,1,0.1,0.9,1e-06,100,4,0.15,1500,0.5,0,879102,1432196,553094,32950647,110185165,10607.2578008823,2158.29771685567,3182.17734026468,110123706.089371,2.34208023561331,0.000557778450746068,0,0,-184376.731885769,9.918203262,20574806
4,orig_increase,10000,1,0.1,0.9,1e-06,100,4,0.15,1500,0.5,0,879102,1430219,551117,32950647,109951886,10578.7807406705,2179.644824605,3173.63422220115,110792413.984233,2.36237446215345,0.00764450720047926,0,0,2521583.95270134,9.614743257,20679535
0,orig_decrease,10000,1,0.1,0.9,1e-06,100,4,0.15,1500,0.5,0,879102,870444,8658,32950647,32080403,10246.849678816,1906.4531939248,3074.0549036448,32258768.842997,0.020997407334762,0.00555996266621239,0,0,535097.52899109,3.572067658,20260619
1,orig_decrease,10000,1,0.1,0.9,1e-06,100,4,0.15,1500,0.5,0,879102,869243,9859,32950647,31884320,10369.7490500697,1897.94297361914,3110.92471502091,32403911.7348094,0.0165925502218692,0.016296152303371,0,0,1558775.20442814,3.453876557,20365348
2,orig_decrease,10000,1,0.1,0.9,1e-06,100,4,0.15,1500,0.5,0,879102,870216,8886,32950647,32047204,10177.704920621,1903.34133956111,3053.3114761863,31289284.0257284,0.0504197375630177,0.0236501123240466,0,0,-2273759.92281521,3.599462859,20470077
3,orig_decrease,10000,1,0.1,0.9,1e-06,100,4,0.15,1500,0.5,0,879102,869847,9255,32950647,32018231,10530.8662044218,1922.3879657336,3159.25986132653,31539872.1535106,0.0428147843800897,0.0149402022394506,0,0,-1435076.53946835,3.67775226,20574806
4,orig_decrease,10000,1,0.1,0.9,1e-06,100,4,0.15,1500,0.5,0,879102,869257,9845,32950647,31918612,10238.5360454243,1919.67912340753,3071.5608136273,32201042.6339604,0.0227493064412236,0.00884846226898634,0,0,847291.901880849,3.592985558,20679535
0,orig_increase,10000,1,0.1,0.9,1e-06,100,5,0.15,1500,0.75,0,879102,1708558,829456,32950647,277432329,12166.933432635,2456.23395432279,3650.0800297905,277039424.208123,7.40770817665957,0.00141621848215451,0,0,-1178714.37562842,14.510830637,20260619
1,orig_increase,10000,1,0.1,0.9,1e-06,100,5,0.15,1500,0.75,0,879102,1707844,828742,32950647,278801190,12371.0680832067,2473.86083243327,3711.320424962,278724254.0613,7.45884009686669,0.000275952691234358,0,0,-230807.816098205,14.038950729,20365348
2,orig_increase,10000,1,0.1,0.9,1e-06,100,5,0.15,1500,0.75,0,879102,1709190,830088,32950647,278452832,12449.6655217921,2398.82623424165,3734.89965653764,278914280.088788,7.46460708613061,0.00165718583457772,0,0,1384344.26636394,13.594426422,20470077
3,orig_increase,10000,1,0.1,0.9,1e-06,100,5,0.15,1500,0.75,0,879102,1708439,829337,32950647,278786020,11903.180280017,2441.28018433071,3570.95408400511,278726044.198966,7.45889442471239,0.000215132025034092,0,0,-179927.403102861,13.554249622,20574806
4,orig_increase,10000,1,0.1,0.9,1e-06,100,5,0.15,1500,0.75,0,879102,1707080,827978,32950647,278730722,11998.4759258381,2439.27590744739,3599.54277775144,279700629.927639,7.48847155953081,0.00347973097719406,0,0,2909723.78291555,13.862041227,20679535
0,orig_decrease,10000,1,0.1,0.9,1e-06,100,4,0.15,1500,0.75,0,879102,866071,13031,32950647,31670832,10246.849678816,1901.33599366909,3074.0549036448,31849197.842997,0.0334272391374578,0.00563186477062062,0,0,535097.52899109,3.402639656,20260619
1,orig_decrease,10000,1,0.1,0.9,1e-06,100,4,0.15,1500,0.75,0,879102,864640,14462,32950647,31428900,10369.7490500697,1893.34568295833,3110.92471502091,31948491.7348094,0.0304138266295828,0.0165322914517981,0,0,1558775.20442814,3.417669456,20365348
2,orig_decrease,10000,1,0.1,0.9,1e-06,100,4,0.15,1500,0.75,0,879102,865832,13270,32950647,31631246,10177.704920621,1903.34133956111,3053.3114761863,30873326.0257284,0.0630434047098267,0.0239611166209398,0,0,-2273759.92281521,3.489402457,20470077
3,orig_decrease,10000,1,0.1,0.9,1e-06,100,4,0.15,1500,0.75,0,879102,865251,13851,32950647,31586936,10530.8662044218,1901.41772378795,3159.25986132653,31108577.1535105,0.0559039052097963,0.0151441990603159,0,0,-1435076.53946835,3.455815057,20574806
4,orig_decrease,10000,1,0.1,0.9,1e-06,100,4,0.15,1500,0.75,0,879102,864411,14691,32950647,31432782,10238.5360454243,1918.69728263992,3071.5608136273,31715212.6339604,0.0374934782324484,0.00898522548721291,0,0,847291.901880849,3.523430458,20679535
0,orig_increase,10000,1,0.1,0.9,1e-06,100,5,0.15,1500,1,0,879102,1985881,1106779,32950647,600272344,13183.6000993017,2765.41407065566,3955.0800297905,599846608.157694,17.2043954450331,0.000709237809406953,0,0,-1277207.52691072,10.044952864,20260619
1,orig_increase,10000,1,0.1,0.9,1e-06,100,5,0.15,1500,1,0,879102,1984135,1105033,32950647,600941080,12892.3416881574,2780.68606113795,3867.70250644723,600860902.24953,17.2351776658446,0.000133420318793656,0,0,-240533.251407362,10.173958967,20365348
2,orig_increase,10000,1,0.1,0.9,1e-06,100,5,0.15,1500,1,0,879102,1985629,1106527,32950647,600624541,13522.9988551255,2711.08933368765,4056.89965653764,601125772.295366,17.2432160526428,0.00083451684230493,0,0,1503693.88610243,10.471854371,20470077
3,orig_increase,10000,1,0.1,0.9,1e-06,100,5,0.15,1500,1,0,879102,1984865,1105763,32950647,601067846,12973.180280017,2749.65526506705,3891.95408400511,601002478.857694,17.2394742918916,0.000108751687086933,0,0,-196101.426917598,10.39528747,20574806
4,orig_increase,10000,1,0.1,0.9,1e-06,100,5,0.15,1500,1,0,879102,1983846,1104744,32950647,601386798,12407.3533191358,2760.38394842244,3722.20599574073,602389757.910874,17.2815760161211,0.00166774514207764,0,0,3008879.73263186,10.354870669,20679535
0,orig_decrease,10000,1,0.1,0.9,1e-06,100,4,0.15,1500,1,0,879102,861631,17471,32950647,31256992,10246.849678816,1901.3205630562,3074.0549036448,31435357.842997,0.0459866283354907,0.00570643019638768,0,0,535097.52899109,3.475322157,20260619
1,orig_decrease,10000,1,0.1,0.9,1e-06,100,4,0.15,1500,1,0,879102,859885,19217,32950647,30968819,10369.7490500697,1891.49554779038,3110.92471502091,31488410.7348094,0.0443765570123889,0.0167778995643779,0,0,1558775.20442814,3.324909655,20365348
2,orig_decrease,10000,1,0.1,0.9,1e-06,100,4,0.15,1500,1,0,879102,861379,17723,32950647,31213804,10177.704920621,1903.34133956111,3053.3114761863,30455884.0257284,0.075712108908563,0.0242815638321947,0,0,-2273759.92281521,3.379023055,20470077
3,orig_decrease,10000,1,0.1,0.9,1e-06,100,4,0.15,1500,1,0,879102,860615,18487,32950647,31152417,10530.8662044218,1897.70988415023,3159.25986132653,30674058.1535106,0.0690908693382994,0.0153554328220961,0,0,-1435076.53946835,3.456298256,20574806
4,orig_decrease,10000,1,0.1,0.9,1e-06,100,4,0.15,1500,1,0,879102,859596,19506,32950647,30950341,10238.5360454243,1915.77405315046,3071.5608136273,31232771.6339604,0.0521347992359475,0.00912528343259371,0,0,847291.901880849,3.359097355,20679535
0,orig_increase,10000,1,0.1,0.9,1e-06,100,4,0.2,2000,0.25,0,879102,1370927,491825,32950647,59749501,10197.3405783588,2097.52456005059,3059.20217350764,60098371.532922,0.823890484849115,0.00583888613433001,0,0,1046611.59876655,7.93651873,20260619
1,orig_increase,10000,1,0.1,0.9,1e-06,100,4,0.2,2000,0.25,0,879102,1370105,491003,32950647,60218127,10833.8325730592,2103.86753393343,3250.14977191777,59095369.5424521,0.793450961447042,0.0186448419019725,0,0,-3368272.37264336,8.011592131,20365348
2,orig_increase,10000,1,0.1,0.9,1e-06,100,5,0.2,2000,0.25,0,879102,1371273,492171,32950647,60132510,11219.214004782,2058.93229411693,3365.76420143461,59876170.5481575,0.817147036540968,0.0042629095616076,0,0,-769018.355526914,7.93748723,20470077
3,orig_increase,10000,1,0.1,0.9,1e-06,100,4,0.2,2000,0.25,0,879102,1370695,491593,32950647,60054803,10371.9157380368,2090.029144135,3111.57472141103,60360942.0747643,0.831859085339486,0.00509766179341695,0,0,918417.224292441,7.768943727,20574806
4,orig_increase,10000,1,0.1,0.9,1e-06,100,4,0.2,2000,0.25,0,879102,1368805,489703,32950647,60551480,10219.0681370136,2081.99508548431,3065.72044110408,59910421.276707,0.818186491958928,0.010587003377837,0,0,-1923176.16987856,7.821945028,20679535
0,orig_decrease,10000,1,0.1,0.9,1e-06,100,4,0.2,2000,0.25,0,879102,871073,8029,32950647,32112906,10322.720640826,1907.15633023394,3096.81619224779,31395657.7794998,0.0471914624468596,0.0223352013206225,0,0,-2151744.66150089,3.520304858,20260619
1,orig_decrease,10000,1,0.1,0.9,1e-06,100,4,0.2,2000,0.25,0,879102,870225,8877,32950647,31940616,10380.2769936922,1909.36492302929,3114.08309810765,31275766.7210176,0.0508299663731152,0.0208151677156881,0,0,-1994547.83694693,3.421276855,20365348
2,orig_decrease,10000,1,0.1,0.9,1e-06,100,4,0.2,2000,0.25,0,879102,870905,8197,32950647,32101854,10282.6744465464,1911.88576535411,3084.80233396393,32523663.4139892,0.0129582762369054,0.0131397212755762,0,0,1265428.24196782,3.414521056,20470077
3,orig_decrease,10000,1,0.1,0.9,1e-06,100,4,0.2,2000,0.25,0,879102,870789,8313,32950647,32120196,10052.0424266021,1906.35233606903,3015.61272798064,31753205.8761906,0.0363404434459016,0.0114255256664488,0,0,-1100970.37142788,3.397148355,20574806
4,orig_decrease,10000,1,0.1,0.9,1e-06,100,4,0.2,2000,0.25,0,879102,869603,9499,32950647,31901080,10328.1991238476,1919.93025287182,3098.45973715427,31816825.6400521,0.0344096842756353,0.00264111308920916,0,0,-252763.079844242,3.382340555,20679535
0,orig_increase,10000,1,0.1,0.9,1e-06,100,5,0.2,2000,0.5,0,879102,1862351,983249,32950647,212817922,11837.305951965,2451.03099897332,3551.19178558949,213221883.383782,5.4709467885041,0.00189815491094917,0,0,1211884.15134637,16.033743463,20260619
1,orig_increase,10000,1,0.1,0.9,1e-06,100,5,0.2,2000,0.5,0,879102,1861506,982404,32950647,214259340,12073.8325730592,2445.13406873498,3622.14977191777,213011251.685349,5.4645544497305,0.00582512909192627,0,0,-3744264.94395091,16.404104668,20365348
2,orig_increase,10000,1,0.1,0.9,1e-06,100,5,0.2,2000,0.5,0,879102,1862857,983755,32950647,213867372,11969.3679680847,2380.70056972418,3590.8103904254,213593892.839826,5.48223668687981,0.00127873250424531,0,0,-820437.480521329,15.809603159,20470077
3,orig_increase,10000,1,0.1,0.9,1e-06,100,5,0.2,2000,0.5,0,879102,1862283,983181,32950647,213679740,11755.2490713701,2418.43121689368,3526.57472141103,214039646.565773,5.49576460716456,0.00168432704838193,0,0,1079719.69731948,15.86163496,20574806
4,orig_increase,10000,1,0.1,0.9,1e-06,100,5,0.2,2000,0.5,0,879102,1858460,979358,32950647,214230945,11406.7001608233,2399.35539895509,3422.010048247,213518763.754032,5.47995663799962,0.00332436215490529,0,0,-2136543.73790275,16.300901467,20679535
0,orig_decrease,10000,1,0.1,0.9,1e-06,100,4,0.2,2000,0.5,0,879102,863083,16019,32950647,31346323,10322.720640826,1895.28338355518,3096.81619224779,30629074.7794998,0.07045604356419,0.0228814148472931,0,0,-2151744.66150089,3.321852554,20260619
1,orig_decrease,10000,1,0.1,0.9,1e-06,100,4,0.2,2000,0.5,0,879102,861317,17785,32950647,31012527,10380.2769936922,1899.24089346982,3114.08309810765,30347677.7210176,0.0789959990461618,0.0214380878727624,0,0,-1994547.83694693,3.346755955,20365348
2,orig_decrease,10000,1,0.1,0.9,1e-06,100,4,0.2,2000,0.5,0,879102,862588,16514,32950647,31309070,10282.6744465464,1905.04958091492,3084.80233396393,31730879.4139892,0.0370180162474742,0.0134724351119089,0,0,1265428.24196782,3.320371054,20470077
3,orig_decrease,10000,1,0.1,0.9,1e-06,100,4,0.2,2000,0.5,0,879102,862434,16668,32950647,31326678,10052.0424266021,1896.47898313603,3015.61272798064,30959687.8761906,0.0604224591950919,0.0117149390627815,0,0,-1100970.37142788,3.300330654,20574806
4,orig_decrease,10000,1,0.1,0.9,1e-06,100,4,0.2,2000,0.5,0,879102,860334,18768,32950647,30948216,10328.1991238476,1901.80569910682,3098.45973715427,30863961.6400521,0.0633275989982201,0.00272243026699519,0,0,-252763.079844242,3.344978255,20679535
0,orig_increase,10000,1,0.1,0.9,1e-06,100,5,0.2,2000,0.75,0,879102,2353978,1474876,32950647,611189219,13150.6392852983,2841.29042392423,3945.19178558949,611637999.361415,17.562245511034,0.000734274014436218,0,0,1346341.0842465,24.834861306,20260619
1,orig_increase,10000,1,0.1,0.9,1e-06,100,5,0.2,2000,0.75,0,879102,2352459,1473357,32950647,613379803,13363.2785967379,2862.65964078841,4008.98357902137,611998422.915332,17.573183795612,0.00225207950752829,0,0,-4144140.25399536,25.732390121,20365348
2,orig_increase,10000,1,0.1,0.9,1e-06,100,5,0.2,2000,0.75,0,879102,2352967,1473865,32950647,611472804,13461.6105640066,2818.95638098616,4038.48316920197,611165229.701889,17.5478976999113,0.000503005687414545,0,0,-922722.894336767,26.395757031,20470077
3,orig_increase,10000,1,0.1,0.9,1e-06,100,5,0.2,2000,0.75,0,879102,2353455,1474353,32950647,612405861,13131.9157380368,2818.3455312232,3939.57472141103,612807916.512953,17.5977506454715,0.000656518068420775,0,0,1206166.53886395,26.053319926,20574806
4,orig_increase,10000,1,0.1,0.9,1e-06,100,5,0.2,2000,0.75,0,879102,2349567,1470465,32950647,613221804,12786.794247833,2830.68892452019,3836.03827434989,612423456.105255,17.5860828804137,0.00130189091375615,0,0,-2395043.68422765,26.485780633,20679535
0,orig_decrease,10000,1,0.1,0.9,1e-06,100,4,0.2,2000,0.75,0,879102,855079,24023,32950647,30591837,10322.720640826,1891.6374027774,3096.81619224779,29874588.7794998,0.093353499872104,0.0234457388256954,0,0,-2151744.66150089,3.62386206,20260619
1,orig_decrease,10000,1,0.1,0.9,1e-06,100,4,0.2,2000,0.75,0,879102,852754,26348,32950647,30186836,10380.2769936922,1893.82832857608,3114.08309810765,29521986.7210176,0.104054414439341,0.0220244771258051,0,0,-1994547.83694693,3.576205259,20365348
2,orig_decrease,10000,1,0.1,0.9,1e-06,100,4,0.2,2000,0.75,0,879102,854403,24699,32950647,30575404,10282.6744465464,1900.06679181061,3084.80233396393,30997213.4139892,0.0592836184980158,0.0137957102378504,0,0,1265428.24196782,3.550725158,20470077
3,orig_decrease,10000,1,0.1,0.9,1e-06,100,4,0.2,2000,0.75,0,879102,854178,24924,32950647,30585487,10052.0424266021,1894.03927433202,3015.61272798064,30218496.8761906,0.0829164332891367,0.0119988321196061,0,0,-1100970.37142788,3.524698757,20574806
4,orig_decrease,10000,1,0.1,0.9,1e-06,100,4,0.2,2000,0.75,0,879102,851084,28018,32950647,30073659,10328.1991238476,1895.40763988505,3098.45973715427,29989404.640052,0.089869020172744,0.00280159989670589,0,0,-252763.079844242,3.484762558,20679535
0,orig_increase,10000,1,0.1,0.9,1e-06,100,6,0.2,2000,1,0,879102,2845990,1966888,32950647,1374693987,14246.8612535497,3286.29276768111,4274.05837606492,1375188778.2792,40.7348035162768,0.000359928306863961,0,0,1484373.83758716,20.253564432,20260619
1,orig_increase,10000,1,0.1,0.9,1e-06,100,6,0.2,2000,1,0,879102,2842997,1963895,32950647,1375380995,13990.2108855935,3301.3970825097,4197.06326567806,1373937123.96414,40.6968177882559,0.0010497971406529,0,0,-4331613.10759506,18.324802599,20365348
2,orig_increase,10000,1,0.1,0.9,1e-06,100,6,0.2,2000,1,0,879102,2845222,1966120,32950647,1375383776,14881.2631658781,3277.14630386983,4464.37894976343,1375047942.28736,40.7305293667636,0.000244174548588338,0,0,-1007501.13792654,18.008210994,20470077
3,orig_increase,10000,1,0.1,0.9,1e-06,100,6,0.2,2000,1,0,879102,2844887,1965785,32950647,1375436001,14441.9157380368,3274.88525519601,4332.57472141103,1375860741.14085,40.7551965259088,0.000308804001449148,0,0,1274220.4225417,17.645569289,20574806
4,orig_increase,10000,1,0.1,0.9,1e-06,100,6,0.2,2000,1,0,879102,2840857,1961755,32950647,1376314109,14230.1275811663,3286.50204444173,4269.03827434989,1375422334.53538,40.7418915791057,0.00064794399678463,0,0,-2675323.39384944,18.154019897,20679535
0,orig_decrease,10000,1,0.1,0.9,1e-06,100,4,0.2,2000,1,0,879102,846990,32112,32950647,29873010,10322.720640826,1878.54175027519,3096.81619224779,29155761.7794997,0.115168761951784,0.0240099079570575,0,0,-2151744.66150089,3.64778066,20260619
1,orig_decrease,10000,1,0.1,0.9,1e-06,100,4,0.2,2000,1,0,879102,843997,35105,32950647,29373992,10380.2769936922,1892.43206464906,3114.08309810765,28709142.7210175,0.128722943709799,0.0226339436254514,0,0,-1994547.83694693,3.514933258,20365348
2,orig_decrease,10000,1,0.1,0.9,1e-06,100,4,0.2,2000,1,0,879102,846222,32880,32950647,29854649,10282.6744465464,1898.73185940606,3084.80233396393,30276458.4139892,0.0811573923271002,0.0141287681522972,0,0,1265428.24196782,3.548109658,20470077
3,orig_decrease,10000,1,0.1,0.9,1e-06,100,4,0.2,2000,1,0,879102,845887,33215,32950647,29866351,10052.0424266021,1880.27254671621,3015.61272798064,29499360.8761907,0.104741073029897,0.0122877456241423,0,0,-1100970.37142788,3.483537357,20574806
4,orig_decrease,10000,1,0.1,0.9,1e-06,100,4,0.2,2000,1,0,879102,841857,37245,32950647,29218083,10328.1991238476,1886.32661330737,3098.45973715427,29133828.640052,0.115834398030121,0.00288363750448722,0,0,-252763.079844242,3.426612856,20679535
0,orig_increase,10000,2,0.2,1.8,1e-06,100,7,0.05,500,0.25,0,879102,909995,30893,32950647,33525686,4509.5218847386,1552.71756364614,2705.71313084316,33266525.3798023,0.00958640902566354,0.00773021080605918,0,0,-777481.860593259,3.984343965,20260619
1,orig_increase,10000,2,0.2,1.8,1e-06,100,7,0.05,500,0.25,0,879102,910012,30910,32950647,33533549,4499.79015529226,1563.18732167396,2699.87409317536,33722119.4424741,0.0234129679600552,0.00562333687001306,0,0,565711.327422741,3.977000265,20365348
2,orig_increase,10000,2,0.2,1.8,1e-06,100,7,0.05,500,0.25,0,879102,909581,30479,32950647,33506751,4505.64779771457,1553.03112345477,2703.38867862874,32933094.1791241,0.000532700340478725,0.0171206340141989,0,0,-1720970.4626278,3.894874164,20470077
3,orig_increase,10000,2,0.2,1.8,1e-06,100,7,0.05,500,0.25,0,879102,909741,30639,32950647,33540775,4515.49823939276,1554.77400291802,2709.29894363566,33334499.660695,0.0116493208978567,0.00614998727086665,0,0,-618826.017915372,3.786965762,20574806
4,orig_increase,10000,2,0.2,1.8,1e-06,100,7,0.05,500,0.25,0,879102,909636,30534,32950647,33598741,4542.89788008815,1550.26388768485,2725.73872805289,33895551.868509,0.0286763676752385,0.0088339878124896,0,0,890432.605526657,3.738092661,20679535
0,orig_decrease,10000,2,0.2,1.8,1e-06,100,7,0.05,500,0.25,0,879102,878618,484,32950647,32900453,4510.11928750082,1539.77024895365,2706.07157250049,32817168.0857276,0.00405087384998669,0.00253142150572949,0,0,-249854.742817227,3.67160216,20260619
1,orig_decrease,10000,2,0.2,1.8,1e-06,100,7,0.05,500,0.25,0,879102,878590,512,32950647,32892764,4540.18585362998,1545.60778413038,2724.11151217799,32538209.8324339,0.0125168154533075,0.0107790931636539,0,0,-1063662.50269834,3.66684866,20365348
2,orig_decrease,10000,2,0.2,1.8,1e-06,100,7,0.05,500,0.25,0,879102,878599,503,32950647,32894030,4505.10312036152,1549.28206909719,2703.06187221691,32882778.9861701,0.00205968683497817,0.000342038170145555,0,0,-33753.0414898749,3.603973859,20470077
3,orig_decrease,10000,2,0.2,1.8,1e-06,100,7,0.05,500,0.25,0,879102,878578,524,32950647,32886830,4554.47821427684,1568.54256581989,2732.68692856611,32883289.8626997,0.00204418254064276,0.000107646048594003,0,0,-10620.4119005332,3.617979559,20574806
4,orig_decrease,10000,2,0.2,1.8,1e-06,100,7,0.05,500,0.25,0,879102,878419,683,32950647,32867554,4490.12112536327,1545.34358294527,2694.07267521796,32620008.4766886,0.0100343560268007,0.00753160771596914,0,0,-742636.569934709,3.605621359,20679535
0,orig_increase,10000,2,0.2,1.8,1e-06,100,7,0.05,500,0.5,0,879102,940613,61511,32950647,36082876,4509.5218847386,1559.20613468002,2705.71313084316,35823715.3798023,0.0871930793893748,0.00718237149937094,0,0,-777481.860593259,4.348957071,20260619
1,orig_increase,10000,2,0.2,1.8,1e-06,100,7,0.05,500,0.5,0,879102,940842,61740,32950647,36127723,4499.79015529226,1564.2496252041,2699.87409317536,36316293.4424741,0.102142044205509,0.00521954960942693,0,0,565711.327422741,4.186975869,20365348
2,orig_increase,10000,2,0.2,1.8,1e-06,100,7,0.05,500,0.5,0,879102,940465,61363,32950647,36044986,4505.64779771457,1556.08852840126,2703.38867862874,35471329.1791241,0.0764987157649476,0.0159150241000475,0,0,-1720970.4626278,4.241611769,20470077
3,orig_increase,10000,2,0.2,1.8,1e-06,100,7,0.05,500,0.5,0,879102,940329,61227,32950647,36084783,4515.49823939276,1564.16128034717,2709.29894363566,35878507.660695,0.0888559384189016,0.00571640791923387,0,0,-618826.017915372,4.182669969,20574806
4,orig_increase,10000,2,0.2,1.8,1e-06,100,7,0.05,500,0.5,0,879102,939885,60783,32950647,36191443,4542.89788008815,1566.49247391735,2725.73872805289,36488253.868509,0.107360771049775,0.00820113385666785,0,0,890432.605526657,4.208731469,20679535
0,orig_decrease,10000,2,0.2,1.8,1e-06,100,7,0.05,500,0.5,0,879102,878088,1014,32950647,32846258,4510.11928750082,1539.77024895365,2706.07157250049,32762973.0857276,0.00569560634947308,0.00253559824904396,0,0,-249854.742817227,3.802714263,20260619
1,orig_decrease,10000,2,0.2,1.8,1e-06,100,7,0.05,500,0.5,0,879102,878029,1073,32950647,32827447,4540.18585362998,1545.60778413038,2724.11151217799,32472892.8324339,0.0144990830549118,0.010800540400418,0,0,-1063662.50269834,3.762809262,20365348
2,orig_decrease,10000,2,0.2,1.8,1e-06,100,7,0.05,500,0.5,0,879102,878084,1018,32950647,32837347,4505.10312036152,1549.28206909719,2703.06187221691,32826095.9861701,0.00377992619780464,0.000342628587806225,0,0,-33753.0414898749,3.794778662,20470077
3,orig_decrease,10000,2,0.2,1.8,1e-06,100,7,0.05,500,0.5,0,879102,877998,1104,32950647,32813714,4554.47821427684,1565.61527122094,2732.68692856611,32810173.8626997,0.00426313745221096,0.000107885907102217,0,0,-10620.4119005332,3.704005261,20574806
4,orig_decrease,10000,2,0.2,1.8,1e-06,100,7,0.05,500,0.5,0,879102,877752,1350,32950647,32782700,4490.12112536327,1541.55756566428,2694.07267521796,32535154.4766886,0.0126095406658156,0.00755110235921496,0,0,-742636.569934709,3.768866761,20679535
0,orig_increase,10000,2,0.2,1.8,1e-06,100,7,0.05,500,0.75,0,879102,971186,92084,32950647,42441237,4509.5218847386,1568.42761784898,2705.71313084316,42182076.3798022,0.280159275166954,0.00610633993061589,0,0,-777481.860593259,4.567016975,20260619
1,orig_increase,10000,2,0.2,1.8,1e-06,100,7,0.05,500,0.75,0,879102,971181,92079,32950647,42452492,4533.10312823028,1567.61443650509,2719.86187693817,42642458.4724733,0.294131143235921,0.0044748014433001,0,0,569899.417420448,4.514709173,20365348
2,orig_increase,10000,2,0.2,1.8,1e-06,100,7,0.05,500,0.75,0,879102,971006,91904,32950647,42352629,4629.04016706198,1558.3790986753,2777.42410023719,41763261.9244617,0.267448919120214,0.0139157140761737,0,0,-1768101.22661434,4.375395272,20470077
3,orig_increase,10000,2,0.2,1.8,1e-06,100,7,0.05,500,0.75,0,879102,971175,92073,32950647,42498571,4515.49823939276,1580.59305671675,2709.29894363566,42292295.660695,0.283504255946627,0.00485370059395728,0,0,-618826.017915372,4.222523169,20574806
4,orig_increase,10000,2,0.2,1.8,1e-06,100,7,0.05,500,0.75,0,879102,970411,91309,32950647,42582907,4542.89788008815,1567.22323628478,2725.73872805289,42879717.868509,0.301331590499848,0.0069701880265959,0,0,890432.605526657,4.29375827,20679535
0,orig_decrease,10000,2,0.2,1.8,1e-06,100,7,0.05,500,0.75,0,879102,877569,1533,32950647,32789174,4510.11928750082,1539.77024895365,2706.07157250049,32705889.0857276,0.00742801542781379,0.00254001257465181,0,0,-249854.742817227,3.709204161,20260619
1,orig_decrease,10000,2,0.2,1.8,1e-06,100,7,0.05,500,0.75,0,879102,877521,1581,32950647,32767751,4540.18585362998,1545.60778413038,2724.11151217799,32413196.8324339,0.0163107622003926,0.0108202167297377,0,0,-1063662.50269834,3.808954362,20365348
2,orig_decrease,10000,2,0.2,1.8,1e-06,100,7,0.05,500,0.75,0,879102,877599,1503,32950647,32782723,4505.10312036152,1549.28206909719,2703.06187221691,32771471.9861701,0.00543767816850214,0.00034319949047309,0,0,-33753.0414898749,3.804107263,20470077
3,orig_decrease,10000,2,0.2,1.8,1e-06,100,7,0.05,500,0.75,0,879102,877496,1606,32950647,32752524,4554.47821427684,1565.61527122094,2732.68692856611,32748983.8626997,0.00612015713379718,0.000108087465267798,0,0,-10620.4119005332,3.875380164,20574806
4,orig_decrease,10000,2,0.2,1.8,1e-06,100,7,0.05,500,0.75,0,879102,877073,2029,32950647,32702073,4490.12112536327,1541.55756566428,2694.07267521796,32454527.4766886,0.0150564425430383,0.0075697196110912,0,0,-742636.569934709,3.754228261,20679535
0,orig_increase,10000,2,0.2,1.8,1e-06,100,7,0.05,500,1,0,879102,1001776,122674,32950647,54437156,4509.5218847386,1591.59038738035,2705.71313084316,54177995.3798022,0.644216436168982,0.00476073034009786,0,0,-777481.860593259,4.431008672,20260619
1,orig_increase,10000,2,0.2,1.8,1e-06,100,7,0.05,500,1,0,879102,1001744,122642,32950647,54445337,4704.76979489695,1586.72457622244,2822.86187693817,54642497.4211186,0.65831333816051,0.00362125449087788,0,0,591481.263356092,4.397654973,20365348
2,orig_increase,10000,2,0.2,1.8,1e-06,100,7,0.05,500,1,0,879102,1001800,122698,32950647,54401887,4782.37350039531,1562.75529388901,2869.42410023719,53792997.6012613,0.632532362756376,0.011192431592285,0,0,-1826668.19621564,4.521942374,20470077
3,orig_increase,10000,2,0.2,1.8,1e-06,100,7,0.05,500,1,0,879102,1001672,122570,32950647,54480350,4545.8015654037,1596.36107744528,2727.48093924222,54272690.3552375,0.647090278841489,0.00381164300087125,0,0,-622978.934287112,4.559186674,20574806
4,orig_increase,10000,2,0.2,1.8,1e-06,100,7,0.05,500,1,0,879102,1001155,122053,32950647,54683464,4542.89788008815,1593.29546872179,2725.73872805289,54980274.8685089,0.668564349237479,0.00542779931624129,0,0,890432.605526657,4.543725375,20679535
0,orig_decrease,10000,2,0.2,1.8,1e-06,100,7,0.05,500,1,0,879102,877026,2076,32950647,32728286,4510.11928750082,1538.47182868501,2706.07157250049,32645001.0857276,0.00927586988724205,0.00254473803707418,0,0,-249854.742817227,3.728938661,20260619
1,orig_decrease,10000,2,0.2,1.8,1e-06,100,7,0.05,500,1,0,879102,876994,2108,32950647,32707940,4540.18585362998,1545.60778413038,2724.11151217799,32353385.8324339,0.0181259314139137,0.0108400029951773,0,0,-1063662.50269834,3.763990562,20365348
2,orig_decrease,10000,2,0.2,1.8,1e-06,100,7,0.05,500,1,0,879102,877050,2052,32950647,32725034,4505.10312036152,1549.28206909719,2703.06187221691,32713782.9861701,0.00718844803957629,0.000343804496274028,0,0,-33753.0414898749,3.819326862,20470077
3,orig_decrease,10000,2,0.2,1.8,1e-06,100,7,0.05,500,1,0,879102,876922,2180,32950647,32683795,4554.47821427684,1557.09817839892,2732.68692856611,32680254.8626997,0.00820597353673458,0.000108314756602858,0,0,-10620.4119005332,3.835535263,20574806
4,orig_decrease,10000,2,0.2,1.8,1e-06,100,7,0.05,500,1,0,879102,876405,2697,32950647,32625066,4490.12112536327,1541.55756566428,2694.07267521796,32377520.4766886,0.0173934831480376,0.00758758689749275,0,0,-742636.569934709,3.759837162,20679535
0,orig_increase,10000,2,0.2,1.8,1e-06,100,7,0.1,1000,0.25,0,879102,1002417,123315,32950647,36579165,4562.58358451758,1570.29280216394,2737.55015071055,36458367.3944396,0.106453763849906,0.00330236093580512,0,0,-362392.816681336,4.710698277,20260619
1,orig_increase,10000,2,0.2,1.8,1e-06,100,7,0.1,1000,0.25,0,879102,1001999,122897,32950647,36796122,4510.30656812077,1575.23743650675,2706.18394087246,36611516.9168409,0.111101609532612,0.0050169711677515,0,0,-553815.249476898,4.640983976,20365348
2,orig_increase,10000,2,0.2,1.8,1e-06,100,7,0.1,1000,0.25,0,879102,1002350,123248,32950647,36694169,4529.95760247118,1575.80284348521,2717.97456148271,36722070.9788182,0.114456750388489,0.000760392715752957,0,0,83705.9364550653,4.671056176,20470077
3,orig_increase,10000,2,0.2,1.8,1e-06,100,7,0.1,1000,0.25,0,879102,1001556,122454,32950647,36772166,4539.01625521585,1571.93564154744,2723.40975312951,36752024.1013539,0.115365780263856,0.000547748496678406,0,0,-60425.6959386133,4.659107677,20574806
4,orig_increase,10000,2,0.2,1.8,1e-06,100,7,0.1,1000,0.25,0,879102,1000866,121764,32950647,36931997,4465.01632924965,1567.08313005869,2679.00979754979,36437748.3334407,0.10582800797328,0.0133826683284756,0,0,-1482745.99967765,4.574329075,20679535
0,orig_decrease,10000,2,0.2,1.8,1e-06,100,7,0.1,1000,0.25,0,879102,877359,1743,32950647,32771422,4534.23947257155,1541.73459225293,2720.54368354293,32868703.9037358,0.00248684331643721,0.00296849809372837,0,0,291845.711207336,3.816873562,20260619
1,orig_decrease,10000,2,0.2,1.8,1e-06,100,7,0.1,1000,0.25,0,879102,876915,2187,32950647,32699336,4468.90823975669,1543.86602849136,2681.34494385402,32717197.1219648,0.00708483442025165,0.000546222772377958,0,0,53583.3658942005,3.788559762,20365348
2,orig_decrease,10000,2,0.2,1.8,1e-06,100,7,0.1,1000,0.25,0,879102,877111,1991,32950647,32743825,4515.57178044829,1546.16122490835,2709.34306826897,32737710.361357,0.00646229006195281,0.000186741733533427,0,0,-18343.9159286624,3.905509964,20470077
3,orig_decrease,10000,2,0.2,1.8,1e-06,100,7,0.1,1000,0.25,0,879102,876934,2168,32950647,32706723,4568.92218565676,1543.97197006441,2741.35331139406,32814666.5086952,0.00412679275477701,0.00330034619167396,0,0,323830.526085043,3.857074963,20574806
4,orig_decrease,10000,2,0.2,1.8,1e-06,100,7,0.1,1000,0.25,0,879102,876609,2493,32950647,32651759,4505.56006102401,1551.97891750309,2703.33603661441,32415163.4491887,0.0162510784935808,0.00724602771970944,0,0,-709786.652434315,4.445454873,20679535
0,orig_increase,10000,2,0.2,1.8,1e-06,100,7,0.1,1000,0.5,0,879102,1125193,246091,32950647,55898691,4562.58358451758,1636.82269175276,2737.55015071055,55777893.3944395,0.69277080946057,0.00216100955853351,0,0,-362392.816681336,5.674543493,20260619
1,orig_increase,10000,2,0.2,1.8,1e-06,100,7,0.1,1000,0.5,0,879102,1124893,245791,32950647,56505161,4763.57295434197,1650.97488463258,2858.14377260518,56310189.8227442,0.70892516382893,0.00345050210998881,0,0,-584913.531766758,5.999263798,20365348
2,orig_increase,10000,2,0.2,1.8,1e-06,100,7,0.1,1000,0.5,0,879102,1125234,246132,32950647,56256745,4735.60202944115,1628.40692457566,2841.36121766469,56285913.6322727,0.708188419859334,0.000518491289758953,0,0,87505.896818248,6.888892612,20470077
3,orig_increase,10000,2,0.2,1.8,1e-06,100,7,0.1,1000,0.5,0,879102,1124387,245285,32950647,56388135,4539.01625521585,1634.26905597978,2723.40975312951,56367993.101354,0.710679401874992,0.000357201007729677,0,0,-60425.6959386133,5.631879592,20574806
4,orig_increase,10000,2,0.2,1.8,1e-06,100,7,0.1,1000,0.5,0,879102,1123127,244025,32950647,56621114,4465.01632924965,1646.08916541528,2679.00979754979,56126865.3334407,0.703361555645346,0.00872905232064749,0,0,-1482745.99967765,5.759419795,20679535
0,orig_decrease,10000,2,0.2,1.8,1e-06,100,7,0.1,1000,0.5,0,879102,875583,3519,32950647,32593824,4534.23947257155,1539.14970111067,2720.54368354293,32691105.9037358,0.00787666161044522,0.00298467291643251,0,0,291845.711207336,3.65852656,20260619
1,orig_decrease,10000,2,0.2,1.8,1e-06,100,7,0.1,1000,0.5,0,879102,874664,4438,32950647,32455100,4468.90823975669,1543.10815582559,2681.34494385402,32472961.1219648,0.0144970105756999,0.000550333290140712,0,0,53583.3658942005,3.607267658,20365348
2,orig_decrease,10000,2,0.2,1.8,1e-06,100,7,0.1,1000,0.5,0,879102,875162,3940,32950647,32546899,4515.57178044829,1546.16122490835,2709.34306826897,32540784.361357,0.0124386825740634,0.000187871620058648,0,0,-18343.9159286624,3.69494796,20470077
3,orig_decrease,10000,2,0.2,1.8,1e-06,100,7,0.1,1000,0.5,0,879102,874786,4316,32950647,32465210,4568.92218565676,1543.97197006441,2741.35331139406,32573153.5086952,0.0114563301687162,0.00332489790440849,0,0,323830.526085043,3.528681857,20574806
4,orig_decrease,10000,2,0.2,1.8,1e-06,100,7,0.1,1000,0.5,0,879102,874194,4908,32950647,32377264,4505.56006102401,1549.41198862292,2703.33603661441,32140668.4491887,0.0245815674214614,0.00730745966710701,0,0,-709786.652434315,3.561482958,20679535
0,orig_increase,10000,2,0.2,1.8,1e-06,100,7,0.1,1000,0.75,0,879102,1247978,368876,32950647,105776231,4562.58358451758,1731.52710015234,2737.55015071055,105655433.39444,2.20647522928579,0.00114201086971949,0,0,-362392.816681336,7.159396417,20260619
1,orig_increase,10000,2,0.2,1.8,1e-06,100,7,0.1,1000,0.75,0,879102,1247116,368014,32950647,106543746,5040.443569271,1753.91629661269,3024.2661415626,106337442.616803,2.22717313006943,0.00193632560279261,0,0,-618910.149593917,7.267001319,20365348
2,orig_increase,10000,2,0.2,1.8,1e-06,100,7,0.1,1000,0.75,0,879102,1248285,369183,32950647,106555834,5095.60202944115,1696.94700015136,3057.36121766469,106587220.028827,2.23475347931186,0.000294550074346826,0,0,94158.0864783396,7.154218317,20470077
3,orig_increase,10000,2,0.2,1.8,1e-06,100,7,0.1,1000,0.75,0,879102,1247018,367916,32950647,106530517,4895.66362494751,1727.76790631318,2937.39817496851,106508792.47755,2.23237332722328,0.00020392769191324,0,0,-65173.5673514872,7.199112218,20574806
4,orig_increase,10000,2,0.2,1.8,1e-06,100,7,0.1,1000,0.75,0,879102,1245967,366865,32950647,106958566,4764.47850021778,1752.95471586023,2858.68710013067,106431168.792031,2.23001757118854,0.00493085526192502,0,0,-1582191.62390729,7.32938172,20679535
0,orig_decrease,10000,2,0.2,1.8,1e-06,100,7,0.1,1000,0.75,0,879102,873788,5314,32950647,32432593,4534.23947257155,1539.14970111067,2720.54368354293,32529874.9037358,0.0127697673512828,0.0029995105151092,0,0,291845.711207336,3.545415658,20260619
1,orig_decrease,10000,2,0.2,1.8,1e-06,100,7,0.1,1000,0.75,0,879102,872605,6497,32950647,32239150,4468.90823975669,1543.04892982797,2681.34494385402,32257011.1219648,0.0210507513869198,0.000554019630320458,0,0,53583.3658942005,3.520893557,20365348
2,orig_decrease,10000,2,0.2,1.8,1e-06,100,7,0.1,1000,0.75,0,879102,873259,5843,32950647,32355846,4515.57178044829,1546.16122490835,2709.34306826897,32349731.361357,0.0182368388287795,0.000188980953952115,0,0,-18343.9159286624,3.583893559,20470077
3,orig_decrease,10000,2,0.2,1.8,1e-06,100,7,0.1,1000,0.75,0,879102,872681,6421,32950647,32248969,4568.92218565676,1543.97197006441,2741.35331139406,32356912.5086952,0.0180189023694988,0.00334719254730846,0,0,323830.526085043,3.571376558,20574806
4,orig_decrease,10000,2,0.2,1.8,1e-06,100,7,0.1,1000,0.75,0,879102,871740,7362,32950647,32105623,4505.56006102401,1549.41198862292,2703.33603661441,31869027.4491887,0.0328254419651085,0.00736928701901458,0,0,-709786.652434315,3.565703159,20679535
0,orig_increase,10000,2,0.2,1.8,1e-06,100,7,0.1,1000,1,0,879102,1371452,492350,32950647,201709934,5049.55709171585,1877.17137966704,3029.73425502951,201576243.428744,5.11752004228458,0.000662786252539268,0,0,-401071.713769733,6.219857401,20260619
1,orig_increase,10000,2,0.2,1.8,1e-06,100,7,0.1,1000,1,0,879102,1369972,490870,32950647,202241336,5163.77690260434,1896.03358930758,3098.2661415626,202029984.631723,5.13129036985899,0.00104504535253418,0,0,-634054.104830046,6.490340906,20365348
2,orig_increase,10000,2,0.2,1.8,1e-06,100,7,0.1,1000,1,0,879102,1370766,491664,32950647,201984391,5420.60202944115,1841.77759336235,3252.36121766469,202017778.845159,5.13091994354949,0.000165299135213988,0,0,100163.535477038,6.263657903,20470077
3,orig_increase,10000,2,0.2,1.8,1e-06,100,7,0.1,1000,1,0,879102,1370021,490919,32950647,202310087,5223.99695828084,1875.0514118513,3134.39817496851,202286905.497369,5.13908751161606,0.00011458401790376,0,0,-69544.507892562,6.504732606,20574806
4,orig_increase,10000,2,0.2,1.8,1e-06,100,7,0.1,1000,1,0,879102,1368801,489699,32950647,202776281,5001.94109591778,1911.73494730891,3001.16465755067,202222598.205904,5.13713588707085,0.00273051064634364,0,0,-1661048.38228927,6.625828208,20679535
0,orig_decrease,10000,2,0.2,1.8,1e-06,100,7,0.1,1000,1,0,879102,871952,7150,32950647,32259215,4534.23947257155,1539.14970111067,2720.54368354293,32356496.9037358,0.0180315153224224,0.00301563146331267,0,0,291845.711207336,3.476691356,20260619
1,orig_decrease,10000,2,0.2,1.8,1e-06,100,7,0.1,1000,1,0,879102,870472,8630,32950647,32018428,4468.90823975669,1543.04892982797,2681.34494385402,32036289.1219649,0.0277493148476005,0.000557838815973632,0,0,53583.3658942005,3.546654857,20365348
2,orig_decrease,10000,2,0.2,1.8,1e-06,100,7,0.1,1000,1,0,879102,871266,7836,32950647,32158066,4515.57178044829,1546.16122490835,2709.34306826897,32151951.361357,0.0242391488896408,0.000190143233209253,0,0,-18343.9159286624,3.546617958,20470077
3,orig_decrease,10000,2,0.2,1.8,1e-06,100,7,0.1,1000,1,0,879102,870521,8581,32950647,32019635,4568.92218565676,1538.18254389665,2741.35331139406,32127578.5086952,0.0249788264037673,0.00337116612026293,0,0,323830.526085043,3.485330357,20574806
4,orig_decrease,10000,2,0.2,1.8,1e-06,100,7,0.1,1000,1,0,879102,869301,9801,32950647,31845771,4505.56006102401,1546.42270150646,2703.33603661441,31609175.4491887,0.0407115390120042,0.00742941820473681,0,0,-709786.652434315,3.519262458,20679535
0,orig_increase,10000,2,0.2,1.8,1e-06,100,7,0.15,1500,0.25,0,879102,1155617,276515,32950647,44556079,4572.49468904042,1635.66135461447,2743.49681342425,44409536.0432818,0.347759151535985,0.00328895540198328,0,0,-439628.8701549,5.808283095,20260619
1,orig_increase,10000,2,0.2,1.8,1e-06,100,7,0.15,1500,0.25,0,879102,1155496,276394,32950647,44898559,4589.43368746833,1623.17891499817,2753.660212481,44865850.1886505,0.361607563840871,0.000728504702110569,0,0,-98126.4340483646,5.858433495,20365348
2,orig_increase,10000,2,0.2,1.8,1e-06,100,7,0.15,1500,0.25,0,879102,1156287,277185,32950647,44754533,4630.52964610328,1603.26158524225,2778.31778766197,44929104.2016077,0.363527223049905,0.00390063731885431,0,0,523713.604823566,5.814913395,20470077
3,orig_increase,10000,2,0.2,1.8,1e-06,100,7,0.15,1500,0.25,0,879102,1155537,276435,32950647,44876239,4534.98907026603,1631.55350193587,2720.99344215962,44855710.662638,0.361299845269745,0.000457443355759408,0,0,-61585.0120868051,5.850024996,20574806
4,orig_increase,10000,2,0.2,1.8,1e-06,100,7,0.15,1500,0.25,0,879102,1154392,275290,32950647,44918768,4496.83601827042,1636.01494992803,2698.10161096225,45280563.2675727,0.374193449602757,0.00805443434184862,0,0,1085385.80271793,5.847672796,20679535
0,orig_decrease,10000,2,0.2,1.8,1e-06,100,7,0.15,1500,0.25,0,879102,874732,4370,32950647,32499258,4480.87908637066,1544.1715611261,2688.5274518224,32571883.7022023,0.0114948667866122,0.00223468801048677,0,0,217877.106606969,3.590395159,20260619
1,orig_decrease,10000,2,0.2,1.8,1e-06,100,7,0.15,1500,0.25,0,879102,874215,4887,32950647,32402915,4539.10392918409,1540.71144667013,2723.46235751046,32620953.2171138,0.010005684649719,0.00672896920273343,0,0,654114.651341768,3.614690659,20365348
2,orig_decrease,10000,2,0.2,1.8,1e-06,100,7,0.15,1500,0.25,0,879102,874644,4458,32950647,32483688,4491.09289682192,1535.67842283856,2694.65573809315,32150597.8862585,0.0242802247173317,0.0102540731748646,0,0,-999270.341224454,3.739764961,20470077
3,orig_decrease,10000,2,0.2,1.8,1e-06,100,7,0.15,1500,0.25,0,879102,874489,4613,32950647,32474443,4579.38321777211,1545.50497969122,2747.62993066326,32264215.9101745,0.0208320974645965,0.00647361649360744,0,0,-630681.269476098,3.612422259,20574806
4,orig_decrease,10000,2,0.2,1.8,1e-06,100,7,0.15,1500,0.25,0,879102,874097,5005,32950647,32409100,4500.83665052337,1549.66053021177,2700.50199031402,32538580.1983677,0.0125055754332319,0.00399518031564294,0,0,388440.595103435,3.749801262,20679535
0,orig_increase,10000,2,0.2,1.8,1e-06,100,7,0.15,1500,0.5,0,879102,1432203,553101,32950647,109376047,4942.56669149208,1817.42245315895,2965.54001489525,109217643.680586,2.31458267513186,0.00144824505693077,0,0,-475209.958243145,9.578659857,20260619
1,orig_increase,10000,2,0.2,1.8,1e-06,100,7,0.15,1500,0.5,0,879102,1431886,552784,32950647,110260358,5079.43368746833,1830.54505535768,3047.660212481,110224156.967463,2.34512876082413,0.000328323190614161,0,0,-108603.097610361,9.690654359,20365348
2,orig_increase,10000,2,0.2,1.8,1e-06,100,7,0.15,1500,0.5,0,879102,1432645,553543,32950647,109822602,5077.41638044803,1756.79806107184,3046.44982826882,110014020.854071,2.33875146227237,0.0017429823240816,0,0,574256.562212565,10.201684867,20470077
3,orig_increase,10000,2,0.2,1.8,1e-06,100,7,0.15,1500,0.5,0,879102,1432196,553094,32950647,110185165,4889.96173667092,1789.80854799047,2933.97704200255,110163029.823341,2.34327364871898,0.000200890715724277,0,0,-66405.5299783194,9.862822862,20574806
4,orig_increase,10000,2,0.2,1.8,1e-06,100,7,0.15,1500,0.5,0,879102,1430219,551117,32950647,109951886,4918.97356148092,1805.56333283828,2951.38413688855,110347644.561937,2.34887641392708,0.00359937947710123,0,0,1187275.68581203,9.502541055,20679535
0,orig_decrease,10000,2,0.2,1.8,1e-06,100,7,0.15,1500,0.5,0,879102,870444,8658,32950647,32080403,4480.87908637066,1538.1602815281,2688.5274518224,32153028.7022023,0.0242064532996176,0.00226386502072048,0,0,217877.106606969,3.558331158,20260619
1,orig_decrease,10000,2,0.2,1.8,1e-06,100,7,0.15,1500,0.5,0,879102,869243,9859,32950647,31884320,4539.10392918409,1538.6275801265,2723.46235751046,32102358.2171138,0.0257442223482357,0.00683841515559291,0,0,654114.651341768,3.63797616,20365348
2,orig_decrease,10000,2,0.2,1.8,1e-06,100,7,0.15,1500,0.5,0,879102,870216,8886,32950647,32047204,4491.09289682192,1534.66002428717,2694.65573809315,31714113.8862585,0.0375268234866973,0.0103937339975579,0,0,-999270.341224454,3.612503258,20470077
3,orig_decrease,10000,2,0.2,1.8,1e-06,100,7,0.15,1500,0.5,0,879102,869847,9255,32950647,32018231,4579.38321777211,1545.50497969122,2747.62993066326,31808003.9101745,0.0346774098191615,0.00656585586585111,0,0,-630681.269476098,3.591703959,20574806
4,orig_decrease,10000,2,0.2,1.8,1e-06,100,7,0.15,1500,0.5,0,879102,869257,9845,32950647,31918612,4500.83665052337,1547.88702657523,2700.50199031402,32048092.1983677,0.0273911101542949,0.00405657358683751,0,0,388440.595103435,3.483773057,20679535
0,orig_increase,10000,2,0.2,1.8,1e-06,100,8,0.15,1500,0.75,0,879102,1708558,829456,32950647,277432329,5472.56669149208,2086.64348943812,3283.54001489525,277253897.420266,7.41421709929599,0.000643153522795784,0,0,-535294.739199766,13.941766928,20260619
1,orig_increase,10000,2,0.2,1.8,1e-06,100,7,0.15,1500,0.75,0,879102,1707844,828742,32950647,278801190,5375.3195908551,2101.17214075666,3225.19175451306,278762880.193951,7.4600123388761,0.000137409047821519,0,0,-114929.418146115,13.311704818,20365348
2,orig_increase,10000,2,0.2,1.8,1e-06,100,8,0.15,1500,0.75,0,879102,1709190,830088,32950647,278452832,5583.86297943662,2032.41389562235,3350.31778766197,278664232.492063,7.45701853721,0.000759196775068123,0,0,634201.476191148,13.401545119,20470077
3,orig_increase,10000,2,0.2,1.8,1e-06,100,8,0.15,1500,0.75,0,879102,1708439,829337,32950647,278786020,5349.96173667092,2063.53614114049,3209.97704200255,278765160.687062,7.4600815482337,7.48219474486408e-05,0,0,-62577.9388158899,13.484599321,20574806
4,orig_increase,10000,2,0.2,1.8,1e-06,100,7,0.15,1500,0.75,0,879102,1707080,827978,32950647,278730722,5091.00499645061,2074.60966338745,3054.60299787037,279140321.440012,7.47146708348433,0.00146951666135878,0,0,1228798.32003278,13.597243122,20679535
0,orig_decrease,10000,2,0.2,1.8,1e-06,100,7,0.15,1500,0.75,0,879102,866071,13031,32950647,31670832,4480.87908637066,1534.48039453445,2688.5274518224,31743457.7022023,0.0366362851023135,0.00229314159483745,0,0,217877.106606969,3.64739456,20260619
1,orig_decrease,10000,2,0.2,1.8,1e-06,100,7,0.15,1500,0.75,0,879102,864640,14462,32950647,31428900,4539.10392918409,1534.91387531027,2723.46235751046,31646938.2171138,0.0395654987559491,0.00693750710695512,0,0,654114.651341768,3.773200762,20365348
2,orig_decrease,10000,2,0.2,1.8,1e-06,100,7,0.15,1500,0.75,0,879102,865832,13270,32950647,31631246,4491.09289682192,1534.66002428717,2694.65573809315,31298155.8862585,0.0501504906335058,0.0105304139375811,0,0,-999270.341224454,3.627567959,20470077
3,orig_decrease,10000,2,0.2,1.8,1e-06,100,7,0.15,1500,0.75,0,879102,865251,13851,32950647,31586936,4579.38321777211,1531.38125105449,2747.62993066326,31376708.9101745,0.0477665306488675,0.00665550751188766,0,0,-630681.269476098,3.832962663,20574806
4,orig_decrease,10000,2,0.2,1.8,1e-06,100,7,0.15,1500,0.75,0,879102,864411,14691,32950647,31432782,4500.83665052337,1541.4368658273,2700.50199031402,31562262.1983677,0.0421352819455195,0.00411927262333047,0,0,388440.595103435,3.714163361,20679535
0,orig_increase,10000,2,0.2,1.8,1e-06,100,8,0.15,1500,1,0,879102,1985881,1106779,32950647,600272344,5980.90002482542,2389.72688239681,3588.54001489525,600077338.347295,17.2113977412126,0.000324861964163842,0,0,-585016.958120596,10.721963275,20260619
1,orig_increase,10000,2,0.2,1.8,1e-06,100,8,0.15,1500,1,0,879102,1984135,1105033,32950647,600941080,5785.60334192963,2411.3748695597,3471.36200515778,600897660.079742,17.2362932078312,7.22532070162466e-05,0,0,-130259.760771227,10.917381979,20365348
2,orig_increase,10000,2,0.2,1.8,1e-06,100,8,0.15,1500,1,0,879102,1985629,1106527,32950647,600624541,6112.41638044803,2334.61491303393,3667.44982826882,600855952.092157,17.2350274364008,0.000385284110722615,0,0,694233.276470225,10.954990279,20470077
3,orig_increase,10000,2,0.2,1.8,1e-06,100,8,0.15,1500,1,0,879102,1984865,1105763,32950647,601067846,5884.96173667092,2383.32763253352,3530.97704200255,601044900.740851,17.240761728923,3.81741583785072e-05,0,0,-68835.7774536943,10.421561571,20574806
4,orig_increase,10000,2,0.2,1.8,1e-06,100,8,0.15,1500,1,0,879102,1983846,1104744,32950647,601386798,5902.30689481425,2387.33624566071,3541.38413688855,601869983.899493,17.2658016972927,0.000803452787955318,0,0,1449557.69847779,10.806474177,20679535
0,orig_decrease,10000,2,0.2,1.8,1e-06,100,7,0.15,1500,1,0,879102,861631,17471,32950647,31256992,4480.87908637066,1534.48039453445,2688.5274518224,31329617.7022023,0.0491956743003475,0.00232350260070704,0,0,217877.106606969,3.556701058,20260619
1,orig_decrease,10000,2,0.2,1.8,1e-06,100,7,0.15,1500,1,0,879102,859885,19217,32950647,30968819,4539.10392918409,1532.47148680957,2723.46235751046,31186857.2171138,0.0535282291387542,0.00704057255505277,0,0,654114.651341768,3.562974058,20365348
2,orig_decrease,10000,2,0.2,1.8,1e-06,100,7,0.15,1500,1,0,879102,861379,17723,32950647,31213804,4491.09289682192,1534.66002428717,2694.65573809315,30880713.8862585,0.0628191948322429,0.0106712438426749,0,0,-999270.341224454,3.430826556,20470077
3,orig_decrease,10000,2,0.2,1.8,1e-06,100,7,0.15,1500,1,0,879102,860615,18487,32950647,31152417,4579.38321777211,1524.26159473154,2747.62993066326,30942189.9101745,0.0609534947773719,0.00674833961761381,0,0,-630681.269476098,3.408563755,20574806
4,orig_decrease,10000,2,0.2,1.8,1e-06,100,7,0.15,1500,1,0,879102,859596,19506,32950647,30950341,4500.83665052337,1539.58659839866,2700.50199031402,31079821.1983677,0.0567766029490185,0.00418348212602031,0,0,388440.595103435,3.557732558,20679535
0,orig_increase,10000,2,0.2,1.8,1e-06,100,7,0.2,2000,0.25,0,879102,1370927,491825,32950647,59749501,4489.21424704445,1727.58608560594,2693.52854822667,59907227.7658132,0.818089573956263,0.00263980055353486,0,0,473180.297439622,8.218082034,20260619
1,orig_increase,10000,2,0.2,1.8,1e-06,100,7,0.2,2000,0.25,0,879102,1370105,491003,32950647,60218127,4780.95814326481,1724.74834086015,2868.57488595888,59727842.7146403,0.812645521486735,0.00814180562872174,0,0,-1470852.85607958,8.073172532,20365348
2,orig_increase,10000,2,0.2,1.8,1e-06,100,7,0.2,2000,0.25,0,879102,1371273,492171,32950647,60132510,4883.97016786218,1703.89380675927,2930.38210071731,60019304.2940386,0.821490919253834,0.00188260403501211,0,0,-339617.117883358,7.97963523,20470077
3,orig_increase,10000,2,0.2,1.8,1e-06,100,7,0.2,2000,0.25,0,879102,1370695,491593,32950647,60054803,4558.81226784252,1713.07933502118,2735.28736070551,60194226.8214421,0.826799541187829,0.00232160983763646,0,0,418271.464326807,8.310362936,20574806
4,orig_increase,10000,2,0.2,1.8,1e-06,100,7,0.2,2000,0.25,0,879102,1368805,489703,32950647,60551480,4501.43370092006,1711.97092418335,2700.86022055204,60270849.4802371,0.829124917645385,0.00463457738378734,0,0,-841891.559288117,8.490054139,20679535
0,orig_decrease,10000,2,0.2,1.8,1e-06,100,7,0.2,2000,0.25,0,879102,871073,8029,32950647,32112906,4503.82871909579,1528.66053402352,2702.29723145747,31798441.1896082,0.034967623257649,0.00979247441485936,0,0,-943394.431175305,3.512215657,20260619
1,orig_decrease,10000,2,0.2,1.8,1e-06,100,7,0.2,2000,0.25,0,879102,870225,8877,32950647,31940616,4588.14646933622,1541.22643727863,2752.88788160173,31651977.0720394,0.0394125774817285,0.00903673642238415,0,0,-865916.783881502,3.594242359,20365348
2,orig_decrease,10000,2,0.2,1.8,1e-06,100,7,0.2,2000,0.25,0,879102,870905,8197,32950647,32101854,4517.33527830327,1540.02479045746,2710.40116698196,32280221.2879642,0.0203463595733277,0.0055562924173853,0,0,535101.863892097,3.546097458,20470077
3,orig_decrease,10000,2,0.2,1.8,1e-06,100,7,0.2,2000,0.25,0,879102,870789,8313,32950647,32120196,4455.94665947888,1538.39811842294,2673.56799568733,31957099.6527755,0.030152589939265,0.00507768841835442,0,0,-489289.041673169,3.583607658,20574806
4,orig_decrease,10000,2,0.2,1.8,1e-06,100,7,0.2,2000,0.25,0,879102,869603,9499,32950647,31901080,4510.53627800169,1535.96371429255,2706.32176680101,31858717.8294106,0.033138322612888,0.001327922772188,0,0,-127086.511768418,3.528588458,20679535
0,orig_increase,10000,2,0.2,1.8,1e-06,100,8,0.2,2000,0.5,0,879102,1862351,983249,32950647,212817922,5312.65982132457,2061.14688405792,3187.59589279474,212997344.010619,5.46413237380798,0.000843077542214349,0,0,538266.031855683,16.143601764,20260619
1,orig_increase,10000,2,0.2,1.8,1e-06,100,8,0.2,2000,0.5,0,879102,1861506,982404,32950647,214259340,5400.95814326481,2066.6492521095,3240.57488595888,213706456.159433,5.48565280552558,0.00258044219013684,0,0,-1658651.52170366,16.800719975,20365348
2,orig_increase,10000,2,0.2,1.8,1e-06,100,8,0.2,2000,0.5,0,879102,1862857,983755,32950647,213867372,5530.63683452884,2009.40994691648,3318.38210071731,213742607.443522,5.48674993979698,0.000583373495973438,0,0,-374293.669435932,16.397697568,20470077
3,orig_increase,10000,2,0.2,1.8,1e-06,100,7,0.2,2000,0.5,0,879102,1862283,983181,32950647,213679740,5116.95980043058,2045.45147220939,3070.17588025835,213836233.851385,5.48959135313445,0.00073237571042287,0,0,469481.554159373,15.978147761,20574806
4,orig_increase,10000,2,0.2,1.8,1e-06,100,8,0.2,2000,0.5,0,879102,1858460,979358,32950647,214230945,5142.346730996,2011.61847686435,3085.4080385976,213908676.014253,5.49178985815522,0.00150430641916567,0,0,-966806.957242041,16.027392962,20679535
0,orig_decrease,10000,2,0.2,1.8,1e-06,100,7,0.2,2000,0.5,0,879102,863083,16019,32950647,31346323,4503.82871909579,1511.54101444473,2702.29723145747,31031858.1896082,0.0582322043749798,0.0100319520854747,0,0,-943394.431175305,3.501937258,20260619
1,orig_decrease,10000,2,0.2,1.8,1e-06,100,7,0.2,2000,0.5,0,879102,861317,17785,32950647,31012527,4588.14646933622,1526.01742110569,2752.88788160173,30723888.0720394,0.0675786101547741,0.00930717216177122,0,0,-865916.783881502,3.545140057,20365348
2,orig_decrease,10000,2,0.2,1.8,1e-06,100,7,0.2,2000,0.5,0,879102,862588,16514,32950647,31309070,4517.33527830327,1538.26160071399,2710.40116698196,31487437.2879643,0.0444060995838942,0.00569698454678643,0,0,535101.863892097,3.346845155,20470077
3,orig_decrease,10000,2,0.2,1.8,1e-06,100,7,0.2,2000,0.5,0,879102,862434,16668,32950647,31326678,4455.94665947888,1525.15487857423,2673.56799568733,31163581.6527755,0.0542346056884547,0.00520630841305493,0,0,-489289.041673169,3.405112156,20574806
4,orig_decrease,10000,2,0.2,1.8,1e-06,100,7,0.2,2000,0.5,0,879102,860334,18768,32950647,30948216,4510.53627800169,1531.96104990114,2706.32176680101,30905853.8294106,0.0620562373354728,0.00136880815971375,0,0,-127086.511768418,3.563845258,20679535
0,orig_increase,10000,2,0.2,1.8,1e-06,100,8,0.2,2000,0.75,0,879102,2353978,1474876,32950647,611189219,5788.3819800541,2465.64521196211,3473.02918803246,611384707.355742,17.5545584994353,0.000319849155818201,0,0,586465.06722725,24.778761505,20260619
1,orig_increase,10000,2,0.2,1.8,1e-06,100,8,0.2,2000,0.75,0,879102,2352459,1473357,32950647,613379803,5722.65080587919,2485.75205648307,3433.59048352751,612793988.210869,17.5973279435414,0.000955060447484938,0,0,-1757444.36738265,25.506444617,20365348
2,orig_increase,10000,2,0.2,1.8,1e-06,100,8,0.2,2000,0.75,0,879102,2352967,1473865,32950647,611472804,6128.74718723387,2429.36556243961,3677.24831234032,611334546.788857,17.5530362055973,0.000226105249879823,0,0,-414771.633428059,25.301723014,20470077
3,orig_increase,10000,2,0.2,1.8,1e-06,100,8,0.2,2000,0.75,0,879102,2353455,1474353,32950647,612405861,5938.81226784252,2448.78306906891,3563.28736070551,612585477.792334,17.5909999822563,0.000293296984520857,0,0,538850.376997499,24.822454206,20574806
4,orig_increase,10000,2,0.2,1.8,1e-06,100,8,0.2,2000,0.75,0,879102,2349567,1470465,32950647,613221804,5760.09650970166,2451.24544440173,3456.057905821,612860820.86193,17.5993562087546,0.000588666508129431,0,0,-1082949.41420383,25.515520017,20679535
0,orig_decrease,10000,2,0.2,1.8,1e-06,100,7,0.2,2000,0.75,0,879102,855079,24023,32950647,30591837,4503.82871909579,1509.4983590281,2702.29723145747,30277372.1896082,0.0811296606828939,0.0102793699636873,0,0,-943394.431175305,3.606876159,20260619
1,orig_decrease,10000,2,0.2,1.8,1e-06,100,7,0.2,2000,0.75,0,879102,852754,26348,32950647,30186836,4588.14646933622,1519.39977578942,2752.88788160173,29898197.0720395,0.092637025547952,0.00956174830514031,0,0,-865916.783881502,3.548484558,20365348
2,orig_decrease,10000,2,0.2,1.8,1e-06,100,6,0.2,2000,0.75,0,879102,854403,24699,32950647,30575404,4517.33527830327,1528.62076373424,2710.40116698196,30752871.6139233,0.0666990055180625,0.00580426063784048,0,0,532402.841769218,3.446465556,20470077
3,orig_decrease,10000,2,0.2,1.8,1e-06,100,7,0.2,2000,0.75,0,879102,854178,24924,32950647,30585487,4455.94665947888,1522.9441176638,2673.56799568733,30422390.6527755,0.0767285797824988,0.00533247507958449,0,0,-489289.041673169,3.63101546,20574806
4,orig_decrease,10000,2,0.2,1.8,1e-06,100,7,0.2,2000,0.75,0,879102,851084,28018,32950647,30073659,4510.53627800169,1523.96550847714,2706.32176680101,30031296.8294106,0.0885976585099941,0.00140861378355595,0,0,-127086.511768418,3.478048157,20679535
0,orig_increase,10000,2,0.2,1.8,1e-06,100,10,0.2,2000,1,0,879102,2845990,1966888,32950647,1374693987,6470.04864672077,2912.86745397532,3882.02918803246,1374918086.21147,40.7265884403262,0.000163017525054802,0,0,672297.634402866,17.676080289,20260619
1,orig_increase,10000,2,0.2,1.8,1e-06,100,9,0.2,2000,1,0,879102,2842997,1963895,32950647,1375380995,6327.65080587919,2916.2959161579,3796.59048352751,1374738388.71641,40.7211349056791,0.000467220563556736,0,0,-1927818.8507679,17.74203639,20365348
2,orig_increase,10000,2,0.2,1.8,1e-06,100,9,0.2,2000,1,0,879102,2845222,1966120,32950647,1375383776,6835.63683452884,2884.6488625678,4101.38210071731,1375221201.09688,40.7357874974922,0.000118203301477441,0,0,-487724.70935789,16.929342677,20470077
3,orig_increase,10000,2,0.2,1.8,1e-06,100,9,0.2,2000,1,0,879102,2844887,1965785,32950647,1375436001,6593.81226784252,2901.68096284884,3956.28736070551,1375638777.62341,40.7484602843583,0.000147427160014429,0,0,608329.870225504,17.197146782,20574806
4,orig_increase,10000,2,0.2,1.8,1e-06,100,10,0.2,2000,1,0,879102,2840857,1961755,32950647,1376314109,6530.03189529157,2900.46920880985,3918.01913717495,1375895493.84939,40.7562512156254,0.000304156694949234,0,0,-1255845.45181491,17.612256688,20679535
0,orig_decrease,10000,2,0.2,1.8,1e-06,100,7,0.2,2000,1,0,879102,846990,32112,32950647,29873010,4503.82871909579,1500.01888062936,2702.29723145747,29558545.1896082,0.102944922762574,0.0105267199519508,0,0,-943394.431175305,3.385205956,20260619
1,orig_decrease,10000,2,0.2,1.8,1e-06,100,7,0.2,2000,1,0,879102,843997,35105,32950647,29373992,4588.14646933622,1505.62044673491,2752.88788160173,29085353.0720394,0.11730555481841,0.00982634324815541,0,0,-865916.783881502,3.297713654,20365348
2,orig_decrease,10000,2,0.2,1.8,1e-06,100,6,0.2,2000,1,0,879102,846222,32880,32950647,29854649,4517.33527830327,1524.60551822566,2710.40116698196,30032116.6139232,0.0885727793471485,0.00594438788823872,0,0,532402.841769218,3.379249555,20470077
3,orig_decrease,10000,2,0.2,1.8,1e-06,100,7,0.2,2000,1,0,879102,845887,33215,32950647,29866351,4455.94665947888,1506.13627335811,2673.56799568733,29703254.6527756,0.0985532195232586,0.00546087291428414,0,0,-489289.041673169,3.437617456,20574806
4,orig_decrease,10000,2,0.2,1.8,1e-06,100,7,0.2,2000,1,0,879102,841857,37245,32950647,29218083,4510.53627800169,1521.92871698759,2706.32176680101,29175720.8294106,0.11456303636737,0.0014498613954031,0,0,-127086.511768418,3.358167555,20679535
0,lap_fixed_increase,10000,0.5,0.05,0.45,1e-06,100,3,0.05,500,0,0.25,879102,879102,0,32950647,32950647,26083.3552413406,2663.28628881644,3912.50328620109,32020113.3741274,0.0282402232002472,0.0282402232002472,500,125,-2791725.87761742,3.303137954,20260619
1,lap_fixed_increase,10000,0.5,0.05,0.45,1e-06,100,3,0.05,500,0,0.25,879102,879102,0,32950647,32950647,25751.2876369702,2663.65656956992,3862.69314554553,31249431.4569458,0.0516291999684913,0.0516291999684913,500,125,-5103771.62916256,3.340770854,20365348
2,lap_fixed_increase,10000,0.5,0.05,0.45,1e-06,100,3,0.05,500,0,0.25,879102,879102,0,32950647,32950647,24943.0585679439,2688.10336253968,3741.45878519159,32775951.1638699,0.00530174221253023,0.00530174221253023,500,125,-524212.508390499,3.345304855,20470077
3,lap_fixed_increase,10000,0.5,0.05,0.45,1e-06,100,3,0.05,500,0,0.25,879102,879102,0,32950647,32950647,24979.1366342952,2664.48335062126,3746.87049514428,31692275.4724376,0.0381895847921421,0.0381895847921421,500,125,-3775239.58268717,3.260359554,20574806
4,lap_fixed_increase,10000,0.5,0.05,0.45,1e-06,100,3,0.05,500,0,0.25,879102,879102,0,32950647,32950647,25693.2489891533,2685.39767811875,3853.98734837299,31563398.8728263,0.042100785674216,0.042100785674216,500,125,-4161869.38152185,3.317100955,20679535
0,lap_fixed_decrease,10000,0.5,0.05,0.45,1e-06,100,3,0.05,500,0,0.25,879102,879102,0,32950647,32950647,26083.3552413406,2663.28628881644,3912.50328620109,32020030.0407941,0.0282427522350591,0.0282427522350591,500,-125,-2791725.87761742,3.314395154,20260619
1,lap_fixed_decrease,10000,0.5,0.05,0.45,1e-06,100,3,0.05,500,0,0.25,879102,879102,0,32950647,32950647,25751.2876369702,2663.65656956992,3862.69314554553,31249348.1236125,0.0516317290033032,0.0516317290033032,500,-125,-5103771.62916256,3.377973255,20365348
2,lap_fixed_decrease,10000,0.5,0.05,0.45,1e-06,100,3,0.05,500,0,0.25,879102,879102,0,32950647,32950647,24943.0585679439,2688.10336253968,3741.45878519159,32775867.8305366,0.00530427124734196,0.00530427124734196,500,-125,-524212.508390499,3.368371455,20470077
3,lap_fixed_decrease,10000,0.5,0.05,0.45,1e-06,100,3,0.05,500,0,0.25,879102,879102,0,32950647,32950647,24979.1366342952,2664.48335062126,3746.87049514428,31692192.1391042,0.038192113826954,0.038192113826954,500,-125,-3775239.58268717,3.454516056,20574806
4,lap_fixed_decrease,10000,0.5,0.05,0.45,1e-06,100,3,0.05,500,0,0.25,879102,879102,0,32950647,32950647,25693.2489891533,2685.39767811875,3853.98734837299,31563315.5394929,0.0421033147090277,0.0421033147090277,500,-125,-4161869.38152185,3.423248756,20679535
0,lap_scale_increase,10000,0.5,0.05,0.45,1e-06,100,3,0.05,500,0,0.25,879102,879102,0,32950647,32950647,26083.3552413406,2663.28628881644,3912.50328620109,33106878.17585,0.00474136898889938,0.00474136898889938,500,3260419.40516753,-2791725.87761742,3.178767752,20260619
1,lap_scale_increase,10000,0.5,0.05,0.45,1e-06,100,3,0.05,500,0,0.25,879102,879102,0,32950647,32950647,25751.2876369702,2663.65656956992,3862.69314554553,32322360.1084862,0.0190675130450044,0.0190675130450044,500,3218910.95462131,-5103771.62916256,3.120280451,20365348
2,lap_scale_increase,10000,0.5,0.05,0.45,1e-06,100,3,0.05,500,0,0.25,879102,879102,0,32950647,32950647,24943.0585679439,2688.10336253968,3741.45878519159,33815203.6042009,0.0262379249852343,0.0262379249852343,500,3117882.32099296,-524212.508390499,3.269993654,20470077
3,lap_scale_increase,10000,0.5,0.05,0.45,1e-06,100,3,0.05,500,0,0.25,879102,879102,0,32950647,32950647,24979.1366342952,2664.48335062126,3746.87049514428,32733031.1655333,0.00660429625150393,0.00660429625150393,500,3122392.07928691,-3775239.58268717,3.324999054,20574806
4,lap_scale_increase,10000,0.5,0.05,0.45,1e-06,100,3,0.05,500,0,0.25,879102,879102,0,32950647,32950647,25693.2489891533,2685.39767811875,3853.98734837299,32633909.2473743,0.00961248963110361,0.00961248963110361,500,3211656.12364419,-4161869.38152185,3.230482953,20679535
0,lap_scale_decrease,10000,0.5,0.05,0.45,1e-06,100,3,0.05,500,0,0.25,879102,879102,0,32950647,32950647,26083.3552413406,2663.28628881644,3912.50328620109,30933265.2390717,0.0612243444242032,0.0612243444242032,500,-3260419.40516753,-2791725.87761742,3.347034355,20260619
1,lap_scale_decrease,10000,0.5,0.05,0.45,1e-06,100,3,0.05,500,0,0.25,879102,879102,0,32950647,32950647,25751.2876369702,2663.65656956992,3862.69314554553,30176419.472072,0.0841934159267963,0.0841934159267963,500,-3218910.95462131,-5103771.62916256,3.254805854,20365348
2,lap_scale_decrease,10000,0.5,0.05,0.45,1e-06,100,3,0.05,500,0,0.25,879102,879102,0,32950647,32950647,24943.0585679439,2688.10336253968,3741.45878519159,31736615.3902056,0.0368439384451063,0.0368439384451063,500,-3117882.32099296,-524212.508390499,3.346640455,20470077
3,lap_scale_decrease,10000,0.5,0.05,0.45,1e-06,100,3,0.05,500,0,0.25,879102,879102,0,32950647,32950647,24979.1366342952,2664.48335062126,3746.87049514428,30651436.4460086,0.0697774023675885,0.0697774023675885,500,-3122392.07928691,-3775239.58268717,3.139040152,20574806
4,lap_scale_decrease,10000,0.5,0.05,0.45,1e-06,100,3,0.05,500,0,0.25,879102,879102,0,32950647,32950647,25693.2489891533,2685.39767811875,3853.98734837299,30492805.1649449,0.0745916107521386,0.0745916107521386,500,-3211656.12364419,-4161869.38152185,3.291263954,20679535
0,lap_count_increase,10000,0.5,0.05,0.45,1e-06,100,3,0.05,500,0,0.25,879102,879102,0,32950647,32950647,26083.3552413406,2663.28628881644,3912.50328620109,32418686.5407941,0.0161441582378002,0.0161441582378002,495,1195844.5,-2791725.87761742,3.285643454,20260619
1,lap_count_increase,10000,0.5,0.05,0.45,1e-06,100,3,0.05,500,0,0.25,879102,879102,0,32950647,32950647,25751.2876369702,2663.65656956992,3862.69314554553,31667910.2902792,0.0389290295186266,0.0389290295186266,492,1255561.5,-5103771.62916256,3.316867555,20365348
2,lap_count_increase,10000,0.5,0.05,0.45,1e-06,100,3,0.05,500,0,0.25,879102,879102,0,32950647,32950647,24943.0585679439,2688.10336253968,3741.45878519159,33171542.0805366,0.00670381618110834,0.00670381618110834,497,1186897.75,-524212.508390499,3.375044555,20470077
3,lap_count_increase,10000,0.5,0.05,0.45,1e-06,100,3,0.05,500,0,0.25,879102,879102,0,32950647,32950647,24979.1366342952,2664.48335062126,3746.87049514428,32126642.5557709,0.0250072310940995,0.0250072310940995,498,1303226.25,-3775239.58268717,3.294248254,20574806
4,lap_count_increase,10000,0.5,0.05,0.45,1e-06,100,3,0.05,500,0,0.25,879102,879102,0,32950647,32950647,25693.2489891533,2685.39767811875,3853.98734837299,32051252.1228263,0.0272952114467957,0.0272952114467957,495,1463684.75,-4161869.38152185,3.281839754,20679535
0,lap_count_decrease,10000,0.5,0.05,0.45,1e-06,100,3,0.05,500,0,0.25,879102,879102,0,32950647,32950647,26083.3552413406,2663.28628881644,3912.50328620109,31621456.8741274,0.0403388171975062,0.0403388171975062,495,-1195844.5,-2791725.87761742,3.530379258,20260619
1,lap_count_decrease,10000,0.5,0.05,0.45,1e-06,100,3,0.05,500,0,0.25,879102,879102,0,32950647,32950647,25751.2876369702,2663.65656956992,3862.69314554553,30830869.2902791,0.0643318994531691,0.0643318994531691,492,-1255561.5,-5103771.62916256,3.418902756,20365348
2,lap_count_decrease,10000,0.5,0.05,0.45,1e-06,100,3,0.05,500,0,0.25,879102,879102,0,32950647,32950647,24943.0585679439,2688.10336253968,3741.45878519159,32380276.9138699,0.0173098296409805,0.0173098296409805,497,-1186897.75,-524212.508390499,3.409933255,20470077
3,lap_count_decrease,10000,0.5,0.05,0.45,1e-06,100,3,0.05,500,0,0.25,879102,879102,0,32950647,32950647,24979.1366342952,2664.48335062126,3746.87049514428,31257825.0557709,0.0513744675249953,0.0513744675249953,498,-1303226.25,-3775239.58268717,3.428135056,20574806
4,lap_count_decrease,10000,0.5,0.05,0.45,1e-06,100,3,0.05,500,0,0.25,879102,879102,0,32950647,32950647,25693.2489891533,2685.39767811875,3853.98734837299,31075462.2894929,0.0569088889364476,0.0569088889364476,495,-1463684.75,-4161869.38152185,3.421575056,20679535
0,lap_fixed_increase,10000,0.5,0.05,0.45,1e-06,100,3,0.05,500,0,0.5,879102,879102,0,32950647,32950647,26083.3552413406,2663.28628881644,3912.50328620109,32020155.0407941,0.0282389586828414,0.0282389586828414,500,250,-2791725.87761742,3.332077154,20260619
1,lap_fixed_increase,10000,0.5,0.05,0.45,1e-06,100,3,0.05,500,0,0.5,879102,879102,0,32950647,32950647,25751.2876369702,2663.65656956992,3862.69314554553,31249473.1236125,0.0516279354510855,0.0516279354510855,500,250,-5103771.62916256,3.353698955,20365348
2,lap_fixed_increase,10000,0.5,0.05,0.45,1e-06,100,3,0.05,500,0,0.5,879102,879102,0,32950647,32950647,24943.0585679439,2688.10336253968,3741.45878519159,32775992.8305366,0.00530047769512431,0.00530047769512431,500,250,-524212.508390499,3.400406156,20470077
3,lap_fixed_increase,10000,0.5,0.05,0.45,1e-06,100,3,0.05,500,0,0.5,879102,879102,0,32950647,32950647,24979.1366342952,2664.48335062126,3746.87049514428,31692317.1391042,0.0381883202747363,0.0381883202747363,500,250,-3775239.58268717,3.323954855,20574806
4,lap_fixed_increase,10000,0.5,0.05,0.45,1e-06,100,3,0.05,500,0,0.5,879102,879102,0,32950647,32950647,25693.2489891533,2685.39767811875,3853.98734837299,31563440.5394929,0.0420995211568101,0.0420995211568101,500,250,-4161869.38152185,3.311318254,20679535
0,lap_fixed_decrease,10000,0.5,0.05,0.45,1e-06,100,3,0.05,500,0,0.5,879102,879102,0,32950647,32950647,26083.3552413406,2663.28628881644,3912.50328620109,32019988.3741274,0.0282440167524649,0.0282440167524649,500,-250,-2791725.87761742,3.270560453,20260619
1,lap_fixed_decrease,10000,0.5,0.05,0.45,1e-06,100,3,0.05,500,0,0.5,879102,879102,0,32950647,32950647,25751.2876369702,2663.65656956992,3862.69314554553,31249306.4569458,0.0516329935207092,0.0516329935207092,500,-250,-5103771.62916256,3.344014555,20365348
2,lap_fixed_decrease,10000,0.5,0.05,0.45,1e-06,100,3,0.05,500,0,0.5,879102,879102,0,32950647,32950647,24943.0585679439,2688.10336253968,3741.45878519159,32775826.1638699,0.00530553576474788,0.00530553576474788,500,-250,-524212.508390499,3.284355154,20470077
3,lap_fixed_decrease,10000,0.5,0.05,0.45,1e-06,100,3,0.05,500,0,0.5,879102,879102,0,32950647,32950647,24979.1366342952,2664.48335062126,3746.87049514428,31692150.4724376,0.0381933783443598,0.0381933783443598,500,-250,-3775239.58268717,3.254846954,20574806
4,lap_fixed_decrease,10000,0.5,0.05,0.45,1e-06,100,3,0.05,500,0,0.5,879102,879102,0,32950647,32950647,25693.2489891533,2685.39767811875,3853.98734837299,31563273.8728263,0.0421045792264336,0.0421045792264336,500,-250,-4161869.38152185,3.326395254,20679535
0,lap_scale_increase,10000,0.5,0.05,0.45,1e-06,100,3,0.05,500,0,0.5,879102,879102,0,32950647,32950647,26083.3552413406,2663.28628881644,3912.50328620109,34193684.6442392,0.0377242256954539,0.0377242256954539,500,6520838.81033506,-2791725.87761742,3.340215254,20260619
1,lap_scale_increase,10000,0.5,0.05,0.45,1e-06,100,3,0.05,500,0,0.5,879102,879102,0,32950647,32950647,25751.2876369702,2663.65656956992,3862.69314554553,33395330.4266933,0.0134954383958937,0.0134954383958937,500,6437821.90924262,-5103771.62916256,3.322004655,20365348
2,lap_scale_increase,10000,0.5,0.05,0.45,1e-06,100,3,0.05,500,0,0.5,879102,879102,0,32950647,32950647,24943.0585679439,2688.10336253968,3741.45878519159,34854497.7111986,0.0577788567004029,0.0577788567004029,500,6235764.64198592,-524212.508390499,3.368963855,20470077
3,lap_scale_increase,10000,0.5,0.05,0.45,1e-06,100,3,0.05,500,0,0.5,879102,879102,0,32950647,32950647,24979.1366342952,2664.48335062126,3746.87049514428,33773828.5252956,0.0249822568065381,0.0249822568065381,500,6244784.15857383,-3775239.58268717,3.375592155,20574806
4,lap_scale_increase,10000,0.5,0.05,0.45,1e-06,100,3,0.05,500,0,0.5,879102,879102,0,32950647,32950647,25693.2489891533,2685.39767811875,3853.98734837299,33704461.2885891,0.0228770709294135,0.0228770709294135,500,6423312.24728838,-4161869.38152185,3.341933155,20679535
0,lap_scale_decrease,10000,0.5,0.05,0.45,1e-06,100,3,0.05,500,0,0.5,879102,879102,0,32950647,32950647,26083.3552413406,2663.28628881644,3912.50328620109,29846458.7706825,0.0942072011307539,0.0942072011307539,500,-6520838.81033506,-2791725.87761742,3.301543154,20260619
1,lap_scale_decrease,10000,0.5,0.05,0.45,1e-06,100,3,0.05,500,0,0.5,879102,879102,0,32950647,32950647,25751.2876369702,2663.65656956992,3862.69314554553,29103449.1538649,0.116756367367692,0.116756367367692,500,-6437821.90924262,-5103771.62916256,3.324788954,20365348
2,lap_scale_decrease,10000,0.5,0.05,0.45,1e-06,100,3,0.05,500,0,0.5,879102,879102,0,32950647,32950647,24943.0585679439,2688.10336253968,3741.45878519159,30697321.2832079,0.0683848701602766,0.0683848701602766,500,-6235764.64198592,-524212.508390499,3.266394953,20470077
3,lap_scale_decrease,10000,0.5,0.05,0.45,1e-06,100,3,0.05,500,0,0.5,879102,879102,0,32950647,32950647,24979.1366342952,2664.48335062126,3746.87049514428,29610639.0862464,0.101363955425628,0.101363955425628,500,-6244784.15857383,-3775239.58268717,3.325652055,20574806
4,lap_scale_decrease,10000,0.5,0.05,0.45,1e-06,100,3,0.05,500,0,0.5,879102,879102,0,32950647,32950647,25693.2489891533,2685.39767811875,3853.98734837299,29422253.1237301,0.107081171312657,0.107081171312657,500,-6423312.24728838,-4161869.38152185,3.359898955,20679535
0,lap_count_increase,10000,0.5,0.05,0.45,1e-06,100,3,0.05,500,0,0.5,879102,879102,0,32950647,32950647,26083.3552413406,2663.28628881644,3912.50328620109,32817301.3741274,0.00404682875794779,0.00404682875794779,495,2391689,-2791725.87761742,3.475695056,20260619
1,lap_count_increase,10000,0.5,0.05,0.45,1e-06,100,3,0.05,500,0,0.5,879102,879102,0,32950647,32950647,25751.2876369702,2663.65656956992,3862.69314554553,32086430.7902792,0.0262275945513557,0.0262275945513557,492,2511123,-5103771.62916256,3.111063051,20365348
2,lap_count_increase,10000,0.5,0.05,0.45,1e-06,100,3,0.05,500,0,0.5,879102,879102,0,32950647,32950647,24943.0585679439,2688.10336253968,3741.45878519159,33567174.6638699,0.0187106390921527,0.0187106390921527,497,2373795.5,-524212.508390499,3.240421154,20470077
3,lap_count_increase,10000,0.5,0.05,0.45,1e-06,100,3,0.05,500,0,0.5,879102,879102,0,32950647,32950647,24979.1366342952,2664.48335062126,3746.87049514428,32561051.3057709,0.0118236128786514,0.0118236128786514,498,2606452.5,-3775239.58268717,3.422570856,20574806
4,lap_count_increase,10000,0.5,0.05,0.45,1e-06,100,3,0.05,500,0,0.5,879102,879102,0,32950647,32950647,25693.2489891533,2685.39767811875,3853.98734837299,32539147.0394929,0.01248837270197,0.01248837270197,495,2927369.5,-4161869.38152185,3.264452154,20679535
0,lap_count_decrease,10000,0.5,0.05,0.45,1e-06,100,3,0.05,500,0,0.5,879102,879102,0,32950647,32950647,26083.3552413406,2663.28628881644,3912.50328620109,31222842.0407941,0.0524361466773594,0.0524361466773594,495,-2391689,-2791725.87761742,3.320369254,20260619
1,lap_count_decrease,10000,0.5,0.05,0.45,1e-06,100,3,0.05,500,0,0.5,879102,879102,0,32950647,32950647,25751.2876369702,2663.65656956992,3862.69314554553,30412348.7902791,0.0770333344204422,0.0770333344204422,492,-2511123,-5103771.62916256,3.284328754,20365348
2,lap_count_decrease,10000,0.5,0.05,0.45,1e-06,100,3,0.05,500,0,0.5,879102,879102,0,32950647,32950647,24943.0585679439,2688.10336253968,3741.45878519159,31984644.3305366,0.0293166525520256,0.0293166525520256,497,-2373795.5,-524212.508390499,3.356792155,20470077
3,lap_count_decrease,10000,0.5,0.05,0.45,1e-06,100,3,0.05,500,0,0.5,879102,879102,0,32950647,32950647,24979.1366342952,2664.48335062126,3746.87049514428,30823416.3057709,0.0645580857404433,0.0645580857404433,498,-2606452.5,-3775239.58268717,3.176980252,20574806
4,lap_count_decrease,10000,0.5,0.05,0.45,1e-06,100,3,0.05,500,0,0.5,879102,879102,0,32950647,32950647,25693.2489891533,2685.39767811875,3853.98734837299,30587567.3728262,0.0717157276812737,0.0717157276812737,495,-2927369.5,-4161869.38152185,3.248918053,20679535
0,lap_fixed_increase,10000,0.5,0.05,0.45,1e-06,100,3,0.05,500,0,1,879102,879102,0,32950647,32950647,26083.3552413406,2663.28628881644,3912.50328620109,32020238.3741274,0.0282364296480296,0.0282364296480296,500,500,-2791725.87761742,3.330388555,20260619
1,lap_fixed_increase,10000,0.5,0.05,0.45,1e-06,100,3,0.05,500,0,1,879102,879102,0,32950647,32950647,25751.2876369702,2663.65656956992,3862.69314554553,31249556.4569458,0.0516254064162736,0.0516254064162736,500,500,-5103771.62916256,3.415904356,20365348
2,lap_fixed_increase,10000,0.5,0.05,0.45,1e-06,100,3,0.05,500,0,1,879102,879102,0,32950647,32950647,24943.0585679439,2688.10336253968,3741.45878519159,32776076.1638699,0.00529794866031258,0.00529794866031258,500,500,-524212.508390499,3.337498055,20470077
3,lap_fixed_increase,10000,0.5,0.05,0.45,1e-06,100,3,0.05,500,0,1,879102,879102,0,32950647,32950647,24979.1366342952,2664.48335062126,3746.87049514428,31692400.4724376,0.0381857912399245,0.0381857912399245,500,500,-3775239.58268717,3.314531754,20574806
4,lap_fixed_increase,10000,0.5,0.05,0.45,1e-06,100,3,0.05,500,0,1,879102,879102,0,32950647,32950647,25693.2489891533,2685.39767811875,3853.98734837299,31563523.8728263,0.0420969921219983,0.0420969921219983,500,500,-4161869.38152185,3.296217353,20679535
0,lap_fixed_decrease,10000,0.5,0.05,0.45,1e-06,100,3,0.05,500,0,1,879102,879102,0,32950647,32950647,26083.3552413406,2663.28628881644,3912.50328620109,32019905.0407941,0.0282465457872767,0.0282465457872767,500,-500,-2791725.87761742,3.374962755,20260619
1,lap_fixed_decrease,10000,0.5,0.05,0.45,1e-06,100,3,0.05,500,0,1,879102,879102,0,32950647,32950647,25751.2876369702,2663.65656956992,3862.69314554553,31249223.1236125,0.0516355225555209,0.0516355225555209,500,-500,-5103771.62916256,3.408512956,20365348
2,lap_fixed_decrease,10000,0.5,0.05,0.45,1e-06,100,3,0.05,500,0,1,879102,879102,0,32950647,32950647,24943.0585679439,2688.10336253968,3741.45878519159,32775742.8305366,0.00530806479955962,0.00530806479955962,500,-500,-524212.508390499,3.430628756,20470077
3,lap_fixed_decrease,10000,0.5,0.05,0.45,1e-06,100,3,0.05,500,0,1,879102,879102,0,32950647,32950647,24979.1366342952,2664.48335062126,3746.87049514428,31692067.1391042,0.0381959073791716,0.0381959073791716,500,-500,-3775239.58268717,3.404215856,20574806
4,lap_fixed_decrease,10000,0.5,0.05,0.45,1e-06,100,3,0.05,500,0,1,879102,879102,0,32950647,32950647,25693.2489891533,2685.39767811875,3853.98734837299,31563190.5394929,0.0421071082612454,0.0421071082612454,500,-500,-4161869.38152185,3.361860455,20679535
0,lap_scale_increase,10000,0.5,0.05,0.45,1e-06,100,3,0.05,500,0,1,879102,879102,0,32950647,32950647,26083.3552413406,2663.28628881644,3912.50328620109,36367297.5810175,0.103689939108556,0.103689939108556,500,13041677.6206701,-2791725.87761742,3.393601255,20260619
1,lap_scale_increase,10000,0.5,0.05,0.45,1e-06,100,3,0.05,500,0,1,879102,879102,0,32950647,32950647,25751.2876369702,2663.65656956992,3862.69314554553,35541271.0631076,0.0786213412776857,0.0786213412776857,500,12875643.8184852,-5103771.62916256,3.317158854,20365348
2,lap_scale_increase,10000,0.5,0.05,0.45,1e-06,100,3,0.05,500,0,1,879102,879102,0,32950647,32950647,24943.0585679439,2688.10336253968,3741.45878519159,36933085.9251939,0.120860720130743,0.120860720130743,500,12471529.2839718,-524212.508390499,3.364342255,20470077
3,lap_scale_increase,10000,0.5,0.05,0.45,1e-06,100,3,0.05,500,0,1,879102,879102,0,32950647,32950647,24979.1366342952,2664.48335062126,3746.87049514428,35855423.2448202,0.0881553629226216,0.0881553629226216,500,12489568.3171477,-3775239.58268717,3.380177156,20574806
4,lap_scale_increase,10000,0.5,0.05,0.45,1e-06,100,3,0.05,500,0,1,879102,879102,0,32950647,32950647,25693.2489891533,2685.39767811875,3853.98734837299,35845565.3710185,0.0878561920504485,0.0878561920504485,500,12846624.4945768,-4161869.38152185,3.380755355,20679535
0,lap_scale_decrease,10000,0.5,0.05,0.45,1e-06,100,3,0.05,500,0,1,879102,879102,0,32950647,32950647,26083.3552413406,2663.28628881644,3912.50328620109,27672845.8339041,0.160172914543859,0.160172914543859,500,-13041677.6206701,-2791725.87761742,3.435873956,20260619
1,lap_scale_decrease,10000,0.5,0.05,0.45,1e-06,100,3,0.05,500,0,1,879102,879102,0,32950647,32950647,25751.2876369702,2663.65656956992,3862.69314554553,26957508.5174507,0.181882270249482,0.181882270249482,500,-12875643.8184852,-5103771.62916256,3.360151255,20365348
2,lap_scale_decrease,10000,0.5,0.05,0.45,1e-06,100,3,0.05,500,0,1,879102,879102,0,32950647,32950647,24943.0585679439,2688.10336253968,3741.45878519159,28618733.0692125,0.131466733590617,0.131466733590617,500,-12471529.2839718,-524212.508390499,3.308110754,20470077
3,lap_scale_decrease,10000,0.5,0.05,0.45,1e-06,100,3,0.05,500,0,1,879102,879102,0,32950647,32950647,24979.1366342952,2664.48335062126,3746.87049514428,27529044.3667218,0.164537061541711,0.164537061541711,500,-12489568.3171477,-3775239.58268717,3.417457256,20574806
4,lap_scale_decrease,10000,0.5,0.05,0.45,1e-06,100,3,0.05,500,0,1,879102,879102,0,32950647,32950647,25693.2489891533,2685.39767811875,3853.98734837299,27281149.0413006,0.172060292433693,0.172060292433693,500,-12846624.4945768,-4161869.38152185,3.350601355,20679535
0,lap_count_increase,10000,0.5,0.05,0.45,1e-06,100,3,0.05,500,0,1,879102,879102,0,32950647,32950647,26083.3552413406,2663.28628881644,3912.50328620109,33614531.0407941,0.0201478302017594,0.0201478302017594,495,4783378,-2791725.87761742,3.322443355,20260619
1,lap_count_increase,10000,0.5,0.05,0.45,1e-06,100,3,0.05,500,0,1,879102,879102,0,32950647,32950647,25751.2876369702,2663.65656956992,3862.69314554553,32923471.7902792,0.000824724616813597,0.000824724616813597,492,5022246,-5103771.62916256,3.265075953,20365348
2,lap_count_increase,10000,0.5,0.05,0.45,1e-06,100,3,0.05,500,0,1,879102,879102,0,32950647,32950647,24943.0585679439,2688.10336253968,3741.45878519159,34358439.8305366,0.0427242849142401,0.0427242849142401,497,4747591,-524212.508390499,3.352247055,20470077
3,lap_count_increase,10000,0.5,0.05,0.45,1e-06,100,3,0.05,500,0,1,879102,879102,0,32950647,32950647,24979.1366342952,2664.48335062126,3746.87049514428,33429868.8057709,0.0145436235522456,0.0145436235522456,498,5212905,-3775239.58268717,3.350260855,20574806
4,lap_count_increase,10000,0.5,0.05,0.45,1e-06,100,3,0.05,500,0,1,879102,879102,0,32950647,32950647,25693.2489891533,2685.39767811875,3853.98734837299,33514936.8728263,0.0171253047876806,0.0171253047876806,495,5854739,-4161869.38152185,3.278326053,20679535
0,lap_count_decrease,10000,0.5,0.05,0.45,1e-06,100,3,0.05,500,0,1,879102,879102,0,32950647,32950647,26083.3552413406,2663.28628881644,3912.50328620109,30425612.3741275,0.0766308056370627,0.0766308056370627,495,-4783378,-2791725.87761742,3.260279953,20260619
1,lap_count_decrease,10000,0.5,0.05,0.45,1e-06,100,3,0.05,500,0,1,879102,879102,0,32950647,32950647,25751.2876369702,2663.65656956992,3862.69314554553,29575307.790279,0.102436204354985,0.102436204354985,492,-5022246,-5103771.62916256,3.301526354,20365348
2,lap_count_decrease,10000,0.5,0.05,0.45,1e-06,100,3,0.05,500,0,1,879102,879102,0,32950647,32950647,24943.0585679439,2688.10336253968,3741.45878519159,31193379.1638699,0.0533302983741141,0.0533302983741141,497,-4747591,-524212.508390499,3.301179154,20470077
3,lap_count_decrease,10000,0.5,0.05,0.45,1e-06,100,3,0.05,500,0,1,879102,879102,0,32950647,32950647,24979.1366342952,2664.48335062126,3746.87049514428,29954598.805771,0.0909253221713385,0.0909253221713385,498,-5212905,-3775239.58268717,3.323742454,20574806
4,lap_count_decrease,10000,0.5,0.05,0.45,1e-06,100,3,0.05,500,0,1,879102,879102,0,32950647,32950647,25693.2489891533,2685.39767811875,3853.98734837299,29611777.5394928,0.101329405170926,0.101329405170926,495,-5854739,-4161869.38152185,3.329769154,20679535
0,lap_fixed_increase,10000,0.5,0.05,0.45,1e-06,100,3,0.05,500,0,2,879102,879102,0,32950647,32950647,26083.3552413406,2663.28628881644,3912.50328620109,32020405.0407941,0.0282313715784061,0.0282313715784061,500,1000,-2791725.87761742,3.106325951,20260619
1,lap_fixed_increase,10000,0.5,0.05,0.45,1e-06,100,3,0.05,500,0,2,879102,879102,0,32950647,32950647,25751.2876369702,2663.65656956992,3862.69314554553,31249723.1236125,0.0516203483466502,0.0516203483466502,500,1000,-5103771.62916256,3.270532254,20365348
2,lap_fixed_increase,10000,0.5,0.05,0.45,1e-06,100,3,0.05,500,0,2,879102,879102,0,32950647,32950647,24943.0585679439,2688.10336253968,3741.45878519159,32776242.8305366,0.005292890590689,0.005292890590689,500,1000,-524212.508390499,3.339441955,20470077
3,lap_fixed_increase,10000,0.5,0.05,0.45,1e-06,100,3,0.05,500,0,2,879102,879102,0,32950647,32950647,24979.1366342952,2664.48335062126,3746.87049514428,31692567.1391042,0.038180733170301,0.038180733170301,500,1000,-3775239.58268717,3.260771353,20574806
4,lap_fixed_increase,10000,0.5,0.05,0.45,1e-06,100,3,0.05,500,0,2,879102,879102,0,32950647,32950647,25693.2489891533,2685.39767811875,3853.98734837299,31563690.5394929,0.0420919340523748,0.0420919340523748,500,1000,-4161869.38152185,3.410682356,20679535
0,lap_fixed_decrease,10000,0.5,0.05,0.45,1e-06,100,3,0.05,500,0,2,879102,879102,0,32950647,32950647,26083.3552413406,2663.28628881644,3912.50328620109,32019738.3741274,0.0282516038569002,0.0282516038569002,500,-1000,-2791725.87761742,3.262046553,20260619
1,lap_fixed_decrease,10000,0.5,0.05,0.45,1e-06,100,3,0.05,500,0,2,879102,879102,0,32950647,32950647,25751.2876369702,2663.65656956992,3862.69314554553,31249056.4569458,0.0516405806251445,0.0516405806251445,500,-1000,-5103771.62916256,3.315878755,20365348
2,lap_fixed_decrease,10000,0.5,0.05,0.45,1e-06,100,3,0.05,500,0,2,879102,879102,0,32950647,32950647,24943.0585679439,2688.10336253968,3741.45878519159,32775576.1638699,0.00531312286918319,0.00531312286918319,500,-1000,-524212.508390499,3.107918251,20470077
3,lap_fixed_decrease,10000,0.5,0.05,0.45,1e-06,100,3,0.05,500,0,2,879102,879102,0,32950647,32950647,24979.1366342952,2664.48335062126,3746.87049514428,31691900.4724376,0.0382009654487951,0.0382009654487951,500,-1000,-3775239.58268717,3.195061052,20574806
4,lap_fixed_decrease,10000,0.5,0.05,0.45,1e-06,100,3,0.05,500,0,2,879102,879102,0,32950647,32950647,25693.2489891533,2685.39767811875,3853.98734837299,31563023.8728263,0.0421121663308689,0.0421121663308689,500,-1000,-4161869.38152185,3.289621253,20679535
0,lap_scale_increase,10000,0.5,0.05,0.45,1e-06,100,3,0.05,500,0,2,879102,879102,0,32950647,32950647,26083.3552413406,2663.28628881644,3912.50328620109,40714523.4545742,0.235621365934764,0.235621365934764,500,26083355.2413402,-2791725.87761742,3.304925854,20260619
1,lap_scale_increase,10000,0.5,0.05,0.45,1e-06,100,3,0.05,500,0,2,879102,879102,0,32950647,32950647,25751.2876369702,2663.65656956992,3862.69314554553,39833152.3359358,0.208873147041265,0.208873147041265,500,25751287.6369705,-5103771.62916256,3.254509553,20365348
2,lap_scale_increase,10000,0.5,0.05,0.45,1e-06,100,3,0.05,500,0,2,879102,879102,0,32950647,32950647,24943.0585679439,2688.10336253968,3741.45878519159,41090262.3531846,0.247024446991424,0.247024446991424,500,24943058.5679437,-524212.508390499,3.281894954,20470077
3,lap_scale_increase,10000,0.5,0.05,0.45,1e-06,100,3,0.05,500,0,2,879102,879102,0,32950647,32950647,24979.1366342952,2664.48335062126,3746.87049514428,40018612.6838694,0.214501575154787,0.214501575154787,500,24979136.6342953,-3775239.58268717,3.266796354,20574806
4,lap_scale_increase,10000,0.5,0.05,0.45,1e-06,100,3,0.05,500,0,2,879102,879102,0,32950647,32950647,25693.2489891533,2685.39767811875,3853.98734837299,40127773.5358774,0.217814434292517,0.217814434292517,500,25693248.9891535,-4161869.38152185,3.118943751,20679535
0,lap_scale_decrease,10000,0.5,0.05,0.45,1e-06,100,3,0.05,500,0,2,879102,879102,0,32950647,32950647,26083.3552413406,2663.28628881644,3912.50328620109,23325619.9603474,0.292104341370067,0.292104341370067,500,-26083355.2413402,-2791725.87761742,3.292505954,20260619
1,lap_scale_decrease,10000,0.5,0.05,0.45,1e-06,100,3,0.05,500,0,2,879102,879102,0,32950647,32950647,25751.2876369702,2663.65656956992,3862.69314554553,22665627.2446224,0.312134076013063,0.312134076013063,500,-25751287.6369705,-5103771.62916256,3.300791954,20365348
2,lap_scale_decrease,10000,0.5,0.05,0.45,1e-06,100,3,0.05,500,0,2,879102,879102,0,32950647,32950647,24943.0585679439,2688.10336253968,3741.45878519159,24461556.6412219,0.257630460451296,0.257630460451296,500,-24943058.5679437,-524212.508390499,3.305326654,20470077
3,lap_scale_decrease,10000,0.5,0.05,0.45,1e-06,100,3,0.05,500,0,2,879102,879102,0,32950647,32950647,24979.1366342952,2664.48335062126,3746.87049514428,23365854.9276727,0.290883273773875,0.290883273773875,500,-24979136.6342953,-3775239.58268717,3.309160754,20574806
4,lap_scale_decrease,10000,0.5,0.05,0.45,1e-06,100,3,0.05,500,0,2,879102,879102,0,32950647,32950647,25693.2489891533,2685.39767811875,3853.98734837299,22998940.8764417,0.302018534675763,0.302018534675763,500,-25693248.9891535,-4161869.38152185,3.331758854,20679535
0,lap_count_increase,10000,0.5,0.05,0.45,1e-06,100,3,0.05,500,0,2,879102,879102,0,32950647,32950647,26083.3552413406,2663.28628881644,3912.50328620109,35208990.3741274,0.068537148121171,0.068537148121171,495,9566756,-2791725.87761742,3.350472955,20260619
1,lap_count_increase,10000,0.5,0.05,0.45,1e-06,100,3,0.05,500,0,2,879102,879102,0,32950647,32950647,25751.2876369702,2663.65656956992,3862.69314554553,34597553.7902792,0.0499810152522698,0.0499810152522698,492,10044492,-5103771.62916256,3.379288455,20365348
2,lap_count_increase,10000,0.5,0.05,0.45,1e-06,100,3,0.05,500,0,2,879102,879102,0,32950647,32950647,24943.0585679439,2688.10336253968,3741.45878519159,35940970.1638699,0.090751576558419,0.090751576558419,497,9495182,-524212.508390499,3.405965656,20470077
3,lap_count_increase,10000,0.5,0.05,0.45,1e-06,100,3,0.05,500,0,2,879102,879102,0,32950647,32950647,24979.1366342952,2664.48335062126,3746.87049514428,35167503.8057709,0.0672780964140374,0.0672780964140374,498,10425810,-3775239.58268717,3.459940156,20574806
4,lap_count_increase,10000,0.5,0.05,0.45,1e-06,100,3,0.05,500,0,2,879102,879102,0,32950647,32950647,25693.2489891533,2685.39767811875,3853.98734837299,35466516.5394929,0.0763526597669818,0.0763526597669818,495,11709478,-4161869.38152185,3.800491462,20679535
0,lap_count_decrease,10000,0.5,0.05,0.45,1e-06,100,3,0.05,500,0,2,879102,879102,0,32950647,32950647,26083.3552413406,2663.28628881644,3912.50328620109,28831153.0407942,0.125020123556476,0.125020123556476,495,-9566756,-2791725.87761742,3.454318656,20260619
1,lap_count_decrease,10000,0.5,0.05,0.45,1e-06,100,3,0.05,500,0,2,879102,879102,0,32950647,32950647,25751.2876369702,2663.65656956992,3862.69314554553,27901225.7902791,0.153241944224067,0.153241944224067,492,-10044492,-5103771.62916256,3.398657155,20365348
2,lap_count_decrease,10000,0.5,0.05,0.45,1e-06,100,3,0.05,500,0,2,879102,879102,0,32950647,32950647,24943.0585679439,2688.10336253968,3741.45878519159,29610848.8305366,0.101357590018291,0.101357590018291,497,-9495182,-524212.508390499,3.345285255,20470077
3,lap_count_decrease,10000,0.5,0.05,0.45,1e-06,100,3,0.05,500,0,2,879102,879102,0,32950647,32950647,24979.1366342952,2664.48335062126,3746.87049514428,28216963.8057709,0.143659795033132,0.143659795033132,498,-10425810,-3775239.58268717,3.373849855,20574806
4,lap_count_decrease,10000,0.5,0.05,0.45,1e-06,100,3,0.05,500,0,2,879102,879102,0,32950647,32950647,25693.2489891533,2685.39767811875,3853.98734837299,27660197.8728262,0.160556760150228,0.160556760150228,495,-11709478,-4161869.38152185,3.344143254,20679535
0,lap_fixed_increase,10000,0.5,0.05,0.45,1e-06,100,3,0.1,1000,0,0.25,879102,879102,0,32950647,32950647,26083.3552413406,2663.28628881644,3912.50328620109,32020155.0407941,0.0282389586828414,0.0282389586828414,1000,250,-2791725.87761742,3.359190454,20260619
1,lap_fixed_increase,10000,0.5,0.05,0.45,1e-06,100,3,0.1,1000,0,0.25,879102,879102,0,32950647,32950647,25751.2876369702,2663.65656956992,3862.69314554553,31249473.1236125,0.0516279354510855,0.0516279354510855,1000,250,-5103771.62916256,3.405243456,20365348
2,lap_fixed_increase,10000,0.5,0.05,0.45,1e-06,100,3,0.1,1000,0,0.25,879102,879102,0,32950647,32950647,24943.0585679439,2688.10336253968,3741.45878519159,32775992.8305366,0.00530047769512431,0.00530047769512431,1000,250,-524212.508390499,3.318721054,20470077
3,lap_fixed_increase,10000,0.5,0.05,0.45,1e-06,100,3,0.1,1000,0,0.25,879102,879102,0,32950647,32950647,24979.1366342952,2664.48335062126,3746.87049514428,31692317.1391042,0.0381883202747363,0.0381883202747363,1000,250,-3775239.58268717,3.328595955,20574806
4,lap_fixed_increase,10000,0.5,0.05,0.45,1e-06,100,3,0.1,1000,0,0.25,879102,879102,0,32950647,32950647,25693.2489891533,2685.39767811875,3853.98734837299,31563440.5394929,0.0420995211568101,0.0420995211568101,1000,250,-4161869.38152185,3.342130554,20679535
0,lap_fixed_decrease,10000,0.5,0.05,0.45,1e-06,100,3,0.1,1000,0,0.25,879102,879102,0,32950647,32950647,26083.3552413406,2663.28628881644,3912.50328620109,32019988.3741274,0.0282440167524649,0.0282440167524649,1000,-250,-2791725.87761742,3.319145654,20260619
1,lap_fixed_decrease,10000,0.5,0.05,0.45,1e-06,100,3,0.1,1000,0,0.25,879102,879102,0,32950647,32950647,25751.2876369702,2663.65656956992,3862.69314554553,31249306.4569458,0.0516329935207092,0.0516329935207092,1000,-250,-5103771.62916256,3.332664855,20365348
2,lap_fixed_decrease,10000,0.5,0.05,0.45,1e-06,100,3,0.1,1000,0,0.25,879102,879102,0,32950647,32950647,24943.0585679439,2688.10336253968,3741.45878519159,32775826.1638699,0.00530553576474788,0.00530553576474788,1000,-250,-524212.508390499,3.323980354,20470077
3,lap_fixed_decrease,10000,0.5,0.05,0.45,1e-06,100,3,0.1,1000,0,0.25,879102,879102,0,32950647,32950647,24979.1366342952,2664.48335062126,3746.87049514428,31692150.4724376,0.0381933783443598,0.0381933783443598,1000,-250,-3775239.58268717,3.321886155,20574806
4,lap_fixed_decrease,10000,0.5,0.05,0.45,1e-06,100,3,0.1,1000,0,0.25,879102,879102,0,32950647,32950647,25693.2489891533,2685.39767811875,3853.98734837299,31563273.8728263,0.0421045792264336,0.0421045792264336,1000,-250,-4161869.38152185,3.391910655,20679535
0,lap_scale_increase,10000,0.5,0.05,0.45,1e-06,100,3,0.1,1000,0,0.25,879102,879102,0,32950647,32950647,26083.3552413406,2663.28628881644,3912.50328620109,34193684.6442392,0.0377242256954533,0.0377242256954533,1000,6520838.81033499,-2791725.87761742,3.346039454,20260619
1,lap_scale_increase,10000,0.5,0.05,0.45,1e-06,100,3,0.1,1000,0,0.25,879102,879102,0,32950647,32950647,25751.2876369702,2663.65656956992,3862.69314554553,33395330.4266933,0.0134954383958927,0.0134954383958927,1000,6437821.90924254,-5103771.62916256,3.333104954,20365348
2,lap_scale_increase,10000,0.5,0.05,0.45,1e-06,100,3,0.1,1000,0,0.25,879102,879102,0,32950647,32950647,24943.0585679439,2688.10336253968,3741.45878519159,34854497.7111986,0.0577788567004029,0.0577788567004029,1000,6235764.64198599,-524212.508390499,3.378136155,20470077
3,lap_scale_increase,10000,0.5,0.05,0.45,1e-06,100,3,0.1,1000,0,0.25,879102,879102,0,32950647,32950647,24979.1366342952,2664.48335062126,3746.87049514428,33773828.5252956,0.0249822568065384,0.0249822568065384,1000,6244784.15857374,-3775239.58268717,3.408673856,20574806
4,lap_scale_increase,10000,0.5,0.05,0.45,1e-06,100,3,0.1,1000,0,0.25,879102,879102,0,32950647,32950647,25693.2489891533,2685.39767811875,3853.98734837299,33704461.288589,0.0228770709294117,0.0228770709294117,1000,6423312.24728839,-4161869.38152185,3.348936955,20679535
0,lap_scale_decrease,10000,0.5,0.05,0.45,1e-06,100,3,0.1,1000,0,0.25,879102,879102,0,32950647,32950647,26083.3552413406,2663.28628881644,3912.50328620109,29846458.7706826,0.0942072011307515,0.0942072011307515,1000,-6520838.81033499,-2791725.87761742,3.163107051,20260619
1,lap_scale_decrease,10000,0.5,0.05,0.45,1e-06,100,3,0.1,1000,0,0.25,879102,879102,0,32950647,32950647,25751.2876369702,2663.65656956992,3862.69314554553,29103449.1538649,0.116756367367692,0.116756367367692,1000,-6437821.90924254,-5103771.62916256,3.308560254,20365348
2,lap_scale_decrease,10000,0.5,0.05,0.45,1e-06,100,3,0.1,1000,0,0.25,879102,879102,0,32950647,32950647,24943.0585679439,2688.10336253968,3741.45878519159,30697321.2832079,0.0683848701602757,0.0683848701602757,1000,-6235764.64198599,-524212.508390499,3.344727655,20470077
3,lap_scale_decrease,10000,0.5,0.05,0.45,1e-06,100,3,0.1,1000,0,0.25,879102,879102,0,32950647,32950647,24979.1366342952,2664.48335062126,3746.87049514428,29610639.0862463,0.10136395542563,0.10136395542563,1000,-6244784.15857374,-3775239.58268717,3.274940853,20574806
4,lap_scale_decrease,10000,0.5,0.05,0.45,1e-06,100,3,0.1,1000,0,0.25,879102,879102,0,32950647,32950647,25693.2489891533,2685.39767811875,3853.98734837299,29422253.1237301,0.107081171312657,0.107081171312657,1000,-6423312.24728839,-4161869.38152185,3.414427556,20679535
0,lap_count_increase,10000,0.5,0.05,0.45,1e-06,100,3,0.1,1000,0,0.25,879102,879102,0,32950647,32950647,26083.3552413406,2663.28628881644,3912.50328620109,32730216.4574607,0.00668971818790842,0.00668971818790842,987,2130434.25,-2791725.87761742,3.304803554,20260619
1,lap_count_increase,10000,0.5,0.05,0.45,1e-06,100,3,0.1,1000,0,0.25,879102,879102,0,32950647,32950647,25751.2876369702,2663.65656956992,3862.69314554553,32081718.8736125,0.0263705937667176,0.0263705937667176,991,2496987.25,-5103771.62916256,3.349385555,20365348
2,lap_count_increase,10000,0.5,0.05,0.45,1e-06,100,3,0.1,1000,0,0.25,879102,879102,0,32950647,32950647,24943.0585679439,2688.10336253968,3741.45878519159,33536054.3305366,0.0177661862159063,0.0177661862159063,992,2280434.5,-524212.508390499,3.142774552,20470077
3,lap_count_increase,10000,0.5,0.05,0.45,1e-06,100,3,0.1,1000,0,0.25,879102,879102,0,32950647,32950647,24979.1366342952,2664.48335062126,3746.87049514428,32519778.3891042,0.0130761805950508,0.0130761805950508,990,2482633.75,-3775239.58268717,3.236392553,20574806
4,lap_count_increase,10000,0.5,0.05,0.45,1e-06,100,3,0.1,1000,0,0.25,879102,879102,0,32950647,32950647,25693.2489891533,2685.39767811875,3853.98734837299,32475987.7894929,0.0144051560051932,0.0144051560051932,988,2737891.75,-4161869.38152185,3.340316954,20679535
0,lap_count_decrease,10000,0.5,0.05,0.45,1e-06,100,3,0.1,1000,0,0.25,879102,879102,0,32950647,32950647,26083.3552413406,2663.28628881644,3912.50328620109,31309926.9574608,0.0497932572473985,0.0497932572473985,987,-2130434.25,-2791725.87761742,3.276813254,20260619
1,lap_count_decrease,10000,0.5,0.05,0.45,1e-06,100,3,0.1,1000,0,0.25,879102,879102,0,32950647,32950647,25751.2876369702,2663.65656956992,3862.69314554553,30417060.7069457,0.0768903352050798,0.0768903352050798,991,-2496987.25,-5103771.62916256,3.284249454,20365348
2,lap_count_decrease,10000,0.5,0.05,0.45,1e-06,100,3,0.1,1000,0,0.25,879102,879102,0,32950647,32950647,24943.0585679439,2688.10336253968,3741.45878519159,32015764.6638699,0.0283721996757792,0.0283721996757792,992,-2280434.5,-524212.508390499,3.306806055,20470077
3,lap_count_decrease,10000,0.5,0.05,0.45,1e-06,100,3,0.1,1000,0,0.25,879102,879102,0,32950647,32950647,24979.1366342952,2664.48335062126,3746.87049514428,30864689.2224376,0.0633055180240444,0.0633055180240444,990,-2482633.75,-3775239.58268717,3.311933354,20574806
4,lap_count_decrease,10000,0.5,0.05,0.45,1e-06,100,3,0.1,1000,0,0.25,879102,879102,0,32950647,32950647,25693.2489891533,2685.39767811875,3853.98734837299,30650726.6228262,0.0697989443780508,0.0697989443780508,988,-2737891.75,-4161869.38152185,3.111938251,20679535
0,lap_fixed_increase,10000,0.5,0.05,0.45,1e-06,100,3,0.1,1000,0,0.5,879102,879102,0,32950647,32950647,26083.3552413406,2663.28628881644,3912.50328620109,32020238.3741274,0.0282364296480296,0.0282364296480296,1000,500,-2791725.87761742,3.339965055,20260619
1,lap_fixed_increase,10000,0.5,0.05,0.45,1e-06,100,3,0.1,1000,0,0.5,879102,879102,0,32950647,32950647,25751.2876369702,2663.65656956992,3862.69314554553,31249556.4569458,0.0516254064162736,0.0516254064162736,1000,500,-5103771.62916256,3.313473754,20365348
2,lap_fixed_increase,10000,0.5,0.05,0.45,1e-06,100,3,0.1,1000,0,0.5,879102,879102,0,32950647,32950647,24943.0585679439,2688.10336253968,3741.45878519159,32776076.1638699,0.00529794866031258,0.00529794866031258,1000,500,-524212.508390499,3.308266954,20470077
3,lap_fixed_increase,10000,0.5,0.05,0.45,1e-06,100,3,0.1,1000,0,0.5,879102,879102,0,32950647,32950647,24979.1366342952,2664.48335062126,3746.87049514428,31692400.4724376,0.0381857912399245,0.0381857912399245,1000,500,-3775239.58268717,3.366082456,20574806
4,lap_fixed_increase,10000,0.5,0.05,0.45,1e-06,100,3,0.1,1000,0,0.5,879102,879102,0,32950647,32950647,25693.2489891533,2685.39767811875,3853.98734837299,31563523.8728263,0.0420969921219983,0.0420969921219983,1000,500,-4161869.38152185,3.299222054,20679535
0,lap_fixed_decrease,10000,0.5,0.05,0.45,1e-06,100,3,0.1,1000,0,0.5,879102,879102,0,32950647,32950647,26083.3552413406,2663.28628881644,3912.50328620109,32019905.0407941,0.0282465457872767,0.0282465457872767,1000,-500,-2791725.87761742,3.381993155,20260619
1,lap_fixed_decrease,10000,0.5,0.05,0.45,1e-06,100,3,0.1,1000,0,0.5,879102,879102,0,32950647,32950647,25751.2876369702,2663.65656956992,3862.69314554553,31249223.1236125,0.0516355225555209,0.0516355225555209,1000,-500,-5103771.62916256,3.532647158,20365348
2,lap_fixed_decrease,10000,0.5,0.05,0.45,1e-06,100,3,0.1,1000,0,0.5,879102,879102,0,32950647,32950647,24943.0585679439,2688.10336253968,3741.45878519159,32775742.8305366,0.00530806479955962,0.00530806479955962,1000,-500,-524212.508390499,3.500855357,20470077
3,lap_fixed_decrease,10000,0.5,0.05,0.45,1e-06,100,3,0.1,1000,0,0.5,879102,879102,0,32950647,32950647,24979.1366342952,2664.48335062126,3746.87049514428,31692067.1391042,0.0381959073791716,0.0381959073791716,1000,-500,-3775239.58268717,3.411891556,20574806
4,lap_fixed_decrease,10000,0.5,0.05,0.45,1e-06,100,3,0.1,1000,0,0.5,879102,879102,0,32950647,32950647,25693.2489891533,2685.39767811875,3853.98734837299,31563190.5394929,0.0421071082612454,0.0421071082612454,1000,-500,-4161869.38152185,3.594035459,20679535
0,lap_scale_increase,10000,0.5,0.05,0.45,1e-06,100,3,0.1,1000,0,0.5,879102,879102,0,32950647,32950647,26083.3552413406,2663.28628881644,3912.50328620109,36367297.5810176,0.103689939108559,0.103689939108559,1000,13041677.62067,-2791725.87761742,3.374727655,20260619
1,lap_scale_increase,10000,0.5,0.05,0.45,1e-06,100,3,0.1,1000,0,0.5,879102,879102,0,32950647,32950647,25751.2876369702,2663.65656956992,3862.69314554553,35541271.0631076,0.0786213412776868,0.0786213412776868,1000,12875643.8184851,-5103771.62916256,3.346596055,20365348
2,lap_scale_increase,10000,0.5,0.05,0.45,1e-06,100,3,0.1,1000,0,0.5,879102,879102,0,32950647,32950647,24943.0585679439,2688.10336253968,3741.45878519159,36933085.9251939,0.120860720130743,0.120860720130743,1000,12471529.283972,-524212.508390499,3.459004957,20470077
3,lap_scale_increase,10000,0.5,0.05,0.45,1e-06,100,3,0.1,1000,0,0.5,879102,879102,0,32950647,32950647,24979.1366342952,2664.48335062126,3746.87049514428,35855423.2448201,0.0881553629226196,0.0881553629226196,1000,12489568.3171475,-3775239.58268717,3.394558655,20574806
4,lap_scale_increase,10000,0.5,0.05,0.45,1e-06,100,3,0.1,1000,0,0.5,879102,879102,0,32950647,32950647,25693.2489891533,2685.39767811875,3853.98734837299,35845565.3710185,0.0878561920504467,0.0878561920504467,1000,12846624.4945768,-4161869.38152185,3.314356454,20679535
0,lap_scale_decrease,10000,0.5,0.05,0.45,1e-06,100,3,0.1,1000,0,0.5,879102,879102,0,32950647,32950647,26083.3552413406,2663.28628881644,3912.50328620109,27672845.8339042,0.160172914543858,0.160172914543858,1000,-13041677.62067,-2791725.87761742,3.357495355,20260619
1,lap_scale_decrease,10000,0.5,0.05,0.45,1e-06,100,3,0.1,1000,0,0.5,879102,879102,0,32950647,32950647,25751.2876369702,2663.65656956992,3862.69314554553,26957508.5174507,0.181882270249483,0.181882270249483,1000,-12875643.8184851,-5103771.62916256,3.574596858,20365348
2,lap_scale_decrease,10000,0.5,0.05,0.45,1e-06,100,3,0.1,1000,0,0.5,879102,879102,0,32950647,32950647,24943.0585679439,2688.10336253968,3741.45878519159,28618733.0692126,0.131466733590616,0.131466733590616,1000,-12471529.283972,-524212.508390499,3.368581055,20470077
3,lap_scale_decrease,10000,0.5,0.05,0.45,1e-06,100,3,0.1,1000,0,0.5,879102,879102,0,32950647,32950647,24979.1366342952,2664.48335062126,3746.87049514428,27529044.3667217,0.164537061541713,0.164537061541713,1000,-12489568.3171475,-3775239.58268717,3.411609356,20574806
4,lap_scale_decrease,10000,0.5,0.05,0.45,1e-06,100,3,0.1,1000,0,0.5,879102,879102,0,32950647,32950647,25693.2489891533,2685.39767811875,3853.98734837299,27281149.0413006,0.172060292433692,0.172060292433692,1000,-12846624.4945768,-4161869.38152185,3.422356456,20679535
0,lap_count_increase,10000,0.5,0.05,0.45,1e-06,100,3,0.1,1000,0,0.5,879102,879102,0,32950647,32950647,26083.3552413406,2663.28628881644,3912.50328620109,33440361.2074608,0.0148620513418374,0.0148620513418374,987,4260868.5,-2791725.87761742,3.347808955,20260619
1,lap_count_increase,10000,0.5,0.05,0.45,1e-06,100,3,0.1,1000,0,0.5,879102,879102,0,32950647,32950647,25751.2876369702,2663.65656956992,3862.69314554553,32914047.9569458,0.00111072304753734,0.00111072304753734,991,4993974.5,-5103771.62916256,3.706981061,20365348
2,lap_count_increase,10000,0.5,0.05,0.45,1e-06,100,3,0.1,1000,0,0.5,879102,879102,0,32950647,32950647,24943.0585679439,2688.10336253968,3741.45878519159,34296199.1638699,0.0408353791617476,0.0408353791617476,992,4560869,-524212.508390499,3.374807955,20470077
3,lap_count_increase,10000,0.5,0.05,0.45,1e-06,100,3,0.1,1000,0,0.5,879102,879102,0,32950647,32950647,24979.1366342952,2664.48335062126,3746.87049514428,33347322.9724376,0.0120384881194473,0.0120384881194473,990,4965267.5,-3775239.58268717,3.403256855,20574806
4,lap_count_increase,10000,0.5,0.05,0.45,1e-06,100,3,0.1,1000,0,0.5,879102,879102,0,32950647,32950647,25693.2489891533,2685.39767811875,3853.98734837299,33388618.3728263,0.0132917381812343,0.0132917381812343,988,5475783.5,-4161869.38152185,3.315620654,20679535
0,lap_count_decrease,10000,0.5,0.05,0.45,1e-06,100,3,0.1,1000,0,0.5,879102,879102,0,32950647,32950647,26083.3552413406,2663.28628881644,3912.50328620109,30599782.2074608,0.0713450267771432,0.0713450267771432,987,-4260868.5,-2791725.87761742,3.324927654,20260619
1,lap_count_decrease,10000,0.5,0.05,0.45,1e-06,100,3,0.1,1000,0,0.5,879102,879102,0,32950647,32950647,25751.2876369702,2663.65656956992,3862.69314554553,29584731.6236124,0.102150205924261,0.102150205924261,991,-4993974.5,-5103771.62916256,3.290075254,20365348
2,lap_count_decrease,10000,0.5,0.05,0.45,1e-06,100,3,0.1,1000,0,0.5,879102,879102,0,32950647,32950647,24943.0585679439,2688.10336253968,3741.45878519159,31255619.8305366,0.0514413926216211,0.0514413926216211,992,-4560869,-524212.508390499,3.413807056,20470077
3,lap_count_decrease,10000,0.5,0.05,0.45,1e-06,100,3,0.1,1000,0,0.5,879102,879102,0,32950647,32950647,24979.1366342952,2664.48335062126,3746.87049514428,30037144.6391043,0.08842018673854,0.08842018673854,990,-4965267.5,-3775239.58268717,3.351153755,20574806
4,lap_count_decrease,10000,0.5,0.05,0.45,1e-06,100,3,0.1,1000,0,0.5,879102,879102,0,32950647,32950647,25693.2489891533,2685.39767811875,3853.98734837299,29738096.0394928,0.0974958385644795,0.0974958385644795,988,-5475783.5,-4161869.38152185,3.267601453,20679535
0,lap_fixed_increase,10000,0.5,0.05,0.45,1e-06,100,3,0.1,1000,0,1,879102,879102,0,32950647,32950647,26083.3552413406,2663.28628881644,3912.50328620109,32020405.0407941,0.0282313715784061,0.0282313715784061,1000,1000,-2791725.87761742,3.260004753,20260619
1,lap_fixed_increase,10000,0.5,0.05,0.45,1e-06,100,3,0.1,1000,0,1,879102,879102,0,32950647,32950647,25751.2876369702,2663.65656956992,3862.69314554553,31249723.1236125,0.0516203483466502,0.0516203483466502,1000,1000,-5103771.62916256,3.321230854,20365348
2,lap_fixed_increase,10000,0.5,0.05,0.45,1e-06,100,3,0.1,1000,0,1,879102,879102,0,32950647,32950647,24943.0585679439,2688.10336253968,3741.45878519159,32776242.8305366,0.005292890590689,0.005292890590689,1000,1000,-524212.508390499,3.413013756,20470077
3,lap_fixed_increase,10000,0.5,0.05,0.45,1e-06,100,3,0.1,1000,0,1,879102,879102,0,32950647,32950647,24979.1366342952,2664.48335062126,3746.87049514428,31692567.1391042,0.038180733170301,0.038180733170301,1000,1000,-3775239.58268717,3.337914555,20574806
4,lap_fixed_increase,10000,0.5,0.05,0.45,1e-06,100,3,0.1,1000,0,1,879102,879102,0,32950647,32950647,25693.2489891533,2685.39767811875,3853.98734837299,31563690.5394929,0.0420919340523748,0.0420919340523748,1000,1000,-4161869.38152185,3.365324355,20679535
0,lap_fixed_decrease,10000,0.5,0.05,0.45,1e-06,100,3,0.1,1000,0,1,879102,879102,0,32950647,32950647,26083.3552413406,2663.28628881644,3912.50328620109,32019738.3741274,0.0282516038569002,0.0282516038569002,1000,-1000,-2791725.87761742,3.281748654,20260619
1,lap_fixed_decrease,10000,0.5,0.05,0.45,1e-06,100,3,0.1,1000,0,1,879102,879102,0,32950647,32950647,25751.2876369702,2663.65656956992,3862.69314554553,31249056.4569458,0.0516405806251445,0.0516405806251445,1000,-1000,-5103771.62916256,3.290544354,20365348
2,lap_fixed_decrease,10000,0.5,0.05,0.45,1e-06,100,3,0.1,1000,0,1,879102,879102,0,32950647,32950647,24943.0585679439,2688.10336253968,3741.45878519159,32775576.1638699,0.00531312286918319,0.00531312286918319,1000,-1000,-524212.508390499,3.159232052,20470077
3,lap_fixed_decrease,10000,0.5,0.05,0.45,1e-06,100,3,0.1,1000,0,1,879102,879102,0,32950647,32950647,24979.1366342952,2664.48335062126,3746.87049514428,31691900.4724376,0.0382009654487951,0.0382009654487951,1000,-1000,-3775239.58268717,3.272645854,20574806
4,lap_fixed_decrease,10000,0.5,0.05,0.45,1e-06,100,3,0.1,1000,0,1,879102,879102,0,32950647,32950647,25693.2489891533,2685.39767811875,3853.98734837299,31563023.8728263,0.0421121663308689,0.0421121663308689,1000,-1000,-4161869.38152185,3.377835055,20679535
0,lap_scale_increase,10000,0.5,0.05,0.45,1e-06,100,3,0.1,1000,0,1,879102,879102,0,32950647,32950647,26083.3552413406,2663.28628881644,3912.50328620109,40714523.4545743,0.235621365934765,0.235621365934765,1000,26083355.24134,-2791725.87761742,3.303313754,20260619
1,lap_scale_increase,10000,0.5,0.05,0.45,1e-06,100,3,0.1,1000,0,1,879102,879102,0,32950647,32950647,25751.2876369702,2663.65656956992,3862.69314554553,39833152.3359359,0.208873147041268,0.208873147041268,1000,25751287.6369702,-5103771.62916256,3.285206354,20365348
2,lap_scale_increase,10000,0.5,0.05,0.45,1e-06,100,3,0.1,1000,0,1,879102,879102,0,32950647,32950647,24943.0585679439,2688.10336253968,3741.45878519159,41090262.3531846,0.247024446991422,0.247024446991422,1000,24943058.567944,-524212.508390499,3.201126552,20470077
3,lap_scale_increase,10000,0.5,0.05,0.45,1e-06,100,3,0.1,1000,0,1,879102,879102,0,32950647,32950647,24979.1366342952,2664.48335062126,3746.87049514428,40018612.6838694,0.214501575154788,0.214501575154788,1000,24979136.6342949,-3775239.58268717,3.235582153,20574806
4,lap_scale_increase,10000,0.5,0.05,0.45,1e-06,100,3,0.1,1000,0,1,879102,879102,0,32950647,32950647,25693.2489891533,2685.39767811875,3853.98734837299,40127773.5358773,0.217814434292514,0.217814434292514,1000,25693248.9891536,-4161869.38152185,3.128047851,20679535
0,lap_scale_decrease,10000,0.5,0.05,0.45,1e-06,100,3,0.1,1000,0,1,879102,879102,0,32950647,32950647,26083.3552413406,2663.28628881644,3912.50328620109,23325619.9603474,0.292104341370067,0.292104341370067,1000,-26083355.24134,-2791725.87761742,3.334667355,20260619
1,lap_scale_decrease,10000,0.5,0.05,0.45,1e-06,100,3,0.1,1000,0,1,879102,879102,0,32950647,32950647,25751.2876369702,2663.65656956992,3862.69314554553,22665627.2446224,0.312134076013062,0.312134076013062,1000,-25751287.6369702,-5103771.62916256,3.349207755,20365348
2,lap_scale_decrease,10000,0.5,0.05,0.45,1e-06,100,3,0.1,1000,0,1,879102,879102,0,32950647,32950647,24943.0585679439,2688.10336253968,3741.45878519159,24461556.6412218,0.257630460451298,0.257630460451298,1000,-24943058.567944,-524212.508390499,3.318715455,20470077
3,lap_scale_decrease,10000,0.5,0.05,0.45,1e-06,100,3,0.1,1000,0,1,879102,879102,0,32950647,32950647,24979.1366342952,2664.48335062126,3746.87049514428,23365854.9276726,0.290883273773877,0.290883273773877,1000,-24979136.6342949,-3775239.58268717,3.307539654,20574806
4,lap_scale_decrease,10000,0.5,0.05,0.45,1e-06,100,3,0.1,1000,0,1,879102,879102,0,32950647,32950647,25693.2489891533,2685.39767811875,3853.98734837299,22998940.8764416,0.302018534675765,0.302018534675765,1000,-25693248.9891536,-4161869.38152185,3.339612055,20679535
0,lap_count_increase,10000,0.5,0.05,0.45,1e-06,100,3,0.1,1000,0,1,879102,879102,0,32950647,32950647,26083.3552413406,2663.28628881644,3912.50328620109,34860650.7074608,0.0579655904013282,0.0579655904013282,987,8521737,-2791725.87761742,3.496275457,20260619
1,lap_count_increase,10000,0.5,0.05,0.45,1e-06,100,3,0.1,1000,0,1,879102,879102,0,32950647,32950647,25751.2876369702,2663.65656956992,3862.69314554553,34578706.1236125,0.0494090183908225,0.0494090183908225,991,9987949,-5103771.62916256,3.254462853,20365348
2,lap_count_increase,10000,0.5,0.05,0.45,1e-06,100,3,0.1,1000,0,1,879102,879102,0,32950647,32950647,24943.0585679439,2688.10336253968,3741.45878519159,35816488.8305366,0.0869737650534325,0.0869737650534325,992,9121738,-524212.508390499,3.277111354,20470077
3,lap_count_increase,10000,0.5,0.05,0.45,1e-06,100,3,0.1,1000,0,1,879102,879102,0,32950647,32950647,24979.1366342952,2664.48335062126,3746.87049514428,35002412.1391042,0.0622678255484399,0.0622678255484399,990,9930535,-3775239.58268717,3.301013354,20574806
4,lap_count_increase,10000,0.5,0.05,0.45,1e-06,100,3,0.1,1000,0,1,879102,879102,0,32950647,32950647,25693.2489891533,2685.39767811875,3853.98734837299,35213879.5394929,0.0686855265540892,0.0686855265540892,988,10951567,-4161869.38152185,3.297883554,20679535
0,lap_count_decrease,10000,0.5,0.05,0.45,1e-06,100,3,0.1,1000,0,1,879102,879102,0,32950647,32950647,26083.3552413406,2663.28628881644,3912.50328620109,29179492.7074608,0.114448565836633,0.114448565836633,987,-8521737,-2791725.87761742,3.345034955,20260619
1,lap_count_decrease,10000,0.5,0.05,0.45,1e-06,100,3,0.1,1000,0,1,879102,879102,0,32950647,32950647,25751.2876369702,2663.65656956992,3862.69314554553,27920073.4569458,0.152669947362619,0.152669947362619,991,-9987949,-5103771.62916256,3.456190557,20365348
2,lap_count_decrease,10000,0.5,0.05,0.45,1e-06,100,3,0.1,1000,0,1,879102,879102,0,32950647,32950647,24943.0585679439,2688.10336253968,3741.45878519159,29735330.1638699,0.0975797785133051,0.0975797785133051,992,-9121738,-524212.508390499,3.371346755,20470077
3,lap_count_decrease,10000,0.5,0.05,0.45,1e-06,100,3,0.1,1000,0,1,879102,879102,0,32950647,32950647,24979.1366342952,2664.48335062126,3746.87049514428,28382055.4724376,0.138649524167534,0.138649524167534,990,-9930535,-3775239.58268717,3.302519154,20574806
4,lap_count_decrease,10000,0.5,0.05,0.45,1e-06,100,3,0.1,1000,0,1,879102,879102,0,32950647,32950647,25693.2489891533,2685.39767811875,3853.98734837299,27912834.8728262,0.152889626937335,0.152889626937335,988,-10951567,-4161869.38152185,3.335309054,20679535
0,lap_fixed_increase,10000,0.5,0.05,0.45,1e-06,100,3,0.1,1000,0,2,879102,879102,0,32950647,32950647,26083.3552413406,2663.28628881644,3912.50328620109,32020738.3741274,0.0282212554391589,0.0282212554391589,1000,2000,-2791725.87761742,3.316216254,20260619
1,lap_fixed_increase,10000,0.5,0.05,0.45,1e-06,100,3,0.1,1000,0,2,879102,879102,0,32950647,32950647,25751.2876369702,2663.65656956992,3862.69314554553,31250056.4569458,0.051610232207403,0.051610232207403,1000,2000,-5103771.62916256,3.367492456,20365348
2,lap_fixed_increase,10000,0.5,0.05,0.45,1e-06,100,3,0.1,1000,0,2,879102,879102,0,32950647,32950647,24943.0585679439,2688.10336253968,3741.45878519159,32776576.1638699,0.00528277445144196,0.00528277445144196,1000,2000,-524212.508390499,3.356484054,20470077
3,lap_fixed_increase,10000,0.5,0.05,0.45,1e-06,100,3,0.1,1000,0,2,879102,879102,0,32950647,32950647,24979.1366342952,2664.48335062126,3746.87049514428,31692900.4724376,0.0381706170310538,0.0381706170310538,1000,2000,-3775239.58268717,3.383949255,20574806
4,lap_fixed_increase,10000,0.5,0.05,0.45,1e-06,100,3,0.1,1000,0,2,879102,879102,0,32950647,32950647,25693.2489891533,2685.39767811875,3853.98734837299,31564023.8728263,0.0420818179131277,0.0420818179131277,1000,2000,-4161869.38152185,3.337519855,20679535
0,lap_fixed_decrease,10000,0.5,0.05,0.45,1e-06,100,3,0.1,1000,0,2,879102,879102,0,32950647,32950647,26083.3552413406,2663.28628881644,3912.50328620109,32019405.0407941,0.0282617199961473,0.0282617199961473,1000,-2000,-2791725.87761742,3.288927154,20260619
1,lap_fixed_decrease,10000,0.5,0.05,0.45,1e-06,100,3,0.1,1000,0,2,879102,879102,0,32950647,32950647,25751.2876369702,2663.65656956992,3862.69314554553,31248723.1236125,0.0516506967643915,0.0516506967643915,1000,-2000,-5103771.62916256,3.308808354,20365348
2,lap_fixed_decrease,10000,0.5,0.05,0.45,1e-06,100,3,0.1,1000,0,2,879102,879102,0,32950647,32950647,24943.0585679439,2688.10336253968,3741.45878519159,32775242.8305366,0.00532323900843024,0.00532323900843024,1000,-2000,-524212.508390499,3.268999554,20470077
3,lap_fixed_decrease,10000,0.5,0.05,0.45,1e-06,100,3,0.1,1000,0,2,879102,879102,0,32950647,32950647,24979.1366342952,2664.48335062126,3746.87049514428,31691567.1391042,0.0382110815880422,0.0382110815880422,1000,-2000,-3775239.58268717,3.316820854,20574806
4,lap_fixed_decrease,10000,0.5,0.05,0.45,1e-06,100,3,0.1,1000,0,2,879102,879102,0,32950647,32950647,25693.2489891533,2685.39767811875,3853.98734837299,31562690.5394929,0.042122282470116,0.042122282470116,1000,-2000,-4161869.38152185,3.259048454,20679535
0,lap_scale_increase,10000,0.5,0.05,0.45,1e-06,100,3,0.1,1000,0,2,879102,879102,0,32950647,32950647,26083.3552413406,2663.28628881644,3912.50328620109,49408975.2016875,0.499484219587176,0.499484219587176,1000,52166710.4826799,-2791725.87761742,3.182200852,20260619
1,lap_scale_increase,10000,0.5,0.05,0.45,1e-06,100,3,0.1,1000,0,2,879102,879102,0,32950647,32950647,25751.2876369702,2663.65656956992,3862.69314554553,48416914.8815926,0.46937675856843,0.46937675856843,1000,51502575.2739403,-5103771.62916256,3.391194655,20365348
2,lap_scale_increase,10000,0.5,0.05,0.45,1e-06,100,3,0.1,1000,0,2,879102,879102,0,32950647,32950647,24943.0585679439,2688.10336253968,3741.45878519159,49404615.2091657,0.499351900712775,0.499351900712775,1000,49886117.1358879,-524212.508390499,3.336724755,20470077
3,lap_scale_increase,10000,0.5,0.05,0.45,1e-06,100,3,0.1,1000,0,2,879102,879102,0,32950647,32950647,24979.1366342952,2664.48335062126,3746.87049514428,48344991.5619677,0.467193999619117,0.467193999619117,1000,49958273.2685899,-3775239.58268717,3.324535354,20574806
4,lap_scale_increase,10000,0.5,0.05,0.45,1e-06,100,3,0.1,1000,0,2,879102,879102,0,32950647,32950647,25693.2489891533,2685.39767811875,3853.98734837299,48692189.8655952,0.477730918776654,0.477730918776654,1000,51386497.9783072,-4161869.38152185,3.431055856,20679535
0,lap_scale_decrease,10000,0.5,0.05,0.45,1e-06,100,3,0.1,1000,0,2,879102,879102,0,32950647,32950647,26083.3552413406,2663.28628881644,3912.50328620109,14631168.2132338,0.55596719502249,0.55596719502249,1000,-52166710.4826799,-2791725.87761742,3.314832355,20260619
1,lap_scale_decrease,10000,0.5,0.05,0.45,1e-06,100,3,0.1,1000,0,2,879102,879102,0,32950647,32950647,25751.2876369702,2663.65656956992,3862.69314554553,14081864.6989657,0.572637687540228,0.572637687540228,1000,-51502575.2739403,-5103771.62916256,3.233671753,20365348
2,lap_scale_decrease,10000,0.5,0.05,0.45,1e-06,100,3,0.1,1000,0,2,879102,879102,0,32950647,32950647,24943.0585679439,2688.10336253968,3741.45878519159,16147203.7852406,0.509957914172652,0.509957914172652,1000,-49886117.1358879,-524212.508390499,3.128153951,20470077
3,lap_scale_decrease,10000,0.5,0.05,0.45,1e-06,100,3,0.1,1000,0,2,879102,879102,0,32950647,32950647,24979.1366342952,2664.48335062126,3746.87049514428,15039476.0495742,0.54357569823821,0.54357569823821,1000,-49958273.2685899,-3775239.58268717,3.262286653,20574806
4,lap_scale_decrease,10000,0.5,0.05,0.45,1e-06,100,3,0.1,1000,0,2,879102,879102,0,32950647,32950647,25693.2489891533,2685.39767811875,3853.98734837299,14434524.546724,0.561935019159897,0.561935019159897,1000,-51386497.9783072,-4161869.38152185,3.295647654,20679535
0,lap_count_increase,10000,0.5,0.05,0.45,1e-06,100,3,0.1,1000,0,2,879102,879102,0,32950647,32950647,26083.3552413406,2663.28628881644,3912.50328620109,37701229.7074607,0.14417266852031,0.14417266852031,987,17043474,-2791725.87761742,3.356400455,20260619
1,lap_count_increase,10000,0.5,0.05,0.45,1e-06,100,3,0.1,1000,0,2,879102,879102,0,32950647,32950647,25751.2876369702,2663.65656956992,3862.69314554553,37908022.4569459,0.150448501267543,0.150448501267543,991,19975898,-5103771.62916256,3.284506054,20365348
2,lap_count_increase,10000,0.5,0.05,0.45,1e-06,100,3,0.1,1000,0,2,879102,879102,0,32950647,32950647,24943.0585679439,2688.10336253968,3741.45878519159,38857068.16387,0.179250536836802,0.179250536836802,992,18243476,-524212.508390499,3.285204054,20470077
3,lap_count_increase,10000,0.5,0.05,0.45,1e-06,100,3,0.1,1000,0,2,879102,879102,0,32950647,32950647,24979.1366342952,2664.48335062126,3746.87049514428,38312590.4724377,0.162726500406431,0.162726500406431,990,19861070,-3775239.58268717,3.262027353,20574806
4,lap_count_increase,10000,0.5,0.05,0.45,1e-06,100,3,0.1,1000,0,2,879102,879102,0,32950647,32950647,25693.2489891533,2685.39767811875,3853.98734837299,38864401.8728262,0.1794731032998,0.1794731032998,988,21903134,-4161869.38152185,3.084734951,20679535
0,lap_count_decrease,10000,0.5,0.05,0.45,1e-06,100,3,0.1,1000,0,2,879102,879102,0,32950647,32950647,26083.3552413406,2663.28628881644,3912.50328620109,26338913.7074609,0.200655643955613,0.200655643955613,987,-17043474,-2791725.87761742,3.392744456,20260619
1,lap_count_decrease,10000,0.5,0.05,0.45,1e-06,100,3,0.1,1000,0,2,879102,879102,0,32950647,32950647,25751.2876369702,2663.65656956992,3862.69314554553,24590757.1236124,0.253709430239338,0.253709430239338,991,-19975898,-5103771.62916256,3.333644554,20365348
2,lap_count_decrease,10000,0.5,0.05,0.45,1e-06,100,3,0.1,1000,0,2,879102,879102,0,32950647,32950647,24943.0585679439,2688.10336253968,3741.45878519159,26694750.8305365,0.189856550296675,0.189856550296675,992,-18243476,-524212.508390499,3.437471356,20470077
3,lap_count_decrease,10000,0.5,0.05,0.45,1e-06,100,3,0.1,1000,0,2,879102,879102,0,32950647,32950647,24979.1366342952,2664.48335062126,3746.87049514428,25071877.1391043,0.239108199025522,0.239108199025522,990,-19861070,-3775239.58268717,3.404358456,20574806
4,lap_count_decrease,10000,0.5,0.05,0.45,1e-06,100,3,0.1,1000,0,2,879102,879102,0,32950647,32950647,25693.2489891533,2685.39767811875,3853.98734837299,24262312.5394927,0.26367720368305,0.26367720368305,988,-21903134,-4161869.38152185,3.390906255,20679535
0,lap_fixed_increase,10000,0.5,0.05,0.45,1e-06,100,3,0.15,1500,0,0.25,879102,879102,0,32950647,32950647,26083.3552413406,2663.28628881644,3912.50328620109,32020196.7074608,0.0282376941654355,0.0282376941654355,1500,375,-2791725.87761742,3.225890853,20260619
1,lap_fixed_increase,10000,0.5,0.05,0.45,1e-06,100,3,0.15,1500,0,0.25,879102,879102,0,32950647,32950647,25751.2876369702,2663.65656956992,3862.69314554553,31249514.7902792,0.0516266709336795,0.0516266709336795,1500,375,-5103771.62916256,3.196998653,20365348
2,lap_fixed_increase,10000,0.5,0.05,0.45,1e-06,100,3,0.15,1500,0,0.25,879102,879102,0,32950647,32950647,24943.0585679439,2688.10336253968,3741.45878519159,32776034.4972032,0.0052992131777185,0.0052992131777185,1500,375,-524212.508390499,3.180729252,20470077
3,lap_fixed_increase,10000,0.5,0.05,0.45,1e-06,100,3,0.15,1500,0,0.25,879102,879102,0,32950647,32950647,24979.1366342952,2664.48335062126,3746.87049514428,31692358.8057709,0.0381870557573304,0.0381870557573304,1500,375,-3775239.58268717,3.137109151,20574806
4,lap_fixed_increase,10000,0.5,0.05,0.45,1e-06,100,3,0.15,1500,0,0.25,879102,879102,0,32950647,32950647,25693.2489891533,2685.39767811875,3853.98734837299,31563482.2061596,0.0420982566394041,0.0420982566394041,1500,375,-4161869.38152185,3.124086151,20679535
0,lap_fixed_decrease,10000,0.5,0.05,0.45,1e-06,100,3,0.15,1500,0,0.25,879102,879102,0,32950647,32950647,26083.3552413406,2663.28628881644,3912.50328620109,32019946.7074608,0.0282452812698708,0.0282452812698708,1500,-375,-2791725.87761742,3.09979075,20260619
1,lap_fixed_decrease,10000,0.5,0.05,0.45,1e-06,100,3,0.15,1500,0,0.25,879102,879102,0,32950647,32950647,25751.2876369702,2663.65656956992,3862.69314554553,31249264.7902792,0.051634258038115,0.051634258038115,1500,-375,-5103771.62916256,3.212592053,20365348
2,lap_fixed_decrease,10000,0.5,0.05,0.45,1e-06,100,3,0.15,1500,0,0.25,879102,879102,0,32950647,32950647,24943.0585679439,2688.10336253968,3741.45878519159,32775784.4972032,0.00530680028215381,0.00530680028215381,1500,-375,-524212.508390499,3.138602552,20470077
3,lap_fixed_decrease,10000,0.5,0.05,0.45,1e-06,100,3,0.15,1500,0,0.25,879102,879102,0,32950647,32950647,24979.1366342952,2664.48335062126,3746.87049514428,31692108.8057709,0.0381946428617657,0.0381946428617657,1500,-375,-3775239.58268717,3.112934351,20574806
4,lap_fixed_decrease,10000,0.5,0.05,0.45,1e-06,100,3,0.15,1500,0,0.25,879102,879102,0,32950647,32950647,25693.2489891533,2685.39767811875,3853.98734837299,31563232.2061596,0.0421058437438394,0.0421058437438394,1500,-375,-4161869.38152185,3.182095453,20679535
0,lap_scale_increase,10000,0.5,0.05,0.45,1e-06,100,3,0.15,1500,0,0.25,879102,879102,0,32950647,32950647,26083.3552413406,2663.28628881644,3912.50328620109,35280491.1126283,0.0707070824020032,0.0707070824020032,1500,9781258.21550264,-2791725.87761742,3.284762654,20260619
1,lap_scale_increase,10000,0.5,0.05,0.45,1e-06,100,3,0.15,1500,0,0.25,879102,879102,0,32950647,32950647,25751.2876369702,2663.65656956992,3862.69314554553,34468300.7449004,0.0460583898367883,0.0460583898367883,1500,9656732.86386388,-5103771.62916256,3.201133252,20365348
2,lap_scale_increase,10000,0.5,0.05,0.45,1e-06,100,3,0.15,1500,0,0.25,879102,879102,0,32950647,32950647,24943.0585679439,2688.10336253968,3741.45878519159,35893791.8181962,0.0893197884155719,0.0893197884155719,1500,9353646.96297896,-524212.508390499,3.219624753,20470077
3,lap_scale_increase,10000,0.5,0.05,0.45,1e-06,100,3,0.15,1500,0,0.25,879102,879102,0,32950647,32950647,24979.1366342952,2664.48335062126,3746.87049514428,34814625.8850579,0.0565688098645803,0.0565688098645803,1500,9367176.23786063,-3775239.58268717,3.183748552,20574806
4,lap_scale_increase,10000,0.5,0.05,0.45,1e-06,100,3,0.15,1500,0,0.25,879102,879102,0,32950647,32950647,25693.2489891533,2685.39767811875,3853.98734837299,34775013.3298037,0.0553666314899268,0.0553666314899268,1500,9634968.37093242,-4161869.38152185,3.195693352,20679535
0,lap_scale_decrease,10000,0.5,0.05,0.45,1e-06,100,3,0.15,1500,0,0.25,879102,879102,0,32950647,32950647,26083.3552413406,2663.28628881644,3912.50328620109,28759652.3022933,0.127190057837306,0.127190057837306,1500,-9781258.21550264,-2791725.87761742,3.095821851,20260619
1,lap_scale_decrease,10000,0.5,0.05,0.45,1e-06,100,3,0.15,1500,0,0.25,879102,879102,0,32950647,32950647,25751.2876369702,2663.65656956992,3862.69314554553,28030478.8356579,0.149319318808585,0.149319318808585,1500,-9656732.86386388,-5103771.62916256,3.134882751,20365348
2,lap_scale_decrease,10000,0.5,0.05,0.45,1e-06,100,3,0.15,1500,0,0.25,879102,879102,0,32950647,32950647,24943.0585679439,2688.10336253968,3741.45878519159,29658027.1762103,0.0999258018754446,0.0999258018754446,1500,-9353646.96297896,-524212.508390499,3.188314852,20470077
3,lap_scale_decrease,10000,0.5,0.05,0.45,1e-06,100,3,0.15,1500,0,0.25,879102,879102,0,32950647,32950647,24979.1366342952,2664.48335062126,3746.87049514428,28569841.726484,0.132950508483672,0.132950508483672,1500,-9367176.23786063,-3775239.58268717,3.127289451,20574806
4,lap_scale_decrease,10000,0.5,0.05,0.45,1e-06,100,3,0.15,1500,0,0.25,879102,879102,0,32950647,32950647,25693.2489891533,2685.39767811875,3853.98734837299,28351701.0825154,0.139570731873175,0.139570731873175,1500,-9634968.37093242,-4161869.38152185,3.117917051,20679535
0,lap_count_increase,10000,0.5,0.05,0.45,1e-06,100,3,0.15,1500,0,0.25,879102,879102,0,32950647,32950647,26083.3552413406,2663.28628881644,3912.50328620109,33153668.2907941,0.00616137494338451,0.00616137494338451,1484,3400789.75,-2791725.87761742,3.192025852,20260619
1,lap_count_increase,10000,0.5,0.05,0.45,1e-06,100,3,0.15,1500,0,0.25,879102,879102,0,32950647,32950647,25751.2876369702,2663.65656956992,3862.69314554553,32480778.5402792,0.0142597642990394,0.0142597642990394,1483,3694166.25,-5103771.62916256,3.164795252,20365348
2,lap_count_increase,10000,0.5,0.05,0.45,1e-06,100,3,0.15,1500,0,0.25,879102,879102,0,32950647,32950647,24943.0585679439,2688.10336253968,3741.45878519159,33921369.4972032,0.0294598918559395,0.0294598918559395,1487,3436380,-524212.508390499,3.152479352,20470077
3,lap_count_increase,10000,0.5,0.05,0.45,1e-06,100,3,0.15,1500,0,0.25,879102,879102,0,32950647,32950647,24979.1366342952,2664.48335062126,3746.87049514428,32860655.2224376,0.0027311080587405,0.0027311080587405,1485,3505264.25,-3775239.58268717,3.250381354,20574806
4,lap_count_increase,10000,0.5,0.05,0.45,1e-06,100,3,0.15,1500,0,0.25,879102,879102,0,32950647,32950647,25693.2489891533,2685.39767811875,3853.98734837299,32805692.1228263,0.00439915116609809,0.00439915116609809,1485,3727004.75,-4161869.38152185,3.180897552,20679535
0,lap_count_decrease,10000,0.5,0.05,0.45,1e-06,100,3,0.15,1500,0,0.25,879102,879102,0,32950647,32950647,26083.3552413406,2663.28628881644,3912.50328620109,30886475.1241275,0.0626443503786903,0.0626443503786903,1484,-3400789.75,-2791725.87761742,3.09587115,20260619
1,lap_count_decrease,10000,0.5,0.05,0.45,1e-06,100,3,0.15,1500,0,0.25,879102,879102,0,32950647,32950647,25751.2876369702,2663.65656956992,3862.69314554553,30018001.040279,0.0890011646727599,0.0890011646727599,1483,-3694166.25,-5103771.62916256,3.123434451,20365348
2,lap_count_decrease,10000,0.5,0.05,0.45,1e-06,100,3,0.15,1500,0,0.25,879102,879102,0,32950647,32950647,24943.0585679439,2688.10336253968,3741.45878519159,31630449.4972032,0.0400659053158127,0.0400659053158127,1487,-3436380,-524212.508390499,3.248477053,20470077
3,lap_count_decrease,10000,0.5,0.05,0.45,1e-06,100,3,0.15,1500,0,0.25,879102,879102,0,32950647,32950647,24979.1366342952,2664.48335062126,3746.87049514428,30523812.3891043,0.0736505905603535,0.0736505905603535,1485,-3505264.25,-3775239.58268717,3.135333051,20574806
4,lap_count_decrease,10000,0.5,0.05,0.45,1e-06,100,3,0.15,1500,0,0.25,879102,879102,0,32950647,32950647,25693.2489891533,2685.39767811875,3853.98734837299,30321022.2894929,0.0798049492171471,0.0798049492171471,1485,-3727004.75,-4161869.38152185,3.159770952,20679535
0,lap_fixed_increase,10000,0.5,0.05,0.45,1e-06,100,3,0.15,1500,0,0.5,879102,879102,0,32950647,32950647,26083.3552413406,2663.28628881644,3912.50328620109,32020321.7074608,0.0282339006132178,0.0282339006132178,1500,750,-2791725.87761742,3.140911051,20260619
1,lap_fixed_increase,10000,0.5,0.05,0.45,1e-06,100,3,0.15,1500,0,0.5,879102,879102,0,32950647,32950647,25751.2876369702,2663.65656956992,3862.69314554553,31249639.7902792,0.0516228773814619,0.0516228773814619,1500,750,-5103771.62916256,3.223310352,20365348
2,lap_fixed_increase,10000,0.5,0.05,0.45,1e-06,100,3,0.15,1500,0,0.5,879102,879102,0,32950647,32950647,24943.0585679439,2688.10336253968,3741.45878519159,32776159.4972032,0.00529541962550084,0.00529541962550084,1500,750,-524212.508390499,3.133510452,20470077
3,lap_fixed_increase,10000,0.5,0.05,0.45,1e-06,100,3,0.15,1500,0,0.5,879102,879102,0,32950647,32950647,24979.1366342952,2664.48335062126,3746.87049514428,31692483.8057709,0.0381832622051127,0.0381832622051127,1500,750,-3775239.58268717,3.255247853,20574806
4,lap_fixed_increase,10000,0.5,0.05,0.45,1e-06,100,3,0.15,1500,0,0.5,879102,879102,0,32950647,32950647,25693.2489891533,2685.39767811875,3853.98734837299,31563607.2061596,0.0420944630871865,0.0420944630871865,1500,750,-4161869.38152185,3.198294352,20679535
0,lap_fixed_decrease,10000,0.5,0.05,0.45,1e-06,100,3,0.15,1500,0,0.5,879102,879102,0,32950647,32950647,26083.3552413406,2663.28628881644,3912.50328620109,32019821.7074608,0.0282490748220884,0.0282490748220884,1500,-750,-2791725.87761742,3.218348953,20260619
1,lap_fixed_decrease,10000,0.5,0.05,0.45,1e-06,100,3,0.15,1500,0,0.5,879102,879102,0,32950647,32950647,25751.2876369702,2663.65656956992,3862.69314554553,31249139.7902792,0.0516380515903326,0.0516380515903326,1500,-750,-5103771.62916256,3.114170351,20365348
2,lap_fixed_decrease,10000,0.5,0.05,0.45,1e-06,100,3,0.15,1500,0,0.5,879102,879102,0,32950647,32950647,24943.0585679439,2688.10336253968,3741.45878519159,32775659.4972032,0.00531059383437146,0.00531059383437146,1500,-750,-524212.508390499,3.238996953,20470077
3,lap_fixed_decrease,10000,0.5,0.05,0.45,1e-06,100,3,0.15,1500,0,0.5,879102,879102,0,32950647,32950647,24979.1366342952,2664.48335062126,3746.87049514428,31691983.8057709,0.0381984364139833,0.0381984364139833,1500,-750,-3775239.58268717,3.177417152,20574806
4,lap_fixed_decrease,10000,0.5,0.05,0.45,1e-06,100,3,0.15,1500,0,0.5,879102,879102,0,32950647,32950647,25693.2489891533,2685.39767811875,3853.98734837299,31563107.2061596,0.0421096372960571,0.0421096372960571,1500,-750,-4161869.38152185,3.226867453,20679535
0,lap_scale_increase,10000,0.5,0.05,0.45,1e-06,100,3,0.15,1500,0,0.5,879102,879102,0,32950647,32950647,26083.3552413406,2663.28628881644,3912.50328620109,38540910.5177959,0.169655652521662,0.169655652521662,1500,19562516.4310053,-2791725.87761742,3.173055352,20260619
1,lap_scale_increase,10000,0.5,0.05,0.45,1e-06,100,3,0.15,1500,0,0.5,879102,879102,0,32950647,32950647,25751.2876369702,2663.65656956992,3862.69314554553,37687211.6995217,0.143747244159477,0.143747244159477,1500,19313465.7277278,-5103771.62916256,3.212082253,20365348
2,lap_scale_increase,10000,0.5,0.05,0.45,1e-06,100,3,0.15,1500,0,0.5,879102,879102,0,32950647,32950647,24943.0585679439,2688.10336253968,3741.45878519159,39011674.1391892,0.183942583561082,0.183942583561082,1500,18707293.9259579,-524212.508390499,3.178990352,20470077
3,lap_scale_increase,10000,0.5,0.05,0.45,1e-06,100,3,0.15,1500,0,0.5,879102,879102,0,32950647,32950647,24979.1366342952,2664.48335062126,3746.87049514428,37937017.9643448,0.151328469038705,0.151328469038705,1500,18734352.4757213,-3775239.58268717,3.103075952,20574806
4,lap_scale_increase,10000,0.5,0.05,0.45,1e-06,100,3,0.15,1500,0,0.5,879102,879102,0,32950647,32950647,25693.2489891533,2685.39767811875,3853.98734837299,37986669.4534479,0.152835313171479,0.152835313171479,1500,19269936.7418648,-4161869.38152185,3.113942851,20679535
0,lap_scale_decrease,10000,0.5,0.05,0.45,1e-06,100,3,0.15,1500,0,0.5,879102,879102,0,32950647,32950647,26083.3552413406,2663.28628881644,3912.50328620109,25499232.8971258,0.226138627956961,0.226138627956961,1500,-19562516.4310053,-2791725.87761742,3.215340453,20260619
1,lap_scale_decrease,10000,0.5,0.05,0.45,1e-06,100,3,0.15,1500,0,0.5,879102,879102,0,32950647,32950647,25751.2876369702,2663.65656956992,3862.69314554553,24811567.8810365,0.247008173131275,0.247008173131275,1500,-19313465.7277278,-5103771.62916256,3.175127552,20365348
2,lap_scale_decrease,10000,0.5,0.05,0.45,1e-06,100,3,0.15,1500,0,0.5,879102,879102,0,32950647,32950647,24943.0585679439,2688.10336253968,3741.45878519159,26540144.8552172,0.194548597020956,0.194548597020956,1500,-18707293.9259579,-524212.508390499,3.07836625,20470077
3,lap_scale_decrease,10000,0.5,0.05,0.45,1e-06,100,3,0.15,1500,0,0.5,879102,879102,0,32950647,32950647,24979.1366342952,2664.48335062126,3746.87049514428,25447449.6471971,0.227710167657796,0.227710167657796,1500,-18734352.4757213,-3775239.58268717,3.230756153,20574806
4,lap_scale_decrease,10000,0.5,0.05,0.45,1e-06,100,3,0.15,1500,0,0.5,879102,879102,0,32950647,32950647,25693.2489891533,2685.39767811875,3853.98734837299,25140044.9588711,0.237039413554728,0.237039413554728,1500,-19269936.7418648,-4161869.38152185,3.06092225,20679535
0,lap_count_increase,10000,0.5,0.05,0.45,1e-06,100,3,0.15,1500,0,0.5,879102,879102,0,32950647,32950647,26083.3552413406,2663.28628881644,3912.50328620109,34287264.8741274,0.0405642376044222,0.0405642376044222,1484,6801579.5,-2791725.87761742,3.197207453,20260619
1,lap_count_increase,10000,0.5,0.05,0.45,1e-06,100,3,0.15,1500,0,0.5,879102,879102,0,32950647,32950647,25751.2876369702,2663.65656956992,3862.69314554553,33712167.2902792,0.0231109358878197,0.0231109358878197,1483,7388332.5,-5103771.62916256,3.123803151,20365348
2,lap_count_increase,10000,0.5,0.05,0.45,1e-06,100,3,0.15,1500,0,0.5,879102,879102,0,32950647,32950647,24943.0585679439,2688.10336253968,3741.45878519159,35066829.4972032,0.0642227904418151,0.0642227904418151,1487,6872760,-524212.508390499,3.190707752,20470077
3,lap_count_increase,10000,0.5,0.05,0.45,1e-06,100,3,0.15,1500,0,0.5,879102,879102,0,32950647,32950647,24979.1366342952,2664.48335062126,3746.87049514428,34029076.6391043,0.0327286331920661,0.0327286331920661,1485,7010528.5,-3775239.58268717,3.105140451,20574806
4,lap_count_increase,10000,0.5,0.05,0.45,1e-06,100,3,0.15,1500,0,0.5,879102,879102,0,32950647,32950647,25693.2489891533,2685.39767811875,3853.98734837299,34048027.039493,0.0333037478594262,0.0333037478594262,1485,7454009.5,-4161869.38152185,3.125961451,20679535
0,lap_count_decrease,10000,0.5,0.05,0.45,1e-06,100,3,0.15,1500,0,0.5,879102,879102,0,32950647,32950647,26083.3552413406,2663.28628881644,3912.50328620109,29752878.5407942,0.0970472130397256,0.0970472130397256,1484,-6801579.5,-2791725.87761742,3.180760652,20260619
1,lap_count_decrease,10000,0.5,0.05,0.45,1e-06,100,3,0.15,1500,0,0.5,879102,879102,0,32950647,32950647,25751.2876369702,2663.65656956992,3862.69314554553,28786612.290279,0.126371864859617,0.126371864859617,1483,-7388332.5,-5103771.62916256,3.218703153,20365348
2,lap_count_decrease,10000,0.5,0.05,0.45,1e-06,100,3,0.15,1500,0,0.5,879102,879102,0,32950647,32950647,24943.0585679439,2688.10336253968,3741.45878519159,30484989.4972032,0.0748288039016884,0.0748288039016884,1487,-6872760,-524212.508390499,3.160939352,20470077
3,lap_count_decrease,10000,0.5,0.05,0.45,1e-06,100,3,0.15,1500,0,0.5,879102,879102,0,32950647,32950647,24979.1366342952,2664.48335062126,3746.87049514428,29355390.9724376,0.109110331811159,0.109110331811159,1485,-7010528.5,-3775239.58268717,3.106863551,20574806
4,lap_count_decrease,10000,0.5,0.05,0.45,1e-06,100,3,0.15,1500,0,0.5,879102,879102,0,32950647,32950647,25693.2489891533,2685.39767811875,3853.98734837299,29078687.3728262,0.117507848242671,0.117507848242671,1485,-7454009.5,-4161869.38152185,3.132730951,20679535
0,lap_fixed_increase,10000,0.5,0.05,0.45,1e-06,100,3,0.15,1500,0,1,879102,879102,0,32950647,32950647,26083.3552413406,2663.28628881644,3912.50328620109,32020571.7074608,0.0282263135087825,0.0282263135087825,1500,1500,-2791725.87761742,3.192965352,20260619
1,lap_fixed_increase,10000,0.5,0.05,0.45,1e-06,100,3,0.15,1500,0,1,879102,879102,0,32950647,32950647,25751.2876369702,2663.65656956992,3862.69314554553,31249889.7902792,0.0516152902770266,0.0516152902770266,1500,1500,-5103771.62916256,3.142642751,20365348
2,lap_fixed_increase,10000,0.5,0.05,0.45,1e-06,100,3,0.15,1500,0,1,879102,879102,0,32950647,32950647,24943.0585679439,2688.10336253968,3741.45878519159,32776409.4972032,0.00528783252106554,0.00528783252106554,1500,1500,-524212.508390499,3.149128452,20470077
3,lap_fixed_increase,10000,0.5,0.05,0.45,1e-06,100,3,0.15,1500,0,1,879102,879102,0,32950647,32950647,24979.1366342952,2664.48335062126,3746.87049514428,31692733.8057709,0.0381756751006774,0.0381756751006774,1500,1500,-3775239.58268717,3.172649852,20574806
4,lap_fixed_increase,10000,0.5,0.05,0.45,1e-06,100,3,0.15,1500,0,1,879102,879102,0,32950647,32950647,25693.2489891533,2685.39767811875,3853.98734837299,31563857.2061596,0.0420868759827512,0.0420868759827512,1500,1500,-4161869.38152185,3.131715652,20679535
0,lap_fixed_decrease,10000,0.5,0.05,0.45,1e-06,100,3,0.15,1500,0,1,879102,879102,0,32950647,32950647,26083.3552413406,2663.28628881644,3912.50328620109,32019571.7074608,0.0282566619265237,0.0282566619265237,1500,-1500,-2791725.87761742,3.126863552,20260619
1,lap_fixed_decrease,10000,0.5,0.05,0.45,1e-06,100,3,0.15,1500,0,1,879102,879102,0,32950647,32950647,25751.2876369702,2663.65656956992,3862.69314554553,31248889.7902792,0.0516456386947679,0.0516456386947679,1500,-1500,-5103771.62916256,3.220259953,20365348
2,lap_fixed_decrease,10000,0.5,0.05,0.45,1e-06,100,3,0.15,1500,0,1,879102,879102,0,32950647,32950647,24943.0585679439,2688.10336253968,3741.45878519159,32775409.4972032,0.00531818093880677,0.00531818093880677,1500,-1500,-524212.508390499,3.196914852,20470077
3,lap_fixed_decrease,10000,0.5,0.05,0.45,1e-06,100,3,0.15,1500,0,1,879102,879102,0,32950647,32950647,24979.1366342952,2664.48335062126,3746.87049514428,31691733.8057709,0.0382060235184187,0.0382060235184187,1500,-1500,-3775239.58268717,3.196147353,20574806
4,lap_fixed_decrease,10000,0.5,0.05,0.45,1e-06,100,3,0.15,1500,0,1,879102,879102,0,32950647,32950647,25693.2489891533,2685.39767811875,3853.98734837299,31562857.2061596,0.0421172244004924,0.0421172244004924,1500,-1500,-4161869.38152185,3.142491351,20679535
0,lap_scale_increase,10000,0.5,0.05,0.45,1e-06,100,3,0.15,1500,0,1,879102,879102,0,32950647,32950647,26083.3552413406,2663.28628881644,3912.50328620109,45061749.328131,0.367552792760973,0.367552792760973,1500,39125032.8620106,-2791725.87761742,3.177802453,20260619
1,lap_scale_increase,10000,0.5,0.05,0.45,1e-06,100,3,0.15,1500,0,1,879102,879102,0,32950647,32950647,25751.2876369702,2663.65656956992,3862.69314554553,44125033.6087643,0.339124952804851,0.339124952804851,1500,38626931.4554555,-5103771.62916256,3.145068951,20365348
2,lap_scale_increase,10000,0.5,0.05,0.45,1e-06,100,3,0.15,1500,0,1,879102,879102,0,32950647,32950647,24943.0585679439,2688.10336253968,3741.45878519159,45247438.7811752,0.3731881738521,0.3731881738521,1500,37414587.8519159,-524212.508390499,3.159490352,20470077
3,lap_scale_increase,10000,0.5,0.05,0.45,1e-06,100,3,0.15,1500,0,1,879102,879102,0,32950647,32950647,24979.1366342952,2664.48335062126,3746.87049514428,44181802.1229187,0.340847787386958,0.340847787386958,1500,37468704.9514425,-3775239.58268717,3.267118254,20574806
4,lap_scale_increase,10000,0.5,0.05,0.45,1e-06,100,3,0.15,1500,0,1,879102,879102,0,32950647,32950647,25693.2489891533,2685.39767811875,3853.98734837299,44409981.7007362,0.347772676534582,0.347772676534582,1500,38539873.4837297,-4161869.38152185,3.190316552,20679535
0,lap_scale_decrease,10000,0.5,0.05,0.45,1e-06,100,3,0.15,1500,0,1,879102,879102,0,32950647,32950647,26083.3552413406,2663.28628881644,3912.50328620109,18978394.0867906,0.42403576819628,0.42403576819628,1500,-39125032.8620106,-2791725.87761742,3.119640751,20260619
1,lap_scale_decrease,10000,0.5,0.05,0.45,1e-06,100,3,0.15,1500,0,1,879102,879102,0,32950647,32950647,25751.2876369702,2663.65656956992,3862.69314554553,18373745.9717941,0.442385881776644,0.442385881776644,1500,-38626931.4554555,-5103771.62916256,3.11378175,20365348
2,lap_scale_decrease,10000,0.5,0.05,0.45,1e-06,100,3,0.15,1500,0,1,879102,879102,0,32950647,32950647,24943.0585679439,2688.10336253968,3741.45878519159,20304380.2132313,0.383794187311973,0.383794187311973,1500,-37414587.8519159,-524212.508390499,3.207025352,20470077
3,lap_scale_decrease,10000,0.5,0.05,0.45,1e-06,100,3,0.15,1500,0,1,879102,879102,0,32950647,32950647,24979.1366342952,2664.48335062126,3746.87049514428,19202665.4886234,0.417229486006043,0.417229486006043,1500,-37468704.9514425,-3775239.58268717,3.122258551,20574806
4,lap_scale_decrease,10000,0.5,0.05,0.45,1e-06,100,3,0.15,1500,0,1,879102,879102,0,32950647,32950647,25693.2489891533,2685.39767811875,3853.98734837299,18716732.7115828,0.431976776917831,0.431976776917831,1500,-38539873.4837297,-4161869.38152185,3.161537952,20679535
0,lap_count_increase,10000,0.5,0.05,0.45,1e-06,100,3,0.15,1500,0,1,879102,879102,0,32950647,32950647,26083.3552413406,2663.28628881644,3912.50328620109,36554458.0407941,0.109369962926497,0.109369962926497,1484,13603159,-2791725.87761742,3.09334775,20260619
1,lap_count_increase,10000,0.5,0.05,0.45,1e-06,100,3,0.15,1500,0,1,879102,879102,0,32950647,32950647,25751.2876369702,2663.65656956992,3862.69314554553,36174944.7902791,0.0978523362615344,0.0978523362615344,1483,14776665,-5103771.62916256,3.160479752,20365348
2,lap_count_increase,10000,0.5,0.05,0.45,1e-06,100,3,0.15,1500,0,1,879102,879102,0,32950647,32950647,24943.0585679439,2688.10336253968,3741.45878519159,37357749.4972033,0.133748587613569,0.133748587613569,1487,13745520,-524212.508390499,3.134256952,20470077
3,lap_count_increase,10000,0.5,0.05,0.45,1e-06,100,3,0.15,1500,0,1,879102,879102,0,32950647,32950647,24979.1366342952,2664.48335062126,3746.87049514428,36365919.4724376,0.10364811569368,0.10364811569368,1485,14021057,-3775239.58268717,3.141940051,20574806
4,lap_count_increase,10000,0.5,0.05,0.45,1e-06,100,3,0.15,1500,0,1,879102,879102,0,32950647,32950647,25693.2489891533,2685.39767811875,3853.98734837299,36532696.8728263,0.108709545910473,0.108709545910473,1485,14908019,-4161869.38152185,3.256700053,20679535
0,lap_count_decrease,10000,0.5,0.05,0.45,1e-06,100,3,0.15,1500,0,1,879102,879102,0,32950647,32950647,26083.3552413406,2663.28628881644,3912.50328620109,27485685.3741275,0.165852938361801,0.165852938361801,1484,-13603159,-2791725.87761742,3.174930752,20260619
1,lap_count_decrease,10000,0.5,0.05,0.45,1e-06,100,3,0.15,1500,0,1,879102,879102,0,32950647,32950647,25751.2876369702,2663.65656956992,3862.69314554553,26323834.7902791,0.201113265233333,0.201113265233333,1483,-14776665,-5103771.62916256,3.141817652,20365348
2,lap_count_decrease,10000,0.5,0.05,0.45,1e-06,100,3,0.15,1500,0,1,879102,879102,0,32950647,32950647,24943.0585679439,2688.10336253968,3741.45878519159,28194069.4972032,0.144354601073442,0.144354601073442,1487,-13745520,-524212.508390499,3.110104151,20470077
3,lap_count_decrease,10000,0.5,0.05,0.45,1e-06,100,3,0.15,1500,0,1,879102,879102,0,32950647,32950647,24979.1366342952,2664.48335062126,3746.87049514428,27018548.1391043,0.180029814312773,0.180029814312773,1485,-14021057,-3775239.58268717,3.188926752,20574806
4,lap_count_decrease,10000,0.5,0.05,0.45,1e-06,100,3,0.15,1500,0,1,879102,879102,0,32950647,32950647,25693.2489891533,2685.39767811875,3853.98734837299,26594017.5394928,0.19291364629372,0.19291364629372,1485,-14908019,-4161869.38152185,3.204334952,20679535
0,lap_fixed_increase,10000,0.5,0.05,0.45,1e-06,100,3,0.15,1500,0,2,879102,879102,0,32950647,32950647,26083.3552413406,2663.28628881644,3912.50328620109,32021071.7074608,0.0282111392999119,0.0282111392999119,1500,3000,-2791725.87761742,3.270941654,20260619
1,lap_fixed_increase,10000,0.5,0.05,0.45,1e-06,100,3,0.15,1500,0,2,879102,879102,0,32950647,32950647,25751.2876369702,2663.65656956992,3862.69314554553,31250389.7902792,0.051600116068156,0.051600116068156,1500,3000,-5103771.62916256,3.162138651,20365348
2,lap_fixed_increase,10000,0.5,0.05,0.45,1e-06,100,3,0.15,1500,0,2,879102,879102,0,32950647,32950647,24943.0585679439,2688.10336253968,3741.45878519159,32776909.4972032,0.00527265831219492,0.00527265831219492,1500,3000,-524212.508390499,3.350243155,20470077
3,lap_fixed_increase,10000,0.5,0.05,0.45,1e-06,100,3,0.15,1500,0,2,879102,879102,0,32950647,32950647,24979.1366342952,2664.48335062126,3746.87049514428,31693233.8057709,0.0381605008918068,0.0381605008918068,1500,3000,-3775239.58268717,3.323539554,20574806
4,lap_fixed_increase,10000,0.5,0.05,0.45,1e-06,100,3,0.15,1500,0,2,879102,879102,0,32950647,32950647,25693.2489891533,2685.39767811875,3853.98734837299,31564357.2061596,0.0420717017738806,0.0420717017738806,1500,3000,-4161869.38152185,3.367016655,20679535
0,lap_fixed_decrease,10000,0.5,0.05,0.45,1e-06,100,3,0.15,1500,0,2,879102,879102,0,32950647,32950647,26083.3552413406,2663.28628881644,3912.50328620109,32019071.7074608,0.0282718361353944,0.0282718361353944,1500,-3000,-2791725.87761742,3.163069352,20260619
1,lap_fixed_decrease,10000,0.5,0.05,0.45,1e-06,100,3,0.15,1500,0,2,879102,879102,0,32950647,32950647,25751.2876369702,2663.65656956992,3862.69314554553,31248389.7902792,0.0516608129036385,0.0516608129036385,1500,-3000,-5103771.62916256,3.141693751,20365348
2,lap_fixed_decrease,10000,0.5,0.05,0.45,1e-06,100,3,0.15,1500,0,2,879102,879102,0,32950647,32950647,24943.0585679439,2688.10336253968,3741.45878519159,32774909.4972032,0.00533335514767739,0.00533335514767739,1500,-3000,-524212.508390499,3.142544451,20470077
3,lap_fixed_decrease,10000,0.5,0.05,0.45,1e-06,100,3,0.15,1500,0,2,879102,879102,0,32950647,32950647,24979.1366342952,2664.48335062126,3746.87049514428,31691233.8057709,0.0382211977272893,0.0382211977272893,1500,-3000,-3775239.58268717,3.168252252,20574806
4,lap_fixed_decrease,10000,0.5,0.05,0.45,1e-06,100,3,0.15,1500,0,2,879102,879102,0,32950647,32950647,25693.2489891533,2685.39767811875,3853.98734837299,31562357.2061596,0.042132398609363,0.042132398609363,1500,-3000,-4161869.38152185,3.127011951,20679535
0,lap_scale_increase,10000,0.5,0.05,0.45,1e-06,100,3,0.15,1500,0,2,879102,879102,0,32950647,32950647,26083.3552413406,2663.28628881644,3912.50328620109,58103426.9488008,0.763347073239587,0.763347073239587,1500,78250065.7240212,-2791725.87761742,3.082758251,20260619
1,lap_scale_increase,10000,0.5,0.05,0.45,1e-06,100,3,0.15,1500,0,2,879102,879102,0,32950647,32950647,25751.2876369702,2663.65656956992,3862.69314554553,57000677.4272493,0.729880370095593,0.729880370095593,1500,77253862.910911,-5103771.62916256,3.132496952,20365348
2,lap_scale_increase,10000,0.5,0.05,0.45,1e-06,100,3,0.15,1500,0,2,879102,879102,0,32950647,32950647,24943.0585679439,2688.10336253968,3741.45878519159,57718968.0651469,0.751679354434129,0.751679354434129,1500,74829175.7038317,-524212.508390499,3.176713352,20470077
3,lap_scale_increase,10000,0.5,0.05,0.45,1e-06,100,3,0.15,1500,0,2,879102,879102,0,32950647,32950647,24979.1366342952,2664.48335062126,3746.87049514428,56671370.440066,0.719886424083448,0.719886424083448,1500,74937409.902885,-3775239.58268717,3.215136952,20574806
4,lap_scale_increase,10000,0.5,0.05,0.45,1e-06,100,3,0.15,1500,0,2,879102,879102,0,32950647,32950647,25693.2489891533,2685.39767811875,3853.98734837299,57256606.1953127,0.737647403260781,0.737647403260781,1500,77079746.9674594,-4161869.38152185,3.159175952,20679535
0,lap_scale_decrease,10000,0.5,0.05,0.45,1e-06,100,3,0.15,1500,0,2,879102,879102,0,32950647,32950647,26083.3552413406,2663.28628881644,3912.50328620109,5936716.46612033,0.819830048674907,0.819830048674907,1500,-78250065.7240212,-2791725.87761742,3.218711553,20260619
1,lap_scale_decrease,10000,0.5,0.05,0.45,1e-06,100,3,0.15,1500,0,2,879102,879102,0,32950647,32950647,25751.2876369702,2663.65656956992,3862.69314554553,5498102.15330894,0.833141299067392,0.833141299067392,1500,-77253862.910911,-5103771.62916256,3.253504454,20365348
2,lap_scale_decrease,10000,0.5,0.05,0.45,1e-06,100,3,0.15,1500,0,2,879102,879102,0,32950647,32950647,24943.0585679439,2688.10336253968,3741.45878519159,7832850.92925919,0.762285367894015,0.762285367894015,1500,-74829175.7038317,-524212.508390499,3.202504753,20470077
3,lap_scale_decrease,10000,0.5,0.05,0.45,1e-06,100,3,0.15,1500,0,2,879102,879102,0,32950647,32950647,24979.1366342952,2664.48335062126,3746.87049514428,6713097.17147569,0.796268122702547,0.796268122702547,1500,-74937409.902885,-3775239.58268717,3.141586452,20574806
4,lap_scale_decrease,10000,0.5,0.05,0.45,1e-06,100,3,0.15,1500,0,2,879102,879102,0,32950647,32950647,25693.2489891533,2685.39767811875,3853.98734837299,5870108.21700617,0.821851503644036,0.821851503644036,1500,-77079746.9674594,-4161869.38152185,3.205254753,20679535
0,lap_count_increase,10000,0.5,0.05,0.45,1e-06,100,3,0.15,1500,0,2,879102,879102,0,32950647,32950647,26083.3552413406,2663.28628881644,3912.50328620109,41088844.3741273,0.246981413570645,0.246981413570645,1484,27206318,-2791725.87761742,3.181961852,20260619
1,lap_count_increase,10000,0.5,0.05,0.45,1e-06,100,3,0.15,1500,0,2,879102,879102,0,32950647,32950647,25751.2876369702,2663.65656956992,3862.69314554553,41100499.7902791,0.247335137008968,0.247335137008968,1483,29553330,-5103771.62916256,3.206511452,20365348
2,lap_count_increase,10000,0.5,0.05,0.45,1e-06,100,3,0.15,1500,0,2,879102,879102,0,32950647,32950647,24943.0585679439,2688.10336253968,3741.45878519159,41939589.4972032,0.27280018195707,0.27280018195707,1487,27491040,-524212.508390499,3.168873852,20470077
3,lap_count_increase,10000,0.5,0.05,0.45,1e-06,100,3,0.15,1500,0,2,879102,879102,0,32950647,32950647,24979.1366342952,2664.48335062126,3746.87049514428,41039605.1391043,0.245487080696906,0.245487080696906,1485,28042114,-3775239.58268717,3.238326653,20574806
4,lap_count_increase,10000,0.5,0.05,0.45,1e-06,100,3,0.15,1500,0,2,879102,879102,0,32950647,32950647,25693.2489891533,2685.39767811875,3853.98734837299,41502036.5394928,0.259521142012563,0.259521142012563,1485,29816038,-4161869.38152185,3.209473953,20679535
0,lap_count_decrease,10000,0.5,0.05,0.45,1e-06,100,3,0.15,1500,0,2,879102,879102,0,32950647,32950647,26083.3552413406,2663.28628881644,3912.50328620109,22951299.0407943,0.30346438900595,0.30346438900595,1484,-27206318,-2791725.87761742,3.125380851,20260619
1,lap_count_decrease,10000,0.5,0.05,0.45,1e-06,100,3,0.15,1500,0,2,879102,879102,0,32950647,32950647,25751.2876369702,2663.65656956992,3862.69314554553,21398279.7902792,0.350596065980762,0.350596065980762,1483,-29553330,-5103771.62916256,3.187524052,20365348
2,lap_count_decrease,10000,0.5,0.05,0.45,1e-06,100,3,0.15,1500,0,2,879102,879102,0,32950647,32950647,24943.0585679439,2688.10336253968,3741.45878519159,23612229.4972032,0.283406195416947,0.283406195416947,1487,-27491040,-524212.508390499,3.130575451,20470077
3,lap_count_decrease,10000,0.5,0.05,0.45,1e-06,100,3,0.15,1500,0,2,879102,879102,0,32950647,32950647,24979.1366342952,2664.48335062126,3746.87049514428,22344862.4724377,0.321868779315997,0.321868779315997,1485,-28042114,-3775239.58268717,3.137824351,20574806
4,lap_count_decrease,10000,0.5,0.05,0.45,1e-06,100,3,0.15,1500,0,2,879102,879102,0,32950647,32950647,25693.2489891533,2685.39767811875,3853.98734837299,21624677.8728261,0.343725242395813,0.343725242395813,1485,-29816038,-4161869.38152185,3.161517852,20679535
0,lap_fixed_increase,10000,0.5,0.05,0.45,1e-06,100,3,0.2,2000,0,0.25,879102,879102,0,32950647,32950647,26083.3552413406,2663.28628881644,3912.50328620109,32020238.3741274,0.0282364296480296,0.0282364296480296,2000,500,-2791725.87761742,3.182559752,20260619
1,lap_fixed_increase,10000,0.5,0.05,0.45,1e-06,100,3,0.2,2000,0,0.25,879102,879102,0,32950647,32950647,25751.2876369702,2663.65656956992,3862.69314554553,31249556.4569458,0.0516254064162736,0.0516254064162736,2000,500,-5103771.62916256,3.193269452,20365348
2,lap_fixed_increase,10000,0.5,0.05,0.45,1e-06,100,3,0.2,2000,0,0.25,879102,879102,0,32950647,32950647,24943.0585679439,2688.10336253968,3741.45878519159,32776076.1638699,0.00529794866031258,0.00529794866031258,2000,500,-524212.508390499,3.175002052,20470077
3,lap_fixed_increase,10000,0.5,0.05,0.45,1e-06,100,3,0.2,2000,0,0.25,879102,879102,0,32950647,32950647,24979.1366342952,2664.48335062126,3746.87049514428,31692400.4724376,0.0381857912399245,0.0381857912399245,2000,500,-3775239.58268717,3.231734353,20574806
4,lap_fixed_increase,10000,0.5,0.05,0.45,1e-06,100,3,0.2,2000,0,0.25,879102,879102,0,32950647,32950647,25693.2489891533,2685.39767811875,3853.98734837299,31563523.8728263,0.0420969921219983,0.0420969921219983,2000,500,-4161869.38152185,3.213729252,20679535
0,lap_fixed_decrease,10000,0.5,0.05,0.45,1e-06,100,3,0.2,2000,0,0.25,879102,879102,0,32950647,32950647,26083.3552413406,2663.28628881644,3912.50328620109,32019905.0407941,0.0282465457872767,0.0282465457872767,2000,-500,-2791725.87761742,3.06598215,20260619
1,lap_fixed_decrease,10000,0.5,0.05,0.45,1e-06,100,3,0.2,2000,0,0.25,879102,879102,0,32950647,32950647,25751.2876369702,2663.65656956992,3862.69314554553,31249223.1236125,0.0516355225555209,0.0516355225555209,2000,-500,-5103771.62916256,3.138059851,20365348
2,lap_fixed_decrease,10000,0.5,0.05,0.45,1e-06,100,3,0.2,2000,0,0.25,879102,879102,0,32950647,32950647,24943.0585679439,2688.10336253968,3741.45878519159,32775742.8305366,0.00530806479955962,0.00530806479955962,2000,-500,-524212.508390499,3.191097952,20470077
3,lap_fixed_decrease,10000,0.5,0.05,0.45,1e-06,100,3,0.2,2000,0,0.25,879102,879102,0,32950647,32950647,24979.1366342952,2664.48335062126,3746.87049514428,31692067.1391042,0.0381959073791716,0.0381959073791716,2000,-500,-3775239.58268717,3.165026352,20574806
4,lap_fixed_decrease,10000,0.5,0.05,0.45,1e-06,100,3,0.2,2000,0,0.25,879102,879102,0,32950647,32950647,25693.2489891533,2685.39767811875,3853.98734837299,31563190.5394929,0.0421071082612454,0.0421071082612454,2000,-500,-4161869.38152185,3.145227652,20679535
0,lap_scale_increase,10000,0.5,0.05,0.45,1e-06,100,3,0.2,2000,0,0.25,879102,879102,0,32950647,32950647,26083.3552413406,2663.28628881644,3912.50328620109,36367297.5810175,0.103689939108555,0.103689939108555,2000,13041677.6206706,-2791725.87761742,3.134391752,20260619
1,lap_scale_increase,10000,0.5,0.05,0.45,1e-06,100,3,0.2,2000,0,0.25,879102,879102,0,32950647,32950647,25751.2876369702,2663.65656956992,3862.69314554553,35541271.0631076,0.0786213412776859,0.0786213412776859,2000,12875643.8184855,-5103771.62916256,3.155187352,20365348
2,lap_scale_increase,10000,0.5,0.05,0.45,1e-06,100,3,0.2,2000,0,0.25,879102,879102,0,32950647,32950647,24943.0585679439,2688.10336253968,3741.45878519159,36933085.9251939,0.120860720130742,0.120860720130742,2000,12471529.2839716,-524212.508390499,3.08523115,20470077
3,lap_scale_increase,10000,0.5,0.05,0.45,1e-06,100,3,0.2,2000,0,0.25,879102,879102,0,32950647,32950647,24979.1366342952,2664.48335062126,3746.87049514428,35855423.2448202,0.0881553629226223,0.0881553629226223,2000,12489568.3171478,-3775239.58268717,3.128829951,20574806
4,lap_scale_increase,10000,0.5,0.05,0.45,1e-06,100,3,0.2,2000,0,0.25,879102,879102,0,32950647,32950647,25693.2489891533,2685.39767811875,3853.98734837299,35845565.3710184,0.0878561920504431,0.0878561920504431,2000,12846624.4945762,-4161869.38152185,3.197854552,20679535
0,lap_scale_decrease,10000,0.5,0.05,0.45,1e-06,100,3,0.2,2000,0,0.25,879102,879102,0,32950647,32950647,26083.3552413406,2663.28628881644,3912.50328620109,27672845.8339041,0.160172914543859,0.160172914543859,2000,-13041677.6206706,-2791725.87761742,3.172079052,20260619
1,lap_scale_decrease,10000,0.5,0.05,0.45,1e-06,100,3,0.2,2000,0,0.25,879102,879102,0,32950647,32950647,25751.2876369702,2663.65656956992,3862.69314554553,26957508.5174508,0.18188227024948,0.18188227024948,2000,-12875643.8184855,-5103771.62916256,3.206207252,20365348
2,lap_scale_decrease,10000,0.5,0.05,0.45,1e-06,100,3,0.2,2000,0,0.25,879102,879102,0,32950647,32950647,24943.0585679439,2688.10336253968,3741.45878519159,28618733.0692126,0.131466733590614,0.131466733590614,2000,-12471529.2839716,-524212.508390499,3.173926452,20470077
3,lap_scale_decrease,10000,0.5,0.05,0.45,1e-06,100,3,0.2,2000,0,0.25,879102,879102,0,32950647,32950647,24979.1366342952,2664.48335062126,3746.87049514428,27529044.3667217,0.164537061541715,0.164537061541715,2000,-12489568.3171478,-3775239.58268717,3.198623952,20574806
4,lap_scale_decrease,10000,0.5,0.05,0.45,1e-06,100,3,0.2,2000,0,0.25,879102,879102,0,32950647,32950647,25693.2489891533,2685.39767811875,3853.98734837299,27281149.0413006,0.172060292433692,0.172060292433692,2000,-12846624.4945762,-4161869.38152185,3.194804552,20679535
0,lap_count_increase,10000,0.5,0.05,0.45,1e-06,100,3,0.2,2000,0,0.25,879102,879102,0,32950647,32950647,26083.3552413406,2663.28628881644,3912.50328620109,33576204.7907941,0.0189846891563041,0.0189846891563041,1982,4668399.25,-2791725.87761742,3.180035951,20260619
1,lap_count_increase,10000,0.5,0.05,0.45,1e-06,100,3,0.2,2000,0,0.25,879102,879102,0,32950647,32950647,25751.2876369702,2663.65656956992,3862.69314554553,32932235.4569458,0.000558761199868841,0.000558761199868841,1977,5048537,-5103771.62916256,3.196601952,20365348
2,lap_count_increase,10000,0.5,0.05,0.45,1e-06,100,3,0.2,2000,0,0.25,879102,879102,0,32950647,32950647,24943.0585679439,2688.10336253968,3741.45878519159,34339235.9138699,0.0421414764289725,0.0421414764289725,1979,4689979.25,-524212.508390499,3.199847452,20470077
3,lap_count_increase,10000,0.5,0.05,0.45,1e-06,100,3,0.2,2000,0,0.25,879102,879102,0,32950647,32950647,24979.1366342952,2664.48335062126,3746.87049514428,33250971.4724376,0.00911437254745227,0.00911437254745227,1980,4676213,-3775239.58268717,3.183309252,20574806
4,lap_count_increase,10000,0.5,0.05,0.45,1e-06,100,3,0.2,2000,0,0.25,879102,879102,0,32950647,32950647,25693.2489891533,2685.39767811875,3853.98734837299,33292145.0394929,0.0103639251603448,0.0103639251603448,1982,5186363.5,-4161869.38152185,3.207073753,20679535
0,lap_count_decrease,10000,0.5,0.05,0.45,1e-06,100,3,0.2,2000,0,0.25,879102,879102,0,32950647,32950647,26083.3552413406,2663.28628881644,3912.50328620109,30463938.6241275,0.0754676645916087,0.0754676645916087,1982,-4668399.25,-2791725.87761742,3.303600054,20260619
1,lap_count_decrease,10000,0.5,0.05,0.45,1e-06,100,3,0.2,2000,0,0.25,879102,879102,0,32950647,32950647,25751.2876369702,2663.65656956992,3862.69314554553,29566544.1236124,0.10270216777193,0.10270216777193,1977,-5048537,-5103771.62916256,3.097927451,20365348
2,lap_count_decrease,10000,0.5,0.05,0.45,1e-06,100,3,0.2,2000,0,0.25,879102,879102,0,32950647,32950647,24943.0585679439,2688.10336253968,3741.45878519159,31212583.0805366,0.0527474898888459,0.0527474898888459,1979,-4689979.25,-524212.508390499,3.181154952,20470077
3,lap_count_decrease,10000,0.5,0.05,0.45,1e-06,100,3,0.2,2000,0,0.25,879102,879102,0,32950647,32950647,24979.1366342952,2664.48335062126,3746.87049514428,30133496.1391043,0.0854960711665443,0.0854960711665443,1980,-4676213,-3775239.58268717,3.224794953,20574806
4,lap_count_decrease,10000,0.5,0.05,0.45,1e-06,100,3,0.2,2000,0,0.25,879102,879102,0,32950647,32950647,25693.2489891533,2685.39767811875,3853.98734837299,29834569.3728262,0.0945680255435899,0.0945680255435899,1982,-5186363.5,-4161869.38152185,3.162822451,20679535
0,lap_fixed_increase,10000,0.5,0.05,0.45,1e-06,100,3,0.2,2000,0,0.5,879102,879102,0,32950647,32950647,26083.3552413406,2663.28628881644,3912.50328620109,32020405.0407941,0.0282313715784061,0.0282313715784061,2000,1000,-2791725.87761742,3.168117252,20260619
1,lap_fixed_increase,10000,0.5,0.05,0.45,1e-06,100,3,0.2,2000,0,0.5,879102,879102,0,32950647,32950647,25751.2876369702,2663.65656956992,3862.69314554553,31249723.1236125,0.0516203483466502,0.0516203483466502,2000,1000,-5103771.62916256,3.132919751,20365348
2,lap_fixed_increase,10000,0.5,0.05,0.45,1e-06,100,3,0.2,2000,0,0.5,879102,879102,0,32950647,32950647,24943.0585679439,2688.10336253968,3741.45878519159,32776242.8305366,0.005292890590689,0.005292890590689,2000,1000,-524212.508390499,3.144246551,20470077
3,lap_fixed_increase,10000,0.5,0.05,0.45,1e-06,100,3,0.2,2000,0,0.5,879102,879102,0,32950647,32950647,24979.1366342952,2664.48335062126,3746.87049514428,31692567.1391042,0.038180733170301,0.038180733170301,2000,1000,-3775239.58268717,3.146276951,20574806
4,lap_fixed_increase,10000,0.5,0.05,0.45,1e-06,100,3,0.2,2000,0,0.5,879102,879102,0,32950647,32950647,25693.2489891533,2685.39767811875,3853.98734837299,31563690.5394929,0.0420919340523748,0.0420919340523748,2000,1000,-4161869.38152185,3.153234452,20679535
0,lap_fixed_decrease,10000,0.5,0.05,0.45,1e-06,100,3,0.2,2000,0,0.5,879102,879102,0,32950647,32950647,26083.3552413406,2663.28628881644,3912.50328620109,32019738.3741274,0.0282516038569002,0.0282516038569002,2000,-1000,-2791725.87761742,3.204400953,20260619
1,lap_fixed_decrease,10000,0.5,0.05,0.45,1e-06,100,3,0.2,2000,0,0.5,879102,879102,0,32950647,32950647,25751.2876369702,2663.65656956992,3862.69314554553,31249056.4569458,0.0516405806251445,0.0516405806251445,2000,-1000,-5103771.62916256,3.132627852,20365348
2,lap_fixed_decrease,10000,0.5,0.05,0.45,1e-06,100,3,0.2,2000,0,0.5,879102,879102,0,32950647,32950647,24943.0585679439,2688.10336253968,3741.45878519159,32775576.1638699,0.00531312286918319,0.00531312286918319,2000,-1000,-524212.508390499,3.116312151,20470077
3,lap_fixed_decrease,10000,0.5,0.05,0.45,1e-06,100,3,0.2,2000,0,0.5,879102,879102,0,32950647,32950647,24979.1366342952,2664.48335062126,3746.87049514428,31691900.4724376,0.0382009654487951,0.0382009654487951,2000,-1000,-3775239.58268717,3.190889652,20574806
4,lap_fixed_decrease,10000,0.5,0.05,0.45,1e-06,100,3,0.2,2000,0,0.5,879102,879102,0,32950647,32950647,25693.2489891533,2685.39767811875,3853.98734837299,31563023.8728263,0.0421121663308689,0.0421121663308689,2000,-1000,-4161869.38152185,3.142440251,20679535
0,lap_scale_increase,10000,0.5,0.05,0.45,1e-06,100,3,0.2,2000,0,0.5,879102,879102,0,32950647,32950647,26083.3552413406,2663.28628881644,3912.50328620109,40714523.4545743,0.235621365934766,0.235621365934766,2000,26083355.2413411,-2791725.87761742,3.141325951,20260619
1,lap_scale_increase,10000,0.5,0.05,0.45,1e-06,100,3,0.2,2000,0,0.5,879102,879102,0,32950647,32950647,25751.2876369702,2663.65656956992,3862.69314554553,39833152.3359359,0.208873147041267,0.208873147041267,2000,25751287.636971,-5103771.62916256,3.143056952,20365348
2,lap_scale_increase,10000,0.5,0.05,0.45,1e-06,100,3,0.2,2000,0,0.5,879102,879102,0,32950647,32950647,24943.0585679439,2688.10336253968,3741.45878519159,41090262.3531845,0.247024446991421,0.247024446991421,2000,24943058.5679432,-524212.508390499,3.07536085,20470077
3,lap_scale_increase,10000,0.5,0.05,0.45,1e-06,100,3,0.2,2000,0,0.5,879102,879102,0,32950647,32950647,24979.1366342952,2664.48335062126,3746.87049514428,40018612.6838694,0.214501575154789,0.214501575154789,2000,24979136.6342957,-3775239.58268717,3.153684051,20574806
4,lap_scale_increase,10000,0.5,0.05,0.45,1e-06,100,3,0.2,2000,0,0.5,879102,879102,0,32950647,32950647,25693.2489891533,2685.39767811875,3853.98734837299,40127773.5358773,0.217814434292512,0.217814434292512,2000,25693248.9891523,-4161869.38152185,3.110762251,20679535
0,lap_scale_decrease,10000,0.5,0.05,0.45,1e-06,100,3,0.2,2000,0,0.5,879102,879102,0,32950647,32950647,26083.3552413406,2663.28628881644,3912.50328620109,23325619.9603474,0.292104341370067,0.292104341370067,2000,-26083355.2413411,-2791725.87761742,3.200821153,20260619
1,lap_scale_decrease,10000,0.5,0.05,0.45,1e-06,100,3,0.2,2000,0,0.5,879102,879102,0,32950647,32950647,25751.2876369702,2663.65656956992,3862.69314554553,22665627.2446224,0.312134076013063,0.312134076013063,2000,-25751287.636971,-5103771.62916256,3.261427853,20365348
2,lap_scale_decrease,10000,0.5,0.05,0.45,1e-06,100,3,0.2,2000,0,0.5,879102,879102,0,32950647,32950647,24943.0585679439,2688.10336253968,3741.45878519159,24461556.6412219,0.257630460451295,0.257630460451295,2000,-24943058.5679432,-524212.508390499,3.225792953,20470077
3,lap_scale_decrease,10000,0.5,0.05,0.45,1e-06,100,3,0.2,2000,0,0.5,879102,879102,0,32950647,32950647,24979.1366342952,2664.48335062126,3746.87049514428,23365854.9276726,0.290883273773878,0.290883273773878,2000,-24979136.6342957,-3775239.58268717,3.240424653,20574806
4,lap_scale_decrease,10000,0.5,0.05,0.45,1e-06,100,3,0.2,2000,0,0.5,879102,879102,0,32950647,32950647,25693.2489891533,2685.39767811875,3853.98734837299,22998940.8764416,0.302018534675764,0.302018534675764,2000,-25693248.9891523,-4161869.38152185,3.151043151,20679535
0,lap_count_increase,10000,0.5,0.05,0.45,1e-06,100,3,0.2,2000,0,0.5,879102,879102,0,32950647,32950647,26083.3552413406,2663.28628881644,3912.50328620109,35132337.8741274,0.0662108660302609,0.0662108660302609,1982,9336798.5,-2791725.87761742,3.489387758,20260619
1,lap_count_increase,10000,0.5,0.05,0.45,1e-06,100,3,0.2,2000,0,0.5,879102,879102,0,32950647,32950647,25751.2876369702,2663.65656956992,3862.69314554553,34615081.1236125,0.05051294208616,0.05051294208616,1977,10097074,-5103771.62916256,3.273013753,20365348
2,lap_count_increase,10000,0.5,0.05,0.45,1e-06,100,3,0.2,2000,0,0.5,879102,879102,0,32950647,32950647,24943.0585679439,2688.10336253968,3741.45878519159,35902562.3305366,0.0895859595878829,0.0895859595878829,1979,9379958.5,-524212.508390499,3.174836552,20470077
3,lap_count_increase,10000,0.5,0.05,0.45,1e-06,100,3,0.2,2000,0,0.5,879102,879102,0,32950647,32950647,24979.1366342952,2664.48335062126,3746.87049514428,34809709.1391043,0.0564195944044514,0.0564195944044514,1980,9352426,-3775239.58268717,3.289865054,20574806
4,lap_count_increase,10000,0.5,0.05,0.45,1e-06,100,3,0.2,2000,0,0.5,879102,879102,0,32950647,32950647,25693.2489891533,2685.39767811875,3853.98734837299,35020932.8728263,0.0628299005123108,0.0628299005123108,1982,10372727,-4161869.38152185,3.217940652,20679535
0,lap_count_decrease,10000,0.5,0.05,0.45,1e-06,100,3,0.2,2000,0,0.5,879102,879102,0,32950647,32950647,26083.3552413406,2663.28628881644,3912.50328620109,28907805.5407942,0.122693841465566,0.122693841465566,1982,-9336798.5,-2791725.87761742,3.217655252,20260619
1,lap_count_decrease,10000,0.5,0.05,0.45,1e-06,100,3,0.2,2000,0,0.5,879102,879102,0,32950647,32950647,25751.2876369702,2663.65656956992,3862.69314554553,27883698.4569458,0.153773871057956,0.153773871057956,1977,-10097074,-5103771.62916256,3.227859853,20365348
2,lap_count_decrease,10000,0.5,0.05,0.45,1e-06,100,3,0.2,2000,0,0.5,879102,879102,0,32950647,32950647,24943.0585679439,2688.10336253968,3741.45878519159,29649256.6638699,0.100191973047755,0.100191973047755,1979,-9379958.5,-524212.508390499,3.155906252,20470077
3,lap_count_decrease,10000,0.5,0.05,0.45,1e-06,100,3,0.2,2000,0,0.5,879102,879102,0,32950647,32950647,24979.1366342952,2664.48335062126,3746.87049514428,28574758.4724376,0.132801293023545,0.132801293023545,1980,-9352426,-3775239.58268717,3.193729352,20574806
4,lap_count_decrease,10000,0.5,0.05,0.45,1e-06,100,3,0.2,2000,0,0.5,879102,879102,0,32950647,32950647,25693.2489891533,2685.39767811875,3853.98734837299,28105781.5394928,0.147034000895557,0.147034000895557,1982,-10372727,-4161869.38152185,3.118885451,20679535
0,lap_fixed_increase,10000,0.5,0.05,0.45,1e-06,100,3,0.2,2000,0,1,879102,879102,0,32950647,32950647,26083.3552413406,2663.28628881644,3912.50328620109,32020738.3741274,0.0282212554391589,0.0282212554391589,2000,2000,-2791725.87761742,3.233195153,20260619
1,lap_fixed_increase,10000,0.5,0.05,0.45,1e-06,100,3,0.2,2000,0,1,879102,879102,0,32950647,32950647,25751.2876369702,2663.65656956992,3862.69314554553,31250056.4569458,0.051610232207403,0.051610232207403,2000,2000,-5103771.62916256,3.212101152,20365348
2,lap_fixed_increase,10000,0.5,0.05,0.45,1e-06,100,3,0.2,2000,0,1,879102,879102,0,32950647,32950647,24943.0585679439,2688.10336253968,3741.45878519159,32776576.1638699,0.00528277445144196,0.00528277445144196,2000,2000,-524212.508390499,3.215760052,20470077
3,lap_fixed_increase,10000,0.5,0.05,0.45,1e-06,100,3,0.2,2000,0,1,879102,879102,0,32950647,32950647,24979.1366342952,2664.48335062126,3746.87049514428,31692900.4724376,0.0381706170310538,0.0381706170310538,2000,2000,-3775239.58268717,3.218233552,20574806
4,lap_fixed_increase,10000,0.5,0.05,0.45,1e-06,100,3,0.2,2000,0,1,879102,879102,0,32950647,32950647,25693.2489891533,2685.39767811875,3853.98734837299,31564023.8728263,0.0420818179131277,0.0420818179131277,2000,2000,-4161869.38152185,3.190494753,20679535
0,lap_fixed_decrease,10000,0.5,0.05,0.45,1e-06,100,3,0.2,2000,0,1,879102,879102,0,32950647,32950647,26083.3552413406,2663.28628881644,3912.50328620109,32019405.0407941,0.0282617199961473,0.0282617199961473,2000,-2000,-2791725.87761742,3.105065351,20260619
1,lap_fixed_decrease,10000,0.5,0.05,0.45,1e-06,100,3,0.2,2000,0,1,879102,879102,0,32950647,32950647,25751.2876369702,2663.65656956992,3862.69314554553,31248723.1236125,0.0516506967643915,0.0516506967643915,2000,-2000,-5103771.62916256,3.209412852,20365348
2,lap_fixed_decrease,10000,0.5,0.05,0.45,1e-06,100,3,0.2,2000,0,1,879102,879102,0,32950647,32950647,24943.0585679439,2688.10336253968,3741.45878519159,32775242.8305366,0.00532323900843024,0.00532323900843024,2000,-2000,-524212.508390499,3.141348251,20470077
3,lap_fixed_decrease,10000,0.5,0.05,0.45,1e-06,100,3,0.2,2000,0,1,879102,879102,0,32950647,32950647,24979.1366342952,2664.48335062126,3746.87049514428,31691567.1391042,0.0382110815880422,0.0382110815880422,2000,-2000,-3775239.58268717,3.153928851,20574806
4,lap_fixed_decrease,10000,0.5,0.05,0.45,1e-06,100,3,0.2,2000,0,1,879102,879102,0,32950647,32950647,25693.2489891533,2685.39767811875,3853.98734837299,31562690.5394929,0.042122282470116,0.042122282470116,2000,-2000,-4161869.38152185,3.182028352,20679535
0,lap_scale_increase,10000,0.5,0.05,0.45,1e-06,100,3,0.2,2000,0,1,879102,879102,0,32950647,32950647,26083.3552413406,2663.28628881644,3912.50328620109,49408975.2016877,0.499484219587181,0.499484219587181,2000,52166710.4826823,-2791725.87761742,3.252409153,20260619
1,lap_scale_increase,10000,0.5,0.05,0.45,1e-06,100,3,0.2,2000,0,1,879102,879102,0,32950647,32950647,25751.2876369702,2663.65656956992,3862.69314554553,48416914.8815927,0.469376758568433,0.469376758568433,2000,51502575.273942,-5103771.62916256,3.133633351,20365348
2,lap_scale_increase,10000,0.5,0.05,0.45,1e-06,100,3,0.2,2000,0,1,879102,879102,0,32950647,32950647,24943.0585679439,2688.10336253968,3741.45878519159,49404615.2091658,0.499351900712778,0.499351900712778,2000,49886117.1358864,-524212.508390499,3.226368053,20470077
3,lap_scale_increase,10000,0.5,0.05,0.45,1e-06,100,3,0.2,2000,0,1,879102,879102,0,32950647,32950647,24979.1366342952,2664.48335062126,3746.87049514428,48344991.5619677,0.467193999619118,0.467193999619118,2000,49958273.2685913,-3775239.58268717,3.152841052,20574806
4,lap_scale_increase,10000,0.5,0.05,0.45,1e-06,100,3,0.2,2000,0,1,879102,879102,0,32950647,32950647,25693.2489891533,2685.39767811875,3853.98734837299,48692189.8655951,0.477730918776651,0.477730918776651,2000,51386497.9783046,-4161869.38152185,3.156616551,20679535
0,lap_scale_decrease,10000,0.5,0.05,0.45,1e-06,100,3,0.2,2000,0,1,879102,879102,0,32950647,32950647,26083.3552413406,2663.28628881644,3912.50328620109,14631168.2132337,0.555967195022491,0.555967195022491,2000,-52166710.4826823,-2791725.87761742,3.133639452,20260619
1,lap_scale_decrease,10000,0.5,0.05,0.45,1e-06,100,3,0.2,2000,0,1,879102,879102,0,32950647,32950647,25751.2876369702,2663.65656956992,3862.69314554553,14081864.6989657,0.572637687540225,0.572637687540225,2000,-51502575.273942,-5103771.62916256,3.144816651,20365348
2,lap_scale_decrease,10000,0.5,0.05,0.45,1e-06,100,3,0.2,2000,0,1,879102,879102,0,32950647,32950647,24943.0585679439,2688.10336253968,3741.45878519159,16147203.7852406,0.509957914172653,0.509957914172653,2000,-49886117.1358864,-524212.508390499,3.243579153,20470077
3,lap_scale_decrease,10000,0.5,0.05,0.45,1e-06,100,3,0.2,2000,0,1,879102,879102,0,32950647,32950647,24979.1366342952,2664.48335062126,3746.87049514428,15039476.0495742,0.543575698238211,0.543575698238211,2000,-49958273.2685913,-3775239.58268717,3.345144055,20574806
4,lap_scale_decrease,10000,0.5,0.05,0.45,1e-06,100,3,0.2,2000,0,1,879102,879102,0,32950647,32950647,25693.2489891533,2685.39767811875,3853.98734837299,14434524.5467239,0.5619350191599,0.5619350191599,2000,-51386497.9783046,-4161869.38152185,3.11049335,20679535
0,lap_count_increase,10000,0.5,0.05,0.45,1e-06,100,3,0.2,2000,0,1,879102,879102,0,32950647,32950647,26083.3552413406,2663.28628881644,3912.50328620109,38244604.0407941,0.160663219778175,0.160663219778175,1982,18673597,-2791725.87761742,3.139997752,20260619
1,lap_count_increase,10000,0.5,0.05,0.45,1e-06,100,3,0.2,2000,0,1,879102,879102,0,32950647,32950647,25751.2876369702,2663.65656956992,3862.69314554553,37980772.4569458,0.152656348658217,0.152656348658217,1977,20194148,-5103771.62916256,3.172960352,20365348
2,lap_count_increase,10000,0.5,0.05,0.45,1e-06,100,3,0.2,2000,0,1,879102,879102,0,32950647,32950647,24943.0585679439,2688.10336253968,3741.45878519159,39029215.16387,0.184474925905702,0.184474925905702,1979,18759917,-524212.508390499,3.114687051,20470077
3,lap_count_increase,10000,0.5,0.05,0.45,1e-06,100,3,0.2,2000,0,1,879102,879102,0,32950647,32950647,24979.1366342952,2664.48335062126,3746.87049514428,37927184.4724376,0.151030038118451,0.151030038118451,1980,18704852,-3775239.58268717,3.154612851,20574806
4,lap_count_increase,10000,0.5,0.05,0.45,1e-06,100,3,0.2,2000,0,1,879102,879102,0,32950647,32950647,25693.2489891533,2685.39767811875,3853.98734837299,38478508.5394929,0.167761851216243,0.167761851216243,1982,20745454,-4161869.38152185,3.248024154,20679535
0,lap_count_decrease,10000,0.5,0.05,0.45,1e-06,100,3,0.2,2000,0,1,879102,879102,0,32950647,32950647,26083.3552413406,2663.28628881644,3912.50328620109,25795539.3741276,0.217146195213478,0.217146195213478,1982,-18673597,-2791725.87761742,3.189706753,20260619
1,lap_count_decrease,10000,0.5,0.05,0.45,1e-06,100,3,0.2,2000,0,1,879102,879102,0,32950647,32950647,25751.2876369702,2663.65656956992,3862.69314554553,24518007.1236125,0.255917277630013,0.255917277630013,1977,-20194148,-5103771.62916256,3.06261935,20365348
2,lap_count_decrease,10000,0.5,0.05,0.45,1e-06,100,3,0.2,2000,0,1,879102,879102,0,32950647,32950647,24943.0585679439,2688.10336253968,3741.45878519159,26522603.8305365,0.195080939365575,0.195080939365575,1979,-18759917,-524212.508390499,3.12986045,20470077
3,lap_count_decrease,10000,0.5,0.05,0.45,1e-06,100,3,0.2,2000,0,1,879102,879102,0,32950647,32950647,24979.1366342952,2664.48335062126,3746.87049514428,25457283.1391043,0.227411736737543,0.227411736737543,1980,-18704852,-3775239.58268717,3.209514253,20574806
4,lap_count_decrease,10000,0.5,0.05,0.45,1e-06,100,3,0.2,2000,0,1,879102,879102,0,32950647,32950647,25693.2489891533,2685.39767811875,3853.98734837299,24648205.872826,0.251965951599492,0.251965951599492,1982,-20745454,-4161869.38152185,3.129743251,20679535
0,lap_fixed_increase,10000,0.5,0.05,0.45,1e-06,100,3,0.2,2000,0,2,879102,879102,0,32950647,32950647,26083.3552413406,2663.28628881644,3912.50328620109,32021405.0407941,0.0282010231606649,0.0282010231606649,2000,4000,-2791725.87761742,3.144331251,20260619
1,lap_fixed_increase,10000,0.5,0.05,0.45,1e-06,100,3,0.2,2000,0,2,879102,879102,0,32950647,32950647,25751.2876369702,2663.65656956992,3862.69314554553,31250723.1236125,0.0515899999289089,0.0515899999289089,2000,4000,-5103771.62916256,3.158962652,20365348
2,lap_fixed_increase,10000,0.5,0.05,0.45,1e-06,100,3,0.2,2000,0,2,879102,879102,0,32950647,32950647,24943.0585679439,2688.10336253968,3741.45878519159,32777242.8305366,0.00526254217294776,0.00526254217294776,2000,4000,-524212.508390499,3.218225352,20470077
3,lap_fixed_increase,10000,0.5,0.05,0.45,1e-06,100,3,0.2,2000,0,2,879102,879102,0,32950647,32950647,24979.1366342952,2664.48335062126,3746.87049514428,31693567.1391042,0.0381503847525598,0.0381503847525598,2000,4000,-3775239.58268717,3.151570252,20574806
4,lap_fixed_increase,10000,0.5,0.05,0.45,1e-06,100,3,0.2,2000,0,2,879102,879102,0,32950647,32950647,25693.2489891533,2685.39767811875,3853.98734837299,31564690.5394929,0.0420615856346335,0.0420615856346335,2000,4000,-4161869.38152185,3.173792352,20679535
0,lap_fixed_decrease,10000,0.5,0.05,0.45,1e-06,100,3,0.2,2000,0,2,879102,879102,0,32950647,32950647,26083.3552413406,2663.28628881644,3912.50328620109,32018738.3741274,0.0282819522746414,0.0282819522746414,2000,-4000,-2791725.87761742,3.142055352,20260619
1,lap_fixed_decrease,10000,0.5,0.05,0.45,1e-06,100,3,0.2,2000,0,2,879102,879102,0,32950647,32950647,25751.2876369702,2663.65656956992,3862.69314554553,31248056.4569458,0.0516709290428857,0.0516709290428857,2000,-4000,-5103771.62916256,3.091450451,20365348
2,lap_fixed_decrease,10000,0.5,0.05,0.45,1e-06,100,3,0.2,2000,0,2,879102,879102,0,32950647,32950647,24943.0585679439,2688.10336253968,3741.45878519159,32774576.1638699,0.00534347128692443,0.00534347128692443,2000,-4000,-524212.508390499,3.146431752,20470077
3,lap_fixed_decrease,10000,0.5,0.05,0.45,1e-06,100,3,0.2,2000,0,2,879102,879102,0,32950647,32950647,24979.1366342952,2664.48335062126,3746.87049514428,31690900.4724376,0.0382313138665363,0.0382313138665363,2000,-4000,-3775239.58268717,3.211046753,20574806
4,lap_fixed_decrease,10000,0.5,0.05,0.45,1e-06,100,3,0.2,2000,0,2,879102,879102,0,32950647,32950647,25693.2489891533,2685.39767811875,3853.98734837299,31562023.8728263,0.0421425147486102,0.0421425147486102,2000,-4000,-4161869.38152185,3.192951052,20679535
0,lap_scale_increase,10000,0.5,0.05,0.45,1e-06,100,3,0.2,2000,0,2,879102,879102,0,32950647,32950647,26083.3552413406,2663.28628881644,3912.50328620109,66797878.6959144,1.02720992689201,1.02720992689201,2000,104333420.965365,-2791725.87761742,3.206962553,20260619
1,lap_scale_increase,10000,0.5,0.05,0.45,1e-06,100,3,0.2,2000,0,2,879102,879102,0,32950647,32950647,25751.2876369702,2663.65656956992,3862.69314554553,65584439.9729062,0.990383981622763,0.990383981622763,2000,103005150.547884,-5103771.62916256,3.123093451,20365348
2,lap_scale_increase,10000,0.5,0.05,0.45,1e-06,100,3,0.2,2000,0,2,879102,879102,0,32950647,32950647,24943.0585679439,2688.10336253968,3741.45878519159,66033320.9211283,1.00400680815549,1.00400680815549,2000,99772234.2717729,-524212.508390499,3.151434652,20470077
3,lap_scale_increase,10000,0.5,0.05,0.45,1e-06,100,3,0.2,2000,0,2,879102,879102,0,32950647,32950647,24979.1366342952,2664.48335062126,3746.87049514428,64997749.3181645,0.972578848547785,0.972578848547785,2000,99916546.5371827,-3775239.58268717,3.08205325,20574806
4,lap_scale_increase,10000,0.5,0.05,0.45,1e-06,100,3,0.2,2000,0,2,879102,879102,0,32950647,32950647,25693.2489891533,2685.39767811875,3853.98734837299,65821022.5250303,0.997563887744913,0.997563887744913,2000,102772995.956609,-4161869.38152185,3.08743915,20679535
0,lap_scale_decrease,10000,0.5,0.05,0.45,1e-06,100,3,0.2,2000,0,2,879102,879102,0,32950647,32950647,26083.3552413406,2663.28628881644,3912.50328620109,-2757735.28099318,1.08369290232733,1.08369290232733,2000,-104333420.965365,-2791725.87761742,3.162044752,20260619
1,lap_scale_decrease,10000,0.5,0.05,0.45,1e-06,100,3,0.2,2000,0,2,879102,879102,0,32950647,32950647,25751.2876369702,2663.65656956992,3862.69314554553,-3085660.3923478,1.09364491059456,1.09364491059456,2000,-103005150.547884,-5103771.62916256,3.106223751,20365348
2,lap_scale_decrease,10000,0.5,0.05,0.45,1e-06,100,3,0.2,2000,0,2,879102,879102,0,32950647,32950647,24943.0585679439,2688.10336253968,3741.45878519159,-481501.926722098,1.01461282161537,1.01461282161537,2000,-99772234.2717729,-524212.508390499,3.119286452,20470077
3,lap_scale_decrease,10000,0.5,0.05,0.45,1e-06,100,3,0.2,2000,0,2,879102,879102,0,32950647,32950647,24979.1366342952,2664.48335062126,3746.87049514428,-1613281.70662271,1.04896054716688,1.04896054716688,2000,-99916546.5371827,-3775239.58268717,3.207224552,20574806
4,lap_scale_decrease,10000,0.5,0.05,0.45,1e-06,100,3,0.2,2000,0,2,879102,879102,0,32950647,32950647,25693.2489891533,2685.39767811875,3853.98734837299,-2694308.11271168,1.08176798812817,1.08176798812817,2000,-102772995.956609,-4161869.38152185,3.210781953,20679535
0,lap_count_increase,10000,0.5,0.05,0.45,1e-06,100,3,0.2,2000,0,2,879102,879102,0,32950647,32950647,26083.3552413406,2663.28628881644,3912.50328620109,44469136.3741272,0.349567927273999,0.349567927273999,1982,37347194,-2791725.87761742,3.247543953,20260619
1,lap_count_increase,10000,0.5,0.05,0.45,1e-06,100,3,0.2,2000,0,2,879102,879102,0,32950647,32950647,25751.2876369702,2663.65656956992,3862.69314554553,44712155.1236125,0.356943161802332,0.356943161802332,1977,40388296,-5103771.62916256,3.07918055,20365348
2,lap_count_increase,10000,0.5,0.05,0.45,1e-06,100,3,0.2,2000,0,2,879102,879102,0,32950647,32950647,24943.0585679439,2688.10336253968,3741.45878519159,45282520.8305365,0.374252858541336,0.374252858541336,1979,37519834,-524212.508390499,3.165674252,20470077
3,lap_count_increase,10000,0.5,0.05,0.45,1e-06,100,3,0.2,2000,0,2,879102,879102,0,32950647,32950647,24979.1366342952,2664.48335062126,3746.87049514428,44162135.1391043,0.340250925546448,0.340250925546448,1980,37409704,-3775239.58268717,3.10036725,20574806
4,lap_count_increase,10000,0.5,0.05,0.45,1e-06,100,3,0.2,2000,0,2,879102,879102,0,32950647,32950647,25693.2489891533,2685.39767811875,3853.98734837299,45393659.8728261,0.377625752624103,0.377625752624103,1982,41490908,-4161869.38152185,3.154152152,20679535
0,lap_count_decrease,10000,0.5,0.05,0.45,1e-06,100,3,0.2,2000,0,2,879102,879102,0,32950647,32950647,26083.3552413406,2663.28628881644,3912.50328620109,19571007.0407942,0.406050902709309,0.406050902709309,1982,-37347194,-2791725.87761742,3.146083652,20260619
1,lap_count_decrease,10000,0.5,0.05,0.45,1e-06,100,3,0.2,2000,0,2,879102,879102,0,32950647,32950647,25751.2876369702,2663.65656956992,3862.69314554553,17786624.4569459,0.460204090774123,0.460204090774123,1977,-40388296,-5103771.62916256,3.103637451,20365348
2,lap_count_decrease,10000,0.5,0.05,0.45,1e-06,100,3,0.2,2000,0,2,879102,879102,0,32950647,32950647,24943.0585679439,2688.10336253968,3741.45878519159,20269298.1638698,0.384858872001213,0.384858872001213,1979,-37519834,-524212.508390499,3.136690552,20470077
3,lap_count_decrease,10000,0.5,0.05,0.45,1e-06,100,3,0.2,2000,0,2,879102,879102,0,32950647,32950647,24979.1366342952,2664.48335062126,3746.87049514428,19222332.4724377,0.416632624165537,0.416632624165537,1980,-37409704,-3775239.58268717,3.118339551,20574806
4,lap_count_decrease,10000,0.5,0.05,0.45,1e-06,100,3,0.2,2000,0,2,879102,879102,0,32950647,32950647,25693.2489891533,2685.39767811875,3853.98734837299,17733054.5394928,0.461829853007355,0.461829853007355,1982,-41490908,-4161869.38152185,3.112595351,20679535
0,lap_fixed_increase,10000,1,0.1,0.9,1e-06,100,4,0.05,500,0,0.25,879102,879102,0,32950647,32950647,10497.3772627709,1922.92755000047,3149.21317883128,32594158.5878333,0.0108188592523457,0.0108188592523457,500,125,-1069590.23650011,3.178027252,20260619
1,lap_fixed_increase,10000,1,0.1,0.9,1e-06,100,4,0.05,500,0,0.25,879102,879102,0,32950647,32950647,10331.1552425759,1924.70179456649,3099.34657277277,32259612.9867213,0.0209717889083845,0.0209717889083845,500,125,-2073227.03983592,3.200641652,20365348
2,lap_fixed_increase,10000,1,0.1,0.9,1e-06,100,4,0.05,500,0,0.25,879102,879102,0,32950647,32950647,10127.1085305997,1930.7530971955,3038.13255917992,32885482.6472291,0.00197763499972736,0.00197763499972736,500,125,-195618.058312483,3.177159852,20470077
3,lap_fixed_increase,10000,1,0.1,0.9,1e-06,100,4,0.05,500,0,0.25,879102,879102,0,32950647,32950647,10204.8400622958,1920.32129464126,3061.45201868873,32435654.0582789,0.0156292209291412,0.0156292209291412,500,125,-1545103.82516334,3.144905351,20574806
4,lap_fixed_increase,10000,1,0.1,0.9,1e-06,100,4,0.05,500,0,0.25,879102,879102,0,32950647,32950647,10316.6455806217,1936.8753680804,3094.9936741865,32393498.4502124,0.0169085769328785,0.0169085769328785,500,125,-1671570.64936311,3.263355554,20679535
0,lap_fixed_decrease,10000,1,0.1,0.9,1e-06,100,4,0.05,500,0,0.25,879102,879102,0,32950647,32950647,10497.3772627709,1922.92755000047,3149.21317883128,32594075.2544999,0.0108213882871574,0.0108213882871574,500,-125,-1069590.23650011,3.231944253,20260619
1,lap_fixed_decrease,10000,1,0.1,0.9,1e-06,100,4,0.05,500,0,0.25,879102,879102,0,32950647,32950647,10331.1552425759,1924.70179456649,3099.34657277277,32259529.653388,0.0209743179431962,0.0209743179431962,500,-125,-2073227.03983592,3.173866952,20365348
2,lap_fixed_decrease,10000,1,0.1,0.9,1e-06,100,4,0.05,500,0,0.25,879102,879102,0,32950647,32950647,10127.1085305997,1930.7530971955,3038.13255917992,32885399.3138958,0.00198016403453909,0.00198016403453909,500,-125,-195618.058312483,3.231737153,20470077
3,lap_fixed_decrease,10000,1,0.1,0.9,1e-06,100,4,0.05,500,0,0.25,879102,879102,0,32950647,32950647,10204.8400622958,1920.32129464126,3061.45201868873,32435570.7249455,0.0156317499639531,0.0156317499639531,500,-125,-1545103.82516334,3.183512452,20574806
4,lap_fixed_decrease,10000,1,0.1,0.9,1e-06,100,4,0.05,500,0,0.25,879102,879102,0,32950647,32950647,10316.6455806217,1936.8753680804,3094.9936741865,32393415.116879,0.0169111059676902,0.0169111059676902,500,-125,-1671570.64936311,3.172022752,20679535
0,lap_scale_increase,10000,1,0.1,0.9,1e-06,100,4,0.05,500,0,0.25,879102,879102,0,32950647,32950647,10497.3772627709,1922.92755000047,3149.21317883128,33031507.6404487,0.00245399249516194,0.00245399249516194,500,1312172.15784638,-1069590.23650011,3.203510952,20260619
1,lap_scale_increase,10000,1,0.1,0.9,1e-06,100,4,0.05,500,0,0.25,879102,879102,0,32950647,32950647,10331.1552425759,1924.70179456649,3099.34657277277,32690036.1218287,0.00790912779865369,0.00790912779865369,500,1291394.40532199,-2073227.03983592,3.435089056,20365348
2,lap_scale_increase,10000,1,0.1,0.9,1e-06,100,4,0.05,500,0,0.25,879102,879102,0,32950647,32950647,10127.1085305997,1930.7530971955,3038.13255917992,33307403.8360042,0.0108270054910957,0.0108270054910957,500,1265888.56632496,-195618.058312483,3.213003753,20470077
3,lap_scale_increase,10000,1,0.1,0.9,1e-06,100,4,0.05,500,0,0.25,879102,879102,0,32950647,32950647,10204.8400622958,1920.32129464126,3061.45201868873,32860814.0608745,0.00272628756350495,0.00272628756350495,500,1275605.00778697,-1545103.82516334,3.267849153,20574806
4,lap_scale_increase,10000,1,0.1,0.9,1e-06,100,4,0.05,500,0,0.25,879102,879102,0,32950647,32950647,10316.6455806217,1936.8753680804,3094.9936741865,32823317.0160717,0.00386426354324114,0.00386426354324114,500,1289580.69757769,-1671570.64936311,3.498658757,20679535
0,lap_scale_decrease,10000,1,0.1,0.9,1e-06,100,4,0.05,500,0,0.25,879102,879102,0,32950647,32950647,10497.3772627709,1922.92755000047,3149.21317883128,32156726.2018845,0.0240942400346647,0.0240942400346647,500,-1312172.15784638,-1069590.23650011,3.326888854,20260619
1,lap_scale_decrease,10000,1,0.1,0.9,1e-06,100,4,0.05,500,0,0.25,879102,879102,0,32950647,32950647,10331.1552425759,1924.70179456649,3099.34657277277,31829106.5182807,0.0340369790529252,0.0340369790529252,500,-1291394.40532199,-2073227.03983592,3.227499453,20365348
2,lap_scale_decrease,10000,1,0.1,0.9,1e-06,100,4,0.05,500,0,0.25,879102,879102,0,32950647,32950647,10127.1085305997,1930.7530971955,3038.13255917992,32463478.1251208,0.0147848045253605,0.0147848045253605,500,-1265888.56632496,-195618.058312483,3.406061056,20470077
3,lap_scale_decrease,10000,1,0.1,0.9,1e-06,100,4,0.05,500,0,0.25,879102,879102,0,32950647,32950647,10204.8400622958,1920.32129464126,3061.45201868873,32010410.7223499,0.0285346833295905,0.0285346833295905,500,-1275605.00778697,-1545103.82516334,3.379824255,20574806
4,lap_scale_decrease,10000,1,0.1,0.9,1e-06,100,4,0.05,500,0,0.25,879102,879102,0,32950647,32950647,10316.6455806217,1936.8753680804,3094.9936741865,31963596.5510199,0.0299554193573232,0.0299554193573232,500,-1289580.69757769,-1671570.64936311,3.137967852,20679535
0,lap_count_increase,10000,1,0.1,0.9,1e-06,100,4,0.05,500,0,0.25,879102,879102,0,32950647,32950647,10497.3772627709,1922.92755000047,3149.21317883128,32992731.7544999,0.00127720571010126,0.00127720571010126,495,1195844.5,-1069590.23650011,3.150342952,20260619
1,lap_count_increase,10000,1,0.1,0.9,1e-06,100,4,0.05,500,0,0.25,879102,879102,0,32950647,32950647,10331.1552425759,1924.70179456649,3099.34657277277,32678091.8200547,0.00827161845851918,0.00827161845851918,492,1255561.5,-2073227.03983592,3.256112653,20365348
2,lap_count_increase,10000,1,0.1,0.9,1e-06,100,4,0.05,500,0,0.25,879102,879102,0,32950647,32950647,10127.1085305997,1930.7530971955,3038.13255917992,33281073.5638958,0.0100279233939101,0.0100279233939101,497,1186897.75,-195618.058312483,3.162088651,20470077
3,lap_count_increase,10000,1,0.1,0.9,1e-06,100,4,0.05,500,0,0.25,879102,879102,0,32950647,32950647,10204.8400622958,1920.32129464126,3061.45201868873,32870021.1416122,0.00244686723109907,0.00244686723109907,498,1303226.25,-1545103.82516334,3.210576553,20574806
4,lap_count_increase,10000,1,0.1,0.9,1e-06,100,4,0.05,500,0,0.25,879102,879102,0,32950647,32950647,10316.6455806217,1936.8753680804,3094.9936741865,32881351.7002124,0.00210300270545858,0.00210300270545858,495,1463684.75,-1671570.64936311,3.205080453,20679535
0,lap_count_decrease,10000,1,0.1,0.9,1e-06,100,4,0.05,500,0,0.25,879102,879102,0,32950647,32950647,10497.3772627709,1922.92755000047,3149.21317883128,32195502.0878333,0.0229174532496042,0.0229174532496042,495,-1195844.5,-1069590.23650011,3.157926751,20260619
1,lap_count_decrease,10000,1,0.1,0.9,1e-06,100,4,0.05,500,0,0.25,879102,879102,0,32950647,32950647,10331.1552425759,1924.70179456649,3099.34657277277,31841050.8200546,0.0336744883930622,0.0336744883930622,492,-1255561.5,-2073227.03983592,3.163674252,20365348
2,lap_count_decrease,10000,1,0.1,0.9,1e-06,100,4,0.05,500,0,0.25,879102,879102,0,32950647,32950647,10127.1085305997,1930.7530971955,3038.13255917992,32489808.3972291,0.0139857224281773,0.0139857224281773,497,-1186897.75,-195618.058312483,3.200723952,20470077
3,lap_count_decrease,10000,1,0.1,0.9,1e-06,100,4,0.05,500,0,0.25,879102,879102,0,32950647,32950647,10204.8400622958,1920.32129464126,3061.45201868873,32001203.6416122,0.0288141036619949,0.0288141036619949,498,-1303226.25,-1545103.82516334,3.170056653,20574806
4,lap_count_decrease,10000,1,0.1,0.9,1e-06,100,4,0.05,500,0,0.25,879102,879102,0,32950647,32950647,10316.6455806217,1936.8753680804,3094.9936741865,31905561.866879,0.0317166801951098,0.0317166801951098,495,-1463684.75,-1671570.64936311,3.144986952,20679535
0,lap_fixed_increase,10000,1,0.1,0.9,1e-06,100,4,0.05,500,0,0.5,879102,879102,0,32950647,32950647,10497.3772627709,1922.92755000047,3149.21317883128,32594200.2544999,0.0108175947349397,0.0108175947349397,500,250,-1069590.23650011,3.217734553,20260619
1,lap_fixed_increase,10000,1,0.1,0.9,1e-06,100,4,0.05,500,0,0.5,879102,879102,0,32950647,32950647,10331.1552425759,1924.70179456649,3099.34657277277,32259654.653388,0.0209705243909786,0.0209705243909786,500,250,-2073227.03983592,3.171078852,20365348
2,lap_fixed_increase,10000,1,0.1,0.9,1e-06,100,4,0.05,500,0,0.5,879102,879102,0,32950647,32950647,10127.1085305997,1930.7530971955,3038.13255917992,32885524.3138958,0.00197637048232143,0.00197637048232143,500,250,-195618.058312483,3.188303252,20470077
3,lap_fixed_increase,10000,1,0.1,0.9,1e-06,100,4,0.05,500,0,0.5,879102,879102,0,32950647,32950647,10204.8400622958,1920.32129464126,3061.45201868873,32435695.7249455,0.0156279564117354,0.0156279564117354,500,250,-1545103.82516334,3.152830352,20574806
4,lap_fixed_increase,10000,1,0.1,0.9,1e-06,100,4,0.05,500,0,0.5,879102,879102,0,32950647,32950647,10316.6455806217,1936.8753680804,3094.9936741865,32393540.116879,0.0169073124154726,0.0169073124154726,500,250,-1671570.64936311,3.238297853,20679535
0,lap_fixed_decrease,10000,1,0.1,0.9,1e-06,100,4,0.05,500,0,0.5,879102,879102,0,32950647,32950647,10497.3772627709,1922.92755000047,3149.21317883128,32594033.5878333,0.0108226528045633,0.0108226528045633,500,-250,-1069590.23650011,3.212007653,20260619
1,lap_fixed_decrease,10000,1,0.1,0.9,1e-06,100,4,0.05,500,0,0.5,879102,879102,0,32950647,32950647,10331.1552425759,1924.70179456649,3099.34657277277,32259487.9867213,0.0209755824606022,0.0209755824606022,500,-250,-2073227.03983592,3.11444385,20365348
2,lap_fixed_decrease,10000,1,0.1,0.9,1e-06,100,4,0.05,500,0,0.5,879102,879102,0,32950647,32950647,10127.1085305997,1930.7530971955,3038.13255917992,32885357.6472291,0.00198142855194501,0.00198142855194501,500,-250,-195618.058312483,3.138990152,20470077
3,lap_fixed_decrease,10000,1,0.1,0.9,1e-06,100,4,0.05,500,0,0.5,879102,879102,0,32950647,32950647,10204.8400622958,1920.32129464126,3061.45201868873,32435529.0582789,0.0156330144813589,0.0156330144813589,500,-250,-1545103.82516334,3.138064152,20574806
4,lap_fixed_decrease,10000,1,0.1,0.9,1e-06,100,4,0.05,500,0,0.5,879102,879102,0,32950647,32950647,10316.6455806217,1936.8753680804,3094.9936741865,32393373.4502124,0.0169123704850961,0.0169123704850961,500,-250,-1671570.64936311,3.151376252,20679535
0,lap_scale_increase,10000,1,0.1,0.9,1e-06,100,4,0.05,500,0,0.5,879102,879102,0,32950647,32950647,10497.3772627709,1922.92755000047,3149.21317883128,33468898.3597308,0.0157281087600747,0.0157281087600747,500,2624344.31569276,-1069590.23650011,3.220531552,20260619
1,lap_scale_increase,10000,1,0.1,0.9,1e-06,100,4,0.05,500,0,0.5,879102,879102,0,32950647,32950647,10331.1552425759,1924.70179456649,3099.34657277277,33120500.9236027,0.0051547978284818,0.0051547978284818,500,2582788.81064398,-2073227.03983592,3.185326352,20365348
2,lap_scale_increase,10000,1,0.1,0.9,1e-06,100,4,0.05,500,0,0.5,879102,879102,0,32950647,32950647,10127.1085305997,1930.7530971955,3038.13255917992,33729366.6914458,0.023632910499322,0.023632910499322,500,2531777.13264991,-195618.058312483,3.212873053,20470077
3,lap_scale_increase,10000,1,0.1,0.9,1e-06,100,4,0.05,500,0,0.5,879102,879102,0,32950647,32950647,10204.8400622958,1920.32129464126,3061.45201868873,33286015.7301368,0.0101779103195403,0.0101779103195403,500,2551210.01557393,-1545103.82516334,3.208150453,20574806
4,lap_scale_increase,10000,1,0.1,0.9,1e-06,100,4,0.05,500,0,0.5,879102,879102,0,32950647,32950647,10316.6455806217,1936.8753680804,3094.9936741865,33253177.2485976,0.00918131436379875,0.00918131436379875,500,2579161.39515538,-1671570.64936311,3.146451352,20679535
0,lap_scale_decrease,10000,1,0.1,0.9,1e-06,100,4,0.05,500,0,0.5,879102,879102,0,32950647,32950647,10497.3772627709,1922.92755000047,3149.21317883128,31719335.4826024,0.0373683562995776,0.0373683562995776,500,-2624344.31569276,-1069590.23650011,3.201999652,20260619
1,lap_scale_decrease,10000,1,0.1,0.9,1e-06,100,4,0.05,500,0,0.5,879102,879102,0,32950647,32950647,10331.1552425759,1924.70179456649,3099.34657277277,31398641.7165066,0.0471009046800621,0.0471009046800621,500,-2582788.81064398,-2073227.03983592,3.202552753,20365348
2,lap_scale_decrease,10000,1,0.1,0.9,1e-06,100,4,0.05,500,0,0.5,879102,879102,0,32950647,32950647,10127.1085305997,1930.7530971955,3038.13255917992,32041515.2696792,0.0275907095335875,0.0275907095335875,500,-2531777.13264991,-195618.058312483,3.178068252,20470077
3,lap_scale_decrease,10000,1,0.1,0.9,1e-06,100,4,0.05,500,0,0.5,879102,879102,0,32950647,32950647,10204.8400622958,1920.32129464126,3061.45201868873,31585209.0530875,0.0414388812126353,0.0414388812126353,500,-2551210.01557393,-1545103.82516334,3.229511353,20574806
4,lap_scale_decrease,10000,1,0.1,0.9,1e-06,100,4,0.05,500,0,0.5,879102,879102,0,32950647,32950647,10316.6455806217,1936.8753680804,3094.9936741865,31533736.318494,0.0430009972643644,0.0430009972643644,500,-2579161.39515538,-1671570.64936311,3.213672852,20679535
0,lap_count_increase,10000,1,0.1,0.9,1e-06,100,4,0.05,500,0,0.5,879102,879102,0,32950647,32950647,10497.3772627709,1922.92755000047,3149.21317883128,33391346.5878333,0.0133745351899546,0.0133745351899546,495,2391689,-1069590.23650011,3.184176552,20260619
1,lap_count_increase,10000,1,0.1,0.9,1e-06,100,4,0.05,500,0,0.5,879102,879102,0,32950647,32950647,10331.1552425759,1924.70179456649,3099.34657277277,33096612.3200547,0.00442981650875172,0.00442981650875172,492,2511123,-2073227.03983592,3.137042651,20365348
2,lap_count_increase,10000,1,0.1,0.9,1e-06,100,4,0.05,500,0,0.5,879102,879102,0,32950647,32950647,10127.1085305997,1930.7530971955,3038.13255917992,33676706.1472291,0.0220347463049546,0.0220347463049546,497,2373795.5,-195618.058312483,3.209714352,20470077
3,lap_count_increase,10000,1,0.1,0.9,1e-06,100,4,0.05,500,0,0.5,879102,879102,0,32950647,32950647,10204.8400622958,1920.32129464126,3061.45201868873,33304429.8916122,0.0107367509843485,0.0107367509843485,498,2606452.5,-1545103.82516334,3.113524652,20574806
4,lap_count_increase,10000,1,0.1,0.9,1e-06,100,4,0.05,500,0,0.5,879102,879102,0,32950647,32950647,10316.6455806217,1936.8753680804,3094.9936741865,33369246.6168791,0.0127038360393669,0.0127038360393669,495,2927369.5,-1671570.64936311,3.065961049,20679535
0,lap_count_decrease,10000,1,0.1,0.9,1e-06,100,4,0.05,500,0,0.5,879102,879102,0,32950647,32950647,10497.3772627709,1922.92755000047,3149.21317883128,31796887.2545,0.0350147827294573,0.0350147827294573,495,-2391689,-1069590.23650011,3.130204951,20260619
1,lap_count_decrease,10000,1,0.1,0.9,1e-06,100,4,0.05,500,0,0.5,879102,879102,0,32950647,32950647,10331.1552425759,1924.70179456649,3099.34657277277,31422530.3200546,0.0463759233603331,0.0463759233603331,492,-2511123,-2073227.03983592,3.220891852,20365348
2,lap_count_decrease,10000,1,0.1,0.9,1e-06,100,4,0.05,500,0,0.5,879102,879102,0,32950647,32950647,10127.1085305997,1930.7530971955,3038.13255917992,32094175.8138958,0.0259925453392217,0.0259925453392217,497,-2373795.5,-195618.058312483,3.10664845,20470077
3,lap_count_decrease,10000,1,0.1,0.9,1e-06,100,4,0.05,500,0,0.5,879102,879102,0,32950647,32950647,10204.8400622958,1920.32129464126,3061.45201868873,31566794.8916122,0.0419977218774428,0.0419977218774428,498,-2606452.5,-1545103.82516334,3.292916654,20574806
4,lap_count_decrease,10000,1,0.1,0.9,1e-06,100,4,0.05,500,0,0.5,879102,879102,0,32950647,32950647,10316.6455806217,1936.8753680804,3094.9936741865,31417666.9502124,0.0465235189399357,0.0465235189399357,495,-2927369.5,-1671570.64936311,3.219800453,20679535
0,lap_fixed_increase,10000,1,0.1,0.9,1e-06,100,4,0.05,500,0,1,879102,879102,0,32950647,32950647,10497.3772627709,1922.92755000047,3149.21317883128,32594283.5878333,0.010815065700128,0.010815065700128,500,500,-1069590.23650011,3.197194952,20260619
1,lap_fixed_increase,10000,1,0.1,0.9,1e-06,100,4,0.05,500,0,1,879102,879102,0,32950647,32950647,10331.1552425759,1924.70179456649,3099.34657277277,32259737.9867213,0.0209679953561668,0.0209679953561668,500,500,-2073227.03983592,3.204660153,20365348
2,lap_fixed_increase,10000,1,0.1,0.9,1e-06,100,4,0.05,500,0,1,879102,879102,0,32950647,32950647,10127.1085305997,1930.7530971955,3038.13255917992,32885607.6472291,0.0019738414475097,0.0019738414475097,500,500,-195618.058312483,3.180980652,20470077
3,lap_fixed_increase,10000,1,0.1,0.9,1e-06,100,4,0.05,500,0,1,879102,879102,0,32950647,32950647,10204.8400622958,1920.32129464126,3061.45201868873,32435779.0582789,0.0156254273769236,0.0156254273769236,500,500,-1545103.82516334,3.202769352,20574806
4,lap_fixed_increase,10000,1,0.1,0.9,1e-06,100,4,0.05,500,0,1,879102,879102,0,32950647,32950647,10316.6455806217,1936.8753680804,3094.9936741865,32393623.4502124,0.0169047833806608,0.0169047833806608,500,500,-1671570.64936311,3.159960852,20679535
0,lap_fixed_decrease,10000,1,0.1,0.9,1e-06,100,4,0.05,500,0,1,879102,879102,0,32950647,32950647,10497.3772627709,1922.92755000047,3149.21317883128,32593950.2544999,0.010825181839375,0.010825181839375,500,-500,-1069590.23650011,3.187951952,20260619
1,lap_fixed_decrease,10000,1,0.1,0.9,1e-06,100,4,0.05,500,0,1,879102,879102,0,32950647,32950647,10331.1552425759,1924.70179456649,3099.34657277277,32259404.653388,0.0209781114954139,0.0209781114954139,500,-500,-2073227.03983592,3.237036753,20365348
2,lap_fixed_decrease,10000,1,0.1,0.9,1e-06,100,4,0.05,500,0,1,879102,879102,0,32950647,32950647,10127.1085305997,1930.7530971955,3038.13255917992,32885274.3138958,0.00198395758675674,0.00198395758675674,500,-500,-195618.058312483,3.196432252,20470077
3,lap_fixed_decrease,10000,1,0.1,0.9,1e-06,100,4,0.05,500,0,1,879102,879102,0,32950647,32950647,10204.8400622958,1920.32129464126,3061.45201868873,32435445.7249455,0.0156355435161707,0.0156355435161707,500,-500,-1545103.82516334,3.169121852,20574806
4,lap_fixed_decrease,10000,1,0.1,0.9,1e-06,100,4,0.05,500,0,1,879102,879102,0,32950647,32950647,10316.6455806217,1936.8753680804,3094.9936741865,32393290.116879,0.0169148995199079,0.0169148995199079,500,-500,-1671570.64936311,3.137109151,20679535
0,lap_scale_increase,10000,1,0.1,0.9,1e-06,100,4,0.05,500,0,1,879102,879102,0,32950647,32950647,10497.3772627709,1922.92755000047,3149.21317883128,34343679.7982951,0.042276341289903,0.042276341289903,500,5248688.63138552,-1069590.23650011,3.170010651,20260619
1,lap_scale_increase,10000,1,0.1,0.9,1e-06,100,4,0.05,500,0,1,879102,879102,0,32950647,32950647,10331.1552425759,1924.70179456649,3099.34657277277,33981430.5271506,0.0312826490827523,0.0312826490827523,500,5165577.62128795,-2073227.03983592,3.183801352,20365348
2,lap_scale_increase,10000,1,0.1,0.9,1e-06,100,4,0.05,500,0,1,879102,879102,0,32950647,32950647,10127.1085305997,1930.7530971955,3038.13255917992,34573292.4023291,0.0492447205157791,0.0492447205157791,500,5063554.26529982,-195618.058312483,3.147360251,20470077
3,lap_scale_increase,10000,1,0.1,0.9,1e-06,100,4,0.05,500,0,1,879102,879102,0,32950647,32950647,10204.8400622958,1920.32129464126,3061.45201868873,34136419.0686615,0.0359863060856271,0.0359863060856271,500,5102420.03114786,-1545103.82516334,3.116706851,20574806
4,lap_scale_increase,10000,1,0.1,0.9,1e-06,100,4,0.05,500,0,1,879102,879102,0,32950647,32950647,10316.6455806217,1936.8753680804,3094.9936741865,34112897.7136495,0.0352724701778846,0.0352724701778846,500,5158322.79031076,-1671570.64936311,3.136354751,20679535
0,lap_scale_decrease,10000,1,0.1,0.9,1e-06,100,4,0.05,500,0,1,879102,879102,0,32950647,32950647,10497.3772627709,1922.92755000047,3149.21317883128,30844554.0440381,0.0639165888294049,0.0639165888294049,500,-5248688.63138552,-1069590.23650011,3.199838353,20260619
1,lap_scale_decrease,10000,1,0.1,0.9,1e-06,100,4,0.05,500,0,1,879102,879102,0,32950647,32950647,10331.1552425759,1924.70179456649,3099.34657277277,30537712.1129586,0.0732287559343342,0.0732287559343342,500,-5165577.62128795,-2073227.03983592,3.159461851,20365348
2,lap_scale_decrease,10000,1,0.1,0.9,1e-06,100,4,0.05,500,0,1,879102,879102,0,32950647,32950647,10127.1085305997,1930.7530971955,3038.13255917992,31197589.5587958,0.0532025195500458,0.0532025195500458,500,-5063554.26529982,-195618.058312483,3.213352653,20470077
3,lap_scale_decrease,10000,1,0.1,0.9,1e-06,100,4,0.05,500,0,1,879102,879102,0,32950647,32950647,10204.8400622958,1920.32129464126,3061.45201868873,30734805.7145629,0.0672472769787236,0.0672472769787236,500,-5102420.03114786,-1545103.82516334,3.195742252,20574806
4,lap_scale_decrease,10000,1,0.1,0.9,1e-06,100,4,0.05,500,0,1,879102,879102,0,32950647,32950647,10316.6455806217,1936.8753680804,3094.9936741865,30674015.8534422,0.0690921530784454,0.0690921530784454,500,-5158322.79031076,-1671570.64936311,3.143165451,20679535
0,lap_count_increase,10000,1,0.1,0.9,1e-06,100,4,0.05,500,0,1,879102,879102,0,32950647,32950647,10497.3772627709,1922.92755000047,3149.21317883128,34188576.2545,0.0375691941496616,0.0375691941496616,495,4783378,-1069590.23650011,3.09348035,20260619
1,lap_count_increase,10000,1,0.1,0.9,1e-06,100,4,0.05,500,0,1,879102,879102,0,32950647,32950647,10331.1552425759,1924.70179456649,3099.34657277277,33933653.3200547,0.0298326864432951,0.0298326864432951,492,5022246,-2073227.03983592,3.206083453,20365348
2,lap_count_increase,10000,1,0.1,0.9,1e-06,100,4,0.05,500,0,1,879102,879102,0,32950647,32950647,10127.1085305997,1930.7530971955,3038.13255917992,34467971.3138958,0.0460483921270424,0.0460483921270424,497,4747591,-195618.058312483,3.246749153,20470077
3,lap_count_increase,10000,1,0.1,0.9,1e-06,100,4,0.05,500,0,1,879102,879102,0,32950647,32950647,10204.8400622958,1920.32129464126,3061.45201868873,34173247.3916121,0.0371039874152434,0.0371039874152434,498,5212905,-1545103.82516334,3.134901351,20574806
4,lap_count_increase,10000,1,0.1,0.9,1e-06,100,4,0.05,500,0,1,879102,879102,0,32950647,32950647,10316.6455806217,1936.8753680804,3094.9936741865,34345036.4502125,0.0423175135290221,0.0423175135290221,495,5854739,-1671570.64936311,3.187866352,20679535
0,lap_count_decrease,10000,1,0.1,0.9,1e-06,100,4,0.05,500,0,1,879102,879102,0,32950647,32950647,10497.3772627709,1922.92755000047,3149.21317883128,30999657.5878333,0.059209441689164,0.059209441689164,495,-4783378,-1069590.23650011,3.253734353,20260619
1,lap_count_decrease,10000,1,0.1,0.9,1e-06,100,4,0.05,500,0,1,879102,879102,0,32950647,32950647,10331.1552425759,1924.70179456649,3099.34657277277,30585489.3200546,0.0717787932948758,0.0717787932948758,492,-5022246,-2073227.03983592,3.194880752,20365348
2,lap_count_decrease,10000,1,0.1,0.9,1e-06,100,4,0.05,500,0,1,879102,879102,0,32950647,32950647,10127.1085305997,1930.7530971955,3038.13255917992,31302910.6472292,0.0500061911613098,0.0500061911613098,497,-4747591,-195618.058312483,3.224502552,20470077
3,lap_count_decrease,10000,1,0.1,0.9,1e-06,100,4,0.05,500,0,1,879102,879102,0,32950647,32950647,10204.8400622958,1920.32129464126,3061.45201868873,30697977.3916122,0.0683649583083386,0.0683649583083386,498,-5212905,-1545103.82516334,3.264740753,20574806
4,lap_count_decrease,10000,1,0.1,0.9,1e-06,100,4,0.05,500,0,1,879102,879102,0,32950647,32950647,10316.6455806217,1936.8753680804,3094.9936741865,30441877.116879,0.0761371964295876,0.0761371964295876,495,-5854739,-1671570.64936311,3.258205853,20679535
0,lap_fixed_increase,10000,1,0.1,0.9,1e-06,100,4,0.05,500,0,2,879102,879102,0,32950647,32950647,10497.3772627709,1922.92755000047,3149.21317883128,32594450.2544999,0.0108100076305044,0.0108100076305044,500,1000,-1069590.23650011,3.189046552,20260619
1,lap_fixed_increase,10000,1,0.1,0.9,1e-06,100,4,0.05,500,0,2,879102,879102,0,32950647,32950647,10331.1552425759,1924.70179456649,3099.34657277277,32259904.653388,0.0209629372865433,0.0209629372865433,500,1000,-2073227.03983592,3.207461653,20365348
2,lap_fixed_increase,10000,1,0.1,0.9,1e-06,100,4,0.05,500,0,2,879102,879102,0,32950647,32950647,10127.1085305997,1930.7530971955,3038.13255917992,32885774.3138958,0.00196878337788613,0.00196878337788613,500,1000,-195618.058312483,3.184350752,20470077
3,lap_fixed_increase,10000,1,0.1,0.9,1e-06,100,4,0.05,500,0,2,879102,879102,0,32950647,32950647,10204.8400622958,1920.32129464126,3061.45201868873,32435945.7249455,0.0156203693073001,0.0156203693073001,500,1000,-1545103.82516334,3.229603752,20574806
4,lap_fixed_increase,10000,1,0.1,0.9,1e-06,100,4,0.05,500,0,2,879102,879102,0,32950647,32950647,10316.6455806217,1936.8753680804,3094.9936741865,32393790.116879,0.0168997253110373,0.0168997253110373,500,1000,-1671570.64936311,3.237317153,20679535
0,lap_fixed_decrease,10000,1,0.1,0.9,1e-06,100,4,0.05,500,0,2,879102,879102,0,32950647,32950647,10497.3772627709,1922.92755000047,3149.21317883128,32593783.5878333,0.0108302399089986,0.0108302399089986,500,-1000,-1069590.23650011,3.434651656,20260619
1,lap_fixed_decrease,10000,1,0.1,0.9,1e-06,100,4,0.05,500,0,2,879102,879102,0,32950647,32950647,10331.1552425759,1924.70179456649,3099.34657277277,32259237.9867213,0.0209831695650375,0.0209831695650375,500,-1000,-2073227.03983592,3.162070752,20365348
2,lap_fixed_decrease,10000,1,0.1,0.9,1e-06,100,4,0.05,500,0,2,879102,879102,0,32950647,32950647,10127.1085305997,1930.7530971955,3038.13255917992,32885107.6472291,0.00198901565638032,0.00198901565638032,500,-1000,-195618.058312483,3.127434651,20470077
3,lap_fixed_decrease,10000,1,0.1,0.9,1e-06,100,4,0.05,500,0,2,879102,879102,0,32950647,32950647,10204.8400622958,1920.32129464126,3061.45201868873,32435279.0582789,0.0156406015857942,0.0156406015857942,500,-1000,-1545103.82516334,3.121903051,20574806
4,lap_fixed_decrease,10000,1,0.1,0.9,1e-06,100,4,0.05,500,0,2,879102,879102,0,32950647,32950647,10316.6455806217,1936.8753680804,3094.9936741865,32393123.4502124,0.0169199575895315,0.0169199575895315,500,-1000,-1671570.64936311,3.207611652,20679535
0,lap_scale_increase,10000,1,0.1,0.9,1e-06,100,4,0.05,500,0,2,879102,879102,0,32950647,32950647,10497.3772627709,1922.92755000047,3149.21317883128,36093242.6754236,0.095372806349558,0.095372806349558,500,10497377.262771,-1069590.23650011,3.209788852,20260619
1,lap_scale_increase,10000,1,0.1,0.9,1e-06,100,4,0.05,500,0,2,879102,879102,0,32950647,32950647,10331.1552425759,1924.70179456649,3099.34657277277,35703289.7342466,0.0835383515912936,0.0835383515912936,500,10331155.2425759,-2073227.03983592,3.141605452,20365348
2,lap_scale_increase,10000,1,0.1,0.9,1e-06,100,4,0.05,500,0,2,879102,879102,0,32950647,32950647,10127.1085305997,1930.7530971955,3038.13255917992,36261143.8240957,0.100468340548691,0.100468340548691,500,10127108.5305996,-195618.058312483,3.220838152,20470077
3,lap_scale_increase,10000,1,0.1,0.9,1e-06,100,4,0.05,500,0,2,879102,879102,0,32950647,32950647,10204.8400622958,1920.32129464126,3061.45201868873,35837225.7457107,0.0876030976178003,0.0876030976178003,500,10204840.0622957,-1545103.82516334,3.154760752,20574806
4,lap_scale_increase,10000,1,0.1,0.9,1e-06,100,4,0.05,500,0,2,879102,879102,0,32950647,32950647,10316.6455806217,1936.8753680804,3094.9936741865,35832338.6437531,0.0874547818060487,0.0874547818060487,500,10316645.5806215,-1671570.64936311,3.252707054,20679535
0,lap_scale_decrease,10000,1,0.1,0.9,1e-06,100,4,0.05,500,0,2,879102,879102,0,32950647,32950647,10497.3772627709,1922.92755000047,3149.21317883128,29094991.1669096,0.117013053889061,0.117013053889061,500,-10497377.262771,-1069590.23650011,3.213695852,20260619
1,lap_scale_decrease,10000,1,0.1,0.9,1e-06,100,4,0.05,500,0,2,879102,879102,0,32950647,32950647,10331.1552425759,1924.70179456649,3099.34657277277,28815852.9058626,0.125484458442875,0.125484458442875,500,-10331155.2425759,-2073227.03983592,3.209738252,20365348
2,lap_scale_decrease,10000,1,0.1,0.9,1e-06,100,4,0.05,500,0,2,879102,879102,0,32950647,32950647,10127.1085305997,1930.7530971955,3038.13255917992,29509738.1370293,0.104426139582955,0.104426139582955,500,-10127108.5305996,-195618.058312483,3.188913452,20470077
3,lap_scale_decrease,10000,1,0.1,0.9,1e-06,100,4,0.05,500,0,2,879102,879102,0,32950647,32950647,10204.8400622958,1920.32129464126,3061.45201868873,29033999.0375137,0.118864068510894,0.118864068510894,500,-10204840.0622957,-1545103.82516334,3.209504553,20574806
4,lap_scale_decrease,10000,1,0.1,0.9,1e-06,100,4,0.05,500,0,2,879102,879102,0,32950647,32950647,10316.6455806217,1936.8753680804,3094.9936741865,28954574.9233385,0.121274464706612,0.121274464706612,500,-10316645.5806215,-1671570.64936311,3.201264352,20679535
0,lap_count_increase,10000,1,0.1,0.9,1e-06,100,4,0.05,500,0,2,879102,879102,0,32950647,32950647,10497.3772627709,1922.92755000047,3149.21317883128,35783035.5878333,0.0859585120690755,0.0859585120690755,495,9566756,-1069590.23650011,3.137760052,20260619
1,lap_count_increase,10000,1,0.1,0.9,1e-06,100,4,0.05,500,0,2,879102,879102,0,32950647,32950647,10331.1552425759,1924.70179456649,3099.34657277277,35607735.3200547,0.0806384263123782,0.0806384263123782,492,10044492,-2073227.03983592,3.105333451,20365348
2,lap_count_increase,10000,1,0.1,0.9,1e-06,100,4,0.05,500,0,2,879102,879102,0,32950647,32950647,10127.1085305997,1930.7530971955,3038.13255917992,36050501.6472291,0.0940756837712197,0.0940756837712197,497,9495182,-195618.058312483,3.142794051,20470077
3,lap_count_increase,10000,1,0.1,0.9,1e-06,100,4,0.05,500,0,2,879102,879102,0,32950647,32950647,10204.8400622958,1920.32129464126,3061.45201868873,35910882.3916121,0.0898384602770351,0.0898384602770351,498,10425810,-1545103.82516334,3.183237552,20574806
4,lap_count_increase,10000,1,0.1,0.9,1e-06,100,4,0.05,500,0,2,879102,879102,0,32950647,32950647,10316.6455806217,1936.8753680804,3094.9936741865,36296616.1168792,0.101544868508324,0.101544868508324,495,11709478,-1671570.64936311,3.149309452,20679535
0,lap_count_decrease,10000,1,0.1,0.9,1e-06,100,4,0.05,500,0,2,879102,879102,0,32950647,32950647,10497.3772627709,1922.92755000047,3149.21317883128,29405198.2544999,0.107598759608578,0.107598759608578,495,-9566756,-1069590.23650011,3.08672205,20260619
1,lap_count_decrease,10000,1,0.1,0.9,1e-06,100,4,0.05,500,0,2,879102,879102,0,32950647,32950647,10331.1552425759,1924.70179456649,3099.34657277277,28911407.3200546,0.122584533163959,0.122584533163959,492,-10044492,-2073227.03983592,3.175640452,20365348
2,lap_count_decrease,10000,1,0.1,0.9,1e-06,100,4,0.05,500,0,2,879102,879102,0,32950647,32950647,10127.1085305997,1930.7530971955,3038.13255917992,29720380.3138958,0.0980334828054881,0.0980334828054881,497,-9495182,-195618.058312483,3.147993951,20470077
3,lap_count_decrease,10000,1,0.1,0.9,1e-06,100,4,0.05,500,0,2,879102,879102,0,32950647,32950647,10204.8400622958,1920.32129464126,3061.45201868873,28960342.3916122,0.121099431170131,0.121099431170131,498,-10425810,-1545103.82516334,3.151054451,20574806
4,lap_count_decrease,10000,1,0.1,0.9,1e-06,100,4,0.05,500,0,2,879102,879102,0,32950647,32950647,10316.6455806217,1936.8753680804,3094.9936741865,28490297.4502123,0.135364551408889,0.135364551408889,495,-11709478,-1671570.64936311,3.183006752,20679535
0,lap_fixed_increase,10000,1,0.1,0.9,1e-06,100,4,0.1,1000,0,0.25,879102,879102,0,32950647,32950647,10497.3772627709,1922.92755000047,3149.21317883128,32594200.2544999,0.0108175947349397,0.0108175947349397,1000,250,-1069590.23650011,3.153305751,20260619
1,lap_fixed_increase,10000,1,0.1,0.9,1e-06,100,4,0.1,1000,0,0.25,879102,879102,0,32950647,32950647,10331.1552425759,1924.70179456649,3099.34657277277,32259654.653388,0.0209705243909786,0.0209705243909786,1000,250,-2073227.03983592,3.160598952,20365348
2,lap_fixed_increase,10000,1,0.1,0.9,1e-06,100,4,0.1,1000,0,0.25,879102,879102,0,32950647,32950647,10127.1085305997,1930.7530971955,3038.13255917992,32885524.3138958,0.00197637048232143,0.00197637048232143,1000,250,-195618.058312483,3.197429353,20470077
3,lap_fixed_increase,10000,1,0.1,0.9,1e-06,100,4,0.1,1000,0,0.25,879102,879102,0,32950647,32950647,10204.8400622958,1920.32129464126,3061.45201868873,32435695.7249455,0.0156279564117354,0.0156279564117354,1000,250,-1545103.82516334,3.278981054,20574806
4,lap_fixed_increase,10000,1,0.1,0.9,1e-06,100,4,0.1,1000,0,0.25,879102,879102,0,32950647,32950647,10316.6455806217,1936.8753680804,3094.9936741865,32393540.116879,0.0169073124154726,0.0169073124154726,1000,250,-1671570.64936311,3.232245553,20679535
0,lap_fixed_decrease,10000,1,0.1,0.9,1e-06,100,4,0.1,1000,0,0.25,879102,879102,0,32950647,32950647,10497.3772627709,1922.92755000047,3149.21317883128,32594033.5878333,0.0108226528045633,0.0108226528045633,1000,-250,-1069590.23650011,3.155978251,20260619
1,lap_fixed_decrease,10000,1,0.1,0.9,1e-06,100,4,0.1,1000,0,0.25,879102,879102,0,32950647,32950647,10331.1552425759,1924.70179456649,3099.34657277277,32259487.9867213,0.0209755824606022,0.0209755824606022,1000,-250,-2073227.03983592,3.209068753,20365348
2,lap_fixed_decrease,10000,1,0.1,0.9,1e-06,100,4,0.1,1000,0,0.25,879102,879102,0,32950647,32950647,10127.1085305997,1930.7530971955,3038.13255917992,32885357.6472291,0.00198142855194501,0.00198142855194501,1000,-250,-195618.058312483,3.234166852,20470077
3,lap_fixed_decrease,10000,1,0.1,0.9,1e-06,100,4,0.1,1000,0,0.25,879102,879102,0,32950647,32950647,10204.8400622958,1920.32129464126,3061.45201868873,32435529.0582789,0.0156330144813589,0.0156330144813589,1000,-250,-1545103.82516334,3.221904853,20574806
4,lap_fixed_decrease,10000,1,0.1,0.9,1e-06,100,4,0.1,1000,0,0.25,879102,879102,0,32950647,32950647,10316.6455806217,1936.8753680804,3094.9936741865,32393373.4502124,0.0169123704850961,0.0169123704850961,1000,-250,-1671570.64936311,3.230967052,20679535
0,lap_scale_increase,10000,1,0.1,0.9,1e-06,100,4,0.1,1000,0,0.25,879102,879102,0,32950647,32950647,10497.3772627709,1922.92755000047,3149.21317883128,33468898.3597308,0.015728108760075,0.015728108760075,1000,2624344.31569277,-1069590.23650011,3.221629052,20260619
1,lap_scale_increase,10000,1,0.1,0.9,1e-06,100,4,0.1,1000,0,0.25,879102,879102,0,32950647,32950647,10331.1552425759,1924.70179456649,3099.34657277277,33120500.9236027,0.00515479782848135,0.00515479782848135,1000,2582788.81064398,-2073227.03983592,3.146247451,20365348
2,lap_scale_increase,10000,1,0.1,0.9,1e-06,100,4,0.1,1000,0,0.25,879102,879102,0,32950647,32950647,10127.1085305997,1930.7530971955,3038.13255917992,33729366.6914458,0.0236329104993245,0.0236329104993245,1000,2531777.13264991,-195618.058312483,3.146027451,20470077
3,lap_scale_increase,10000,1,0.1,0.9,1e-06,100,4,0.1,1000,0,0.25,879102,879102,0,32950647,32950647,10204.8400622958,1920.32129464126,3061.45201868873,33286015.7301369,0.0101779103195411,0.0101779103195411,1000,2551210.01557397,-1545103.82516334,3.183688252,20574806
4,lap_scale_increase,10000,1,0.1,0.9,1e-06,100,4,0.1,1000,0,0.25,879102,879102,0,32950647,32950647,10316.6455806217,1936.8753680804,3094.9936741865,33253177.2485976,0.00918131436380011,0.00918131436380011,1000,2579161.39515537,-1671570.64936311,3.157138052,20679535
0,lap_scale_decrease,10000,1,0.1,0.9,1e-06,100,4,0.1,1000,0,0.25,879102,879102,0,32950647,32950647,10497.3772627709,1922.92755000047,3149.21317883128,31719335.4826024,0.0373683562995773,0.0373683562995773,1000,-2624344.31569277,-1069590.23650011,3.167231552,20260619
1,lap_scale_decrease,10000,1,0.1,0.9,1e-06,100,4,0.1,1000,0,0.25,879102,879102,0,32950647,32950647,10331.1552425759,1924.70179456649,3099.34657277277,31398641.7165066,0.0471009046800628,0.0471009046800628,1000,-2582788.81064398,-2073227.03983592,3.255562453,20365348
2,lap_scale_decrease,10000,1,0.1,0.9,1e-06,100,4,0.1,1000,0,0.25,879102,879102,0,32950647,32950647,10127.1085305997,1930.7530971955,3038.13255917992,32041515.2696792,0.0275907095335878,0.0275907095335878,1000,-2531777.13264991,-195618.058312483,3.147928951,20470077
3,lap_scale_decrease,10000,1,0.1,0.9,1e-06,100,4,0.1,1000,0,0.25,879102,879102,0,32950647,32950647,10204.8400622958,1920.32129464126,3061.45201868873,31585209.0530876,0.0414388812126328,0.0414388812126328,1000,-2551210.01557397,-1545103.82516334,3.157988652,20574806
4,lap_scale_decrease,10000,1,0.1,0.9,1e-06,100,4,0.1,1000,0,0.25,879102,879102,0,32950647,32950647,10316.6455806217,1936.8753680804,3094.9936741865,31533736.318494,0.0430009972643632,0.0430009972643632,1000,-2579161.39515537,-1671570.64936311,3.239031654,20679535
0,lap_count_increase,10000,1,0.1,0.9,1e-06,100,4,0.1,1000,0,0.25,879102,879102,0,32950647,32950647,10497.3772627709,1922.92755000047,3149.21317883128,33304261.6711666,0.0107316457599934,0.0107316457599934,987,2130434.25,-1069590.23650011,3.268075353,20260619
1,lap_count_increase,10000,1,0.1,0.9,1e-06,100,4,0.1,1000,0,0.25,879102,879102,0,32950647,32950647,10331.1552425759,1924.70179456649,3099.34657277277,33091900.403388,0.00428681729338979,0.00428681729338979,991,2496987.25,-2073227.03983592,3.146629251,20365348
2,lap_count_increase,10000,1,0.1,0.9,1e-06,100,4,0.1,1000,0,0.25,879102,879102,0,32950647,32950647,10127.1085305997,1930.7530971955,3038.13255917992,33645585.8138958,0.0210902934287082,0.0210902934287082,992,2280434.5,-195618.058312483,3.132033852,20470077
3,lap_count_increase,10000,1,0.1,0.9,1e-06,100,4,0.1,1000,0,0.25,879102,879102,0,32950647,32950647,10204.8400622958,1920.32129464126,3061.45201868873,33263156.9749455,0.00948418326794954,0.00948418326794954,990,2482633.75,-1545103.82516334,3.125638651,20574806
4,lap_count_increase,10000,1,0.1,0.9,1e-06,100,4,0.1,1000,0,0.25,879102,879102,0,32950647,32950647,10316.6455806217,1936.8753680804,3094.9936741865,33306087.3668791,0.0107870527361438,0.0107870527361438,988,2737891.75,-1671570.64936311,3.181102152,20679535
0,lap_count_decrease,10000,1,0.1,0.9,1e-06,100,4,0.1,1000,0,0.25,879102,879102,0,32950647,32950647,10497.3772627709,1922.92755000047,3149.21317883128,31883972.1711666,0.0323718932994961,0.0323718932994961,987,-2130434.25,-1069590.23650011,3.170446152,20260619
1,lap_count_decrease,10000,1,0.1,0.9,1e-06,100,4,0.1,1000,0,0.25,879102,879102,0,32950647,32950647,10331.1552425759,1924.70179456649,3099.34657277277,31427242.2367213,0.0462329241449715,0.0462329241449715,991,-2496987.25,-2073227.03983592,3.159445851,20365348
2,lap_count_decrease,10000,1,0.1,0.9,1e-06,100,4,0.1,1000,0,0.25,879102,879102,0,32950647,32950647,10127.1085305997,1930.7530971955,3038.13255917992,32125296.1472291,0.0250480924629751,0.0250480924629751,992,-2280434.5,-195618.058312483,3.212767353,20470077
3,lap_count_decrease,10000,1,0.1,0.9,1e-06,100,4,0.1,1000,0,0.25,879102,879102,0,32950647,32950647,10204.8400622958,1920.32129464126,3061.45201868873,31608067.8082789,0.0407451541610439,0.0407451541610439,990,-2482633.75,-1545103.82516334,3.195172653,20574806
4,lap_count_decrease,10000,1,0.1,0.9,1e-06,100,4,0.1,1000,0,0.25,879102,879102,0,32950647,32950647,10316.6455806217,1936.8753680804,3094.9936741865,31480826.2002124,0.0446067356367124,0.0446067356367124,988,-2737891.75,-1671570.64936311,3.182723352,20679535
0,lap_fixed_increase,10000,1,0.1,0.9,1e-06,100,4,0.1,1000,0,0.5,879102,879102,0,32950647,32950647,10497.3772627709,1922.92755000047,3149.21317883128,32594283.5878333,0.010815065700128,0.010815065700128,1000,500,-1069590.23650011,3.124498052,20260619
1,lap_fixed_increase,10000,1,0.1,0.9,1e-06,100,4,0.1,1000,0,0.5,879102,879102,0,32950647,32950647,10331.1552425759,1924.70179456649,3099.34657277277,32259737.9867213,0.0209679953561668,0.0209679953561668,1000,500,-2073227.03983592,3.124231451,20365348
2,lap_fixed_increase,10000,1,0.1,0.9,1e-06,100,4,0.1,1000,0,0.5,879102,879102,0,32950647,32950647,10127.1085305997,1930.7530971955,3038.13255917992,32885607.6472291,0.0019738414475097,0.0019738414475097,1000,500,-195618.058312483,3.136056551,20470077
3,lap_fixed_increase,10000,1,0.1,0.9,1e-06,100,4,0.1,1000,0,0.5,879102,879102,0,32950647,32950647,10204.8400622958,1920.32129464126,3061.45201868873,32435779.0582789,0.0156254273769236,0.0156254273769236,1000,500,-1545103.82516334,3.197476053,20574806
4,lap_fixed_increase,10000,1,0.1,0.9,1e-06,100,4,0.1,1000,0,0.5,879102,879102,0,32950647,32950647,10316.6455806217,1936.8753680804,3094.9936741865,32393623.4502124,0.0169047833806608,0.0169047833806608,1000,500,-1671570.64936311,3.130871151,20679535
0,lap_fixed_decrease,10000,1,0.1,0.9,1e-06,100,4,0.1,1000,0,0.5,879102,879102,0,32950647,32950647,10497.3772627709,1922.92755000047,3149.21317883128,32593950.2544999,0.010825181839375,0.010825181839375,1000,-500,-1069590.23650011,3.165431651,20260619
1,lap_fixed_decrease,10000,1,0.1,0.9,1e-06,100,4,0.1,1000,0,0.5,879102,879102,0,32950647,32950647,10331.1552425759,1924.70179456649,3099.34657277277,32259404.653388,0.0209781114954139,0.0209781114954139,1000,-500,-2073227.03983592,3.115139451,20365348
2,lap_fixed_decrease,10000,1,0.1,0.9,1e-06,100,4,0.1,1000,0,0.5,879102,879102,0,32950647,32950647,10127.1085305997,1930.7530971955,3038.13255917992,32885274.3138958,0.00198395758675674,0.00198395758675674,1000,-500,-195618.058312483,3.171124952,20470077
3,lap_fixed_decrease,10000,1,0.1,0.9,1e-06,100,4,0.1,1000,0,0.5,879102,879102,0,32950647,32950647,10204.8400622958,1920.32129464126,3061.45201868873,32435445.7249455,0.0156355435161707,0.0156355435161707,1000,-500,-1545103.82516334,3.166249152,20574806
4,lap_fixed_decrease,10000,1,0.1,0.9,1e-06,100,4,0.1,1000,0,0.5,879102,879102,0,32950647,32950647,10316.6455806217,1936.8753680804,3094.9936741865,32393290.116879,0.0169148995199079,0.0169148995199079,1000,-500,-1671570.64936311,3.144520752,20679535
0,lap_scale_increase,10000,1,0.1,0.9,1e-06,100,4,0.1,1000,0,0.5,879102,879102,0,32950647,32950647,10497.3772627709,1922.92755000047,3149.21317883128,34343679.7982951,0.0422763412899032,0.0422763412899032,1000,5248688.63138554,-1069590.23650011,3.202199152,20260619
1,lap_scale_increase,10000,1,0.1,0.9,1e-06,100,4,0.1,1000,0,0.5,879102,879102,0,32950647,32950647,10331.1552425759,1924.70179456649,3099.34657277277,33981430.5271507,0.0312826490827528,0.0312826490827528,1000,5165577.62128795,-2073227.03983592,3.232201653,20365348
2,lap_scale_increase,10000,1,0.1,0.9,1e-06,100,4,0.1,1000,0,0.5,879102,879102,0,32950647,32950647,10127.1085305997,1930.7530971955,3038.13255917992,34573292.4023291,0.0492447205157786,0.0492447205157786,1000,5063554.26529982,-195618.058312483,3.195751952,20470077
3,lap_scale_increase,10000,1,0.1,0.9,1e-06,100,4,0.1,1000,0,0.5,879102,879102,0,32950647,32950647,10204.8400622958,1920.32129464126,3061.45201868873,34136419.0686615,0.0359863060856301,0.0359863060856301,1000,5102420.03114794,-1545103.82516334,3.183099052,20574806
4,lap_scale_increase,10000,1,0.1,0.9,1e-06,100,4,0.1,1000,0,0.5,879102,879102,0,32950647,32950647,10316.6455806217,1936.8753680804,3094.9936741865,34112897.7136495,0.0352724701778855,0.0352724701778855,1000,5158322.79031074,-1671570.64936311,3.278805553,20679535
0,lap_scale_decrease,10000,1,0.1,0.9,1e-06,100,4,0.1,1000,0,0.5,879102,879102,0,32950647,32950647,10497.3772627709,1922.92755000047,3149.21317883128,30844554.0440382,0.063916588829404,0.063916588829404,1000,-5248688.63138554,-1069590.23650011,3.228000452,20260619
1,lap_scale_decrease,10000,1,0.1,0.9,1e-06,100,4,0.1,1000,0,0.5,879102,879102,0,32950647,32950647,10331.1552425759,1924.70179456649,3099.34657277277,30537712.1129586,0.0732287559343342,0.0732287559343342,1000,-5165577.62128795,-2073227.03983592,3.194980152,20365348
2,lap_scale_decrease,10000,1,0.1,0.9,1e-06,100,4,0.1,1000,0,0.5,879102,879102,0,32950647,32950647,10127.1085305997,1930.7530971955,3038.13255917992,31197589.5587959,0.0532025195500426,0.0532025195500426,1000,-5063554.26529982,-195618.058312483,3.166517652,20470077
3,lap_scale_decrease,10000,1,0.1,0.9,1e-06,100,4,0.1,1000,0,0.5,879102,879102,0,32950647,32950647,10204.8400622958,1920.32129464126,3061.45201868873,30734805.7145629,0.0672472769787218,0.0672472769787218,1000,-5102420.03114794,-1545103.82516334,3.115023151,20574806
4,lap_scale_decrease,10000,1,0.1,0.9,1e-06,100,4,0.1,1000,0,0.5,879102,879102,0,32950647,32950647,10316.6455806217,1936.8753680804,3094.9936741865,30674015.8534422,0.0690921530784451,0.0690921530784451,1000,-5158322.79031074,-1671570.64936311,3.151964951,20679535
0,lap_count_increase,10000,1,0.1,0.9,1e-06,100,4,0.1,1000,0,0.5,879102,879102,0,32950647,32950647,10497.3772627709,1922.92755000047,3149.21317883128,34014406.4211666,0.0322834152897403,0.0322834152897403,987,4260868.5,-1069590.23650011,3.203199152,20260619
1,lap_count_increase,10000,1,0.1,0.9,1e-06,100,4,0.1,1000,0,0.5,879102,879102,0,32950647,32950647,10331.1552425759,1924.70179456649,3099.34657277277,33924229.4867214,0.0295466880125712,0.0295466880125712,991,4993974.5,-2073227.03983592,3.197434652,20365348
2,lap_count_increase,10000,1,0.1,0.9,1e-06,100,4,0.1,1000,0,0.5,879102,879102,0,32950647,32950647,10127.1085305997,1930.7530971955,3038.13255917992,34405730.6472291,0.0441594863745493,0.0441594863745493,992,4560869,-195618.058312483,3.135600851,20470077
3,lap_count_increase,10000,1,0.1,0.9,1e-06,100,4,0.1,1000,0,0.5,879102,879102,0,32950647,32950647,10204.8400622958,1920.32129464126,3061.45201868873,34090701.5582788,0.0345988519824453,0.0345988519824453,990,4965267.5,-1545103.82516334,3.128198451,20574806
4,lap_count_increase,10000,1,0.1,0.9,1e-06,100,4,0.1,1000,0,0.5,879102,879102,0,32950647,32950647,10316.6455806217,1936.8753680804,3094.9936741865,34218717.9502125,0.038483946922576,0.038483946922576,988,5475783.5,-1671570.64936311,3.208408052,20679535
0,lap_count_decrease,10000,1,0.1,0.9,1e-06,100,4,0.1,1000,0,0.5,879102,879102,0,32950647,32950647,10497.3772627709,1922.92755000047,3149.21317883128,31173827.4211666,0.0539236628292419,0.0539236628292419,987,-4260868.5,-1069590.23650011,3.375038255,20260619
1,lap_count_decrease,10000,1,0.1,0.9,1e-06,100,4,0.1,1000,0,0.5,879102,879102,0,32950647,32950647,10331.1552425759,1924.70179456649,3099.34657277277,30594913.1533879,0.071492794864152,0.071492794864152,991,-4993974.5,-2073227.03983592,3.245574953,20365348
2,lap_count_decrease,10000,1,0.1,0.9,1e-06,100,4,0.1,1000,0,0.5,879102,879102,0,32950647,32950647,10127.1085305997,1930.7530971955,3038.13255917992,31365151.3138958,0.048117285408817,0.048117285408817,992,-4560869,-195618.058312483,3.246837153,20470077
3,lap_count_decrease,10000,1,0.1,0.9,1e-06,100,4,0.1,1000,0,0.5,879102,879102,0,32950647,32950647,10204.8400622958,1920.32129464126,3061.45201868873,30780523.2249455,0.0658598228755408,0.0658598228755408,990,-4965267.5,-1545103.82516334,3.365068154,20574806
4,lap_count_decrease,10000,1,0.1,0.9,1e-06,100,4,0.1,1000,0,0.5,879102,879102,0,32950647,32950647,10316.6455806217,1936.8753680804,3094.9936741865,30568195.616879,0.0723036298231416,0.0723036298231416,988,-5475783.5,-1671570.64936311,3.239157353,20679535
0,lap_fixed_increase,10000,1,0.1,0.9,1e-06,100,4,0.1,1000,0,1,879102,879102,0,32950647,32950647,10497.3772627709,1922.92755000047,3149.21317883128,32594450.2544999,0.0108100076305044,0.0108100076305044,1000,1000,-1069590.23650011,3.128003151,20260619
1,lap_fixed_increase,10000,1,0.1,0.9,1e-06,100,4,0.1,1000,0,1,879102,879102,0,32950647,32950647,10331.1552425759,1924.70179456649,3099.34657277277,32259904.653388,0.0209629372865433,0.0209629372865433,1000,1000,-2073227.03983592,3.154448552,20365348
2,lap_fixed_increase,10000,1,0.1,0.9,1e-06,100,4,0.1,1000,0,1,879102,879102,0,32950647,32950647,10127.1085305997,1930.7530971955,3038.13255917992,32885774.3138958,0.00196878337788613,0.00196878337788613,1000,1000,-195618.058312483,3.151380651,20470077
3,lap_fixed_increase,10000,1,0.1,0.9,1e-06,100,4,0.1,1000,0,1,879102,879102,0,32950647,32950647,10204.8400622958,1920.32129464126,3061.45201868873,32435945.7249455,0.0156203693073001,0.0156203693073001,1000,1000,-1545103.82516334,3.097634351,20574806
4,lap_fixed_increase,10000,1,0.1,0.9,1e-06,100,4,0.1,1000,0,1,879102,879102,0,32950647,32950647,10316.6455806217,1936.8753680804,3094.9936741865,32393790.116879,0.0168997253110373,0.0168997253110373,1000,1000,-1671570.64936311,3.177221051,20679535
0,lap_fixed_decrease,10000,1,0.1,0.9,1e-06,100,4,0.1,1000,0,1,879102,879102,0,32950647,32950647,10497.3772627709,1922.92755000047,3149.21317883128,32593783.5878333,0.0108302399089986,0.0108302399089986,1000,-1000,-1069590.23650011,3.148851851,20260619
1,lap_fixed_decrease,10000,1,0.1,0.9,1e-06,100,4,0.1,1000,0,1,879102,879102,0,32950647,32950647,10331.1552425759,1924.70179456649,3099.34657277277,32259237.9867213,0.0209831695650375,0.0209831695650375,1000,-1000,-2073227.03983592,3.230120553,20365348
2,lap_fixed_decrease,10000,1,0.1,0.9,1e-06,100,4,0.1,1000,0,1,879102,879102,0,32950647,32950647,10127.1085305997,1930.7530971955,3038.13255917992,32885107.6472291,0.00198901565638032,0.00198901565638032,1000,-1000,-195618.058312483,3.149646051,20470077
3,lap_fixed_decrease,10000,1,0.1,0.9,1e-06,100,4,0.1,1000,0,1,879102,879102,0,32950647,32950647,10204.8400622958,1920.32129464126,3061.45201868873,32435279.0582789,0.0156406015857942,0.0156406015857942,1000,-1000,-1545103.82516334,3.153677652,20574806
4,lap_fixed_decrease,10000,1,0.1,0.9,1e-06,100,4,0.1,1000,0,1,879102,879102,0,32950647,32950647,10316.6455806217,1936.8753680804,3094.9936741865,32393123.4502124,0.0169199575895315,0.0169199575895315,1000,-1000,-1671570.64936311,3.09556255,20679535
0,lap_scale_increase,10000,1,0.1,0.9,1e-06,100,4,0.1,1000,0,1,879102,879102,0,32950647,32950647,10497.3772627709,1922.92755000047,3149.21317883128,36093242.6754237,0.0953728063495585,0.0953728063495585,1000,10497377.2627711,-1069590.23650011,3.219079553,20260619
1,lap_scale_increase,10000,1,0.1,0.9,1e-06,100,4,0.1,1000,0,1,879102,879102,0,32950647,32950647,10331.1552425759,1924.70179456649,3099.34657277277,35703289.7342466,0.0835383515912932,0.0835383515912932,1000,10331155.2425759,-2073227.03983592,3.133386652,20365348
2,lap_scale_increase,10000,1,0.1,0.9,1e-06,100,4,0.1,1000,0,1,879102,879102,0,32950647,32950647,10127.1085305997,1930.7530971955,3038.13255917992,36261143.8240957,0.100468340548692,0.100468340548692,1000,10127108.5305996,-195618.058312483,3.200573652,20470077
3,lap_scale_increase,10000,1,0.1,0.9,1e-06,100,4,0.1,1000,0,1,879102,879102,0,32950647,32950647,10204.8400622958,1920.32129464126,3061.45201868873,35837225.7457108,0.0876030976178032,0.0876030976178032,1000,10204840.0622959,-1545103.82516334,3.230823552,20574806
4,lap_scale_increase,10000,1,0.1,0.9,1e-06,100,4,0.1,1000,0,1,879102,879102,0,32950647,32950647,10316.6455806217,1936.8753680804,3094.9936741865,35832338.6437532,0.0874547818060501,0.0874547818060501,1000,10316645.5806215,-1671570.64936311,3.188242052,20679535
0,lap_scale_decrease,10000,1,0.1,0.9,1e-06,100,4,0.1,1000,0,1,879102,879102,0,32950647,32950647,10497.3772627709,1922.92755000047,3149.21317883128,29094991.1669096,0.11701305388906,0.11701305388906,1000,-10497377.2627711,-1069590.23650011,3.143568451,20260619
1,lap_scale_decrease,10000,1,0.1,0.9,1e-06,100,4,0.1,1000,0,1,879102,879102,0,32950647,32950647,10331.1552425759,1924.70179456649,3099.34657277277,28815852.9058626,0.125484458442877,0.125484458442877,1000,-10331155.2425759,-2073227.03983592,3.193578853,20365348
2,lap_scale_decrease,10000,1,0.1,0.9,1e-06,100,4,0.1,1000,0,1,879102,879102,0,32950647,32950647,10127.1085305997,1930.7530971955,3038.13255917992,29509738.1370293,0.104426139582957,0.104426139582957,1000,-10127108.5305996,-195618.058312483,3.149103652,20470077
3,lap_scale_decrease,10000,1,0.1,0.9,1e-06,100,4,0.1,1000,0,1,879102,879102,0,32950647,32950647,10204.8400622958,1920.32129464126,3061.45201868873,29033999.0375137,0.118864068510896,0.118864068510896,1000,-10204840.0622959,-1545103.82516334,3.122296151,20574806
4,lap_scale_decrease,10000,1,0.1,0.9,1e-06,100,4,0.1,1000,0,1,879102,879102,0,32950647,32950647,10316.6455806217,1936.8753680804,3094.9936741865,28954574.9233385,0.121274464706611,0.121274464706611,1000,-10316645.5806215,-1671570.64936311,3.195833353,20679535
0,lap_count_increase,10000,1,0.1,0.9,1e-06,100,4,0.1,1000,0,1,879102,879102,0,32950647,32950647,10497.3772627709,1922.92755000047,3149.21317883128,35434695.9211667,0.0753869543492325,0.0753869543492325,987,8521737,-1069590.23650011,3.168759452,20260619
1,lap_count_increase,10000,1,0.1,0.9,1e-06,100,4,0.1,1000,0,1,879102,879102,0,32950647,32950647,10331.1552425759,1924.70179456649,3099.34657277277,35588887.653388,0.0800664294509305,0.0800664294509305,991,9987949,-2073227.03983592,3.173940752,20365348
2,lap_count_increase,10000,1,0.1,0.9,1e-06,100,4,0.1,1000,0,1,879102,879102,0,32950647,32950647,10127.1085305997,1930.7530971955,3038.13255917992,35926020.3138958,0.0902978722662339,0.0902978722662339,992,9121738,-195618.058312483,3.160094452,20470077
3,lap_count_increase,10000,1,0.1,0.9,1e-06,100,4,0.1,1000,0,1,879102,879102,0,32950647,32950647,10204.8400622958,1920.32129464126,3061.45201868873,35745790.7249455,0.084828189411439,0.084828189411439,990,9930535,-1545103.82516334,3.190506352,20574806
4,lap_count_increase,10000,1,0.1,0.9,1e-06,100,4,0.1,1000,0,1,879102,879102,0,32950647,32950647,10316.6455806217,1936.8753680804,3094.9936741865,36043979.1168792,0.093877735295431,0.093877735295431,988,10951567,-1671570.64936311,3.212783453,20679535
0,lap_count_decrease,10000,1,0.1,0.9,1e-06,100,4,0.1,1000,0,1,879102,879102,0,32950647,32950647,10497.3772627709,1922.92755000047,3149.21317883128,29753537.9211665,0.0970272018887355,0.0970272018887355,987,-8521737,-1069590.23650011,3.224032452,20260619
1,lap_count_decrease,10000,1,0.1,0.9,1e-06,100,4,0.1,1000,0,1,879102,879102,0,32950647,32950647,10331.1552425759,1924.70179456649,3099.34657277277,28930254.9867213,0.122012536302511,0.122012536302511,991,-9987949,-2073227.03983592,3.265177954,20365348
2,lap_count_decrease,10000,1,0.1,0.9,1e-06,100,4,0.1,1000,0,1,879102,879102,0,32950647,32950647,10127.1085305997,1930.7530971955,3038.13255917992,29844861.6472291,0.0942556713005018,0.0942556713005018,992,-9121738,-195618.058312483,3.275652154,20470077
3,lap_count_decrease,10000,1,0.1,0.9,1e-06,100,4,0.1,1000,0,1,879102,879102,0,32950647,32950647,10204.8400622958,1920.32129464126,3061.45201868873,29125434.0582789,0.116089160304534,0.116089160304534,990,-9930535,-1545103.82516334,3.247886953,20574806
4,lap_count_decrease,10000,1,0.1,0.9,1e-06,100,4,0.1,1000,0,1,879102,879102,0,32950647,32950647,10316.6455806217,1936.8753680804,3094.9936741865,28742934.4502123,0.127697418195997,0.127697418195997,988,-10951567,-1671570.64936311,3.237834753,20679535
0,lap_fixed_increase,10000,1,0.1,0.9,1e-06,100,4,0.1,1000,0,2,879102,879102,0,32950647,32950647,10497.3772627709,1922.92755000047,3149.21317883128,32594783.5878333,0.0107998914912574,0.0107998914912574,1000,2000,-1069590.23650011,3.122482451,20260619
1,lap_fixed_increase,10000,1,0.1,0.9,1e-06,100,4,0.1,1000,0,2,879102,879102,0,32950647,32950647,10331.1552425759,1924.70179456649,3099.34657277277,32260237.9867213,0.0209528211472962,0.0209528211472962,1000,2000,-2073227.03983592,3.237525253,20365348
2,lap_fixed_increase,10000,1,0.1,0.9,1e-06,100,4,0.1,1000,0,2,879102,879102,0,32950647,32950647,10127.1085305997,1930.7530971955,3038.13255917992,32886107.6472291,0.00195866723863908,0.00195866723863908,1000,2000,-195618.058312483,3.146946752,20470077
3,lap_fixed_increase,10000,1,0.1,0.9,1e-06,100,4,0.1,1000,0,2,879102,879102,0,32950647,32950647,10204.8400622958,1920.32129464126,3061.45201868873,32436279.0582789,0.015610253168053,0.015610253168053,1000,2000,-1545103.82516334,3.128273351,20574806
4,lap_fixed_increase,10000,1,0.1,0.9,1e-06,100,4,0.1,1000,0,2,879102,879102,0,32950647,32950647,10316.6455806217,1936.8753680804,3094.9936741865,32394123.4502124,0.0168896091717902,0.0168896091717902,1000,2000,-1671570.64936311,3.113180451,20679535
0,lap_fixed_decrease,10000,1,0.1,0.9,1e-06,100,4,0.1,1000,0,2,879102,879102,0,32950647,32950647,10497.3772627709,1922.92755000047,3149.21317883128,32593450.2544999,0.0108403560482457,0.0108403560482457,1000,-2000,-1069590.23650011,3.197821252,20260619
1,lap_fixed_decrease,10000,1,0.1,0.9,1e-06,100,4,0.1,1000,0,2,879102,879102,0,32950647,32950647,10331.1552425759,1924.70179456649,3099.34657277277,32258904.653388,0.0209932857042845,0.0209932857042845,1000,-2000,-2073227.03983592,3.176621852,20365348
2,lap_fixed_decrease,10000,1,0.1,0.9,1e-06,100,4,0.1,1000,0,2,879102,879102,0,32950647,32950647,10127.1085305997,1930.7530971955,3038.13255917992,32884774.3138958,0.00199913179562736,0.00199913179562736,1000,-2000,-195618.058312483,3.179075452,20470077
3,lap_fixed_decrease,10000,1,0.1,0.9,1e-06,100,4,0.1,1000,0,2,879102,879102,0,32950647,32950647,10204.8400622958,1920.32129464126,3061.45201868873,32434945.7249455,0.0156507177250414,0.0156507177250414,1000,-2000,-1545103.82516334,3.178188752,20574806
4,lap_fixed_decrease,10000,1,0.1,0.9,1e-06,100,4,0.1,1000,0,2,879102,879102,0,32950647,32950647,10316.6455806217,1936.8753680804,3094.9936741865,32392790.116879,0.0169300737287785,0.0169300737287785,1000,-2000,-1671570.64936311,3.202798753,20679535
0,lap_scale_increase,10000,1,0.1,0.9,1e-06,100,4,0.1,1000,0,2,879102,879102,0,32950647,32950647,10497.3772627709,1922.92755000047,3149.21317883128,39592368.4296806,0.201565736468864,0.201565736468864,1000,20994754.5255422,-1069590.23650011,3.149730051,20260619
1,lap_scale_increase,10000,1,0.1,0.9,1e-06,100,4,0.1,1000,0,2,879102,879102,0,32950647,32950647,10331.1552425759,1924.70179456649,3099.34657277277,39147008.1484385,0.188049756608376,0.188049756608376,1000,20662310.4851518,-2073227.03983592,3.183651752,20365348
2,lap_scale_increase,10000,1,0.1,0.9,1e-06,100,4,0.1,1000,0,2,879102,879102,0,32950647,32950647,10127.1085305997,1930.7530971955,3038.13255917992,39636846.667629,0.202915580614516,0.202915580614516,1000,20254217.0611993,-195618.058312483,3.207213853,20470077
3,lap_scale_increase,10000,1,0.1,0.9,1e-06,100,4,0.1,1000,0,2,879102,879102,0,32950647,32950647,10204.8400622958,1920.32129464126,3061.45201868873,39238839.0998093,0.190836680682153,0.190836680682153,1000,20409680.1245917,-1545103.82516334,3.131393551,20574806
4,lap_scale_increase,10000,1,0.1,0.9,1e-06,100,4,0.1,1000,0,2,879102,879102,0,32950647,32950647,10316.6455806217,1936.8753680804,3094.9936741865,39271220.5039604,0.191819405062376,0.191819405062376,1000,20633291.161243,-1671570.64936311,3.202025853,20679535
0,lap_scale_decrease,10000,1,0.1,0.9,1e-06,100,4,0.1,1000,0,2,879102,879102,0,32950647,32950647,10497.3772627709,1922.92755000047,3149.21317883128,25595865.4126527,0.223205984008365,0.223205984008365,1000,-20994754.5255422,-1069590.23650011,3.176092351,20260619
1,lap_scale_decrease,10000,1,0.1,0.9,1e-06,100,4,0.1,1000,0,2,879102,879102,0,32950647,32950647,10331.1552425759,1924.70179456649,3099.34657277277,25372134.4916707,0.229995863459959,0.229995863459959,1000,-20662310.4851518,-2073227.03983592,3.129538151,20365348
2,lap_scale_decrease,10000,1,0.1,0.9,1e-06,100,4,0.1,1000,0,2,879102,879102,0,32950647,32950647,10127.1085305997,1930.7530971955,3038.13255917992,26134035.293496,0.206873379648781,0.206873379648781,1000,-20254217.0611993,-195618.058312483,3.122768452,20470077
3,lap_scale_decrease,10000,1,0.1,0.9,1e-06,100,4,0.1,1000,0,2,879102,879102,0,32950647,32950647,10204.8400622958,1920.32129464126,3061.45201868873,25632385.6834152,0.222097651575243,0.222097651575243,1000,-20409680.1245917,-1545103.82516334,3.121025751,20574806
4,lap_scale_decrease,10000,1,0.1,0.9,1e-06,100,4,0.1,1000,0,2,879102,879102,0,32950647,32950647,10316.6455806217,1936.8753680804,3094.9936741865,25515693.0631313,0.225639087962937,0.225639087962937,1000,-20633291.161243,-1671570.64936311,3.162508452,20679535
0,lap_count_increase,10000,1,0.1,0.9,1e-06,100,4,0.1,1000,0,2,879102,879102,0,32950647,32950647,10497.3772627709,1922.92755000047,3149.21317883128,38275274.9211666,0.161594032468213,0.161594032468213,987,17043474,-1069590.23650011,3.235734554,20260619
1,lap_count_increase,10000,1,0.1,0.9,1e-06,100,4,0.1,1000,0,2,879102,879102,0,32950647,32950647,10331.1552425759,1924.70179456649,3099.34657277277,38918203.9867213,0.18110591232765,0.18110591232765,991,19975898,-2073227.03983592,3.168355552,20365348
2,lap_count_increase,10000,1,0.1,0.9,1e-06,100,4,0.1,1000,0,2,879102,879102,0,32950647,32950647,10127.1085305997,1930.7530971955,3038.13255917992,38966599.6472291,0.182574644049601,0.182574644049601,992,18243476,-195618.058312483,3.211919753,20470077
3,lap_count_increase,10000,1,0.1,0.9,1e-06,100,4,0.1,1000,0,2,879102,879102,0,32950647,32950647,10204.8400622958,1920.32129464126,3061.45201868873,39055969.0582789,0.185286864269429,0.185286864269429,990,19861070,-1545103.82516334,3.108102651,20574806
4,lap_count_increase,10000,1,0.1,0.9,1e-06,100,4,0.1,1000,0,2,879102,879102,0,32950647,32950647,10316.6455806217,1936.8753680804,3094.9936741865,39694501.4502124,0.204665312041138,0.204665312041138,988,21903134,-1671570.64936311,3.092436551,20679535
0,lap_count_decrease,10000,1,0.1,0.9,1e-06,100,4,0.1,1000,0,2,879102,879102,0,32950647,32950647,10497.3772627709,1922.92755000047,3149.21317883128,26912958.9211666,0.183234280007716,0.183234280007716,987,-17043474,-1069590.23650011,3.202295352,20260619
1,lap_count_decrease,10000,1,0.1,0.9,1e-06,100,4,0.1,1000,0,2,879102,879102,0,32950647,32950647,10331.1552425759,1924.70179456649,3099.34657277277,25600938.653388,0.223052019179229,0.223052019179229,991,-19975898,-2073227.03983592,3.186537552,20365348
2,lap_count_decrease,10000,1,0.1,0.9,1e-06,100,4,0.1,1000,0,2,879102,879102,0,32950647,32950647,10127.1085305997,1930.7530971955,3038.13255917992,26804282.3138958,0.186532443083871,0.186532443083871,992,-18243476,-195618.058312483,3.251061252,20470077
3,lap_count_decrease,10000,1,0.1,0.9,1e-06,100,4,0.1,1000,0,2,879102,879102,0,32950647,32950647,10204.8400622958,1920.32129464126,3061.45201868873,25815255.7249456,0.216547835162521,0.216547835162521,990,-19861070,-1545103.82516334,3.273493254,20574806
4,lap_count_decrease,10000,1,0.1,0.9,1e-06,100,4,0.1,1000,0,2,879102,879102,0,32950647,32950647,10316.6455806217,1936.8753680804,3094.9936741865,25092412.116879,0.238484994941707,0.238484994941707,988,-21903134,-1671570.64936311,3.199566352,20679535
0,lap_fixed_increase,10000,1,0.1,0.9,1e-06,100,4,0.15,1500,0,0.25,879102,879102,0,32950647,32950647,10497.3772627709,1922.92755000047,3149.21317883128,32594241.9211666,0.0108163302175338,0.0108163302175338,1500,375,-1069590.23650011,3.164372652,20260619
1,lap_fixed_increase,10000,1,0.1,0.9,1e-06,100,4,0.15,1500,0,0.25,879102,879102,0,32950647,32950647,10331.1552425759,1924.70179456649,3099.34657277277,32259696.3200546,0.0209692598735728,0.0209692598735728,1500,375,-2073227.03983592,3.151414852,20365348
2,lap_fixed_increase,10000,1,0.1,0.9,1e-06,100,4,0.15,1500,0,0.25,879102,879102,0,32950647,32950647,10127.1085305997,1930.7530971955,3038.13255917992,32885565.9805625,0.00197510596491551,0.00197510596491551,1500,375,-195618.058312483,3.175422052,20470077
3,lap_fixed_increase,10000,1,0.1,0.9,1e-06,100,4,0.15,1500,0,0.25,879102,879102,0,32950647,32950647,10204.8400622958,1920.32129464126,3061.45201868873,32435737.3916122,0.0156266918943295,0.0156266918943295,1500,375,-1545103.82516334,3.126216752,20574806
4,lap_fixed_increase,10000,1,0.1,0.9,1e-06,100,4,0.15,1500,0,0.25,879102,879102,0,32950647,32950647,10316.6455806217,1936.8753680804,3094.9936741865,32393581.7835457,0.0169060478980666,0.0169060478980666,1500,375,-1671570.64936311,3.133186451,20679535
0,lap_fixed_decrease,10000,1,0.1,0.9,1e-06,100,4,0.15,1500,0,0.25,879102,879102,0,32950647,32950647,10497.3772627709,1922.92755000047,3149.21317883128,32593991.9211666,0.0108239173219691,0.0108239173219691,1500,-375,-1069590.23650011,3.119485951,20260619
1,lap_fixed_decrease,10000,1,0.1,0.9,1e-06,100,4,0.15,1500,0,0.25,879102,879102,0,32950647,32950647,10331.1552425759,1924.70179456649,3099.34657277277,32259446.3200546,0.0209768469780081,0.0209768469780081,1500,-375,-2073227.03983592,3.056330251,20365348
2,lap_fixed_decrease,10000,1,0.1,0.9,1e-06,100,4,0.15,1500,0,0.25,879102,879102,0,32950647,32950647,10127.1085305997,1930.7530971955,3038.13255917992,32885315.9805625,0.00198269306935082,0.00198269306935082,1500,-375,-195618.058312483,3.125410751,20470077
3,lap_fixed_decrease,10000,1,0.1,0.9,1e-06,100,4,0.15,1500,0,0.25,879102,879102,0,32950647,32950647,10204.8400622958,1920.32129464126,3061.45201868873,32435487.3916122,0.0156342789987648,0.0156342789987648,1500,-375,-1545103.82516334,3.136906051,20574806
4,lap_fixed_decrease,10000,1,0.1,0.9,1e-06,100,4,0.15,1500,0,0.25,879102,879102,0,32950647,32950647,10316.6455806217,1936.8753680804,3094.9936741865,32393331.7835457,0.016913635002502,0.016913635002502,1500,-375,-1671570.64936311,3.252447853,20679535
0,lap_scale_increase,10000,1,0.1,0.9,1e-06,100,4,0.15,1500,0,0.25,879102,879102,0,32950647,32950647,10497.3772627709,1922.92755000047,3149.21317883128,33906289.079013,0.0290022250249891,0.0290022250249891,1500,3936516.47353916,-1069590.23650011,3.256076154,20260619
1,lap_scale_increase,10000,1,0.1,0.9,1e-06,100,4,0.15,1500,0,0.25,879102,879102,0,32950647,32950647,10331.1552425759,1924.70179456649,3099.34657277277,33550965.7253767,0.0182187234556172,0.0182187234556172,1500,3874183.21596589,-2073227.03983592,3.245929053,20365348
2,lap_scale_increase,10000,1,0.1,0.9,1e-06,100,4,0.15,1500,0,0.25,879102,879102,0,32950647,32950647,10127.1085305997,1930.7530971955,3038.13255917992,34151329.5468875,0.0364388155075522,0.0364388155075522,1500,3797665.69897486,-195618.058312483,3.130253051,20470077
3,lap_scale_increase,10000,1,0.1,0.9,1e-06,100,4,0.15,1500,0,0.25,879102,879102,0,32950647,32950647,10204.8400622958,1920.32129464126,3061.45201868873,33711217.3993992,0.0230821082025841,0.0230821082025841,1500,3826815.02336097,-1545103.82516334,3.081793151,20574806
4,lap_scale_increase,10000,1,0.1,0.9,1e-06,100,4,0.15,1500,0,0.25,879102,879102,0,32950647,32950647,10316.6455806217,1936.8753680804,3094.9936741865,33683037.4811235,0.0222268922708402,0.0222268922708402,1500,3868742.09273305,-1671570.64936311,3.122793651,20679535
0,lap_scale_decrease,10000,1,0.1,0.9,1e-06,100,4,0.15,1500,0,0.25,879102,879102,0,32950647,32950647,10497.3772627709,1922.92755000047,3149.21317883128,31281944.7633203,0.0506424725644907,0.0506424725644907,1500,-3936516.47353916,-1069590.23650011,3.212493252,20260619
1,lap_scale_decrease,10000,1,0.1,0.9,1e-06,100,4,0.15,1500,0,0.25,879102,879102,0,32950647,32950647,10331.1552425759,1924.70179456649,3099.34657277277,30968176.9147326,0.060164830307198,0.060164830307198,1500,-3874183.21596589,-2073227.03983592,3.196750653,20365348
2,lap_scale_decrease,10000,1,0.1,0.9,1e-06,100,4,0.15,1500,0,0.25,879102,879102,0,32950647,32950647,10127.1085305997,1930.7530971955,3038.13255917992,31619552.4142376,0.040396614541815,0.040396614541815,1500,-3797665.69897486,-195618.058312483,3.172773052,20470077
3,lap_scale_decrease,10000,1,0.1,0.9,1e-06,100,4,0.15,1500,0,0.25,879102,879102,0,32950647,32950647,10204.8400622958,1920.32129464126,3061.45201868873,31160007.3838253,0.0543430790956765,0.0543430790956765,1500,-3826815.02336097,-1545103.82516334,3.181165352,20574806
4,lap_scale_decrease,10000,1,0.1,0.9,1e-06,100,4,0.15,1500,0,0.25,879102,879102,0,32950647,32950647,10316.6455806217,1936.8753680804,3094.9936741865,31103876.0859681,0.0560465751714052,0.0560465751714052,1500,-3868742.09273305,-1671570.64936311,3.289318954,20679535
0,lap_count_increase,10000,1,0.1,0.9,1e-06,100,4,0.15,1500,0,0.25,879102,879102,0,32950647,32950647,10497.3772627709,1922.92755000047,3149.21317883128,33727713.5045,0.0235827388912871,0.0235827388912871,1484,3400789.75,-1069590.23650011,3.138459052,20260619
1,lap_count_increase,10000,1,0.1,0.9,1e-06,100,4,0.15,1500,0,0.25,879102,879102,0,32950647,32950647,10331.1552425759,1924.70179456649,3099.34657277277,33490960.0700547,0.0163976467610691,0.0163976467610691,1483,3694166.25,-2073227.03983592,3.10977835,20365348
2,lap_count_increase,10000,1,0.1,0.9,1e-06,100,4,0.15,1500,0,0.25,879102,879102,0,32950647,32950647,10127.1085305997,1930.7530971955,3038.13255917992,34030900.9805624,0.0327839990687418,0.0327839990687418,1487,3436380,-195618.058312483,3.129377351,20470077
3,lap_count_increase,10000,1,0.1,0.9,1e-06,100,4,0.15,1500,0,0.25,879102,879102,0,32950647,32950647,10204.8400622958,1920.32129464126,3061.45201868873,33604033.8082788,0.019829255804258,0.019829255804258,1485,3505264.25,-1545103.82516334,3.182009952,20574806
4,lap_count_increase,10000,1,0.1,0.9,1e-06,100,4,0.15,1500,0,0.25,879102,879102,0,32950647,32950647,10316.6455806217,1936.8753680804,3094.9936741865,33635791.7002125,0.0207930575752421,0.0207930575752421,1485,3727004.75,-1671570.64936311,3.130396751,20679535
0,lap_count_decrease,10000,1,0.1,0.9,1e-06,100,4,0.15,1500,0,0.25,879102,879102,0,32950647,32950647,10497.3772627709,1922.92755000047,3149.21317883128,31460520.3378333,0.0452229864307886,0.0452229864307886,1484,-3400789.75,-1069590.23650011,3.128921251,20260619
1,lap_count_decrease,10000,1,0.1,0.9,1e-06,100,4,0.15,1500,0,0.25,879102,879102,0,32950647,32950647,10331.1552425759,1924.70179456649,3099.34657277277,31028182.5700546,0.0583437536126498,0.0583437536126498,1483,-3694166.25,-2073227.03983592,3.190389352,20365348
2,lap_count_decrease,10000,1,0.1,0.9,1e-06,100,4,0.15,1500,0,0.25,879102,879102,0,32950647,32950647,10127.1085305997,1930.7530971955,3038.13255917992,31739980.9805625,0.0367417981030087,0.0367417981030087,1487,-3436380,-195618.058312483,3.255582353,20470077
3,lap_count_decrease,10000,1,0.1,0.9,1e-06,100,4,0.15,1500,0,0.25,879102,879102,0,32950647,32950647,10204.8400622958,1920.32129464126,3061.45201868873,31267190.9749455,0.0510902266973531,0.0510902266973531,1485,-3505264.25,-1545103.82516334,3.161323851,20574806
4,lap_count_decrease,10000,1,0.1,0.9,1e-06,100,4,0.15,1500,0,0.25,879102,879102,0,32950647,32950647,10316.6455806217,1936.8753680804,3094.9936741865,31151121.866879,0.0546127404758078,0.0546127404758078,1485,-3727004.75,-1671570.64936311,3.121068351,20679535
0,lap_fixed_increase,10000,1,0.1,0.9,1e-06,100,4,0.15,1500,0,0.5,879102,879102,0,32950647,32950647,10497.3772627709,1922.92755000047,3149.21317883128,32594366.9211666,0.0108125366653162,0.0108125366653162,1500,750,-1069590.23650011,3.128916851,20260619
1,lap_fixed_increase,10000,1,0.1,0.9,1e-06,100,4,0.15,1500,0,0.5,879102,879102,0,32950647,32950647,10331.1552425759,1924.70179456649,3099.34657277277,32259821.3200546,0.0209654663213551,0.0209654663213551,1500,750,-2073227.03983592,3.202572353,20365348
2,lap_fixed_increase,10000,1,0.1,0.9,1e-06,100,4,0.15,1500,0,0.5,879102,879102,0,32950647,32950647,10127.1085305997,1930.7530971955,3038.13255917992,32885690.9805625,0.00197131241269786,0.00197131241269786,1500,750,-195618.058312483,3.113371651,20470077
3,lap_fixed_increase,10000,1,0.1,0.9,1e-06,100,4,0.15,1500,0,0.5,879102,879102,0,32950647,32950647,10204.8400622958,1920.32129464126,3061.45201868873,32435862.3916122,0.0156228983421119,0.0156228983421119,1500,750,-1545103.82516334,3.099311551,20574806
4,lap_fixed_increase,10000,1,0.1,0.9,1e-06,100,4,0.15,1500,0,0.5,879102,879102,0,32950647,32950647,10316.6455806217,1936.8753680804,3094.9936741865,32393706.7835457,0.016902254345849,0.016902254345849,1500,750,-1671570.64936311,3.176409852,20679535
0,lap_fixed_decrease,10000,1,0.1,0.9,1e-06,100,4,0.15,1500,0,0.5,879102,879102,0,32950647,32950647,10497.3772627709,1922.92755000047,3149.21317883128,32593866.9211666,0.0108277108741868,0.0108277108741868,1500,-750,-1069590.23650011,3.274852353,20260619
1,lap_fixed_decrease,10000,1,0.1,0.9,1e-06,100,4,0.15,1500,0,0.5,879102,879102,0,32950647,32950647,10331.1552425759,1924.70179456649,3099.34657277277,32259321.3200546,0.0209806405302257,0.0209806405302257,1500,-750,-2073227.03983592,3.335686455,20365348
2,lap_fixed_decrease,10000,1,0.1,0.9,1e-06,100,4,0.15,1500,0,0.5,879102,879102,0,32950647,32950647,10127.1085305997,1930.7530971955,3038.13255917992,32885190.9805625,0.00198648662156848,0.00198648662156848,1500,-750,-195618.058312483,3.189097052,20470077
3,lap_fixed_decrease,10000,1,0.1,0.9,1e-06,100,4,0.15,1500,0,0.5,879102,879102,0,32950647,32950647,10204.8400622958,1920.32129464126,3061.45201868873,32435362.3916122,0.0156380725509825,0.0156380725509825,1500,-750,-1545103.82516334,3.215666652,20574806
4,lap_fixed_decrease,10000,1,0.1,0.9,1e-06,100,4,0.15,1500,0,0.5,879102,879102,0,32950647,32950647,10316.6455806217,1936.8753680804,3094.9936741865,32393206.7835457,0.0169174285547196,0.0169174285547196,1500,-750,-1671570.64936311,3.158544852,20679535
0,lap_scale_increase,10000,1,0.1,0.9,1e-06,100,4,0.15,1500,0,0.5,879102,879102,0,32950647,32950647,10497.3772627709,1922.92755000047,3149.21317883128,35218461.2368594,0.0688245738197307,0.0688245738197307,1500,7873032.94707832,-1069590.23650011,3.138905051,20260619
1,lap_scale_increase,10000,1,0.1,0.9,1e-06,100,4,0.15,1500,0,0.5,879102,879102,0,32950647,32950647,10331.1552425759,1924.70179456649,3099.34657277277,34842360.1306987,0.0574105003370238,0.0574105003370238,1500,7748366.43193179,-2073227.03983592,3.223138952,20365348
2,lap_scale_increase,10000,1,0.1,0.9,1e-06,100,4,0.15,1500,0,0.5,879102,879102,0,32950647,32950647,10127.1085305997,1930.7530971955,3038.13255917992,35417218.1132124,0.0748565305322357,0.0748565305322357,1500,7595331.39794972,-195618.058312483,3.279587754,20470077
3,lap_scale_increase,10000,1,0.1,0.9,1e-06,100,4,0.15,1500,0,0.5,879102,879102,0,32950647,32950647,10204.8400622958,1920.32129464126,3061.45201868873,34986822.4071862,0.0617947018517174,0.0617947018517174,1500,7653630.04672194,-1545103.82516334,3.205526853,20574806
4,lap_scale_increase,10000,1,0.1,0.9,1e-06,100,4,0.15,1500,0,0.5,879102,879102,0,32950647,32950647,10316.6455806217,1936.8753680804,3094.9936741865,34972618.1787014,0.0613636259919685,0.0613636259919685,1500,7737484.1854661,-1671570.64936311,3.212838052,20679535
0,lap_scale_decrease,10000,1,0.1,0.9,1e-06,100,4,0.15,1500,0,0.5,879102,879102,0,32950647,32950647,10497.3772627709,1922.92755000047,3149.21317883128,29969772.6054739,0.0904648213592302,0.0904648213592302,1500,-7873032.94707832,-1069590.23650011,3.208266153,20260619
1,lap_scale_decrease,10000,1,0.1,0.9,1e-06,100,4,0.15,1500,0,0.5,879102,879102,0,32950647,32950647,10331.1552425759,1924.70179456649,3099.34657277277,29676782.5094106,0.0993566071886063,0.0993566071886063,1500,-7748366.43193179,-2073227.03983592,3.116001051,20365348
2,lap_scale_decrease,10000,1,0.1,0.9,1e-06,100,4,0.15,1500,0,0.5,879102,879102,0,32950647,32950647,10127.1085305997,1930.7530971955,3038.13255917992,30353663.8479126,0.0788143295665008,0.0788143295665008,1500,-7595331.39794972,-195618.058312483,3.171861852,20470077
3,lap_scale_decrease,10000,1,0.1,0.9,1e-06,100,4,0.15,1500,0,0.5,879102,879102,0,32950647,32950647,10204.8400622958,1920.32129464126,3061.45201868873,29884402.3760383,0.093055672744808,0.093055672744808,1500,-7653630.04672194,-1545103.82516334,3.244170653,20574806
4,lap_scale_decrease,10000,1,0.1,0.9,1e-06,100,4,0.15,1500,0,0.5,879102,879102,0,32950647,32950647,10316.6455806217,1936.8753680804,3094.9936741865,29814295.3883904,0.0951833088925275,0.0951833088925275,1500,-7737484.1854661,-1671570.64936311,3.220165452,20679535
0,lap_count_increase,10000,1,0.1,0.9,1e-06,100,4,0.15,1500,0,0.5,879102,879102,0,32950647,32950647,10497.3772627709,1922.92755000047,3149.21317883128,34861310.0878333,0.0579856015523253,0.0579856015523253,1484,6801579.5,-1069590.23650011,3.110644051,20260619
1,lap_count_increase,10000,1,0.1,0.9,1e-06,100,4,0.15,1500,0,0.5,879102,879102,0,32950647,32950647,10331.1552425759,1924.70179456649,3099.34657277277,34722348.8200547,0.0537683469479273,0.0537683469479273,1483,7388332.5,-2073227.03983592,3.157032251,20365348
2,lap_count_increase,10000,1,0.1,0.9,1e-06,100,4,0.15,1500,0,0.5,879102,879102,0,32950647,32950647,10127.1085305997,1930.7530971955,3038.13255917992,35176360.9805624,0.0675468976546174,0.0675468976546174,1487,6872760,-195618.058312483,3.141850751,20470077
3,lap_count_increase,10000,1,0.1,0.9,1e-06,100,4,0.15,1500,0,0.5,879102,879102,0,32950647,32950647,10204.8400622958,1920.32129464126,3061.45201868873,34772455.2249454,0.0552889970550638,0.0552889970550638,1485,7010528.5,-1545103.82516334,3.134006451,20574806
4,lap_count_increase,10000,1,0.1,0.9,1e-06,100,4,0.15,1500,0,0.5,879102,879102,0,32950647,32950647,10316.6455806217,1936.8753680804,3094.9936741865,34878126.6168792,0.058495956600767,0.058495956600767,1485,7454009.5,-1671570.64936311,3.173905852,20679535
0,lap_count_decrease,10000,1,0.1,0.9,1e-06,100,4,0.15,1500,0,0.5,879102,879102,0,32950647,32950647,10497.3772627709,1922.92755000047,3149.21317883128,30326923.7545,0.0796258490918265,0.0796258490918265,1484,-6801579.5,-1069590.23650011,3.157761551,20260619
1,lap_count_decrease,10000,1,0.1,0.9,1e-06,100,4,0.15,1500,0,0.5,879102,879102,0,32950647,32950647,10331.1552425759,1924.70179456649,3099.34657277277,29796793.8200546,0.0957144537995084,0.0957144537995084,1483,-7388332.5,-2073227.03983592,3.089977651,20365348
2,lap_count_decrease,10000,1,0.1,0.9,1e-06,100,4,0.15,1500,0,0.5,879102,879102,0,32950647,32950647,10127.1085305997,1930.7530971955,3038.13255917992,30594520.9805625,0.0715046966888847,0.0715046966888847,1487,-6872760,-195618.058312483,3.140683652,20470077
3,lap_count_decrease,10000,1,0.1,0.9,1e-06,100,4,0.15,1500,0,0.5,879102,879102,0,32950647,32950647,10204.8400622958,1920.32129464126,3061.45201868873,30098769.5582789,0.0865499679481579,0.0865499679481579,1485,-7010528.5,-1545103.82516334,3.173703452,20574806
4,lap_count_decrease,10000,1,0.1,0.9,1e-06,100,4,0.15,1500,0,0.5,879102,879102,0,32950647,32950647,10316.6455806217,1936.8753680804,3094.9936741865,29908786.9502124,0.0923156395013318,0.0923156395013318,1485,-7454009.5,-1671570.64936311,3.156328452,20679535
0,lap_fixed_increase,10000,1,0.1,0.9,1e-06,100,4,0.15,1500,0,1,879102,879102,0,32950647,32950647,10497.3772627709,1922.92755000047,3149.21317883128,32594616.9211666,0.0108049495608809,0.0108049495608809,1500,1500,-1069590.23650011,3.142252951,20260619
1,lap_fixed_increase,10000,1,0.1,0.9,1e-06,100,4,0.15,1500,0,1,879102,879102,0,32950647,32950647,10331.1552425759,1924.70179456649,3099.34657277277,32260071.3200546,0.0209578792169198,0.0209578792169198,1500,1500,-2073227.03983592,3.139979752,20365348
2,lap_fixed_increase,10000,1,0.1,0.9,1e-06,100,4,0.15,1500,0,1,879102,879102,0,32950647,32950647,10127.1085305997,1930.7530971955,3038.13255917992,32885940.9805625,0.00196372530826255,0.00196372530826255,1500,1500,-195618.058312483,3.169810852,20470077
3,lap_fixed_increase,10000,1,0.1,0.9,1e-06,100,4,0.15,1500,0,1,879102,879102,0,32950647,32950647,10204.8400622958,1920.32129464126,3061.45201868873,32436112.3916122,0.0156153112376765,0.0156153112376765,1500,1500,-1545103.82516334,3.205326253,20574806
4,lap_fixed_increase,10000,1,0.1,0.9,1e-06,100,4,0.15,1500,0,1,879102,879102,0,32950647,32950647,10316.6455806217,1936.8753680804,3094.9936741865,32393956.7835457,0.0168946672414137,0.0168946672414137,1500,1500,-1671570.64936311,3.130086451,20679535
0,lap_fixed_decrease,10000,1,0.1,0.9,1e-06,100,4,0.15,1500,0,1,879102,879102,0,32950647,32950647,10497.3772627709,1922.92755000047,3149.21317883128,32593616.9211666,0.0108352979786221,0.0108352979786221,1500,-1500,-1069590.23650011,3.104687451,20260619
1,lap_fixed_decrease,10000,1,0.1,0.9,1e-06,100,4,0.15,1500,0,1,879102,879102,0,32950647,32950647,10331.1552425759,1924.70179456649,3099.34657277277,32259071.3200546,0.020988227634661,0.020988227634661,1500,-1500,-2073227.03983592,3.180027352,20365348
2,lap_fixed_decrease,10000,1,0.1,0.9,1e-06,100,4,0.15,1500,0,1,879102,879102,0,32950647,32950647,10127.1085305997,1930.7530971955,3038.13255917992,32884940.9805625,0.00199407372600378,0.00199407372600378,1500,-1500,-195618.058312483,3.111071951,20470077
3,lap_fixed_decrease,10000,1,0.1,0.9,1e-06,100,4,0.15,1500,0,1,879102,879102,0,32950647,32950647,10204.8400622958,1920.32129464126,3061.45201868873,32435112.3916122,0.0156456596554178,0.0156456596554178,1500,-1500,-1545103.82516334,3.171537251,20574806
4,lap_fixed_decrease,10000,1,0.1,0.9,1e-06,100,4,0.15,1500,0,1,879102,879102,0,32950647,32950647,10316.6455806217,1936.8753680804,3094.9936741865,32392956.7835457,0.0169250156591549,0.0169250156591549,1500,-1500,-1671570.64936311,3.146610752,20679535
0,lap_scale_increase,10000,1,0.1,0.9,1e-06,100,4,0.15,1500,0,1,879102,879102,0,32950647,32950647,10497.3772627709,1922.92755000047,3149.21317883128,37842805.5525521,0.148469271409211,0.148469271409211,1500,15746065.8941566,-1069590.23650011,3.186180753,20260619
1,lap_scale_increase,10000,1,0.1,0.9,1e-06,100,4,0.15,1500,0,1,879102,879102,0,32950647,32950647,10331.1552425759,1924.70179456649,3099.34657277277,37425148.9413427,0.135794054099838,0.135794054099838,1500,15496732.8638636,-2073227.03983592,3.156678652,20365348
2,lap_scale_increase,10000,1,0.1,0.9,1e-06,100,4,0.15,1500,0,1,879102,879102,0,32950647,32950647,10127.1085305997,1930.7530971955,3038.13255917992,37948995.2458623,0.151691960581604,0.151691960581604,1500,15190662.7958994,-195618.058312483,3.230733153,20470077
3,lap_scale_increase,10000,1,0.1,0.9,1e-06,100,4,0.15,1500,0,1,879102,879102,0,32950647,32950647,10204.8400622958,1920.32129464126,3061.45201868873,37538032.4227601,0.13921988914998,0.13921988914998,1500,15307260.0934439,-1545103.82516334,3.244980953,20574806
4,lap_scale_increase,10000,1,0.1,0.9,1e-06,100,4,0.15,1500,0,1,879102,879102,0,32950647,32950647,10316.6455806217,1936.8753680804,3094.9936741865,37551779.5738567,0.139637093434212,0.139637093434212,1500,15474968.3709322,-1671570.64936311,3.171058552,20679535
0,lap_scale_decrease,10000,1,0.1,0.9,1e-06,100,4,0.15,1500,0,1,879102,879102,0,32950647,32950647,10497.3772627709,1922.92755000047,3149.21317883128,27345428.2897812,0.170109518948712,0.170109518948712,1500,-15746065.8941566,-1069590.23650011,3.080485551,20260619
1,lap_scale_decrease,10000,1,0.1,0.9,1e-06,100,4,0.15,1500,0,1,879102,879102,0,32950647,32950647,10331.1552425759,1924.70179456649,3099.34657277277,27093993.6987666,0.177740160951418,0.177740160951418,1500,-15496732.8638636,-2073227.03983592,3.201134752,20365348
2,lap_scale_decrease,10000,1,0.1,0.9,1e-06,100,4,0.15,1500,0,1,879102,879102,0,32950647,32950647,10127.1085305997,1930.7530971955,3038.13255917992,27821886.7152626,0.155649759615872,0.155649759615872,1500,-15190662.7958994,-195618.058312483,3.200382053,20470077
3,lap_scale_decrease,10000,1,0.1,0.9,1e-06,100,4,0.15,1500,0,1,879102,879102,0,32950647,32950647,10204.8400622958,1920.32129464126,3061.45201868873,27333192.3604644,0.170480860043071,0.170480860043071,1500,-15307260.0934439,-1545103.82516334,3.186252552,20574806
4,lap_scale_decrease,10000,1,0.1,0.9,1e-06,100,4,0.15,1500,0,1,879102,879102,0,32950647,32950647,10316.6455806217,1936.8753680804,3094.9936741865,27235133.9932349,0.173456776334775,0.173456776334775,1500,-15474968.3709322,-1671570.64936311,3.270913054,20679535
0,lap_count_increase,10000,1,0.1,0.9,1e-06,100,4,0.15,1500,0,1,879102,879102,0,32950647,32950647,10497.3772627709,1922.92755000047,3149.21317883128,37128503.2545,0.1267913268744,0.1267913268744,1484,13603159,-1069590.23650011,3.209992953,20260619
1,lap_count_increase,10000,1,0.1,0.9,1e-06,100,4,0.15,1500,0,1,879102,879102,0,32950647,32950647,10331.1552425759,1924.70179456649,3099.34657277277,37185126.3200547,0.128509747321644,0.128509747321644,1483,14776665,-2073227.03983592,3.134493652,20365348
2,lap_count_increase,10000,1,0.1,0.9,1e-06,100,4,0.15,1500,0,1,879102,879102,0,32950647,32950647,10127.1085305997,1930.7530971955,3038.13255917992,37467280.9805624,0.137072694826369,0.137072694826369,1487,13745520,-195618.058312483,3.166829852,20470077
3,lap_count_increase,10000,1,0.1,0.9,1e-06,100,4,0.15,1500,0,1,879102,879102,0,32950647,32950647,10204.8400622958,1920.32129464126,3061.45201868873,37109298.0582788,0.126208479556676,0.126208479556676,1485,14021057,-1545103.82516334,3.183117952,20574806
4,lap_count_increase,10000,1,0.1,0.9,1e-06,100,4,0.15,1500,0,1,879102,879102,0,32950647,32950647,10316.6455806217,1936.8753680804,3094.9936741865,37362796.4502125,0.133901754651812,0.133901754651812,1485,14908019,-1671570.64936311,3.189546952,20679535
0,lap_count_decrease,10000,1,0.1,0.9,1e-06,100,4,0.15,1500,0,1,879102,879102,0,32950647,32950647,10497.3772627709,1922.92755000047,3149.21317883128,28059730.5878332,0.148431574413903,0.148431574413903,1484,-13603159,-1069590.23650011,3.091725151,20260619
1,lap_count_decrease,10000,1,0.1,0.9,1e-06,100,4,0.15,1500,0,1,879102,879102,0,32950647,32950647,10331.1552425759,1924.70179456649,3099.34657277277,27334016.3200546,0.170455854173224,0.170455854173224,1483,-14776665,-2073227.03983592,3.119473851,20365348
2,lap_count_decrease,10000,1,0.1,0.9,1e-06,100,4,0.15,1500,0,1,879102,879102,0,32950647,32950647,10127.1085305997,1930.7530971955,3038.13255917992,28303600.9805625,0.141030493860638,0.141030493860638,1487,-13745520,-195618.058312483,3.173727451,20470077
3,lap_count_decrease,10000,1,0.1,0.9,1e-06,100,4,0.15,1500,0,1,879102,879102,0,32950647,32950647,10204.8400622958,1920.32129464126,3061.45201868873,27761926.7249456,0.157469450449772,0.157469450449772,1485,-14021057,-1545103.82516334,3.168088552,20574806
4,lap_count_decrease,10000,1,0.1,0.9,1e-06,100,4,0.15,1500,0,1,879102,879102,0,32950647,32950647,10316.6455806217,1936.8753680804,3094.9936741865,27424117.116879,0.167721437552379,0.167721437552379,1485,-14908019,-1671570.64936311,3.178258152,20679535
0,lap_fixed_increase,10000,1,0.1,0.9,1e-06,100,4,0.15,1500,0,2,879102,879102,0,32950647,32950647,10497.3772627709,1922.92755000047,3149.21317883128,32595116.9211666,0.0107897753520102,0.0107897753520102,1500,3000,-1069590.23650011,3.200366553,20260619
1,lap_fixed_increase,10000,1,0.1,0.9,1e-06,100,4,0.15,1500,0,2,879102,879102,0,32950647,32950647,10331.1552425759,1924.70179456649,3099.34657277277,32260571.3200546,0.0209427050080492,0.0209427050080492,1500,3000,-2073227.03983592,3.188890352,20365348
2,lap_fixed_increase,10000,1,0.1,0.9,1e-06,100,4,0.15,1500,0,2,879102,879102,0,32950647,32950647,10127.1085305997,1930.7530971955,3038.13255917992,32886440.9805625,0.00194855109939193,0.00194855109939193,1500,3000,-195618.058312483,3.149928652,20470077
3,lap_fixed_increase,10000,1,0.1,0.9,1e-06,100,4,0.15,1500,0,2,879102,879102,0,32950647,32950647,10204.8400622958,1920.32129464126,3061.45201868873,32436612.3916122,0.0156001370288059,0.0156001370288059,1500,3000,-1545103.82516334,3.175752852,20574806
4,lap_fixed_increase,10000,1,0.1,0.9,1e-06,100,4,0.15,1500,0,2,879102,879102,0,32950647,32950647,10316.6455806217,1936.8753680804,3094.9936741865,32394456.7835457,0.0168794930325431,0.0168794930325431,1500,3000,-1671570.64936311,3.141986352,20679535
0,lap_fixed_decrease,10000,1,0.1,0.9,1e-06,100,4,0.15,1500,0,2,879102,879102,0,32950647,32950647,10497.3772627709,1922.92755000047,3149.21317883128,32593116.9211666,0.0108504721874927,0.0108504721874927,1500,-3000,-1069590.23650011,3.10072445,20260619
1,lap_fixed_decrease,10000,1,0.1,0.9,1e-06,100,4,0.15,1500,0,2,879102,879102,0,32950647,32950647,10331.1552425759,1924.70179456649,3099.34657277277,32258571.3200546,0.0210034018435317,0.0210034018435317,1500,-3000,-2073227.03983592,3.184574252,20365348
2,lap_fixed_decrease,10000,1,0.1,0.9,1e-06,100,4,0.15,1500,0,2,879102,879102,0,32950647,32950647,10127.1085305997,1930.7530971955,3038.13255917992,32884440.9805625,0.0020092479348744,0.0020092479348744,1500,-3000,-195618.058312483,3.417081157,20470077
3,lap_fixed_decrease,10000,1,0.1,0.9,1e-06,100,4,0.15,1500,0,2,879102,879102,0,32950647,32950647,10204.8400622958,1920.32129464126,3061.45201868873,32434612.3916122,0.0156608338642884,0.0156608338642884,1500,-3000,-1545103.82516334,3.273135554,20574806
4,lap_fixed_decrease,10000,1,0.1,0.9,1e-06,100,4,0.15,1500,0,2,879102,879102,0,32950647,32950647,10316.6455806217,1936.8753680804,3094.9936741865,32392456.7835457,0.0169401898680255,0.0169401898680255,1500,-3000,-1671570.64936311,3.425614856,20679535
0,lap_scale_increase,10000,1,0.1,0.9,1e-06,100,4,0.15,1500,0,2,879102,879102,0,32950647,32950647,10497.3772627709,1922.92755000047,3149.21317883128,43091494.1839376,0.307758666588173,0.307758666588173,1500,31492131.7883133,-1069590.23650011,3.343687155,20260619
1,lap_scale_increase,10000,1,0.1,0.9,1e-06,100,4,0.15,1500,0,2,879102,879102,0,32950647,32950647,10331.1552425759,1924.70179456649,3099.34657277277,42590726.5626305,0.292561161625459,0.292561161625459,1500,30993465.7277272,-2073227.03983592,3.407481256,20365348
2,lap_scale_increase,10000,1,0.1,0.9,1e-06,100,4,0.15,1500,0,2,879102,879102,0,32950647,32950647,10127.1085305997,1930.7530971955,3038.13255917992,43012549.5111622,0.305362820680341,0.305362820680341,1500,30381325.5917989,-195618.058312483,3.141535052,20470077
3,lap_scale_increase,10000,1,0.1,0.9,1e-06,100,4,0.15,1500,0,2,879102,879102,0,32950647,32950647,10204.8400622958,1920.32129464126,3061.45201868873,42640452.453908,0.294070263746505,0.294070263746505,1500,30614520.1868878,-1545103.82516334,3.156695152,20574806
4,lap_scale_increase,10000,1,0.1,0.9,1e-06,100,4,0.15,1500,0,2,879102,879102,0,32950647,32950647,10316.6455806217,1936.8753680804,3094.9936741865,42710102.3641675,0.296184028318701,0.296184028318701,1500,30949936.7418644,-1671570.64936311,3.203398553,20679535
0,lap_scale_decrease,10000,1,0.1,0.9,1e-06,100,4,0.15,1500,0,2,879102,879102,0,32950647,32950647,10497.3772627709,1922.92755000047,3149.21317883128,22096739.6583958,0.329398914127671,0.329398914127671,1500,-31492131.7883133,-1069590.23650011,3.174128751,20260619
1,lap_scale_decrease,10000,1,0.1,0.9,1e-06,100,4,0.15,1500,0,2,879102,879102,0,32950647,32950647,10331.1552425759,1924.70179456649,3099.34657277277,21928416.0774789,0.334507268477038,0.334507268477038,1500,-30993465.7277272,-2073227.03983592,3.136345852,20365348
2,lap_scale_decrease,10000,1,0.1,0.9,1e-06,100,4,0.15,1500,0,2,879102,879102,0,32950647,32950647,10127.1085305997,1930.7530971955,3038.13255917992,22758332.4499627,0.309320619714609,0.309320619714609,1500,-30381325.5917989,-195618.058312483,3.325092554,20470077
3,lap_scale_decrease,10000,1,0.1,0.9,1e-06,100,4,0.15,1500,0,2,879102,879102,0,32950647,32950647,10204.8400622958,1920.32129464126,3061.45201868873,22230772.3293165,0.325331234639595,0.325331234639595,1500,-30614520.1868878,-1545103.82516334,3.151737552,20574806
4,lap_scale_decrease,10000,1,0.1,0.9,1e-06,100,4,0.15,1500,0,2,879102,879102,0,32950647,32950647,10316.6455806217,1936.8753680804,3094.9936741865,22076811.202924,0.330003711219268,0.330003711219268,1500,-30949936.7418644,-1671570.64936311,3.205329152,20679535
0,lap_count_increase,10000,1,0.1,0.9,1e-06,100,4,0.15,1500,0,2,879102,879102,0,32950647,32950647,10497.3772627709,1922.92755000047,3149.21317883128,41662889.5878333,0.264402777518552,0.264402777518552,1484,27206318,-1069590.23650011,3.106344451,20260619
1,lap_count_increase,10000,1,0.1,0.9,1e-06,100,4,0.15,1500,0,2,879102,879102,0,32950647,32950647,10331.1552425759,1924.70179456649,3099.34657277277,42110681.3200547,0.277992548069077,0.277992548069077,1483,29553330,-2073227.03983592,3.153056152,20365348
2,lap_count_increase,10000,1,0.1,0.9,1e-06,100,4,0.15,1500,0,2,879102,879102,0,32950647,32950647,10127.1085305997,1930.7530971955,3038.13255917992,42049120.9805624,0.276124289169872,0.276124289169872,1487,27491040,-195618.058312483,3.162721852,20470077
3,lap_count_increase,10000,1,0.1,0.9,1e-06,100,4,0.15,1500,0,2,879102,879102,0,32950647,32950647,10204.8400622958,1920.32129464126,3061.45201868873,41782983.7249455,0.268047444559906,0.268047444559906,1485,28042114,-1545103.82516334,3.133159551,20574806
4,lap_count_increase,10000,1,0.1,0.9,1e-06,100,4,0.15,1500,0,2,879102,879102,0,32950647,32950647,10316.6455806217,1936.8753680804,3094.9936741865,42332136.116879,0.284713350753903,0.284713350753903,1485,29816038,-1671570.64936311,3.278818753,20679535
0,lap_count_decrease,10000,1,0.1,0.9,1e-06,100,4,0.15,1500,0,2,879102,879102,0,32950647,32950647,10497.3772627709,1922.92755000047,3149.21317883128,23525344.2545,0.286043025058051,0.286043025058051,1484,-27206318,-1069590.23650011,3.236403053,20260619
1,lap_count_decrease,10000,1,0.1,0.9,1e-06,100,4,0.15,1500,0,2,879102,879102,0,32950647,32950647,10331.1552425759,1924.70179456649,3099.34657277277,22408461.3200548,0.319938654920653,0.319938654920653,1483,-29553330,-2073227.03983592,3.158634051,20365348
2,lap_count_decrease,10000,1,0.1,0.9,1e-06,100,4,0.15,1500,0,2,879102,879102,0,32950647,32950647,10127.1085305997,1930.7530971955,3038.13255917992,23721760.9805624,0.280082088204144,0.280082088204144,1487,-27491040,-195618.058312483,3.145353852,20470077
3,lap_count_decrease,10000,1,0.1,0.9,1e-06,100,4,0.15,1500,0,2,879102,879102,0,32950647,32950647,10204.8400622958,1920.32129464126,3061.45201868873,23088241.058279,0.299308415452996,0.299308415452996,1485,-28042114,-1545103.82516334,3.152116052,20574806
4,lap_count_decrease,10000,1,0.1,0.9,1e-06,100,4,0.15,1500,0,2,879102,879102,0,32950647,32950647,10316.6455806217,1936.8753680804,3094.9936741865,22454777.4502123,0.318533033654473,0.318533033654473,1485,-29816038,-1671570.64936311,3.120005551,20679535
0,lap_fixed_increase,10000,1,0.1,0.9,1e-06,100,4,0.2,2000,0,0.25,879102,879102,0,32950647,32950647,10497.3772627709,1922.92755000047,3149.21317883128,32594283.5878333,0.010815065700128,0.010815065700128,2000,500,-1069590.23650011,3.129433851,20260619
1,lap_fixed_increase,10000,1,0.1,0.9,1e-06,100,4,0.2,2000,0,0.25,879102,879102,0,32950647,32950647,10331.1552425759,1924.70179456649,3099.34657277277,32259737.9867213,0.0209679953561668,0.0209679953561668,2000,500,-2073227.03983592,3.150420051,20365348
2,lap_fixed_increase,10000,1,0.1,0.9,1e-06,100,4,0.2,2000,0,0.25,879102,879102,0,32950647,32950647,10127.1085305997,1930.7530971955,3038.13255917992,32885607.6472291,0.0019738414475097,0.0019738414475097,2000,500,-195618.058312483,3.203042253,20470077
3,lap_fixed_increase,10000,1,0.1,0.9,1e-06,100,4,0.2,2000,0,0.25,879102,879102,0,32950647,32950647,10204.8400622958,1920.32129464126,3061.45201868873,32435779.0582789,0.0156254273769236,0.0156254273769236,2000,500,-1545103.82516334,3.178954152,20574806
4,lap_fixed_increase,10000,1,0.1,0.9,1e-06,100,4,0.2,2000,0,0.25,879102,879102,0,32950647,32950647,10316.6455806217,1936.8753680804,3094.9936741865,32393623.4502124,0.0169047833806608,0.0169047833806608,2000,500,-1671570.64936311,3.195018053,20679535
0,lap_fixed_decrease,10000,1,0.1,0.9,1e-06,100,4,0.2,2000,0,0.25,879102,879102,0,32950647,32950647,10497.3772627709,1922.92755000047,3149.21317883128,32593950.2544999,0.010825181839375,0.010825181839375,2000,-500,-1069590.23650011,3.125724251,20260619
1,lap_fixed_decrease,10000,1,0.1,0.9,1e-06,100,4,0.2,2000,0,0.25,879102,879102,0,32950647,32950647,10331.1552425759,1924.70179456649,3099.34657277277,32259404.653388,0.0209781114954139,0.0209781114954139,2000,-500,-2073227.03983592,3.204227853,20365348
2,lap_fixed_decrease,10000,1,0.1,0.9,1e-06,100,4,0.2,2000,0,0.25,879102,879102,0,32950647,32950647,10127.1085305997,1930.7530971955,3038.13255917992,32885274.3138958,0.00198395758675674,0.00198395758675674,2000,-500,-195618.058312483,3.189140052,20470077
3,lap_fixed_decrease,10000,1,0.1,0.9,1e-06,100,4,0.2,2000,0,0.25,879102,879102,0,32950647,32950647,10204.8400622958,1920.32129464126,3061.45201868873,32435445.7249455,0.0156355435161707,0.0156355435161707,2000,-500,-1545103.82516334,3.219924553,20574806
4,lap_fixed_decrease,10000,1,0.1,0.9,1e-06,100,4,0.2,2000,0,0.25,879102,879102,0,32950647,32950647,10316.6455806217,1936.8753680804,3094.9936741865,32393290.116879,0.0169148995199079,0.0169148995199079,2000,-500,-1671570.64936311,3.281124254,20679535
0,lap_scale_increase,10000,1,0.1,0.9,1e-06,100,4,0.2,2000,0,0.25,879102,879102,0,32950647,32950647,10497.3772627709,1922.92755000047,3149.21317883128,34343679.7982951,0.042276341289903,0.042276341289903,2000,5248688.63138555,-1069590.23650011,3.152441252,20260619
1,lap_scale_increase,10000,1,0.1,0.9,1e-06,100,4,0.2,2000,0,0.25,879102,879102,0,32950647,32950647,10331.1552425759,1924.70179456649,3099.34657277277,33981430.5271507,0.031282649082753,0.031282649082753,2000,5165577.62128799,-2073227.03983592,3.194775952,20365348
2,lap_scale_increase,10000,1,0.1,0.9,1e-06,100,4,0.2,2000,0,0.25,879102,879102,0,32950647,32950647,10127.1085305997,1930.7530971955,3038.13255917992,34573292.4023291,0.0492447205157804,0.0492447205157804,2000,5063554.26529982,-195618.058312483,3.127949152,20470077
3,lap_scale_increase,10000,1,0.1,0.9,1e-06,100,4,0.2,2000,0,0.25,879102,879102,0,32950647,32950647,10204.8400622958,1920.32129464126,3061.45201868873,34136419.0686615,0.0359863060856274,0.0359863060856274,2000,5102420.03114781,-1545103.82516334,3.134872951,20574806
4,lap_scale_increase,10000,1,0.1,0.9,1e-06,100,4,0.2,2000,0,0.25,879102,879102,0,32950647,32950647,10316.6455806217,1936.8753680804,3094.9936741865,34112897.7136495,0.0352724701778835,0.0352724701778835,2000,5158322.7903109,-1671570.64936311,3.03560665,20679535
0,lap_scale_decrease,10000,1,0.1,0.9,1e-06,100,4,0.2,2000,0,0.25,879102,879102,0,32950647,32950647,10497.3772627709,1922.92755000047,3149.21317883128,30844554.0440382,0.0639165888294042,0.0639165888294042,2000,-5248688.63138555,-1069590.23650011,3.156361852,20260619
1,lap_scale_decrease,10000,1,0.1,0.9,1e-06,100,4,0.2,2000,0,0.25,879102,879102,0,32950647,32950647,10331.1552425759,1924.70179456649,3099.34657277277,30537712.1129586,0.073228755934333,0.073228755934333,2000,-5165577.62128799,-2073227.03983592,3.193069553,20365348
2,lap_scale_decrease,10000,1,0.1,0.9,1e-06,100,4,0.2,2000,0,0.25,879102,879102,0,32950647,32950647,10127.1085305997,1930.7530971955,3038.13255917992,31197589.5587959,0.0532025195500442,0.0532025195500442,2000,-5063554.26529982,-195618.058312483,3.233641052,20470077
3,lap_scale_decrease,10000,1,0.1,0.9,1e-06,100,4,0.2,2000,0,0.25,879102,879102,0,32950647,32950647,10204.8400622958,1920.32129464126,3061.45201868873,30734805.714563,0.0672472769787202,0.0672472769787202,2000,-5102420.03114781,-1545103.82516334,3.156673952,20574806
4,lap_scale_decrease,10000,1,0.1,0.9,1e-06,100,4,0.2,2000,0,0.25,879102,879102,0,32950647,32950647,10316.6455806217,1936.8753680804,3094.9936741865,30674015.8534422,0.0690921530784454,0.0690921530784454,2000,-5158322.7903109,-1671570.64936311,3.218315653,20679535
0,lap_count_increase,10000,1,0.1,0.9,1e-06,100,4,0.2,2000,0,0.25,879102,879102,0,32950647,32950647,10497.3772627709,1922.92755000047,3149.21317883128,34150250.0045,0.0364060531042066,0.0364060531042066,1982,4668399.25,-1069590.23650011,3.214618052,20260619
1,lap_count_increase,10000,1,0.1,0.9,1e-06,100,4,0.2,2000,0,0.25,879102,879102,0,32950647,32950647,10331.1552425759,1924.70179456649,3099.34657277277,33942416.9867214,0.03009864986024,0.03009864986024,1977,5048537,-2073227.03983592,3.298140554,20365348
2,lap_count_increase,10000,1,0.1,0.9,1e-06,100,4,0.2,2000,0,0.25,879102,879102,0,32950647,32950647,10127.1085305997,1930.7530971955,3038.13255917992,34448767.3972291,0.0454655836417744,0.0454655836417744,1979,4689979.25,-195618.058312483,3.172291252,20470077
3,lap_count_increase,10000,1,0.1,0.9,1e-06,100,4,0.2,2000,0,0.25,879102,879102,0,32950647,32950647,10204.8400622958,1920.32129464126,3061.45201868873,33994350.0582788,0.0316747364104506,0.0316747364104506,1980,4676213,-1545103.82516334,3.193045153,20574806
4,lap_count_increase,10000,1,0.1,0.9,1e-06,100,4,0.2,2000,0,0.25,879102,879102,0,32950647,32950647,10316.6455806217,1936.8753680804,3094.9936741865,34122244.6168792,0.0355561339016864,0.0355561339016864,1982,5186363.5,-1671570.64936311,3.219495152,20679535
0,lap_count_decrease,10000,1,0.1,0.9,1e-06,100,4,0.2,2000,0,0.25,879102,879102,0,32950647,32950647,10497.3772627709,1922.92755000047,3149.21317883128,31037983.8378333,0.0580463006437086,0.0580463006437086,1982,-4668399.25,-1069590.23650011,3.202212653,20260619
1,lap_count_decrease,10000,1,0.1,0.9,1e-06,100,4,0.2,2000,0,0.25,879102,879102,0,32950647,32950647,10331.1552425759,1924.70179456649,3099.34657277277,30576725.6533879,0.072044756711821,0.072044756711821,1977,-5048537,-2073227.03983592,3.143223851,20365348
2,lap_count_decrease,10000,1,0.1,0.9,1e-06,100,4,0.2,2000,0,0.25,879102,879102,0,32950647,32950647,10127.1085305997,1930.7530971955,3038.13255917992,31322114.5638958,0.0494233826760422,0.0494233826760422,1979,-4689979.25,-195618.058312483,3.188827352,20470077
3,lap_count_decrease,10000,1,0.1,0.9,1e-06,100,4,0.2,2000,0,0.25,879102,879102,0,32950647,32950647,10204.8400622958,1920.32129464126,3061.45201868873,30876874.7249455,0.0629357073035461,0.0629357073035461,1980,-4676213,-1545103.82516334,3.160452152,20574806
4,lap_count_decrease,10000,1,0.1,0.9,1e-06,100,4,0.2,2000,0,0.25,879102,879102,0,32950647,32950647,10316.6455806217,1936.8753680804,3094.9936741865,30664668.9502123,0.0693758168022513,0.0693758168022513,1982,-5186363.5,-1671570.64936311,3.166550552,20679535
0,lap_fixed_increase,10000,1,0.1,0.9,1e-06,100,4,0.2,2000,0,0.5,879102,879102,0,32950647,32950647,10497.3772627709,1922.92755000047,3149.21317883128,32594450.2544999,0.0108100076305044,0.0108100076305044,2000,1000,-1069590.23650011,3.161809251,20260619
1,lap_fixed_increase,10000,1,0.1,0.9,1e-06,100,4,0.2,2000,0,0.5,879102,879102,0,32950647,32950647,10331.1552425759,1924.70179456649,3099.34657277277,32259904.653388,0.0209629372865433,0.0209629372865433,2000,1000,-2073227.03983592,3.218081953,20365348
2,lap_fixed_increase,10000,1,0.1,0.9,1e-06,100,4,0.2,2000,0,0.5,879102,879102,0,32950647,32950647,10127.1085305997,1930.7530971955,3038.13255917992,32885774.3138958,0.00196878337788613,0.00196878337788613,2000,1000,-195618.058312483,3.244082953,20470077
3,lap_fixed_increase,10000,1,0.1,0.9,1e-06,100,4,0.2,2000,0,0.5,879102,879102,0,32950647,32950647,10204.8400622958,1920.32129464126,3061.45201868873,32435945.7249455,0.0156203693073001,0.0156203693073001,2000,1000,-1545103.82516334,3.190209052,20574806
4,lap_fixed_increase,10000,1,0.1,0.9,1e-06,100,4,0.2,2000,0,0.5,879102,879102,0,32950647,32950647,10316.6455806217,1936.8753680804,3094.9936741865,32393790.116879,0.0168997253110373,0.0168997253110373,2000,1000,-1671570.64936311,3.267835953,20679535
0,lap_fixed_decrease,10000,1,0.1,0.9,1e-06,100,4,0.2,2000,0,0.5,879102,879102,0,32950647,32950647,10497.3772627709,1922.92755000047,3149.21317883128,32593783.5878333,0.0108302399089986,0.0108302399089986,2000,-1000,-1069590.23650011,3.170550152,20260619
1,lap_fixed_decrease,10000,1,0.1,0.9,1e-06,100,4,0.2,2000,0,0.5,879102,879102,0,32950647,32950647,10331.1552425759,1924.70179456649,3099.34657277277,32259237.9867213,0.0209831695650375,0.0209831695650375,2000,-1000,-2073227.03983592,3.251129753,20365348
2,lap_fixed_decrease,10000,1,0.1,0.9,1e-06,100,4,0.2,2000,0,0.5,879102,879102,0,32950647,32950647,10127.1085305997,1930.7530971955,3038.13255917992,32885107.6472291,0.00198901565638032,0.00198901565638032,2000,-1000,-195618.058312483,3.301232053,20470077
3,lap_fixed_decrease,10000,1,0.1,0.9,1e-06,100,4,0.2,2000,0,0.5,879102,879102,0,32950647,32950647,10204.8400622958,1920.32129464126,3061.45201868873,32435279.0582789,0.0156406015857942,0.0156406015857942,2000,-1000,-1545103.82516334,3.165971252,20574806
4,lap_fixed_decrease,10000,1,0.1,0.9,1e-06,100,4,0.2,2000,0,0.5,879102,879102,0,32950647,32950647,10316.6455806217,1936.8753680804,3094.9936741865,32393123.4502124,0.0169199575895315,0.0169199575895315,2000,-1000,-1671570.64936311,3.152346752,20679535
0,lap_scale_increase,10000,1,0.1,0.9,1e-06,100,4,0.2,2000,0,0.5,879102,879102,0,32950647,32950647,10497.3772627709,1922.92755000047,3149.21317883128,36093242.6754237,0.0953728063495582,0.0953728063495582,2000,10497377.2627711,-1069590.23650011,3.108661251,20260619
1,lap_scale_increase,10000,1,0.1,0.9,1e-06,100,4,0.2,2000,0,0.5,879102,879102,0,32950647,32950647,10331.1552425759,1924.70179456649,3099.34657277277,35703289.7342467,0.0835383515912966,0.0835383515912966,2000,10331155.242576,-2073227.03983592,3.196767352,20365348
2,lap_scale_increase,10000,1,0.1,0.9,1e-06,100,4,0.2,2000,0,0.5,879102,879102,0,32950647,32950647,10127.1085305997,1930.7530971955,3038.13255917992,36261143.8240957,0.100468340548692,0.100468340548692,2000,10127108.5305996,-195618.058312483,3.160312251,20470077
3,lap_scale_increase,10000,1,0.1,0.9,1e-06,100,4,0.2,2000,0,0.5,879102,879102,0,32950647,32950647,10204.8400622958,1920.32129464126,3061.45201868873,35837225.7457109,0.087603097617806,0.087603097617806,2000,10204840.0622956,-1545103.82516334,3.139760551,20574806
4,lap_scale_increase,10000,1,0.1,0.9,1e-06,100,4,0.2,2000,0,0.5,879102,879102,0,32950647,32950647,10316.6455806217,1936.8753680804,3094.9936741865,35832338.6437532,0.0874547818060498,0.0874547818060498,2000,10316645.5806218,-1671570.64936311,3.198462153,20679535
0,lap_scale_decrease,10000,1,0.1,0.9,1e-06,100,4,0.2,2000,0,0.5,879102,879102,0,32950647,32950647,10497.3772627709,1922.92755000047,3149.21317883128,29094991.1669096,0.11701305388906,0.11701305388906,2000,-10497377.2627711,-1069590.23650011,3.181600053,20260619
1,lap_scale_decrease,10000,1,0.1,0.9,1e-06,100,4,0.2,2000,0,0.5,879102,879102,0,32950647,32950647,10331.1552425759,1924.70179456649,3099.34657277277,28815852.9058627,0.125484458442873,0.125484458442873,2000,-10331155.242576,-2073227.03983592,3.422543456,20365348
2,lap_scale_decrease,10000,1,0.1,0.9,1e-06,100,4,0.2,2000,0,0.5,879102,879102,0,32950647,32950647,10127.1085305997,1930.7530971955,3038.13255917992,29509738.1370293,0.104426139582955,0.104426139582955,2000,-10127108.5305996,-195618.058312483,3.367182355,20470077
3,lap_scale_decrease,10000,1,0.1,0.9,1e-06,100,4,0.2,2000,0,0.5,879102,879102,0,32950647,32950647,10204.8400622958,1920.32129464126,3061.45201868873,29033999.0375137,0.118864068510895,0.118864068510895,2000,-10204840.0622956,-1545103.82516334,3.227531753,20574806
4,lap_scale_decrease,10000,1,0.1,0.9,1e-06,100,4,0.2,2000,0,0.5,879102,879102,0,32950647,32950647,10316.6455806217,1936.8753680804,3094.9936741865,28954574.9233385,0.121274464706611,0.121274464706611,2000,-10316645.5806218,-1671570.64936311,3.175252552,20679535
0,lap_count_increase,10000,1,0.1,0.9,1e-06,100,4,0.2,2000,0,0.5,879102,879102,0,32950647,32950647,10497.3772627709,1922.92755000047,3149.21317883128,35706383.0878333,0.0836322299781651,0.0836322299781651,1982,9336798.5,-1069590.23650011,3.107957951,20260619
1,lap_count_increase,10000,1,0.1,0.9,1e-06,100,4,0.2,2000,0,0.5,879102,879102,0,32950647,32950647,10331.1552425759,1924.70179456649,3099.34657277277,35625262.653388,0.0811703531462689,0.0811703531462689,1977,10097074,-2073227.03983592,3.161999451,20365348
2,lap_count_increase,10000,1,0.1,0.9,1e-06,100,4,0.2,2000,0,0.5,879102,879102,0,32950647,32950647,10127.1085305997,1930.7530971955,3038.13255917992,36012093.8138958,0.0929100668006841,0.0929100668006841,1979,9379958.5,-195618.058312483,3.238297453,20470077
3,lap_count_increase,10000,1,0.1,0.9,1e-06,100,4,0.2,2000,0,0.5,879102,879102,0,32950647,32950647,10204.8400622958,1920.32129464126,3061.45201868873,35553087.7249455,0.0789799582674496,0.0789799582674496,1980,9352426,-1545103.82516334,3.223771953,20574806
4,lap_count_increase,10000,1,0.1,0.9,1e-06,100,4,0.2,2000,0,0.5,879102,879102,0,32950647,32950647,10316.6455806217,1936.8753680804,3094.9936741865,35851032.4502125,0.0880221092536514,0.0880221092536514,1982,10372727,-1671570.64936311,3.150424551,20679535
0,lap_count_decrease,10000,1,0.1,0.9,1e-06,100,4,0.2,2000,0,0.5,879102,879102,0,32950647,32950647,10497.3772627709,1922.92755000047,3149.21317883128,29481850.7544999,0.105272477517668,0.105272477517668,1982,-9336798.5,-1069590.23650011,3.147276352,20260619
1,lap_count_decrease,10000,1,0.1,0.9,1e-06,100,4,0.2,2000,0,0.5,879102,879102,0,32950647,32950647,10331.1552425759,1924.70179456649,3099.34657277277,28893879.9867213,0.123116459997849,0.123116459997849,1977,-10097074,-2073227.03983592,3.07713755,20365348
2,lap_count_decrease,10000,1,0.1,0.9,1e-06,100,4,0.2,2000,0,0.5,879102,879102,0,32950647,32950647,10127.1085305997,1930.7530971955,3038.13255917992,29758788.1472291,0.096867865834952,0.096867865834952,1979,-9379958.5,-195618.058312483,3.190864652,20470077
3,lap_count_decrease,10000,1,0.1,0.9,1e-06,100,4,0.2,2000,0,0.5,879102,879102,0,32950647,32950647,10204.8400622958,1920.32129464126,3061.45201868873,29318137.0582789,0.110240929160544,0.110240929160544,1980,-9352426,-1545103.82516334,3.201454752,20574806
4,lap_count_decrease,10000,1,0.1,0.9,1e-06,100,4,0.2,2000,0,0.5,879102,879102,0,32950647,32950647,10316.6455806217,1936.8753680804,3094.9936741865,28935881.116879,0.121841792154218,0.121841792154218,1982,-10372727,-1671570.64936311,3.246744552,20679535
0,lap_fixed_increase,10000,1,0.1,0.9,1e-06,100,4,0.2,2000,0,1,879102,879102,0,32950647,32950647,10497.3772627709,1922.92755000047,3149.21317883128,32594783.5878333,0.0107998914912574,0.0107998914912574,2000,2000,-1069590.23650011,3.348512754,20260619
1,lap_fixed_increase,10000,1,0.1,0.9,1e-06,100,4,0.2,2000,0,1,879102,879102,0,32950647,32950647,10331.1552425759,1924.70179456649,3099.34657277277,32260237.9867213,0.0209528211472962,0.0209528211472962,2000,2000,-2073227.03983592,3.186988153,20365348
2,lap_fixed_increase,10000,1,0.1,0.9,1e-06,100,4,0.2,2000,0,1,879102,879102,0,32950647,32950647,10127.1085305997,1930.7530971955,3038.13255917992,32886107.6472291,0.00195866723863908,0.00195866723863908,2000,2000,-195618.058312483,3.134593951,20470077
3,lap_fixed_increase,10000,1,0.1,0.9,1e-06,100,4,0.2,2000,0,1,879102,879102,0,32950647,32950647,10204.8400622958,1920.32129464126,3061.45201868873,32436279.0582789,0.015610253168053,0.015610253168053,2000,2000,-1545103.82516334,3.129666451,20574806
4,lap_fixed_increase,10000,1,0.1,0.9,1e-06,100,4,0.2,2000,0,1,879102,879102,0,32950647,32950647,10316.6455806217,1936.8753680804,3094.9936741865,32394123.4502124,0.0168896091717902,0.0168896091717902,2000,2000,-1671570.64936311,3.201818253,20679535
0,lap_fixed_decrease,10000,1,0.1,0.9,1e-06,100,4,0.2,2000,0,1,879102,879102,0,32950647,32950647,10497.3772627709,1922.92755000047,3149.21317883128,32593450.2544999,0.0108403560482457,0.0108403560482457,2000,-2000,-1069590.23650011,3.193306552,20260619
1,lap_fixed_decrease,10000,1,0.1,0.9,1e-06,100,4,0.2,2000,0,1,879102,879102,0,32950647,32950647,10331.1552425759,1924.70179456649,3099.34657277277,32258904.653388,0.0209932857042845,0.0209932857042845,2000,-2000,-2073227.03983592,3.156104352,20365348
2,lap_fixed_decrease,10000,1,0.1,0.9,1e-06,100,4,0.2,2000,0,1,879102,879102,0,32950647,32950647,10127.1085305997,1930.7530971955,3038.13255917992,32884774.3138958,0.00199913179562736,0.00199913179562736,2000,-2000,-195618.058312483,3.147253551,20470077
3,lap_fixed_decrease,10000,1,0.1,0.9,1e-06,100,4,0.2,2000,0,1,879102,879102,0,32950647,32950647,10204.8400622958,1920.32129464126,3061.45201868873,32434945.7249455,0.0156507177250414,0.0156507177250414,2000,-2000,-1545103.82516334,3.170129252,20574806
4,lap_fixed_decrease,10000,1,0.1,0.9,1e-06,100,4,0.2,2000,0,1,879102,879102,0,32950647,32950647,10316.6455806217,1936.8753680804,3094.9936741865,32392790.116879,0.0169300737287785,0.0169300737287785,2000,-2000,-1671570.64936311,3.228138952,20679535
0,lap_scale_increase,10000,1,0.1,0.9,1e-06,100,4,0.2,2000,0,1,879102,879102,0,32950647,32950647,10497.3772627709,1922.92755000047,3149.21317883128,39592368.4296806,0.201565736468865,0.201565736468865,2000,20994754.5255422,-1069590.23650011,3.175428052,20260619
1,lap_scale_increase,10000,1,0.1,0.9,1e-06,100,4,0.2,2000,0,1,879102,879102,0,32950647,32950647,10331.1552425759,1924.70179456649,3099.34657277277,39147008.1484387,0.188049756608381,0.188049756608381,2000,20662310.4851519,-2073227.03983592,3.179165352,20365348
2,lap_scale_increase,10000,1,0.1,0.9,1e-06,100,4,0.2,2000,0,1,879102,879102,0,32950647,32950647,10127.1085305997,1930.7530971955,3038.13255917992,39636846.667629,0.202915580614516,0.202915580614516,2000,20254217.0611993,-195618.058312483,3.144527751,20470077
3,lap_scale_increase,10000,1,0.1,0.9,1e-06,100,4,0.2,2000,0,1,879102,879102,0,32950647,32950647,10204.8400622958,1920.32129464126,3061.45201868873,39238839.0998094,0.190836680682154,0.190836680682154,2000,20409680.1245912,-1545103.82516334,3.198269053,20574806
4,lap_scale_increase,10000,1,0.1,0.9,1e-06,100,4,0.2,2000,0,1,879102,879102,0,32950647,32950647,10316.6455806217,1936.8753680804,3094.9936741865,39271220.5039603,0.191819405062374,0.191819405062374,2000,20633291.1612436,-1671570.64936311,3.160466552,20679535
0,lap_scale_decrease,10000,1,0.1,0.9,1e-06,100,4,0.2,2000,0,1,879102,879102,0,32950647,32950647,10497.3772627709,1922.92755000047,3149.21317883128,25595865.4126527,0.223205984008365,0.223205984008365,2000,-20994754.5255422,-1069590.23650011,3.151212551,20260619
1,lap_scale_decrease,10000,1,0.1,0.9,1e-06,100,4,0.2,2000,0,1,879102,879102,0,32950647,32950647,10331.1552425759,1924.70179456649,3099.34657277277,25372134.4916706,0.229995863459961,0.229995863459961,2000,-20662310.4851519,-2073227.03983592,3.169322852,20365348
2,lap_scale_decrease,10000,1,0.1,0.9,1e-06,100,4,0.2,2000,0,1,879102,879102,0,32950647,32950647,10127.1085305997,1930.7530971955,3038.13255917992,26134035.2934959,0.206873379648785,0.206873379648785,2000,-20254217.0611993,-195618.058312483,3.191691652,20470077
3,lap_scale_decrease,10000,1,0.1,0.9,1e-06,100,4,0.2,2000,0,1,879102,879102,0,32950647,32950647,10204.8400622958,1920.32129464126,3061.45201868873,25632385.683415,0.222097651575247,0.222097651575247,2000,-20409680.1245912,-1545103.82516334,3.081702451,20574806
4,lap_scale_decrease,10000,1,0.1,0.9,1e-06,100,4,0.2,2000,0,1,879102,879102,0,32950647,32950647,10316.6455806217,1936.8753680804,3094.9936741865,25515693.0631313,0.225639087962938,0.225639087962938,2000,-20633291.1612436,-1671570.64936311,3.138874451,20679535
0,lap_count_increase,10000,1,0.1,0.9,1e-06,100,4,0.2,2000,0,1,879102,879102,0,32950647,32950647,10497.3772627709,1922.92755000047,3149.21317883128,38818649.2545,0.178084583726078,0.178084583726078,1982,18673597,-1069590.23650011,3.182743052,20260619
1,lap_count_increase,10000,1,0.1,0.9,1e-06,100,4,0.2,2000,0,1,879102,879102,0,32950647,32950647,10331.1552425759,1924.70179456649,3099.34657277277,38990953.9867213,0.183313759718325,0.183313759718325,1977,20194148,-2073227.03983592,3.191029552,20365348
2,lap_count_increase,10000,1,0.1,0.9,1e-06,100,4,0.2,2000,0,1,879102,879102,0,32950647,32950647,10127.1085305997,1930.7530971955,3038.13255917992,39138746.6472291,0.187799033118502,0.187799033118502,1979,18759917,-195618.058312483,3.179901952,20470077
3,lap_count_increase,10000,1,0.1,0.9,1e-06,100,4,0.2,2000,0,1,879102,879102,0,32950647,32950647,10204.8400622958,1920.32129464126,3061.45201868873,38670563.0582787,0.173590401981447,0.173590401981447,1980,18704852,-1545103.82516334,3.154945452,20574806
4,lap_count_increase,10000,1,0.1,0.9,1e-06,100,4,0.2,2000,0,1,879102,879102,0,32950647,32950647,10316.6455806217,1936.8753680804,3094.9936741865,39308608.1168791,0.19295405995758,0.19295405995758,1982,20745454,-1671570.64936311,3.221640452,20679535
0,lap_count_decrease,10000,1,0.1,0.9,1e-06,100,4,0.2,2000,0,1,879102,879102,0,32950647,32950647,10497.3772627709,1922.92755000047,3149.21317883128,26369584.5878333,0.199724831265582,0.199724831265582,1982,-18673597,-1069590.23650011,3.191575752,20260619
1,lap_count_decrease,10000,1,0.1,0.9,1e-06,100,4,0.2,2000,0,1,879102,879102,0,32950647,32950647,10331.1552425759,1924.70179456649,3099.34657277277,25528188.653388,0.225259866569904,0.225259866569904,1977,-20194148,-2073227.03983592,3.221666753,20365348
2,lap_count_decrease,10000,1,0.1,0.9,1e-06,100,4,0.2,2000,0,1,879102,879102,0,32950647,32950647,10127.1085305997,1930.7530971955,3038.13255917992,26632135.3138958,0.191756832152771,0.191756832152771,1979,-18759917,-195618.058312483,3.315508754,20470077
3,lap_count_decrease,10000,1,0.1,0.9,1e-06,100,4,0.2,2000,0,1,879102,879102,0,32950647,32950647,10204.8400622958,1920.32129464126,3061.45201868873,26200661.7249456,0.204851372874543,0.204851372874543,1980,-18704852,-1545103.82516334,3.252281953,20574806
4,lap_count_decrease,10000,1,0.1,0.9,1e-06,100,4,0.2,2000,0,1,879102,879102,0,32950647,32950647,10316.6455806217,1936.8753680804,3094.9936741865,25478305.4502124,0.226773742858149,0.226773742858149,1982,-20745454,-1671570.64936311,3.172923551,20679535
0,lap_fixed_increase,10000,1,0.1,0.9,1e-06,100,4,0.2,2000,0,2,879102,879102,0,32950647,32950647,10497.3772627709,1922.92755000047,3149.21317883128,32595450.2544999,0.0107796592127632,0.0107796592127632,2000,4000,-1069590.23650011,3.241962553,20260619
1,lap_fixed_increase,10000,1,0.1,0.9,1e-06,100,4,0.2,2000,0,2,879102,879102,0,32950647,32950647,10331.1552425759,1924.70179456649,3099.34657277277,32260904.653388,0.020932588868802,0.020932588868802,2000,4000,-2073227.03983592,3.220168553,20365348
2,lap_fixed_increase,10000,1,0.1,0.9,1e-06,100,4,0.2,2000,0,2,879102,879102,0,32950647,32950647,10127.1085305997,1930.7530971955,3038.13255917992,32886774.3138958,0.00193843496014489,0.00193843496014489,2000,4000,-195618.058312483,3.169742952,20470077
3,lap_fixed_increase,10000,1,0.1,0.9,1e-06,100,4,0.2,2000,0,2,879102,879102,0,32950647,32950647,10204.8400622958,1920.32129464126,3061.45201868873,32436945.7249455,0.0155900208895589,0.0155900208895589,2000,4000,-1545103.82516334,3.202976952,20574806
4,lap_fixed_increase,10000,1,0.1,0.9,1e-06,100,4,0.2,2000,0,2,879102,879102,0,32950647,32950647,10316.6455806217,1936.8753680804,3094.9936741865,32394790.116879,0.016869376893296,0.016869376893296,2000,4000,-1671570.64936311,3.254980653,20679535
0,lap_fixed_decrease,10000,1,0.1,0.9,1e-06,100,4,0.2,2000,0,2,879102,879102,0,32950647,32950647,10497.3772627709,1922.92755000047,3149.21317883128,32592783.5878333,0.0108605883267399,0.0108605883267399,2000,-4000,-1069590.23650011,3.122655851,20260619
1,lap_fixed_decrease,10000,1,0.1,0.9,1e-06,100,4,0.2,2000,0,2,879102,879102,0,32950647,32950647,10331.1552425759,1924.70179456649,3099.34657277277,32258237.9867213,0.0210135179827787,0.0210135179827787,2000,-4000,-2073227.03983592,3.222918853,20365348
2,lap_fixed_decrease,10000,1,0.1,0.9,1e-06,100,4,0.2,2000,0,2,879102,879102,0,32950647,32950647,10127.1085305997,1930.7530971955,3038.13255917992,32884107.6472291,0.00201936407412156,0.00201936407412156,2000,-4000,-195618.058312483,3.158431252,20470077
3,lap_fixed_decrease,10000,1,0.1,0.9,1e-06,100,4,0.2,2000,0,2,879102,879102,0,32950647,32950647,10204.8400622958,1920.32129464126,3061.45201868873,32434279.0582789,0.0156709500035354,0.0156709500035354,2000,-4000,-1545103.82516334,3.209979853,20574806
4,lap_fixed_decrease,10000,1,0.1,0.9,1e-06,100,4,0.2,2000,0,2,879102,879102,0,32950647,32950647,10316.6455806217,1936.8753680804,3094.9936741865,32392123.4502124,0.0169503060072727,0.0169503060072727,2000,-4000,-1671570.64936311,3.146834452,20679535
0,lap_scale_increase,10000,1,0.1,0.9,1e-06,100,4,0.2,2000,0,2,879102,879102,0,32950647,32950647,10497.3772627709,1922.92755000047,3149.21317883128,46590619.9381947,0.413951596707484,0.413951596707484,2000,41989509.0510844,-1069590.23650011,3.115677751,20260619
1,lap_scale_increase,10000,1,0.1,0.9,1e-06,100,4,0.2,2000,0,2,879102,879102,0,32950647,32950647,10331.1552425759,1924.70179456649,3099.34657277277,46034444.9768224,0.397072566642542,0.397072566642542,2000,41324620.9703039,-2073227.03983592,3.140619351,20365348
2,lap_scale_increase,10000,1,0.1,0.9,1e-06,100,4,0.2,2000,0,2,879102,879102,0,32950647,32950647,10127.1085305997,1930.7530971955,3038.13255917992,46388252.3546955,0.407810060746168,0.407810060746168,2000,40508434.1223985,-195618.058312483,3.146896252,20470077
3,lap_scale_increase,10000,1,0.1,0.9,1e-06,100,4,0.2,2000,0,2,879102,879102,0,32950647,32950647,10204.8400622958,1920.32129464126,3061.45201868873,46042065.8080067,0.39730384681086,0.39730384681086,2000,40819360.2491825,-1545103.82516334,3.098207751,20574806
4,lap_scale_increase,10000,1,0.1,0.9,1e-06,100,4,0.2,2000,0,2,879102,879102,0,32950647,32950647,10316.6455806217,1936.8753680804,3094.9936741865,46148984.2243747,0.400548651575027,0.400548651575027,2000,41266582.3224872,-1671570.64936311,3.230808053,20679535
0,lap_scale_decrease,10000,1,0.1,0.9,1e-06,100,4,0.2,2000,0,2,879102,879102,0,32950647,32950647,10497.3772627709,1922.92755000047,3149.21317883128,18597613.9041388,0.43559184424698,0.43559184424698,2000,-41989509.0510844,-1069590.23650011,3.210905152,20260619
1,lap_scale_decrease,10000,1,0.1,0.9,1e-06,100,4,0.2,2000,0,2,879102,879102,0,32950647,32950647,10331.1552425759,1924.70179456649,3099.34657277277,18484697.6632869,0.439018673494122,0.439018673494122,2000,-41324620.9703039,-2073227.03983592,3.119567551,20365348
2,lap_scale_decrease,10000,1,0.1,0.9,1e-06,100,4,0.2,2000,0,2,879102,879102,0,32950647,32950647,10127.1085305997,1930.7530971955,3038.13255917992,19382629.6064295,0.411767859780432,0.411767859780432,2000,-40508434.1223985,-195618.058312483,3.126568851,20470077
3,lap_scale_decrease,10000,1,0.1,0.9,1e-06,100,4,0.2,2000,0,2,879102,879102,0,32950647,32950647,10204.8400622958,1920.32129464126,3061.45201868873,18829158.9752179,0.428564817703947,0.428564817703947,2000,-40819360.2491825,-1545103.82516334,3.182777153,20574806
4,lap_scale_decrease,10000,1,0.1,0.9,1e-06,100,4,0.2,2000,0,2,879102,879102,0,32950647,32950647,10316.6455806217,1936.8753680804,3094.9936741865,18637929.3427168,0.434368334475594,0.434368334475594,2000,-41266582.3224872,-1671570.64936311,3.150057551,20679535
0,lap_count_increase,10000,1,0.1,0.9,1e-06,100,4,0.2,2000,0,2,879102,879102,0,32950647,32950647,10497.3772627709,1922.92755000047,3149.21317883128,45043181.5878335,0.366989291221913,0.366989291221913,1982,37347194,-1069590.23650011,3.238766653,20260619
1,lap_count_increase,10000,1,0.1,0.9,1e-06,100,4,0.2,2000,0,2,879102,879102,0,32950647,32950647,10331.1552425759,1924.70179456649,3099.34657277277,45722336.653388,0.387600572862439,0.387600572862439,1977,40388296,-2073227.03983592,3.302334153,20365348
2,lap_count_increase,10000,1,0.1,0.9,1e-06,100,4,0.2,2000,0,2,879102,879102,0,32950647,32950647,10127.1085305997,1930.7530971955,3038.13255917992,45392052.3138958,0.37757696575414,0.37757696575414,1979,37519834,-195618.058312483,3.253036853,20470077
3,lap_count_increase,10000,1,0.1,0.9,1e-06,100,4,0.2,2000,0,2,879102,879102,0,32950647,32950647,10204.8400622958,1920.32129464126,3061.45201868873,44905513.7249455,0.362811289409446,0.362811289409446,1980,37409704,-1545103.82516334,3.182734252,20574806
4,lap_count_increase,10000,1,0.1,0.9,1e-06,100,4,0.2,2000,0,2,879102,879102,0,32950647,32950647,10316.6455806217,1936.8753680804,3094.9936741865,46223759.4502124,0.402817961365445,0.402817961365445,1982,41490908,-1671570.64936311,3.137235551,20679535
0,lap_count_decrease,10000,1,0.1,0.9,1e-06,100,4,0.2,2000,0,2,879102,879102,0,32950647,32950647,10497.3772627709,1922.92755000047,3149.21317883128,20145052.2545,0.388629538761409,0.388629538761409,1982,-37347194,-1069590.23650011,3.126851351,20260619
1,lap_count_decrease,10000,1,0.1,0.9,1e-06,100,4,0.2,2000,0,2,879102,879102,0,32950647,32950647,10331.1552425759,1924.70179456649,3099.34657277277,18796805.9867214,0.429546679714016,0.429546679714016,1977,-40388296,-2073227.03983592,3.167255452,20365348
2,lap_count_decrease,10000,1,0.1,0.9,1e-06,100,4,0.2,2000,0,2,879102,879102,0,32950647,32950647,10127.1085305997,1930.7530971955,3038.13255917992,20378829.6472291,0.381534764788408,0.381534764788408,1979,-37519834,-195618.058312483,3.151402752,20470077
3,lap_count_decrease,10000,1,0.1,0.9,1e-06,100,4,0.2,2000,0,2,879102,879102,0,32950647,32950647,10204.8400622958,1920.32129464126,3061.45201868873,19965711.058279,0.394072260302537,0.394072260302537,1980,-37409704,-1545103.82516334,3.129991152,20574806
4,lap_count_decrease,10000,1,0.1,0.9,1e-06,100,4,0.2,2000,0,2,879102,879102,0,32950647,32950647,10316.6455806217,1936.8753680804,3094.9936741865,18563154.1168789,0.436637644266018,0.436637644266018,1982,-41490908,-1671570.64936311,3.133561451,20679535
0,lap_fixed_increase,10000,2,0.2,1.8,1e-06,100,7,0.05,500,0,0.25,879102,879102,0,32950647,32950647,4571.0109823594,1547.11766785329,2742.60658941564,32793157.6659455,0.00477955209967602,0.00477955209967602,500,125,-472593.002163717,3.289079454,20260619
1,lap_fixed_increase,10000,2,0.2,1.8,1e-06,100,7,0.05,500,0,0.25,879102,879102,0,32950647,32950647,4529.45547731064,1549.7373136882,2717.67328638638,32656497.2080052,0.00892698076595523,0.00892698076595523,500,125,-882574.375984464,3.173357252,20365348
2,lap_fixed_increase,10000,2,0.2,1.8,1e-06,100,7,0.05,500,0,0.25,879102,879102,0,32950647,32950647,4478.4437993166,1566.78186409908,2687.06627958996,32927874.6367905,0.000691105191637197,0.000691105191637197,500,125,-68442.0896285174,3.205397153,20470077
3,lap_fixed_increase,10000,2,0.2,1.8,1e-06,100,7,0.05,500,0,0.25,879102,879102,0,32950647,32950647,4497.87668224061,1557.03844376884,2698.72600934436,32729535.6308939,0.00671038019696849,0.00671038019696849,500,125,-663459.107318107,3.186687252,20574806
4,lap_fixed_increase,10000,2,0.2,1.8,1e-06,100,7,0.05,500,0,0.25,879102,879102,0,32950647,32950647,4525.82806182208,1555.9376840402,2715.49683709325,32707575.1367009,0.00737684644854024,0.00737684644854024,500,125,-729340.589897699,3.183027552,20679535
0,lap_fixed_decrease,10000,2,0.2,1.8,1e-06,100,7,0.05,500,0,0.25,879102,879102,0,32950647,32950647,4571.0109823594,1547.11766785329,2742.60658941564,32793074.3326121,0.00478208113448787,0.00478208113448787,500,-125,-472593.002163717,3.238622154,20260619
1,lap_fixed_decrease,10000,2,0.2,1.8,1e-06,100,7,0.05,500,0,0.25,879102,879102,0,32950647,32950647,4529.45547731064,1549.7373136882,2717.67328638638,32656413.8746719,0.00892950980076696,0.00892950980076696,500,-125,-882574.375984464,3.254949154,20365348
2,lap_fixed_decrease,10000,2,0.2,1.8,1e-06,100,7,0.05,500,0,0.25,879102,879102,0,32950647,32950647,4478.4437993166,1566.78186409908,2687.06627958996,32927791.3034572,0.000693634226449042,0.000693634226449042,500,-125,-68442.0896285174,3.184242153,20470077
3,lap_fixed_decrease,10000,2,0.2,1.8,1e-06,100,7,0.05,500,0,0.25,879102,879102,0,32950647,32950647,4497.87668224061,1557.03844376884,2698.72600934436,32729452.2975606,0.00671290923178022,0.00671290923178022,500,-125,-663459.107318107,3.205023153,20574806
4,lap_fixed_decrease,10000,2,0.2,1.8,1e-06,100,7,0.05,500,0,0.25,879102,879102,0,32950647,32950647,4525.82806182208,1555.9376840402,2715.49683709325,32707491.8033676,0.00737937548335197,0.00737937548335197,500,-125,-729340.589897699,3.232181053,20679535
0,lap_scale_increase,10000,2,0.2,1.8,1e-06,100,7,0.05,500,0,0.25,879102,879102,0,32950647,32950647,4571.0109823594,1547.11766785329,2742.60658941564,32983574.7902104,0.000999306332601215,0.000999306332601215,500,571376.372794918,-472593.002163717,3.260758653,20260619
1,lap_scale_increase,10000,2,0.2,1.8,1e-06,100,7,0.05,500,0,0.25,879102,879102,0,32950647,32950647,4529.45547731064,1549.7373136882,2717.67328638638,32845182.8528931,0.00320066999312473,0.00320066999312473,500,566181.934663829,-882574.375984464,3.236295753,20365348
2,lap_scale_increase,10000,2,0.2,1.8,1e-06,100,7,0.05,500,0,0.25,879102,879102,0,32950647,32950647,4478.4437993166,1566.78186409908,2687.06627958996,33114434.7950953,0.00497070042646942,0.00497070042646942,500,559805.474914578,-68442.0896285174,3.169781352,20470077
3,lap_scale_increase,10000,2,0.2,1.8,1e-06,100,7,0.05,500,0,0.25,879102,879102,0,32950647,32950647,4497.87668224061,1557.03844376884,2698.72600934436,32916905.4926539,0.00102400136015789,0.00102400136015789,500,562234.585280071,-663459.107318107,3.226750553,20574806
4,lap_scale_increase,10000,2,0.2,1.8,1e-06,100,7,0.05,500,0,0.25,879102,879102,0,32950647,32950647,4525.82806182208,1555.9376840402,2715.49683709325,32896109.6392769,0.00165512260572992,0.00165512260572992,500,565728.50772776,-729340.589897699,3.165979652,20679535
0,lap_scale_decrease,10000,2,0.2,1.8,1e-06,100,7,0.05,500,0,0.25,879102,879102,0,32950647,32950647,4571.0109823594,1547.11766785329,2742.60658941564,32602657.2083471,0.0105609395667665,0.0105609395667665,500,-571376.372794918,-472593.002163717,3.236196653,20260619
1,lap_scale_decrease,10000,2,0.2,1.8,1e-06,100,7,0.05,500,0,0.25,879102,879102,0,32950647,32950647,4529.45547731064,1549.7373136882,2717.67328638638,32467728.2297839,0.0146558205736032,0.0146558205736032,500,-566181.934663829,-882574.375984464,3.232037053,20365348
2,lap_scale_decrease,10000,2,0.2,1.8,1e-06,100,7,0.05,500,0,0.25,879102,879102,0,32950647,32950647,4478.4437993166,1566.78186409908,2687.06627958996,32741231.1451523,0.00635543984455611,0.00635543984455611,500,-559805.474914578,-68442.0896285174,3.276566854,20470077
3,lap_scale_decrease,10000,2,0.2,1.8,1e-06,100,7,0.05,500,0,0.25,879102,879102,0,32950647,32950647,4497.87668224061,1557.03844376884,2698.72600934436,32542082.4358006,0.012399288068589,0.012399288068589,500,-562234.585280071,-663459.107318107,3.219489853,20574806
4,lap_scale_decrease,10000,2,0.2,1.8,1e-06,100,7,0.05,500,0,0.25,879102,879102,0,32950647,32950647,4525.82806182208,1555.9376840402,2715.49683709325,32518957.3007917,0.0131010993261611,0.0131010993261611,500,-565728.50772776,-729340.589897699,3.380879055,20679535
0,lap_count_increase,10000,2,0.2,1.8,1e-06,100,7,0.05,500,0,0.25,879102,879102,0,32950647,32950647,4571.0109823594,1547.11766785329,2742.60658941564,33191730.8326122,0.0073165128627718,0.0073165128627718,495,1195844.5,-472593.002163717,3.375909455,20260619
1,lap_count_increase,10000,2,0.2,1.8,1e-06,100,7,0.05,500,0,0.25,879102,879102,0,32950647,32950647,4529.45547731064,1549.7373136882,2717.67328638638,33074976.0413385,0.00377318968390919,0.00377318968390919,492,1255561.5,-882574.375984464,3.348331355,20365348
2,lap_count_increase,10000,2,0.2,1.8,1e-06,100,7,0.05,500,0,0.25,879102,879102,0,32950647,32950647,4478.4437993166,1566.78186409908,2687.06627958996,33323465.5534571,0.0113144532020005,0.0113144532020005,497,1186897.75,-68442.0896285174,3.310771554,20470077
3,lap_count_increase,10000,2,0.2,1.8,1e-06,100,7,0.05,500,0,0.25,879102,879102,0,32950647,32950647,4497.87668224061,1557.03844376884,2698.72600934436,33163902.7142272,0.00647197350107323,0.00647197350107323,498,1303226.25,-663459.107318107,3.330499054,20574806
4,lap_count_increase,10000,2,0.2,1.8,1e-06,100,7,0.05,500,0,0.25,879102,879102,0,32950647,32950647,4525.82806182208,1555.9376840402,2715.49683709325,33195428.386701,0.00742872777887967,0.00742872777887967,495,1463684.75,-729340.589897699,3.395503555,20679535
0,lap_count_decrease,10000,2,0.2,1.8,1e-06,100,7,0.05,500,0,0.25,879102,879102,0,32950647,32950647,4571.0109823594,1547.11766785329,2742.60658941564,32394501.1659455,0.016878146096935,0.016878146096935,495,-1195844.5,-472593.002163717,3.195168152,20260619
1,lap_count_decrease,10000,2,0.2,1.8,1e-06,100,7,0.05,500,0,0.25,879102,879102,0,32950647,32950647,4529.45547731064,1549.7373136882,2717.67328638638,32237935.0413386,0.0216296802506316,0.0216296802506316,492,-1255561.5,-882574.375984464,3.168879751,20365348
2,lap_count_decrease,10000,2,0.2,1.8,1e-06,100,7,0.05,500,0,0.25,879102,879102,0,32950647,32950647,4478.4437993166,1566.78186409908,2687.06627958996,32532200.3867905,0.0126991926200876,0.0126991926200876,497,-1186897.75,-68442.0896285174,3.222331253,20470077
3,lap_count_decrease,10000,2,0.2,1.8,1e-06,100,7,0.05,500,0,0.25,879102,879102,0,32950647,32950647,4497.87668224061,1557.03844376884,2698.72600934436,32295085.2142272,0.0198952629298223,0.0198952629298223,498,-1303226.25,-663459.107318107,3.158200351,20574806
4,lap_count_decrease,10000,2,0.2,1.8,1e-06,100,7,0.05,500,0,0.25,879102,879102,0,32950647,32950647,4525.82806182208,1555.9376840402,2715.49683709325,32219638.5533676,0.0221849497107715,0.0221849497107715,495,-1463684.75,-729340.589897699,3.212282652,20679535
0,lap_fixed_increase,10000,2,0.2,1.8,1e-06,100,7,0.05,500,0,0.5,879102,879102,0,32950647,32950647,4571.0109823594,1547.11766785329,2742.60658941564,32793199.3326121,0.00477828758227021,0.00477828758227021,500,250,-472593.002163717,3.195336852,20260619
1,lap_fixed_increase,10000,2,0.2,1.8,1e-06,100,7,0.05,500,0,0.5,879102,879102,0,32950647,32950647,4529.45547731064,1549.7373136882,2717.67328638638,32656538.8746719,0.0089257162485493,0.0089257162485493,500,250,-882574.375984464,3.160363652,20365348
2,lap_fixed_increase,10000,2,0.2,1.8,1e-06,100,7,0.05,500,0,0.5,879102,879102,0,32950647,32950647,4478.4437993166,1566.78186409908,2687.06627958996,32927916.3034572,0.000689840674231388,0.000689840674231388,500,250,-68442.0896285174,3.185031352,20470077
3,lap_fixed_increase,10000,2,0.2,1.8,1e-06,100,7,0.05,500,0,0.5,879102,879102,0,32950647,32950647,4497.87668224061,1557.03844376884,2698.72600934436,32729577.2975606,0.00670911567956256,0.00670911567956256,500,250,-663459.107318107,3.209833652,20574806
4,lap_fixed_increase,10000,2,0.2,1.8,1e-06,100,7,0.05,500,0,0.5,879102,879102,0,32950647,32950647,4525.82806182208,1555.9376840402,2715.49683709325,32707616.8033676,0.00737558193113432,0.00737558193113432,500,250,-729340.589897699,3.245882153,20679535
0,lap_fixed_decrease,10000,2,0.2,1.8,1e-06,100,7,0.05,500,0,0.5,879102,879102,0,32950647,32950647,4571.0109823594,1547.11766785329,2742.60658941564,32793032.6659455,0.00478334565189368,0.00478334565189368,500,-250,-472593.002163717,3.241125553,20260619
1,lap_fixed_decrease,10000,2,0.2,1.8,1e-06,100,7,0.05,500,0,0.5,879102,879102,0,32950647,32950647,4529.45547731064,1549.7373136882,2717.67328638638,32656372.2080052,0.00893077431817288,0.00893077431817288,500,-250,-882574.375984464,3.187398552,20365348
2,lap_fixed_decrease,10000,2,0.2,1.8,1e-06,100,7,0.05,500,0,0.5,879102,879102,0,32950647,32950647,4478.4437993166,1566.78186409908,2687.06627958996,32927749.6367905,0.000694898743854852,0.000694898743854852,500,-250,-68442.0896285174,3.177262652,20470077
3,lap_fixed_decrease,10000,2,0.2,1.8,1e-06,100,7,0.05,500,0,0.5,879102,879102,0,32950647,32950647,4497.87668224061,1557.03844376884,2698.72600934436,32729410.6308939,0.00671417374918614,0.00671417374918614,500,-250,-663459.107318107,3.310973055,20574806
4,lap_fixed_decrease,10000,2,0.2,1.8,1e-06,100,7,0.05,500,0,0.5,879102,879102,0,32950647,32950647,4525.82806182208,1555.9376840402,2715.49683709325,32707450.1367009,0.0073806400007579,0.0073806400007579,500,-250,-729340.589897699,3.169899452,20679535
0,lap_scale_increase,10000,2,0.2,1.8,1e-06,100,7,0.05,500,0,0.5,879102,879102,0,32950647,32950647,4571.0109823594,1547.11766785329,2742.60658941564,33174033.5811421,0.00677942928228652,0.00677942928228652,500,1142752.74558984,-472593.002163717,3.174369452,20260619
1,lap_scale_increase,10000,2,0.2,1.8,1e-06,100,7,0.05,500,0,0.5,879102,879102,0,32950647,32950647,4529.45547731064,1549.7373136882,2717.67328638638,33033910.1644477,0.00252690529711711,0.00252690529711711,500,1132363.86932766,-882574.375984464,3.148674452,20365348
2,lap_scale_increase,10000,2,0.2,1.8,1e-06,100,7,0.05,500,0,0.5,879102,879102,0,32950647,32950647,4478.4437993166,1566.78186409908,2687.06627958996,33301036.6200669,0.0106337705619821,0.0106337705619821,500,1119610.94982916,-68442.0896285174,3.221821752,20470077
3,lap_scale_increase,10000,2,0.2,1.8,1e-06,100,7,0.05,500,0,0.5,879102,879102,0,32950647,32950647,4497.87668224061,1557.03844376884,2698.72600934436,33104317.0210807,0.00466364199406044,0.00466364199406044,500,1124469.17056014,-663459.107318107,3.165648552,20574806
4,lap_scale_increase,10000,2,0.2,1.8,1e-06,100,7,0.05,500,0,0.5,879102,879102,0,32950647,32950647,4525.82806182208,1555.9376840402,2715.49683709325,33084685.8085194,0.00406786575448531,0.00406786575448531,500,1131457.01545552,-729340.589897699,3.177316252,20679535
0,lap_scale_decrease,10000,2,0.2,1.8,1e-06,100,7,0.05,500,0,0.5,879102,879102,0,32950647,32950647,4571.0109823594,1547.11766785329,2742.60658941564,32412198.4174155,0.0163410625164513,0.0163410625164513,500,-1142752.74558984,-472593.002163717,3.181024152,20260619
1,lap_scale_decrease,10000,2,0.2,1.8,1e-06,100,7,0.05,500,0,0.5,879102,879102,0,32950647,32950647,4529.45547731064,1549.7373136882,2717.67328638638,32279000.9182293,0.0203833958638417,0.0203833958638417,500,-1132363.86932766,-882574.375984464,3.178605652,20365348
2,lap_scale_decrease,10000,2,0.2,1.8,1e-06,100,7,0.05,500,0,0.5,879102,879102,0,32950647,32950647,4478.4437993166,1566.78186409908,2687.06627958996,32554629.3201808,0.0120185099800684,0.0120185099800684,500,-1119610.94982916,-68442.0896285174,3.252047153,20470077
3,lap_scale_decrease,10000,2,0.2,1.8,1e-06,100,7,0.05,500,0,0.5,879102,879102,0,32950647,32950647,4497.87668224061,1557.03844376884,2698.72600934436,32354670.9073738,0.0180869314228089,0.0180869314228089,500,-1124469.17056014,-663459.107318107,3.158508651,20574806
4,lap_scale_decrease,10000,2,0.2,1.8,1e-06,100,7,0.05,500,0,0.5,879102,879102,0,32950647,32950647,4525.82806182208,1555.9376840402,2715.49683709325,32330381.1315491,0.0188240876863776,0.0188240876863776,500,-1131457.01545552,-729340.589897699,3.233488552,20679535
0,lap_count_increase,10000,2,0.2,1.8,1e-06,100,7,0.05,500,0,0.5,879102,879102,0,32950647,32950647,4571.0109823594,1547.11766785329,2742.60658941564,33590345.6659455,0.0194138423426251,0.0194138423426251,495,2391689,-472593.002163717,3.265944653,20260619
1,lap_count_increase,10000,2,0.2,1.8,1e-06,100,7,0.05,500,0,0.5,879102,879102,0,32950647,32950647,4529.45547731064,1549.7373136882,2717.67328638638,33493496.5413385,0.0164746246511797,0.0164746246511797,492,2511123,-882574.375984464,3.192194952,20365348
2,lap_count_increase,10000,2,0.2,1.8,1e-06,100,7,0.05,500,0,0.5,879102,879102,0,32950647,32950647,4478.4437993166,1566.78186409908,2687.06627958996,33719098.1367904,0.0233212761130438,0.0233212761130438,497,2373795.5,-68442.0896285174,3.292960253,20470077
3,lap_count_increase,10000,2,0.2,1.8,1e-06,100,7,0.05,500,0,0.5,879102,879102,0,32950647,32950647,4497.87668224061,1557.03844376884,2698.72600934436,33598311.4642272,0.0196555917165219,0.0196555917165219,498,2606452.5,-663459.107318107,3.204172452,20574806
4,lap_count_increase,10000,2,0.2,1.8,1e-06,100,7,0.05,500,0,0.5,879102,879102,0,32950647,32950647,4525.82806182208,1555.9376840402,2715.49683709325,33683323.3033676,0.022235566523705,0.022235566523705,495,2927369.5,-729340.589897699,3.287950653,20679535
0,lap_count_decrease,10000,2,0.2,1.8,1e-06,100,7,0.05,500,0,0.5,879102,879102,0,32950647,32950647,4571.0109823594,1547.11766785329,2742.60658941564,31995886.3326121,0.0289754755767888,0.0289754755767888,495,-2391689,-472593.002163717,3.270425754,20260619
1,lap_count_decrease,10000,2,0.2,1.8,1e-06,100,7,0.05,500,0,0.5,879102,879102,0,32950647,32950647,4529.45547731064,1549.7373136882,2717.67328638638,31819414.5413386,0.0343311152179023,0.0343311152179023,492,-2511123,-882574.375984464,3.285087754,20365348
2,lap_count_decrease,10000,2,0.2,1.8,1e-06,100,7,0.05,500,0,0.5,879102,879102,0,32950647,32950647,4478.4437993166,1566.78186409908,2687.06627958996,32136567.8034572,0.0247060155311319,0.0247060155311319,497,-2373795.5,-68442.0896285174,3.257836853,20470077
3,lap_count_decrease,10000,2,0.2,1.8,1e-06,100,7,0.05,500,0,0.5,879102,879102,0,32950647,32950647,4497.87668224061,1557.03844376884,2698.72600934436,31860676.4642272,0.0330788811452703,0.0330788811452703,498,-2606452.5,-663459.107318107,3.247214453,20574806
4,lap_count_decrease,10000,2,0.2,1.8,1e-06,100,7,0.05,500,0,0.5,879102,879102,0,32950647,32950647,4525.82806182208,1555.9376840402,2715.49683709325,31731743.636701,0.0369917884555968,0.0369917884555968,495,-2927369.5,-729340.589897699,3.153519152,20679535
0,lap_fixed_increase,10000,2,0.2,1.8,1e-06,100,7,0.05,500,0,1,879102,879102,0,32950647,32950647,4571.0109823594,1547.11766785329,2742.60658941564,32793282.6659455,0.00477575854745837,0.00477575854745837,500,500,-472593.002163717,3.236236853,20260619
1,lap_fixed_increase,10000,2,0.2,1.8,1e-06,100,7,0.05,500,0,1,879102,879102,0,32950647,32950647,4529.45547731064,1549.7373136882,2717.67328638638,32656622.2080052,0.00892318721373757,0.00892318721373757,500,500,-882574.375984464,3.187891252,20365348
2,lap_fixed_increase,10000,2,0.2,1.8,1e-06,100,7,0.05,500,0,1,879102,879102,0,32950647,32950647,4478.4437993166,1566.78186409908,2687.06627958996,32927999.6367905,0.000687311639419543,0.000687311639419543,500,500,-68442.0896285174,3.175206652,20470077
3,lap_fixed_increase,10000,2,0.2,1.8,1e-06,100,7,0.05,500,0,1,879102,879102,0,32950647,32950647,4497.87668224061,1557.03844376884,2698.72600934436,32729660.6308939,0.00670658664475083,0.00670658664475083,500,500,-663459.107318107,3.163238552,20574806
4,lap_fixed_increase,10000,2,0.2,1.8,1e-06,100,7,0.05,500,0,1,879102,879102,0,32950647,32950647,4525.82806182208,1555.9376840402,2715.49683709325,32707700.1367009,0.00737305289632259,0.00737305289632259,500,500,-729340.589897699,3.260647353,20679535
0,lap_fixed_decrease,10000,2,0.2,1.8,1e-06,100,7,0.05,500,0,1,879102,879102,0,32950647,32950647,4571.0109823594,1547.11766785329,2742.60658941564,32792949.3326121,0.00478587468670552,0.00478587468670552,500,-500,-472593.002163717,3.212735453,20260619
1,lap_fixed_decrease,10000,2,0.2,1.8,1e-06,100,7,0.05,500,0,1,879102,879102,0,32950647,32950647,4529.45547731064,1549.7373136882,2717.67328638638,32656288.8746719,0.00893330335298461,0.00893330335298461,500,-500,-882574.375984464,3.259530553,20365348
2,lap_fixed_decrease,10000,2,0.2,1.8,1e-06,100,7,0.05,500,0,1,879102,879102,0,32950647,32950647,4478.4437993166,1566.78186409908,2687.06627958996,32927666.3034572,0.000697427778666697,0.000697427778666697,500,-500,-68442.0896285174,3.145091051,20470077
3,lap_fixed_decrease,10000,2,0.2,1.8,1e-06,100,7,0.05,500,0,1,879102,879102,0,32950647,32950647,4497.87668224061,1557.03844376884,2698.72600934436,32729327.2975606,0.00671670278399787,0.00671670278399787,500,-500,-663459.107318107,3.163766652,20574806
4,lap_fixed_decrease,10000,2,0.2,1.8,1e-06,100,7,0.05,500,0,1,879102,879102,0,32950647,32950647,4525.82806182208,1555.9376840402,2715.49683709325,32707366.8033676,0.00738316903556963,0.00738316903556963,500,-500,-729340.589897699,3.177717352,20679535
0,lap_scale_increase,10000,2,0.2,1.8,1e-06,100,7,0.05,500,0,1,879102,879102,0,32950647,32950647,4571.0109823594,1547.11766785329,2742.60658941564,33554951.1630054,0.0183396751816554,0.0183396751816554,500,2285505.49117967,-472593.002163717,3.238062652,20260619
1,lap_scale_increase,10000,2,0.2,1.8,1e-06,100,7,0.05,500,0,1,879102,879102,0,32950647,32950647,4529.45547731064,1549.7373136882,2717.67328638638,33411364.787557,0.013982055877597,0.013982055877597,500,2264727.73865532,-882574.375984464,3.209292552,20365348
2,lap_scale_increase,10000,2,0.2,1.8,1e-06,100,7,0.05,500,0,1,879102,879102,0,32950647,32950647,4478.4437993166,1566.78186409908,2687.06627958996,33674240.2700099,0.0219599108330059,0.0219599108330059,500,2239221.89965831,-68442.0896285174,3.187983853,20470077
3,lap_scale_increase,10000,2,0.2,1.8,1e-06,100,7,0.05,500,0,1,879102,879102,0,32950647,32950647,4497.87668224061,1557.03844376884,2698.72600934436,33479140.077934,0.0160389287024917,0.0160389287024917,500,2248938.34112028,-663459.107318107,3.295353254,20574806
4,lap_scale_increase,10000,2,0.2,1.8,1e-06,100,7,0.05,500,0,1,879102,879102,0,32950647,32950647,4525.82806182208,1555.9376840402,2715.49683709325,33461838.1470046,0.0155138424749162,0.0155138424749162,500,2262914.03091104,-729340.589897699,3.211533453,20679535
0,lap_scale_decrease,10000,2,0.2,1.8,1e-06,100,7,0.05,500,0,1,879102,879102,0,32950647,32950647,4571.0109823594,1547.11766785329,2742.60658941564,32031280.8355522,0.0279013084158209,0.0279013084158209,500,-2285505.49117967,-472593.002163717,3.564067958,20260619
1,lap_scale_decrease,10000,2,0.2,1.8,1e-06,100,7,0.05,500,0,1,879102,879102,0,32950647,32950647,4529.45547731064,1549.7373136882,2717.67328638638,31901546.2951201,0.0318385464443202,0.0318385464443202,500,-2264727.73865532,-882574.375984464,3.488290057,20365348
2,lap_scale_decrease,10000,2,0.2,1.8,1e-06,100,7,0.05,500,0,1,879102,879102,0,32950647,32950647,4478.4437993166,1566.78186409908,2687.06627958996,32181425.6702377,0.0233446502510945,0.0233446502510945,500,-2239221.89965831,-68442.0896285174,3.66560226,20470077
3,lap_scale_decrease,10000,2,0.2,1.8,1e-06,100,7,0.05,500,0,1,879102,879102,0,32950647,32950647,4497.87668224061,1557.03844376884,2698.72600934436,31979847.8505205,0.0294622181312401,0.0294622181312401,500,-2248938.34112028,-663459.107318107,3.330323355,20574806
4,lap_scale_decrease,10000,2,0.2,1.8,1e-06,100,7,0.05,500,0,1,879102,879102,0,32950647,32950647,4525.82806182208,1555.9376840402,2715.49683709325,31953228.7930639,0.0302700644068114,0.0302700644068114,500,-2262914.03091104,-729340.589897699,3.471153956,20679535
0,lap_count_increase,10000,2,0.2,1.8,1e-06,100,7,0.05,500,0,1,879102,879102,0,32950647,32950647,4571.0109823594,1547.11766785329,2742.60658941564,34387575.3326122,0.0436085013023326,0.0436085013023326,495,4783378,-472593.002163717,3.297377654,20260619
1,lap_count_increase,10000,2,0.2,1.8,1e-06,100,7,0.05,500,0,1,879102,879102,0,32950647,32950647,4529.45547731064,1549.7373136882,2717.67328638638,34330537.5413386,0.0418774945857226,0.0418774945857226,492,5022246,-882574.375984464,3.244112153,20365348
2,lap_count_increase,10000,2,0.2,1.8,1e-06,100,7,0.05,500,0,1,879102,879102,0,32950647,32950647,4478.4437993166,1566.78186409908,2687.06627958996,34510363.3034571,0.0473349219351328,0.0473349219351328,497,4747591,-68442.0896285174,3.377621855,20470077
3,lap_count_increase,10000,2,0.2,1.8,1e-06,100,7,0.05,500,0,1,879102,879102,0,32950647,32950647,4497.87668224061,1557.03844376884,2698.72600934436,34467128.9642273,0.0460228281474185,0.0460228281474185,498,5212905,-663459.107318107,3.354282755,20574806
4,lap_count_increase,10000,2,0.2,1.8,1e-06,100,7,0.05,500,0,1,879102,879102,0,32950647,32950647,4525.82806182208,1555.9376840402,2715.49683709325,34659113.136701,0.0518492440133563,0.0518492440133563,495,5854739,-729340.589897699,3.332374654,20679535
0,lap_count_decrease,10000,2,0.2,1.8,1e-06,100,7,0.05,500,0,1,879102,879102,0,32950647,32950647,4571.0109823594,1547.11766785329,2742.60658941564,31198656.6659454,0.0531701345364956,0.0531701345364956,495,-4783378,-472593.002163717,3.415097655,20260619
1,lap_count_decrease,10000,2,0.2,1.8,1e-06,100,7,0.05,500,0,1,879102,879102,0,32950647,32950647,4529.45547731064,1549.7373136882,2717.67328638638,30982373.5413386,0.0597339851524436,0.0597339851524436,492,-5022246,-882574.375984464,3.515740957,20365348
2,lap_count_decrease,10000,2,0.2,1.8,1e-06,100,7,0.05,500,0,1,879102,879102,0,32950647,32950647,4478.4437993166,1566.78186409908,2687.06627958996,31345302.6367905,0.0487196613532201,0.0487196613532201,497,-4747591,-68442.0896285174,3.415876056,20470077
3,lap_count_decrease,10000,2,0.2,1.8,1e-06,100,7,0.05,500,0,1,879102,879102,0,32950647,32950647,4497.87668224061,1557.03844376884,2698.72600934436,30991858.9642272,0.0594461175761664,0.0594461175761664,498,-5212905,-663459.107318107,3.810451263,20574806
4,lap_count_decrease,10000,2,0.2,1.8,1e-06,100,7,0.05,500,0,1,879102,879102,0,32950647,32950647,4525.82806182208,1555.9376840402,2715.49683709325,30755953.8033676,0.0666054659452484,0.0666054659452484,495,-5854739,-729340.589897699,3.456302856,20679535
0,lap_fixed_increase,10000,2,0.2,1.8,1e-06,100,7,0.05,500,0,2,879102,879102,0,32950647,32950647,4571.0109823594,1547.11766785329,2742.60658941564,32793449.3326121,0.0047707004778349,0.0047707004778349,500,1000,-472593.002163717,3.418842556,20260619
1,lap_fixed_increase,10000,2,0.2,1.8,1e-06,100,7,0.05,500,0,2,879102,879102,0,32950647,32950647,4529.45547731064,1549.7373136882,2717.67328638638,32656788.8746719,0.008918129144114,0.008918129144114,500,1000,-882574.375984464,4.089557467,20365348
2,lap_fixed_increase,10000,2,0.2,1.8,1e-06,100,7,0.05,500,0,2,879102,879102,0,32950647,32950647,4478.4437993166,1566.78186409908,2687.06627958996,32928166.3034572,0.000682253569796079,0.000682253569796079,500,1000,-68442.0896285174,4.435597873,20470077
3,lap_fixed_increase,10000,2,0.2,1.8,1e-06,100,7,0.05,500,0,2,879102,879102,0,32950647,32950647,4497.87668224061,1557.03844376884,2698.72600934436,32729827.2975606,0.00670152857512725,0.00670152857512725,500,1000,-663459.107318107,6.591044107,20574806
4,lap_fixed_increase,10000,2,0.2,1.8,1e-06,100,7,0.05,500,0,2,879102,879102,0,32950647,32950647,4525.82806182208,1555.9376840402,2715.49683709325,32707866.8033676,0.00736799482669901,0.00736799482669901,500,1000,-729340.589897699,5.981577998,20679535
0,lap_fixed_decrease,10000,2,0.2,1.8,1e-06,100,7,0.05,500,0,2,879102,879102,0,32950647,32950647,4571.0109823594,1547.11766785329,2742.60658941564,32792782.6659455,0.00479093275632899,0.00479093275632899,500,-1000,-472593.002163717,3.304823454,20260619
1,lap_fixed_decrease,10000,2,0.2,1.8,1e-06,100,7,0.05,500,0,2,879102,879102,0,32950647,32950647,4529.45547731064,1549.7373136882,2717.67328638638,32656122.2080052,0.00893836142260819,0.00893836142260819,500,-1000,-882574.375984464,3.328665854,20365348
2,lap_fixed_decrease,10000,2,0.2,1.8,1e-06,100,7,0.05,500,0,2,879102,879102,0,32950647,32950647,4478.4437993166,1566.78186409908,2687.06627958996,32927499.6367905,0.000702485848290161,0.000702485848290161,500,-1000,-68442.0896285174,3.488601056,20470077
3,lap_fixed_decrease,10000,2,0.2,1.8,1e-06,100,7,0.05,500,0,2,879102,879102,0,32950647,32950647,4497.87668224061,1557.03844376884,2698.72600934436,32729160.6308939,0.00672176085362145,0.00672176085362145,500,-1000,-663459.107318107,3.393036056,20574806
4,lap_fixed_decrease,10000,2,0.2,1.8,1e-06,100,7,0.05,500,0,2,879102,879102,0,32950647,32950647,4525.82806182208,1555.9376840402,2715.49683709325,32707200.1367009,0.0073882271051932,0.0073882271051932,500,-1000,-729340.589897699,3.425977257,20679535
0,lap_scale_increase,10000,2,0.2,1.8,1e-06,100,7,0.05,500,0,2,879102,879102,0,32950647,32950647,4571.0109823594,1547.11766785329,2742.60658941564,34316786.3267319,0.0414601669803908,0.0414601669803908,500,4571010.98235935,-472593.002163717,3.352168055,20260619
1,lap_scale_increase,10000,2,0.2,1.8,1e-06,100,7,0.05,500,0,2,879102,879102,0,32950647,32950647,4529.45547731064,1549.7373136882,2717.67328638638,34166274.0337754,0.036892357038554,0.036892357038554,500,4529455.47731064,-882574.375984464,3.330499554,20365348
2,lap_scale_increase,10000,2,0.2,1.8,1e-06,100,7,0.05,500,0,2,879102,879102,0,32950647,32950647,4478.4437993166,1566.78186409908,2687.06627958996,34420647.569896,0.0446121913750578,0.0446121913750578,500,4478443.79931662,-68442.0896285174,3.428939656,20470077
3,lap_scale_increase,10000,2,0.2,1.8,1e-06,100,7,0.05,500,0,2,879102,879102,0,32950647,32950647,4497.87668224061,1557.03844376884,2698.72600934436,34228786.1916408,0.0387895021193594,0.0387895021193594,500,4497876.68224057,-663459.107318107,3.344584454,20574806
4,lap_scale_increase,10000,2,0.2,1.8,1e-06,100,7,0.05,500,0,2,879102,879102,0,32950647,32950647,4525.82806182208,1555.9376840402,2715.49683709325,34216142.8239749,0.0384057959157802,0.0384057959157802,500,4525828.06182208,-729340.589897699,3.348539755,20679535
0,lap_scale_decrease,10000,2,0.2,1.8,1e-06,100,7,0.05,500,0,2,879102,879102,0,32950647,32950647,4571.0109823594,1547.11766785329,2742.60658941564,31269445.6718257,0.0510218002145554,0.0510218002145554,500,-4571010.98235935,-472593.002163717,3.512245458,20260619
1,lap_scale_decrease,10000,2,0.2,1.8,1e-06,100,7,0.05,500,0,2,879102,879102,0,32950647,32950647,4529.45547731064,1549.7373136882,2717.67328638638,31146637.0489016,0.0547488476052796,0.0547488476052796,500,-4529455.47731064,-882574.375984464,3.630770759,20365348
2,lap_scale_decrease,10000,2,0.2,1.8,1e-06,100,7,0.05,500,0,2,879102,879102,0,32950647,32950647,4478.4437993166,1566.78186409908,2687.06627958996,31435018.3703516,0.0459969307931452,0.0459969307931452,500,-4478443.79931662,-68442.0896285174,3.460089457,20470077
3,lap_scale_decrease,10000,2,0.2,1.8,1e-06,100,7,0.05,500,0,2,879102,879102,0,32950647,32950647,4497.87668224061,1557.03844376884,2698.72600934436,31230201.7368137,0.052212791548109,0.052212791548109,500,-4497876.68224057,-663459.107318107,3.397335055,20574806
4,lap_scale_decrease,10000,2,0.2,1.8,1e-06,100,7,0.05,500,0,2,879102,879102,0,32950647,32950647,4525.82806182208,1555.9376840402,2715.49683709325,31198924.1160935,0.0531620178476753,0.0531620178476753,500,-4525828.06182208,-729340.589897699,3.403108056,20679535
0,lap_count_increase,10000,2,0.2,1.8,1e-06,100,7,0.05,500,0,2,879102,879102,0,32950647,32950647,4571.0109823594,1547.11766785329,2742.60658941564,35982034.6659455,0.0919978192217446,0.0919978192217446,495,9566756,-472593.002163717,3.412345756,20260619
1,lap_count_increase,10000,2,0.2,1.8,1e-06,100,7,0.05,500,0,2,879102,879102,0,32950647,32950647,4529.45547731064,1549.7373136882,2717.67328638638,36004619.5413386,0.0926832344548066,0.0926832344548066,492,10044492,-882574.375984464,3.443164256,20365348
2,lap_count_increase,10000,2,0.2,1.8,1e-06,100,7,0.05,500,0,2,879102,879102,0,32950647,32950647,4478.4437993166,1566.78186409908,2687.06627958996,36092893.6367904,0.0953622135793099,0.0953622135793099,497,9495182,-68442.0896285174,3.572215059,20470077
3,lap_count_increase,10000,2,0.2,1.8,1e-06,100,7,0.05,500,0,2,879102,879102,0,32950647,32950647,4497.87668224061,1557.03844376884,2698.72600934436,36204763.9642272,0.09875730100921,0.09875730100921,498,10425810,-663459.107318107,3.482578257,20574806
4,lap_count_increase,10000,2,0.2,1.8,1e-06,100,7,0.05,500,0,2,879102,879102,0,32950647,32950647,4525.82806182208,1555.9376840402,2715.49683709325,36610692.8033676,0.111076598992657,0.111076598992657,495,11709478,-729340.589897699,3.341309854,20679535
0,lap_count_decrease,10000,2,0.2,1.8,1e-06,100,7,0.05,500,0,2,879102,879102,0,32950647,32950647,4571.0109823594,1547.11766785329,2742.60658941564,29604197.3326121,0.101559452455907,0.101559452455907,495,-9566756,-472593.002163717,3.421769056,20260619
1,lap_count_decrease,10000,2,0.2,1.8,1e-06,100,7,0.05,500,0,2,879102,879102,0,32950647,32950647,4529.45547731064,1549.7373136882,2717.67328638638,29308291.5413385,0.11053972502153,0.11053972502153,492,-10044492,-882574.375984464,3.443071856,20365348
2,lap_count_decrease,10000,2,0.2,1.8,1e-06,100,7,0.05,500,0,2,879102,879102,0,32950647,32950647,4478.4437993166,1566.78186409908,2687.06627958996,29762772.3034572,0.0967469529973968,0.0967469529973968,497,-9495182,-68442.0896285174,3.660874659,20470077
3,lap_count_decrease,10000,2,0.2,1.8,1e-06,100,7,0.05,500,0,2,879102,879102,0,32950647,32950647,4497.87668224061,1557.03844376884,2698.72600934436,29254223.9642273,0.112180590437957,0.112180590437957,498,-10425810,-663459.107318107,3.433200556,20574806
4,lap_count_decrease,10000,2,0.2,1.8,1e-06,100,7,0.05,500,0,2,879102,879102,0,32950647,32950647,4525.82806182208,1555.9376840402,2715.49683709325,28804374.1367009,0.125832820924552,0.125832820924552,495,-11709478,-729340.589897699,3.388816556,20679535
0,lap_fixed_increase,10000,2,0.2,1.8,1e-06,100,7,0.1,1000,0,0.25,879102,879102,0,32950647,32950647,4571.0109823594,1547.11766785329,2742.60658941564,32793199.3326121,0.00477828758227021,0.00477828758227021,1000,250,-472593.002163717,3.62175956,20260619
1,lap_fixed_increase,10000,2,0.2,1.8,1e-06,100,7,0.1,1000,0,0.25,879102,879102,0,32950647,32950647,4529.45547731064,1549.7373136882,2717.67328638638,32656538.8746719,0.0089257162485493,0.0089257162485493,1000,250,-882574.375984464,3.529848958,20365348
2,lap_fixed_increase,10000,2,0.2,1.8,1e-06,100,7,0.1,1000,0,0.25,879102,879102,0,32950647,32950647,4478.4437993166,1566.78186409908,2687.06627958996,32927916.3034572,0.000689840674231388,0.000689840674231388,1000,250,-68442.0896285174,3.900224264,20470077
3,lap_fixed_increase,10000,2,0.2,1.8,1e-06,100,7,0.1,1000,0,0.25,879102,879102,0,32950647,32950647,4497.87668224061,1557.03844376884,2698.72600934436,32729577.2975606,0.00670911567956256,0.00670911567956256,1000,250,-663459.107318107,3.569785458,20574806
4,lap_fixed_increase,10000,2,0.2,1.8,1e-06,100,7,0.1,1000,0,0.25,879102,879102,0,32950647,32950647,4525.82806182208,1555.9376840402,2715.49683709325,32707616.8033676,0.00737558193113432,0.00737558193113432,1000,250,-729340.589897699,3.590866658,20679535
0,lap_fixed_decrease,10000,2,0.2,1.8,1e-06,100,7,0.1,1000,0,0.25,879102,879102,0,32950647,32950647,4571.0109823594,1547.11766785329,2742.60658941564,32793032.6659455,0.00478334565189368,0.00478334565189368,1000,-250,-472593.002163717,3.431943556,20260619
1,lap_fixed_decrease,10000,2,0.2,1.8,1e-06,100,7,0.1,1000,0,0.25,879102,879102,0,32950647,32950647,4529.45547731064,1549.7373136882,2717.67328638638,32656372.2080052,0.00893077431817288,0.00893077431817288,1000,-250,-882574.375984464,3.549503757,20365348
2,lap_fixed_decrease,10000,2,0.2,1.8,1e-06,100,7,0.1,1000,0,0.25,879102,879102,0,32950647,32950647,4478.4437993166,1566.78186409908,2687.06627958996,32927749.6367905,0.000694898743854852,0.000694898743854852,1000,-250,-68442.0896285174,3.568963059,20470077
3,lap_fixed_decrease,10000,2,0.2,1.8,1e-06,100,7,0.1,1000,0,0.25,879102,879102,0,32950647,32950647,4497.87668224061,1557.03844376884,2698.72600934436,32729410.6308939,0.00671417374918614,0.00671417374918614,1000,-250,-663459.107318107,3.588246659,20574806
4,lap_fixed_decrease,10000,2,0.2,1.8,1e-06,100,7,0.1,1000,0,0.25,879102,879102,0,32950647,32950647,4525.82806182208,1555.9376840402,2715.49683709325,32707450.1367009,0.0073806400007579,0.0073806400007579,1000,-250,-729340.589897699,3.617834059,20679535
0,lap_scale_increase,10000,2,0.2,1.8,1e-06,100,7,0.1,1000,0,0.25,879102,879102,0,32950647,32950647,4571.0109823594,1547.11766785329,2742.60658941564,33174033.5811421,0.00677942928228596,0.00677942928228596,1000,1142752.74558984,-472593.002163717,3.422819756,20260619
1,lap_scale_increase,10000,2,0.2,1.8,1e-06,100,7,0.1,1000,0,0.25,879102,879102,0,32950647,32950647,4529.45547731064,1549.7373136882,2717.67328638638,33033910.1644477,0.00252690529711462,0.00252690529711462,1000,1132363.86932767,-882574.375984464,3.369081156,20365348
2,lap_scale_increase,10000,2,0.2,1.8,1e-06,100,7,0.1,1000,0,0.25,879102,879102,0,32950647,32950647,4478.4437993166,1566.78186409908,2687.06627958996,33301036.6200669,0.0106337705619817,0.0106337705619817,1000,1119610.94982914,-68442.0896285174,3.407265955,20470077
3,lap_scale_increase,10000,2,0.2,1.8,1e-06,100,7,0.1,1000,0,0.25,879102,879102,0,32950647,32950647,4497.87668224061,1557.03844376884,2698.72600934436,33104317.0210807,0.00466364199406032,0.00466364199406032,1000,1124469.17056014,-663459.107318107,3.476574156,20574806
4,lap_scale_increase,10000,2,0.2,1.8,1e-06,100,7,0.1,1000,0,0.25,879102,879102,0,32950647,32950647,4525.82806182208,1555.9376840402,2715.49683709325,33084685.8085195,0.00406786575448633,0.00406786575448633,1000,1131457.01545549,-729340.589897699,3.550857358,20679535
0,lap_scale_decrease,10000,2,0.2,1.8,1e-06,100,7,0.1,1000,0,0.25,879102,879102,0,32950647,32950647,4571.0109823594,1547.11766785329,2742.60658941564,32412198.4174154,0.0163410625164526,0.0163410625164526,1000,-1142752.74558984,-472593.002163717,3.287447454,20260619
1,lap_scale_decrease,10000,2,0.2,1.8,1e-06,100,7,0.1,1000,0,0.25,879102,879102,0,32950647,32950647,4529.45547731064,1549.7373136882,2717.67328638638,32279000.9182292,0.0203833958638433,0.0203833958638433,1000,-1132363.86932767,-882574.375984464,3.302334654,20365348
2,lap_scale_decrease,10000,2,0.2,1.8,1e-06,100,7,0.1,1000,0,0.25,879102,879102,0,32950647,32950647,4478.4437993166,1566.78186409908,2687.06627958996,32554629.3201808,0.012018509980069,0.012018509980069,1000,-1119610.94982914,-68442.0896285174,3.299426753,20470077
3,lap_scale_decrease,10000,2,0.2,1.8,1e-06,100,7,0.1,1000,0,0.25,879102,879102,0,32950647,32950647,4497.87668224061,1557.03844376884,2698.72600934436,32354670.9073739,0.0180869314228071,0.0180869314228071,1000,-1124469.17056014,-663459.107318107,3.326566954,20574806
4,lap_scale_decrease,10000,2,0.2,1.8,1e-06,100,7,0.1,1000,0,0.25,879102,879102,0,32950647,32950647,4525.82806182208,1555.9376840402,2715.49683709325,32330381.1315491,0.0188240876863772,0.0188240876863772,1000,-1131457.01545549,-729340.589897699,3.341304954,20679535
0,lap_count_increase,10000,2,0.2,1.8,1e-06,100,7,0.1,1000,0,0.25,879102,879102,0,32950647,32950647,4571.0109823594,1547.11766785329,2742.60658941564,33503260.7492788,0.0167709529126645,0.0167709529126645,987,2130434.25,-472593.002163717,3.432806656,20260619
1,lap_count_increase,10000,2,0.2,1.8,1e-06,100,7,0.1,1000,0,0.25,879102,879102,0,32950647,32950647,4529.45547731064,1549.7373136882,2717.67328638638,33488784.6246719,0.0163316254358182,0.0163316254358182,991,2496987.25,-882574.375984464,3.502132958,20365348
2,lap_count_increase,10000,2,0.2,1.8,1e-06,100,7,0.1,1000,0,0.25,879102,879102,0,32950647,32950647,4478.4437993166,1566.78186409908,2687.06627958996,33687977.8034571,0.0223768232367975,0.0223768232367975,992,2280434.5,-68442.0896285174,3.389263055,20470077
3,lap_count_increase,10000,2,0.2,1.8,1e-06,100,7,0.1,1000,0,0.25,879102,879102,0,32950647,32950647,4497.87668224061,1557.03844376884,2698.72600934436,33557038.5475605,0.0184030240001218,0.0184030240001218,990,2482633.75,-663459.107318107,3.358236555,20574806
4,lap_count_increase,10000,2,0.2,1.8,1e-06,100,7,0.1,1000,0,0.25,879102,879102,0,32950647,32950647,4525.82806182208,1555.9376840402,2715.49683709325,33620164.0533676,0.0203187832204819,0.0203187832204819,988,2737891.75,-729340.589897699,3.349949755,20679535
0,lap_count_decrease,10000,2,0.2,1.8,1e-06,100,7,0.1,1000,0,0.25,879102,879102,0,32950647,32950647,4571.0109823594,1547.11766785329,2742.60658941564,32082971.2492788,0.0263325861468278,0.0263325861468278,987,-2130434.25,-472593.002163717,3.491439257,20260619
1,lap_count_decrease,10000,2,0.2,1.8,1e-06,100,7,0.1,1000,0,0.25,879102,879102,0,32950647,32950647,4529.45547731064,1549.7373136882,2717.67328638638,31824126.4580052,0.0341881160025406,0.0341881160025406,991,-2496987.25,-882574.375984464,3.424733256,20365348
2,lap_count_decrease,10000,2,0.2,1.8,1e-06,100,7,0.1,1000,0,0.25,879102,879102,0,32950647,32950647,4478.4437993166,1566.78186409908,2687.06627958996,32167688.1367905,0.0237615626548854,0.0237615626548854,992,-2280434.5,-68442.0896285174,3.410990656,20470077
3,lap_count_decrease,10000,2,0.2,1.8,1e-06,100,7,0.1,1000,0,0.25,879102,879102,0,32950647,32950647,4497.87668224061,1557.03844376884,2698.72600934436,31901949.3808939,0.031826313428871,0.031826313428871,990,-2482633.75,-663459.107318107,3.528500457,20574806
4,lap_count_decrease,10000,2,0.2,1.8,1e-06,100,7,0.1,1000,0,0.25,879102,879102,0,32950647,32950647,4525.82806182208,1555.9376840402,2715.49683709325,31794902.886701,0.0350750051523737,0.0350750051523737,988,-2737891.75,-729340.589897699,3.484239657,20679535
0,lap_fixed_increase,10000,2,0.2,1.8,1e-06,100,7,0.1,1000,0,0.5,879102,879102,0,32950647,32950647,4571.0109823594,1547.11766785329,2742.60658941564,32793282.6659455,0.00477575854745837,0.00477575854745837,1000,500,-472593.002163717,3.287635054,20260619
1,lap_fixed_increase,10000,2,0.2,1.8,1e-06,100,7,0.1,1000,0,0.5,879102,879102,0,32950647,32950647,4529.45547731064,1549.7373136882,2717.67328638638,32656622.2080052,0.00892318721373757,0.00892318721373757,1000,500,-882574.375984464,3.320298954,20365348
2,lap_fixed_increase,10000,2,0.2,1.8,1e-06,100,7,0.1,1000,0,0.5,879102,879102,0,32950647,32950647,4478.4437993166,1566.78186409908,2687.06627958996,32927999.6367905,0.000687311639419543,0.000687311639419543,1000,500,-68442.0896285174,3.330243954,20470077
3,lap_fixed_increase,10000,2,0.2,1.8,1e-06,100,7,0.1,1000,0,0.5,879102,879102,0,32950647,32950647,4497.87668224061,1557.03844376884,2698.72600934436,32729660.6308939,0.00670658664475083,0.00670658664475083,1000,500,-663459.107318107,3.343399754,20574806
4,lap_fixed_increase,10000,2,0.2,1.8,1e-06,100,7,0.1,1000,0,0.5,879102,879102,0,32950647,32950647,4525.82806182208,1555.9376840402,2715.49683709325,32707700.1367009,0.00737305289632259,0.00737305289632259,1000,500,-729340.589897699,3.454986656,20679535
0,lap_fixed_decrease,10000,2,0.2,1.8,1e-06,100,7,0.1,1000,0,0.5,879102,879102,0,32950647,32950647,4571.0109823594,1547.11766785329,2742.60658941564,32792949.3326121,0.00478587468670552,0.00478587468670552,1000,-500,-472593.002163717,3.429852056,20260619
1,lap_fixed_decrease,10000,2,0.2,1.8,1e-06,100,7,0.1,1000,0,0.5,879102,879102,0,32950647,32950647,4529.45547731064,1549.7373136882,2717.67328638638,32656288.8746719,0.00893330335298461,0.00893330335298461,1000,-500,-882574.375984464,3.438978356,20365348
2,lap_fixed_decrease,10000,2,0.2,1.8,1e-06,100,7,0.1,1000,0,0.5,879102,879102,0,32950647,32950647,4478.4437993166,1566.78186409908,2687.06627958996,32927666.3034572,0.000697427778666697,0.000697427778666697,1000,-500,-68442.0896285174,3.477464657,20470077
3,lap_fixed_decrease,10000,2,0.2,1.8,1e-06,100,7,0.1,1000,0,0.5,879102,879102,0,32950647,32950647,4497.87668224061,1557.03844376884,2698.72600934436,32729327.2975606,0.00671670278399787,0.00671670278399787,1000,-500,-663459.107318107,3.451874056,20574806
4,lap_fixed_decrease,10000,2,0.2,1.8,1e-06,100,7,0.1,1000,0,0.5,879102,879102,0,32950647,32950647,4525.82806182208,1555.9376840402,2715.49683709325,32707366.8033676,0.00738316903556963,0.00738316903556963,1000,-500,-729340.589897699,3.402571256,20679535
0,lap_scale_increase,10000,2,0.2,1.8,1e-06,100,7,0.1,1000,0,0.5,879102,879102,0,32950647,32950647,4571.0109823594,1547.11766785329,2742.60658941564,33554951.1630054,0.0183396751816552,0.0183396751816552,1000,2285505.49117968,-472593.002163717,3.361783555,20260619
1,lap_scale_increase,10000,2,0.2,1.8,1e-06,100,7,0.1,1000,0,0.5,879102,879102,0,32950647,32950647,4529.45547731064,1549.7373136882,2717.67328638638,33411364.7875569,0.0139820558775951,0.0139820558775951,1000,2264727.73865534,-882574.375984464,3.448236456,20365348
2,lap_scale_increase,10000,2,0.2,1.8,1e-06,100,7,0.1,1000,0,0.5,879102,879102,0,32950647,32950647,4478.4437993166,1566.78186409908,2687.06627958996,33674240.2700099,0.0219599108330061,0.0219599108330061,1000,2239221.89965827,-68442.0896285174,3.376288555,20470077
3,lap_scale_increase,10000,2,0.2,1.8,1e-06,100,7,0.1,1000,0,0.5,879102,879102,0,32950647,32950647,4497.87668224061,1557.03844376884,2698.72600934436,33479140.077934,0.0160389287024937,0.0160389287024937,1000,2248938.34112027,-663459.107318107,3.398244255,20574806
4,lap_scale_increase,10000,2,0.2,1.8,1e-06,100,7,0.1,1000,0,0.5,879102,879102,0,32950647,32950647,4525.82806182208,1555.9376840402,2715.49683709325,33461838.1470046,0.0155138424749167,0.0155138424749167,1000,2262914.03091099,-729340.589897699,3.400499556,20679535
0,lap_scale_decrease,10000,2,0.2,1.8,1e-06,100,7,0.1,1000,0,0.5,879102,879102,0,32950647,32950647,4571.0109823594,1547.11766785329,2742.60658941564,32031280.8355522,0.0279013084158209,0.0279013084158209,1000,-2285505.49117968,-472593.002163717,3.390617655,20260619
1,lap_scale_decrease,10000,2,0.2,1.8,1e-06,100,7,0.1,1000,0,0.5,879102,879102,0,32950647,32950647,4529.45547731064,1549.7373136882,2717.67328638638,31901546.2951201,0.0318385464443206,0.0318385464443206,1000,-2264727.73865534,-882574.375984464,3.608404859,20365348
2,lap_scale_decrease,10000,2,0.2,1.8,1e-06,100,7,0.1,1000,0,0.5,879102,879102,0,32950647,32950647,4478.4437993166,1566.78186409908,2687.06627958996,32181425.6702377,0.0233446502510946,0.0233446502510946,1000,-2239221.89965827,-68442.0896285174,3.565330758,20470077
3,lap_scale_decrease,10000,2,0.2,1.8,1e-06,100,7,0.1,1000,0,0.5,879102,879102,0,32950647,32950647,4497.87668224061,1557.03844376884,2698.72600934436,31979847.8505205,0.029462218131241,0.029462218131241,1000,-2248938.34112027,-663459.107318107,3.525306457,20574806
4,lap_scale_decrease,10000,2,0.2,1.8,1e-06,100,7,0.1,1000,0,0.5,879102,879102,0,32950647,32950647,4525.82806182208,1555.9376840402,2715.49683709325,31953228.7930639,0.0302700644068101,0.0302700644068101,1000,-2262914.03091099,-729340.589897699,3.439072456,20679535
0,lap_count_increase,10000,2,0.2,1.8,1e-06,100,7,0.1,1000,0,0.5,879102,879102,0,32950647,32950647,4571.0109823594,1547.11766785329,2742.60658941564,34213405.4992789,0.0383227224424109,0.0383227224424109,987,4260868.5,-472593.002163717,3.278409453,20260619
1,lap_count_increase,10000,2,0.2,1.8,1e-06,100,7,0.1,1000,0,0.5,879102,879102,0,32950647,32950647,4529.45547731064,1549.7373136882,2717.67328638638,34321113.7080052,0.0415914961549985,0.0415914961549985,991,4993974.5,-882574.375984464,3.338165954,20365348
2,lap_count_increase,10000,2,0.2,1.8,1e-06,100,7,0.1,1000,0,0.5,879102,879102,0,32950647,32950647,4478.4437993166,1566.78186409908,2687.06627958996,34448122.6367905,0.0454460161826401,0.0454460161826401,992,4560869,-68442.0896285174,3.449723457,20470077
3,lap_count_increase,10000,2,0.2,1.8,1e-06,100,7,0.1,1000,0,0.5,879102,879102,0,32950647,32950647,4497.87668224061,1557.03844376884,2698.72600934436,34384583.1308939,0.0435176927146196,0.0435176927146196,990,4965267.5,-663459.107318107,3.400003856,20574806
4,lap_count_increase,10000,2,0.2,1.8,1e-06,100,7,0.1,1000,0,0.5,879102,879102,0,32950647,32950647,4525.82806182208,1555.9376840402,2715.49683709325,34532794.636701,0.0480156774069102,0.0480156774069102,988,5475783.5,-729340.589897699,3.521605258,20679535
0,lap_count_decrease,10000,2,0.2,1.8,1e-06,100,7,0.1,1000,0,0.5,879102,879102,0,32950647,32950647,4571.0109823594,1547.11766785329,2742.60658941564,31372826.4992788,0.0478843556765733,0.0478843556765733,987,-4260868.5,-472593.002163717,3.591876258,20260619
1,lap_count_decrease,10000,2,0.2,1.8,1e-06,100,7,0.1,1000,0,0.5,879102,879102,0,32950647,32950647,4529.45547731064,1549.7373136882,2717.67328638638,30991797.3746719,0.0594479867217195,0.0594479867217195,991,-4993974.5,-882574.375984464,3.455814556,20365348
2,lap_count_decrease,10000,2,0.2,1.8,1e-06,100,7,0.1,1000,0,0.5,879102,879102,0,32950647,32950647,4478.4437993166,1566.78186409908,2687.06627958996,31407543.3034572,0.0468307556007269,0.0468307556007269,992,-4560869,-68442.0896285174,3.546860159,20470077
3,lap_count_decrease,10000,2,0.2,1.8,1e-06,100,7,0.1,1000,0,0.5,879102,879102,0,32950647,32950647,4497.87668224061,1557.03844376884,2698.72600934436,31074404.7975606,0.0569409821433677,0.0569409821433677,990,-4965267.5,-663459.107318107,4.036023466,20574806
4,lap_count_decrease,10000,2,0.2,1.8,1e-06,100,7,0.1,1000,0,0.5,879102,879102,0,32950647,32950647,4525.82806182208,1555.9376840402,2715.49683709325,30882272.3033676,0.0627718993388021,0.0627718993388021,988,-5475783.5,-729340.589897699,3.477660057,20679535
0,lap_fixed_increase,10000,2,0.2,1.8,1e-06,100,7,0.1,1000,0,1,879102,879102,0,32950647,32950647,4571.0109823594,1547.11766785329,2742.60658941564,32793449.3326121,0.0047707004778349,0.0047707004778349,1000,1000,-472593.002163717,3.407511956,20260619
1,lap_fixed_increase,10000,2,0.2,1.8,1e-06,100,7,0.1,1000,0,1,879102,879102,0,32950647,32950647,4529.45547731064,1549.7373136882,2717.67328638638,32656788.8746719,0.008918129144114,0.008918129144114,1000,1000,-882574.375984464,3.522109358,20365348
2,lap_fixed_increase,10000,2,0.2,1.8,1e-06,100,7,0.1,1000,0,1,879102,879102,0,32950647,32950647,4478.4437993166,1566.78186409908,2687.06627958996,32928166.3034572,0.000682253569796079,0.000682253569796079,1000,1000,-68442.0896285174,3.519175658,20470077
3,lap_fixed_increase,10000,2,0.2,1.8,1e-06,100,7,0.1,1000,0,1,879102,879102,0,32950647,32950647,4497.87668224061,1557.03844376884,2698.72600934436,32729827.2975606,0.00670152857512725,0.00670152857512725,1000,1000,-663459.107318107,3.437064055,20574806
4,lap_fixed_increase,10000,2,0.2,1.8,1e-06,100,7,0.1,1000,0,1,879102,879102,0,32950647,32950647,4525.82806182208,1555.9376840402,2715.49683709325,32707866.8033676,0.00736799482669901,0.00736799482669901,1000,1000,-729340.589897699,3.792838762,20679535
0,lap_fixed_decrease,10000,2,0.2,1.8,1e-06,100,7,0.1,1000,0,1,879102,879102,0,32950647,32950647,4571.0109823594,1547.11766785329,2742.60658941564,32792782.6659455,0.00479093275632899,0.00479093275632899,1000,-1000,-472593.002163717,3.424447356,20260619
1,lap_fixed_decrease,10000,2,0.2,1.8,1e-06,100,7,0.1,1000,0,1,879102,879102,0,32950647,32950647,4529.45547731064,1549.7373136882,2717.67328638638,32656122.2080052,0.00893836142260819,0.00893836142260819,1000,-1000,-882574.375984464,3.492983257,20365348
2,lap_fixed_decrease,10000,2,0.2,1.8,1e-06,100,7,0.1,1000,0,1,879102,879102,0,32950647,32950647,4478.4437993166,1566.78186409908,2687.06627958996,32927499.6367905,0.000702485848290161,0.000702485848290161,1000,-1000,-68442.0896285174,3.403839055,20470077
3,lap_fixed_decrease,10000,2,0.2,1.8,1e-06,100,7,0.1,1000,0,1,879102,879102,0,32950647,32950647,4497.87668224061,1557.03844376884,2698.72600934436,32729160.6308939,0.00672176085362145,0.00672176085362145,1000,-1000,-663459.107318107,3.398068355,20574806
4,lap_fixed_decrease,10000,2,0.2,1.8,1e-06,100,7,0.1,1000,0,1,879102,879102,0,32950647,32950647,4525.82806182208,1555.9376840402,2715.49683709325,32707200.1367009,0.0073882271051932,0.0073882271051932,1000,-1000,-729340.589897699,3.418756356,20679535
0,lap_scale_increase,10000,2,0.2,1.8,1e-06,100,7,0.1,1000,0,1,879102,879102,0,32950647,32950647,4571.0109823594,1547.11766785329,2742.60658941564,34316786.3267319,0.0414601669803912,0.0414601669803912,1000,4571010.98235936,-472593.002163717,3.470246757,20260619
1,lap_scale_increase,10000,2,0.2,1.8,1e-06,100,7,0.1,1000,0,1,879102,879102,0,32950647,32950647,4529.45547731064,1549.7373136882,2717.67328638638,34166274.0337754,0.0368923570385554,0.0368923570385554,1000,4529455.47731069,-882574.375984464,3.382326555,20365348
2,lap_scale_increase,10000,2,0.2,1.8,1e-06,100,7,0.1,1000,0,1,879102,879102,0,32950647,32950647,4478.4437993166,1566.78186409908,2687.06627958996,34420647.569896,0.0446121913750574,0.0446121913750574,1000,4478443.79931655,-68442.0896285174,3.329357154,20470077
3,lap_scale_increase,10000,2,0.2,1.8,1e-06,100,7,0.1,1000,0,1,879102,879102,0,32950647,32950647,4497.87668224061,1557.03844376884,2698.72600934436,34228786.1916408,0.0387895021193601,0.0387895021193601,1000,4497876.68224054,-663459.107318107,3.389081355,20574806
4,lap_scale_increase,10000,2,0.2,1.8,1e-06,100,7,0.1,1000,0,1,879102,879102,0,32950647,32950647,4525.82806182208,1555.9376840402,2715.49683709325,34216142.8239749,0.03840579591578,0.03840579591578,1000,4525828.06182198,-729340.589897699,3.338134454,20679535
0,lap_scale_decrease,10000,2,0.2,1.8,1e-06,100,7,0.1,1000,0,1,879102,879102,0,32950647,32950647,4571.0109823594,1547.11766785329,2742.60658941564,31269445.6718256,0.0510218002145585,0.0510218002145585,1000,-4571010.98235936,-472593.002163717,3.171205552,20260619
1,lap_scale_decrease,10000,2,0.2,1.8,1e-06,100,7,0.1,1000,0,1,879102,879102,0,32950647,32950647,4529.45547731064,1549.7373136882,2717.67328638638,31146637.0489017,0.0547488476052784,0.0547488476052784,1000,-4529455.47731069,-882574.375984464,3.225109153,20365348
2,lap_scale_decrease,10000,2,0.2,1.8,1e-06,100,7,0.1,1000,0,1,879102,879102,0,32950647,32950647,4478.4437993166,1566.78186409908,2687.06627958996,31435018.3703516,0.0459969307931458,0.0459969307931458,1000,-4478443.79931655,-68442.0896285174,3.275531654,20470077
3,lap_scale_decrease,10000,2,0.2,1.8,1e-06,100,7,0.1,1000,0,1,879102,879102,0,32950647,32950647,4497.87668224061,1557.03844376884,2698.72600934436,31230201.7368137,0.052212791548108,0.052212791548108,1000,-4497876.68224054,-663459.107318107,3.209415653,20574806
4,lap_scale_decrease,10000,2,0.2,1.8,1e-06,100,7,0.1,1000,0,1,879102,879102,0,32950647,32950647,4525.82806182208,1555.9376840402,2715.49683709325,31198924.1160935,0.0531620178476755,0.0531620178476755,1000,-4525828.06182198,-729340.589897699,3.250453853,20679535
0,lap_count_increase,10000,2,0.2,1.8,1e-06,100,7,0.1,1000,0,1,879102,879102,0,32950647,32950647,4571.0109823594,1547.11766785329,2742.60658941564,35633694.9992789,0.0814262615019021,0.0814262615019021,987,8521737,-472593.002163717,3.255921453,20260619
1,lap_count_increase,10000,2,0.2,1.8,1e-06,100,7,0.1,1000,0,1,879102,879102,0,32950647,32950647,4529.45547731064,1549.7373136882,2717.67328638638,35985771.8746719,0.0921112375933589,0.0921112375933589,991,9987949,-882574.375984464,3.259625653,20365348
2,lap_count_increase,10000,2,0.2,1.8,1e-06,100,7,0.1,1000,0,1,879102,879102,0,32950647,32950647,4478.4437993166,1566.78186409908,2687.06627958996,35968412.3034571,0.0915844020743238,0.0915844020743238,992,9121738,-68442.0896285174,3.263893853,20470077
3,lap_count_increase,10000,2,0.2,1.8,1e-06,100,7,0.1,1000,0,1,879102,879102,0,32950647,32950647,4497.87668224061,1557.03844376884,2698.72600934436,36039672.2975606,0.0937470301436134,0.0937470301436134,990,9930535,-663459.107318107,3.233332253,20574806
4,lap_count_increase,10000,2,0.2,1.8,1e-06,100,7,0.1,1000,0,1,879102,879102,0,32950647,32950647,4525.82806182208,1555.9376840402,2715.49683709325,36358055.8033676,0.103409465779764,0.103409465779764,988,10951567,-729340.589897699,3.211690052,20679535
0,lap_count_decrease,10000,2,0.2,1.8,1e-06,100,7,0.1,1000,0,1,879102,879102,0,32950647,32950647,4571.0109823594,1547.11766785329,2742.60658941564,29952536.9992788,0.090987894736063,0.090987894736063,987,-8521737,-472593.002163717,3.238610153,20260619
1,lap_count_decrease,10000,2,0.2,1.8,1e-06,100,7,0.1,1000,0,1,879102,879102,0,32950647,32950647,4529.45547731064,1549.7373136882,2717.67328638638,29327139.2080052,0.109967728160082,0.109967728160082,991,-9987949,-882574.375984464,3.281480754,20365348
2,lap_count_decrease,10000,2,0.2,1.8,1e-06,100,7,0.1,1000,0,1,879102,879102,0,32950647,32950647,4478.4437993166,1566.78186409908,2687.06627958996,29887253.6367905,0.0929691414924106,0.0929691414924106,992,-9121738,-68442.0896285174,3.267753053,20470077
3,lap_count_decrease,10000,2,0.2,1.8,1e-06,100,7,0.1,1000,0,1,879102,879102,0,32950647,32950647,4497.87668224061,1557.03844376884,2698.72600934436,29419315.630894,0.10717031957236,0.10717031957236,990,-9930535,-663459.107318107,3.331652554,20574806
4,lap_count_decrease,10000,2,0.2,1.8,1e-06,100,7,0.1,1000,0,1,879102,879102,0,32950647,32950647,4525.82806182208,1555.9376840402,2715.49683709325,29057011.1367009,0.118165687711659,0.118165687711659,988,-10951567,-729340.589897699,3.269772254,20679535
0,lap_fixed_increase,10000,2,0.2,1.8,1e-06,100,7,0.1,1000,0,2,879102,879102,0,32950647,32950647,4571.0109823594,1547.11766785329,2742.60658941564,32793782.6659455,0.00476058433858775,0.00476058433858775,1000,2000,-472593.002163717,3.292215154,20260619
1,lap_fixed_increase,10000,2,0.2,1.8,1e-06,100,7,0.1,1000,0,2,879102,879102,0,32950647,32950647,4529.45547731064,1549.7373136882,2717.67328638638,32657122.2080052,0.00890801300486696,0.00890801300486696,1000,2000,-882574.375984464,3.373057655,20365348
2,lap_fixed_increase,10000,2,0.2,1.8,1e-06,100,7,0.1,1000,0,2,879102,879102,0,32950647,32950647,4478.4437993166,1566.78186409908,2687.06627958996,32928499.6367905,0.000672137430548925,0.000672137430548925,1000,2000,-68442.0896285174,3.278256754,20470077
3,lap_fixed_increase,10000,2,0.2,1.8,1e-06,100,7,0.1,1000,0,2,879102,879102,0,32950647,32950647,4497.87668224061,1557.03844376884,2698.72600934436,32730160.6308939,0.00669141243588021,0.00669141243588021,1000,2000,-663459.107318107,3.296135354,20574806
4,lap_fixed_increase,10000,2,0.2,1.8,1e-06,100,7,0.1,1000,0,2,879102,879102,0,32950647,32950647,4525.82806182208,1555.9376840402,2715.49683709325,32708200.1367009,0.00735787868745197,0.00735787868745197,1000,2000,-729340.589897699,3.347051255,20679535
0,lap_fixed_decrease,10000,2,0.2,1.8,1e-06,100,7,0.1,1000,0,2,879102,879102,0,32950647,32950647,4571.0109823594,1547.11766785329,2742.60658941564,32792449.3326121,0.00480104889557614,0.00480104889557614,1000,-2000,-472593.002163717,3.197737252,20260619
1,lap_fixed_decrease,10000,2,0.2,1.8,1e-06,100,7,0.1,1000,0,2,879102,879102,0,32950647,32950647,4529.45547731064,1549.7373136882,2717.67328638638,32655788.8746719,0.00894847756185523,0.00894847756185523,1000,-2000,-882574.375984464,3.260426654,20365348
2,lap_fixed_decrease,10000,2,0.2,1.8,1e-06,100,7,0.1,1000,0,2,879102,879102,0,32950647,32950647,4478.4437993166,1566.78186409908,2687.06627958996,32927166.3034572,0.000712601987537314,0.000712601987537314,1000,-2000,-68442.0896285174,3.247273153,20470077
3,lap_fixed_decrease,10000,2,0.2,1.8,1e-06,100,7,0.1,1000,0,2,879102,879102,0,32950647,32950647,4497.87668224061,1557.03844376884,2698.72600934436,32728827.2975606,0.00673187699286849,0.00673187699286849,1000,-2000,-663459.107318107,3.235526953,20574806
4,lap_fixed_decrease,10000,2,0.2,1.8,1e-06,100,7,0.1,1000,0,2,879102,879102,0,32950647,32950647,4525.82806182208,1555.9376840402,2715.49683709325,32706866.8033676,0.00739834324444025,0.00739834324444025,1000,-2000,-729340.589897699,3.256244753,20679535
0,lap_scale_increase,10000,2,0.2,1.8,1e-06,100,7,0.1,1000,0,2,879102,879102,0,32950647,32950647,4571.0109823594,1547.11766785329,2742.60658941564,35840456.654185,0.087701150577864,0.087701150577864,1000,9142021.96471872,-472593.002163717,3.240496452,20260619
1,lap_scale_increase,10000,2,0.2,1.8,1e-06,100,7,0.1,1000,0,2,879102,879102,0,32950647,32950647,4529.45547731064,1549.7373136882,2717.67328638638,35676092.5262122,0.0827129593604707,0.0827129593604707,1000,9058910.95462138,-882574.375984464,3.248180253,20365348
2,lap_scale_increase,10000,2,0.2,1.8,1e-06,100,7,0.1,1000,0,2,879102,879102,0,32950647,32950647,4478.4437993166,1566.78186409908,2687.06627958996,35913462.1696681,0.0899167524591586,0.0899167524591586,1000,8956887.5986331,-68442.0896285174,3.257900354,20470077
3,lap_scale_increase,10000,2,0.2,1.8,1e-06,100,7,0.1,1000,0,2,879102,879102,0,32950647,32950647,4497.87668224061,1557.03844376884,2698.72600934436,35728078.4190544,0.084290648953095,0.084290648953095,1000,8995753.36448108,-663459.107318107,3.307445955,20574806
4,lap_scale_increase,10000,2,0.2,1.8,1e-06,100,7,0.1,1000,0,2,879102,879102,0,32950647,32950647,4525.82806182208,1555.9376840402,2715.49683709325,35724752.1779156,0.0841897027975079,0.0841897027975079,1000,9051656.12364395,-729340.589897699,3.277707053,20679535
0,lap_scale_decrease,10000,2,0.2,1.8,1e-06,100,7,0.1,1000,0,2,879102,879102,0,32950647,32950647,4571.0109823594,1547.11766785329,2742.60658941564,29745775.3443725,0.0972627838120283,0.0972627838120283,1000,-9142021.96471872,-472593.002163717,3.202033253,20260619
1,lap_scale_decrease,10000,2,0.2,1.8,1e-06,100,7,0.1,1000,0,2,879102,879102,0,32950647,32950647,4529.45547731064,1549.7373136882,2717.67328638638,29636818.5564647,0.100569449927199,0.100569449927199,1000,-9058910.95462138,-882574.375984464,3.237113853,20365348
2,lap_scale_decrease,10000,2,0.2,1.8,1e-06,100,7,0.1,1000,0,2,879102,879102,0,32950647,32950647,4478.4437993166,1566.78186409908,2687.06627958996,29942203.7705794,0.0913014918772485,0.0913014918772485,1000,-8956887.5986331,-68442.0896285174,3.219062453,20470077
3,lap_scale_decrease,10000,2,0.2,1.8,1e-06,100,7,0.1,1000,0,2,879102,879102,0,32950647,32950647,4497.87668224061,1557.03844376884,2698.72600934436,29730909.5094002,0.0977139383818412,0.0977139383818412,1000,-8995753.36448108,-663459.107318107,3.247878253,20574806
4,lap_scale_decrease,10000,2,0.2,1.8,1e-06,100,7,0.1,1000,0,2,879102,879102,0,32950647,32950647,4525.82806182208,1555.9376840402,2715.49683709325,29690314.7621528,0.0989459247294054,0.0989459247294054,1000,-9051656.12364395,-729340.589897699,3.248811554,20679535
0,lap_count_increase,10000,2,0.2,1.8,1e-06,100,7,0.1,1000,0,2,879102,879102,0,32950647,32950647,4571.0109823594,1547.11766785329,2742.60658941564,38474273.9992789,0.167633339620885,0.167633339620885,987,17043474,-472593.002163717,3.66746676,20260619
1,lap_count_increase,10000,2,0.2,1.8,1e-06,100,7,0.1,1000,0,2,879102,879102,0,32950647,32950647,4529.45547731064,1549.7373136882,2717.67328638638,39315088.2080051,0.193150720470073,0.193150720470073,991,19975898,-882574.375984464,3.245286453,20365348
2,lap_count_increase,10000,2,0.2,1.8,1e-06,100,7,0.1,1000,0,2,879102,879102,0,32950647,32950647,4478.4437993166,1566.78186409908,2687.06627958996,39008991.6367904,0.183861173857692,0.183861173857692,992,18243476,-68442.0896285174,3.221897853,20470077
3,lap_count_increase,10000,2,0.2,1.8,1e-06,100,7,0.1,1000,0,2,879102,879102,0,32950647,32950647,4497.87668224061,1557.03844376884,2698.72600934436,39349850.630894,0.194205705001605,0.194205705001605,990,19861070,-663459.107318107,3.249452152,20574806
4,lap_count_increase,10000,2,0.2,1.8,1e-06,100,7,0.1,1000,0,2,879102,879102,0,32950647,32950647,4525.82806182208,1555.9376840402,2715.49683709325,40008578.1367009,0.214197042525473,0.214197042525473,988,21903134,-729340.589897699,3.191270952,20679535
0,lap_count_decrease,10000,2,0.2,1.8,1e-06,100,7,0.1,1000,0,2,879102,879102,0,32950647,32950647,4571.0109823594,1547.11766785329,2742.60658941564,27111957.9992788,0.177194972855046,0.177194972855046,987,-17043474,-472593.002163717,3.182453552,20260619
1,lap_count_decrease,10000,2,0.2,1.8,1e-06,100,7,0.1,1000,0,2,879102,879102,0,32950647,32950647,4529.45547731064,1549.7373136882,2717.67328638638,25997822.8746719,0.2110072110368,0.2110072110368,991,-19975898,-882574.375984464,3.197012652,20365348
2,lap_count_decrease,10000,2,0.2,1.8,1e-06,100,7,0.1,1000,0,2,879102,879102,0,32950647,32950647,4478.4437993166,1566.78186409908,2687.06627958996,26846674.3034572,0.185245913275777,0.185245913275777,992,-18243476,-68442.0896285174,3.245932553,20470077
3,lap_count_decrease,10000,2,0.2,1.8,1e-06,100,7,0.1,1000,0,2,879102,879102,0,32950647,32950647,4497.87668224061,1557.03844376884,2698.72600934436,26109137.2975606,0.207628994430348,0.207628994430348,990,-19861070,-663459.107318107,3.200162952,20574806
4,lap_count_decrease,10000,2,0.2,1.8,1e-06,100,7,0.1,1000,0,2,879102,879102,0,32950647,32950647,4525.82806182208,1555.9376840402,2715.49683709325,25406488.8033676,0.228953264457369,0.228953264457369,988,-21903134,-729340.589897699,3.260890553,20679535
0,lap_fixed_increase,10000,2,0.2,1.8,1e-06,100,7,0.15,1500,0,0.25,879102,879102,0,32950647,32950647,4571.0109823594,1547.11766785329,2742.60658941564,32793240.9992788,0.00477702306486429,0.00477702306486429,1500,375,-472593.002163717,3.244956953,20260619
1,lap_fixed_increase,10000,2,0.2,1.8,1e-06,100,7,0.15,1500,0,0.25,879102,879102,0,32950647,32950647,4529.45547731064,1549.7373136882,2717.67328638638,32656580.5413386,0.00892445173114349,0.00892445173114349,1500,375,-882574.375984464,3.376977955,20365348
2,lap_fixed_increase,10000,2,0.2,1.8,1e-06,100,7,0.15,1500,0,0.25,879102,879102,0,32950647,32950647,4478.4437993166,1566.78186409908,2687.06627958996,32927957.9701238,0.000688576156825465,0.000688576156825465,1500,375,-68442.0896285174,3.897050363,20470077
3,lap_fixed_increase,10000,2,0.2,1.8,1e-06,100,7,0.15,1500,0,0.25,879102,879102,0,32950647,32950647,4497.87668224061,1557.03844376884,2698.72600934436,32729618.9642272,0.00670785116215675,0.00670785116215675,1500,375,-663459.107318107,3.645880159,20574806
4,lap_fixed_increase,10000,2,0.2,1.8,1e-06,100,7,0.15,1500,0,0.25,879102,879102,0,32950647,32950647,4525.82806182208,1555.9376840402,2715.49683709325,32707658.4700343,0.0073743174137284,0.0073743174137284,1500,375,-729340.589897699,3.66429986,20679535
0,lap_fixed_decrease,10000,2,0.2,1.8,1e-06,100,7,0.15,1500,0,0.25,879102,879102,0,32950647,32950647,4571.0109823594,1547.11766785329,2742.60658941564,32792990.9992788,0.0047846101692996,0.0047846101692996,1500,-375,-472593.002163717,3.289786654,20260619
1,lap_fixed_decrease,10000,2,0.2,1.8,1e-06,100,7,0.15,1500,0,0.25,879102,879102,0,32950647,32950647,4529.45547731064,1549.7373136882,2717.67328638638,32656330.5413386,0.0089320388355788,0.0089320388355788,1500,-375,-882574.375984464,3.402828856,20365348
2,lap_fixed_decrease,10000,2,0.2,1.8,1e-06,100,7,0.15,1500,0,0.25,879102,879102,0,32950647,32950647,4478.4437993166,1566.78186409908,2687.06627958996,32927707.9701238,0.000696163261260774,0.000696163261260774,1500,-375,-68442.0896285174,3.323702255,20470077
3,lap_fixed_decrease,10000,2,0.2,1.8,1e-06,100,7,0.15,1500,0,0.25,879102,879102,0,32950647,32950647,4497.87668224061,1557.03844376884,2698.72600934436,32729368.9642272,0.00671543826659206,0.00671543826659206,1500,-375,-663459.107318107,3.405495056,20574806
4,lap_fixed_decrease,10000,2,0.2,1.8,1e-06,100,7,0.15,1500,0,0.25,879102,879102,0,32950647,32950647,4525.82806182208,1555.9376840402,2715.49683709325,32707408.4700343,0.00738190451816371,0.00738190451816371,1500,-375,-729340.589897699,3.292908754,20679535
0,lap_scale_increase,10000,2,0.2,1.8,1e-06,100,7,0.15,1500,0,0.25,879102,879102,0,32950647,32950647,4571.0109823594,1547.11766785329,2742.60658941564,33364492.3720737,0.0125595522319692,0.0125595522319692,1500,1714129.11838481,-472593.002163717,3.294440254,20260619
1,lap_scale_increase,10000,2,0.2,1.8,1e-06,100,7,0.15,1500,0,0.25,879102,879102,0,32950647,32950647,4529.45547731064,1549.7373136882,2717.67328638638,33222637.4760022,0.00825448058735285,0.00825448058735285,1500,1698545.80399147,-882574.375984464,3.292413354,20365348
2,lap_scale_increase,10000,2,0.2,1.8,1e-06,100,7,0.15,1500,0,0.25,879102,879102,0,32950647,32950647,4478.4437993166,1566.78186409908,2687.06627958996,33487638.4450384,0.0162968406974949,0.0162968406974949,1500,1679416.42474375,-68442.0896285174,3.250336753,20470077
3,lap_scale_increase,10000,2,0.2,1.8,1e-06,100,7,0.15,1500,0,0.25,879102,879102,0,32950647,32950647,4497.87668224061,1557.03844376884,2698.72600934436,33291728.5495073,0.0103512853482767,0.0103512853482767,1500,1686703.7558402,-663459.107318107,3.216164153,20574806
4,lap_scale_increase,10000,2,0.2,1.8,1e-06,100,7,0.15,1500,0,0.25,879102,879102,0,32950647,32950647,4525.82806182208,1555.9376840402,2715.49683709325,33273261.9777621,0.0097908541147028,0.0097908541147028,1500,1697185.52318323,-729340.589897699,3.251125553,20679535
0,lap_scale_decrease,10000,2,0.2,1.8,1e-06,100,7,0.15,1500,0,0.25,879102,879102,0,32950647,32950647,4571.0109823594,1547.11766785329,2742.60658941564,32221739.6264838,0.0221211854661368,0.0221211854661368,1500,-1714129.11838481,-472593.002163717,3.246699053,20260619
1,lap_scale_decrease,10000,2,0.2,1.8,1e-06,100,7,0.15,1500,0,0.25,879102,879102,0,32950647,32950647,4529.45547731064,1549.7373136882,2717.67328638638,32090273.6066746,0.0261109711540831,0.0261109711540831,1500,-1698545.80399147,-882574.375984464,3.353051255,20365348
2,lap_scale_decrease,10000,2,0.2,1.8,1e-06,100,7,0.15,1500,0,0.25,879102,879102,0,32950647,32950647,4478.4437993166,1566.78186409908,2687.06627958996,32368027.4952093,0.0176815801155816,0.0176815801155816,1500,-1679416.42474375,-68442.0896285174,3.215804352,20470077
3,lap_scale_decrease,10000,2,0.2,1.8,1e-06,100,7,0.15,1500,0,0.25,879102,879102,0,32950647,32950647,4497.87668224061,1557.03844376884,2698.72600934436,32167259.3789472,0.0237745747770238,0.0237745747770238,1500,-1686703.7558402,-663459.107318107,3.305034654,20574806
4,lap_scale_decrease,10000,2,0.2,1.8,1e-06,100,7,0.15,1500,0,0.25,879102,879102,0,32950647,32950647,4525.82806182208,1555.9376840402,2715.49683709325,32141804.9623065,0.0245470760465945,0.0245470760465945,1500,-1697185.52318323,-729340.589897699,3.317822354,20679535
0,lap_count_increase,10000,2,0.2,1.8,1e-06,100,7,0.15,1500,0,0.25,879102,879102,0,32950647,32950647,4571.0109823594,1547.11766785329,2742.60658941564,33926712.5826122,0.0296220460439572,0.0296220460439572,1484,3400789.75,-472593.002163717,3.286980153,20260619
1,lap_count_increase,10000,2,0.2,1.8,1e-06,100,7,0.15,1500,0,0.25,879102,879102,0,32950647,32950647,4529.45547731064,1549.7373136882,2717.67328638638,33887844.2913386,0.0284424549034977,0.0284424549034977,1483,3694166.25,-882574.375984464,3.347482655,20365348
2,lap_count_increase,10000,2,0.2,1.8,1e-06,100,7,0.15,1500,0,0.25,879102,879102,0,32950647,32950647,4478.4437993166,1566.78186409908,2687.06627958996,34073292.9701238,0.034070528876832,0.034070528876832,1487,3436380,-68442.0896285174,3.338365855,20470077
3,lap_count_increase,10000,2,0.2,1.8,1e-06,100,7,0.15,1500,0,0.25,879102,879102,0,32950647,32950647,4497.87668224061,1557.03844376884,2698.72600934436,33897915.3808939,0.028748096536432,0.028748096536432,1485,3505264.25,-663459.107318107,3.282478754,20574806
4,lap_count_increase,10000,2,0.2,1.8,1e-06,100,7,0.15,1500,0,0.25,879102,879102,0,32950647,32950647,4525.82806182208,1555.9376840402,2715.49683709325,33949868.386701,0.0303247880595774,0.0303247880595774,1485,3727004.75,-729340.589897699,3.229310553,20679535
0,lap_count_decrease,10000,2,0.2,1.8,1e-06,100,7,0.15,1500,0,0.25,879102,879102,0,32950647,32950647,4571.0109823594,1547.11766785329,2742.60658941564,31659519.4159454,0.0391836792781203,0.0391836792781203,1484,-3400789.75,-472593.002163717,3.210213852,20260619
1,lap_count_decrease,10000,2,0.2,1.8,1e-06,100,7,0.15,1500,0,0.25,879102,879102,0,32950647,32950647,4529.45547731064,1549.7373136882,2717.67328638638,31425066.7913386,0.0462989454702182,0.0462989454702182,1483,-3694166.25,-882574.375984464,3.290357854,20365348
2,lap_count_decrease,10000,2,0.2,1.8,1e-06,100,7,0.15,1500,0,0.25,879102,879102,0,32950647,32950647,4478.4437993166,1566.78186409908,2687.06627958996,31782372.9701238,0.0354552682949191,0.0354552682949191,1487,-3436380,-68442.0896285174,3.233914153,20470077
3,lap_count_decrease,10000,2,0.2,1.8,1e-06,100,7,0.15,1500,0,0.25,879102,879102,0,32950647,32950647,4497.87668224061,1557.03844376884,2698.72600934436,31561072.5475606,0.0421713859651808,0.0421713859651808,1485,-3505264.25,-663459.107318107,3.223261853,20574806
4,lap_count_decrease,10000,2,0.2,1.8,1e-06,100,7,0.15,1500,0,0.25,879102,879102,0,32950647,32950647,4525.82806182208,1555.9376840402,2715.49683709325,31465198.5533676,0.0450810099914695,0.0450810099914695,1485,-3727004.75,-729340.589897699,3.294473754,20679535
0,lap_fixed_increase,10000,2,0.2,1.8,1e-06,100,7,0.15,1500,0,0.5,879102,879102,0,32950647,32950647,4571.0109823594,1547.11766785329,2742.60658941564,32793365.9992788,0.00477322951264663,0.00477322951264663,1500,750,-472593.002163717,3.268561554,20260619
1,lap_fixed_increase,10000,2,0.2,1.8,1e-06,100,7,0.15,1500,0,0.5,879102,879102,0,32950647,32950647,4529.45547731064,1549.7373136882,2717.67328638638,32656705.5413386,0.00892065817892584,0.00892065817892584,1500,750,-882574.375984464,3.222694953,20365348
2,lap_fixed_increase,10000,2,0.2,1.8,1e-06,100,7,0.15,1500,0,0.5,879102,879102,0,32950647,32950647,4478.4437993166,1566.78186409908,2687.06627958996,32928082.9701238,0.000684782604607811,0.000684782604607811,1500,750,-68442.0896285174,3.237469753,20470077
3,lap_fixed_increase,10000,2,0.2,1.8,1e-06,100,7,0.15,1500,0,0.5,879102,879102,0,32950647,32950647,4497.87668224061,1557.03844376884,2698.72600934436,32729743.9642272,0.0067040576099391,0.0067040576099391,1500,750,-663459.107318107,3.274195854,20574806
4,lap_fixed_increase,10000,2,0.2,1.8,1e-06,100,7,0.15,1500,0,0.5,879102,879102,0,32950647,32950647,4525.82806182208,1555.9376840402,2715.49683709325,32707783.4700343,0.00737052386151074,0.00737052386151074,1500,750,-729340.589897699,3.229668453,20679535
0,lap_fixed_decrease,10000,2,0.2,1.8,1e-06,100,7,0.15,1500,0,0.5,879102,879102,0,32950647,32950647,4571.0109823594,1547.11766785329,2742.60658941564,32792865.9992788,0.00478840372151725,0.00478840372151725,1500,-750,-472593.002163717,3.227855352,20260619
1,lap_fixed_decrease,10000,2,0.2,1.8,1e-06,100,7,0.15,1500,0,0.5,879102,879102,0,32950647,32950647,4529.45547731064,1549.7373136882,2717.67328638638,32656205.5413386,0.00893583238779646,0.00893583238779646,1500,-750,-882574.375984464,3.279495854,20365348
2,lap_fixed_decrease,10000,2,0.2,1.8,1e-06,100,7,0.15,1500,0,0.5,879102,879102,0,32950647,32950647,4478.4437993166,1566.78186409908,2687.06627958996,32927582.9701238,0.000699956813478429,0.000699956813478429,1500,-750,-68442.0896285174,3.283394454,20470077
3,lap_fixed_decrease,10000,2,0.2,1.8,1e-06,100,7,0.15,1500,0,0.5,879102,879102,0,32950647,32950647,4497.87668224061,1557.03844376884,2698.72600934436,32729243.9642272,0.00671923181880972,0.00671923181880972,1500,-750,-663459.107318107,3.300863254,20574806
4,lap_fixed_decrease,10000,2,0.2,1.8,1e-06,100,7,0.15,1500,0,0.5,879102,879102,0,32950647,32950647,4525.82806182208,1555.9376840402,2715.49683709325,32707283.4700343,0.00738569807038136,0.00738569807038136,1500,-750,-729340.589897699,3.267506653,20679535
0,lap_scale_increase,10000,2,0.2,1.8,1e-06,100,7,0.15,1500,0,0.5,879102,879102,0,32950647,32950647,4571.0109823594,1547.11766785329,2742.60658941564,33935868.7448686,0.0298999210810224,0.0298999210810224,1500,3428258.23676962,-472593.002163717,3.474085557,20260619
1,lap_scale_increase,10000,2,0.2,1.8,1e-06,100,7,0.15,1500,0,0.5,879102,879102,0,32950647,32950647,4529.45547731064,1549.7373136882,2717.67328638638,33788819.4106661,0.0254372064580735,0.0254372064580735,1500,3397091.60798293,-882574.375984464,3.609434459,20365348
2,lap_scale_increase,10000,2,0.2,1.8,1e-06,100,7,0.15,1500,0,0.5,879102,879102,0,32950647,32950647,4478.4437993166,1566.78186409908,2687.06627958996,34047443.9199529,0.0332860511040321,0.0332860511040321,1500,3358832.8494875,-68442.0896285174,3.568053458,20470077
3,lap_scale_increase,10000,2,0.2,1.8,1e-06,100,7,0.15,1500,0,0.5,879102,879102,0,32950647,32950647,4497.87668224061,1557.03844376884,2698.72600934436,33853963.1347875,0.0274142154109287,0.0274142154109287,1500,3373407.5116804,-663459.107318107,3.450715756,20574806
4,lap_scale_increase,10000,2,0.2,1.8,1e-06,100,7,0.15,1500,0,0.5,879102,879102,0,32950647,32950647,4525.82806182208,1555.9376840402,2715.49683709325,33838990.4854898,0.02695981919535,0.02695981919535,1500,3394371.04636646,-729340.589897699,3.527315158,20679535
0,lap_scale_decrease,10000,2,0.2,1.8,1e-06,100,7,0.15,1500,0,0.5,879102,879102,0,32950647,32950647,4571.0109823594,1547.11766785329,2742.60658941564,31650363.2536888,0.0394615543151911,0.0394615543151911,1500,-3428258.23676962,-472593.002163717,3.681691161,20260619
1,lap_scale_decrease,10000,2,0.2,1.8,1e-06,100,7,0.15,1500,0,0.5,879102,879102,0,32950647,32950647,4529.45547731064,1549.7373136882,2717.67328638638,31524091.6720108,0.0432936970248008,0.0432936970248008,1500,-3397091.60798293,-882574.375984464,3.440970956,20365348
2,lap_scale_decrease,10000,2,0.2,1.8,1e-06,100,7,0.15,1500,0,0.5,879102,879102,0,32950647,32950647,4478.4437993166,1566.78186409908,2687.06627958996,31808222.0202947,0.0346707905221198,0.0346707905221198,1500,-3358832.8494875,-68442.0896285174,3.677092561,20470077
3,lap_scale_decrease,10000,2,0.2,1.8,1e-06,100,7,0.15,1500,0,0.5,879102,879102,0,32950647,32950647,4497.87668224061,1557.03844376884,2698.72600934436,31605024.7936671,0.0408375048396745,0.0408375048396745,1500,-3373407.5116804,-663459.107318107,3.689472761,20574806
4,lap_scale_decrease,10000,2,0.2,1.8,1e-06,100,7,0.15,1500,0,0.5,879102,879102,0,32950647,32950647,4525.82806182208,1555.9376840402,2715.49683709325,31576076.4545787,0.0417160411272451,0.0417160411272451,1500,-3394371.04636646,-729340.589897699,3.65856496,20679535
0,lap_count_increase,10000,2,0.2,1.8,1e-06,100,7,0.15,1500,0,0.5,879102,879102,0,32950647,32950647,4571.0109823594,1547.11766785329,2742.60658941564,35060309.1659455,0.0640249087049952,0.0640249087049952,1484,6801579.5,-472593.002163717,3.515395557,20260619
1,lap_count_increase,10000,2,0.2,1.8,1e-06,100,7,0.15,1500,0,0.5,879102,879102,0,32950647,32950647,4529.45547731064,1549.7373136882,2717.67328638638,35119233.0413385,0.0658131550903548,0.0658131550903548,1483,7388332.5,-882574.375984464,3.472025458,20365348
2,lap_count_increase,10000,2,0.2,1.8,1e-06,100,7,0.15,1500,0,0.5,879102,879102,0,32950647,32950647,4478.4437993166,1566.78186409908,2687.06627958996,35218752.9701238,0.0688334274627067,0.0688334274627067,1487,6872760,-68442.0896285174,3.65079716,20470077
3,lap_count_increase,10000,2,0.2,1.8,1e-06,100,7,0.15,1500,0,0.5,879102,879102,0,32950647,32950647,4497.87668224061,1557.03844376884,2698.72600934436,35066336.7975606,0.0642078377872392,0.0642078377872392,1485,7010528.5,-663459.107318107,3.497609858,20574806
4,lap_count_increase,10000,2,0.2,1.8,1e-06,100,7,0.15,1500,0,0.5,879102,879102,0,32950647,32950647,4525.82806182208,1555.9376840402,2715.49683709325,35192203.3033676,0.0680276870851008,0.0680276870851008,1485,7454009.5,-729340.589897699,3.586539858,20679535
0,lap_count_decrease,10000,2,0.2,1.8,1e-06,100,7,0.15,1500,0,0.5,879102,879102,0,32950647,32950647,4571.0109823594,1547.11766785329,2742.60658941564,30525922.8326121,0.0735865419391573,0.0735865419391573,1484,-6801579.5,-472593.002163717,3.413827655,20260619
1,lap_count_decrease,10000,2,0.2,1.8,1e-06,100,7,0.15,1500,0,0.5,879102,879102,0,32950647,32950647,4529.45547731064,1549.7373136882,2717.67328638638,30193678.0413385,0.0836696456570783,0.0836696456570783,1483,-7388332.5,-882574.375984464,3.454880657,20365348
2,lap_count_decrease,10000,2,0.2,1.8,1e-06,100,7,0.15,1500,0,0.5,879102,879102,0,32950647,32950647,4478.4437993166,1566.78186409908,2687.06627958996,30636912.9701239,0.0702181668807943,0.0702181668807943,1487,-6872760,-68442.0896285174,3.536954458,20470077
3,lap_count_decrease,10000,2,0.2,1.8,1e-06,100,7,0.15,1500,0,0.5,879102,879102,0,32950647,32950647,4497.87668224061,1557.03844376884,2698.72600934436,30392651.1308939,0.0776311272159867,0.0776311272159867,1485,-7010528.5,-663459.107318107,3.294801454,20574806
4,lap_count_decrease,10000,2,0.2,1.8,1e-06,100,7,0.15,1500,0,0.5,879102,879102,0,32950647,32950647,4525.82806182208,1555.9376840402,2715.49683709325,30222863.6367009,0.0827839090169945,0.0827839090169945,1485,-7454009.5,-729340.589897699,4.501969973,20679535
0,lap_fixed_increase,10000,2,0.2,1.8,1e-06,100,7,0.15,1500,0,1,879102,879102,0,32950647,32950647,4571.0109823594,1547.11766785329,2742.60658941564,32793615.9992788,0.00476564240821133,0.00476564240821133,1500,1500,-472593.002163717,3.280434654,20260619
1,lap_fixed_increase,10000,2,0.2,1.8,1e-06,100,7,0.15,1500,0,1,879102,879102,0,32950647,32950647,4529.45547731064,1549.7373136882,2717.67328638638,32656955.5413386,0.00891307107449053,0.00891307107449053,1500,1500,-882574.375984464,3.281981754,20365348
2,lap_fixed_increase,10000,2,0.2,1.8,1e-06,100,7,0.15,1500,0,1,879102,879102,0,32950647,32950647,4478.4437993166,1566.78186409908,2687.06627958996,32928332.9701238,0.000677195500172502,0.000677195500172502,1500,1500,-68442.0896285174,3.333744755,20470077
3,lap_fixed_increase,10000,2,0.2,1.8,1e-06,100,7,0.15,1500,0,1,879102,879102,0,32950647,32950647,4497.87668224061,1557.03844376884,2698.72600934436,32729993.9642272,0.00669647050550379,0.00669647050550379,1500,1500,-663459.107318107,3.300999854,20574806
4,lap_fixed_increase,10000,2,0.2,1.8,1e-06,100,7,0.15,1500,0,1,879102,879102,0,32950647,32950647,4525.82806182208,1555.9376840402,2715.49683709325,32708033.4700343,0.00736293675707543,0.00736293675707543,1500,1500,-729340.589897699,3.311471654,20679535
0,lap_fixed_decrease,10000,2,0.2,1.8,1e-06,100,7,0.15,1500,0,1,879102,879102,0,32950647,32950647,4571.0109823594,1547.11766785329,2742.60658941564,32792615.9992788,0.00479599082595256,0.00479599082595256,1500,-1500,-472593.002163717,3.207214052,20260619
1,lap_fixed_decrease,10000,2,0.2,1.8,1e-06,100,7,0.15,1500,0,1,879102,879102,0,32950647,32950647,4529.45547731064,1549.7373136882,2717.67328638638,32655955.5413386,0.00894341949223177,0.00894341949223177,1500,-1500,-882574.375984464,3.249718353,20365348
2,lap_fixed_decrease,10000,2,0.2,1.8,1e-06,100,7,0.15,1500,0,1,879102,879102,0,32950647,32950647,4478.4437993166,1566.78186409908,2687.06627958996,32927332.9701238,0.000707543917913738,0.000707543917913738,1500,-1500,-68442.0896285174,3.267090654,20470077
3,lap_fixed_decrease,10000,2,0.2,1.8,1e-06,100,7,0.15,1500,0,1,879102,879102,0,32950647,32950647,4497.87668224061,1557.03844376884,2698.72600934436,32728993.9642272,0.00672681892324503,0.00672681892324503,1500,-1500,-663459.107318107,3.215914153,20574806
4,lap_fixed_decrease,10000,2,0.2,1.8,1e-06,100,7,0.15,1500,0,1,879102,879102,0,32950647,32950647,4525.82806182208,1555.9376840402,2715.49683709325,32707033.4700343,0.00739328517481667,0.00739328517481667,1500,-1500,-729340.589897699,3.235514753,20679535
0,lap_scale_increase,10000,2,0.2,1.8,1e-06,100,7,0.15,1500,0,1,879102,879102,0,32950647,32950647,4571.0109823594,1547.11766785329,2742.60658941564,35078621.4904585,0.0645806587791284,0.0645806587791284,1500,6856516.47353924,-472593.002163717,3.247948353,20260619
1,lap_scale_increase,10000,2,0.2,1.8,1e-06,100,7,0.15,1500,0,1,879102,879102,0,32950647,32950647,4529.45547731064,1549.7373136882,2717.67328638638,34921183.2799938,0.0598026581995126,0.0598026581995126,1500,6794183.21596586,-882574.375984464,3.270852254,20365348
2,lap_scale_increase,10000,2,0.2,1.8,1e-06,100,7,0.15,1500,0,1,879102,879102,0,32950647,32950647,4478.4437993166,1566.78186409908,2687.06627958996,35167054.869782,0.0672644719171075,0.0672644719171075,1500,6717665.69897499,-68442.0896285174,3.275172854,20470077
3,lap_scale_increase,10000,2,0.2,1.8,1e-06,100,7,0.15,1500,0,1,879102,879102,0,32950647,32950647,4497.87668224061,1557.03844376884,2698.72600934436,34978432.3053475,0.0615400755362266,0.0615400755362266,1500,6746815.0233608,-663459.107318107,3.253161053,20574806
4,lap_scale_increase,10000,2,0.2,1.8,1e-06,100,7,0.15,1500,0,1,879102,879102,0,32950647,32950647,4525.82806182208,1555.9376840402,2715.49683709325,34970447.5009453,0.0612977493566452,0.0612977493566452,1500,6788742.09273291,-729340.589897699,3.240314952,20679535
0,lap_scale_decrease,10000,2,0.2,1.8,1e-06,100,7,0.15,1500,0,1,879102,879102,0,32950647,32950647,4571.0109823594,1547.11766785329,2742.60658941564,30507610.5080989,0.0741422920132975,0.0741422920132975,1500,-6856516.47353924,-472593.002163717,3.264007154,20260619
1,lap_scale_decrease,10000,2,0.2,1.8,1e-06,100,7,0.15,1500,0,1,879102,879102,0,32950647,32950647,4529.45547731064,1549.7373136882,2717.67328638638,30391727.8026832,0.0776591487662385,0.0776591487662385,1500,-6794183.21596586,-882574.375984464,3.285569653,20365348
2,lap_scale_decrease,10000,2,0.2,1.8,1e-06,100,7,0.15,1500,0,1,879102,879102,0,32950647,32950647,4478.4437993166,1566.78186409908,2687.06627958996,30688611.0704655,0.0686492113351966,0.0686492113351966,1500,-6717665.69897499,-68442.0896285174,3.301112254,20470077
3,lap_scale_decrease,10000,2,0.2,1.8,1e-06,100,7,0.15,1500,0,1,879102,879102,0,32950647,32950647,4497.87668224061,1557.03844376884,2698.72600934436,30480555.6231069,0.074963364964975,0.074963364964975,1500,-6746815.0233608,-663459.107318107,3.282434753,20574806
4,lap_scale_decrease,10000,2,0.2,1.8,1e-06,100,7,0.15,1500,0,1,879102,879102,0,32950647,32950647,4525.82806182208,1555.9376840402,2715.49683709325,30444619.4391231,0.0760539712885421,0.0760539712885421,1500,-6788742.09273291,-729340.589897699,3.226697852,20679535
0,lap_count_increase,10000,2,0.2,1.8,1e-06,100,7,0.15,1500,0,1,879102,879102,0,32950647,32950647,4571.0109823594,1547.11766785329,2742.60658941564,37327502.3326123,0.132830634027072,0.132830634027072,1484,13603159,-472593.002163717,3.226224053,20260619
1,lap_count_increase,10000,2,0.2,1.8,1e-06,100,7,0.15,1500,0,1,879102,879102,0,32950647,32950647,4529.45547731064,1549.7373136882,2717.67328638638,37582010.5413385,0.140554555464071,0.140554555464071,1483,14776665,-882574.375984464,3.271177953,20365348
2,lap_count_increase,10000,2,0.2,1.8,1e-06,100,7,0.15,1500,0,1,879102,879102,0,32950647,32950647,4478.4437993166,1566.78186409908,2687.06627958996,37509672.9701238,0.13835922463446,0.13835922463446,1487,13745520,-68442.0896285174,3.329884055,20470077
3,lap_count_increase,10000,2,0.2,1.8,1e-06,100,7,0.15,1500,0,1,879102,879102,0,32950647,32950647,4497.87668224061,1557.03844376884,2698.72600934436,37403179.6308939,0.135127320288852,0.135127320288852,1485,14021057,-663459.107318107,3.281572053,20574806
4,lap_count_increase,10000,2,0.2,1.8,1e-06,100,7,0.15,1500,0,1,879102,879102,0,32950647,32950647,4525.82806182208,1555.9376840402,2715.49683709325,37676873.1367009,0.143433485136147,0.143433485136147,1485,14908019,-729340.589897699,3.330992354,20679535
0,lap_count_decrease,10000,2,0.2,1.8,1e-06,100,7,0.15,1500,0,1,879102,879102,0,32950647,32950647,4571.0109823594,1547.11766785329,2742.60658941564,28258729.6659455,0.142392267261232,0.142392267261232,1484,-13603159,-472593.002163717,3.277237754,20260619
1,lap_count_decrease,10000,2,0.2,1.8,1e-06,100,7,0.15,1500,0,1,879102,879102,0,32950647,32950647,4529.45547731064,1549.7373136882,2717.67328638638,27730900.5413385,0.158411046030794,0.158411046030794,1483,-14776665,-882574.375984464,3.265413854,20365348
2,lap_count_decrease,10000,2,0.2,1.8,1e-06,100,7,0.15,1500,0,1,879102,879102,0,32950647,32950647,4478.4437993166,1566.78186409908,2687.06627958996,28345992.9701239,0.139743964052545,0.139743964052545,1487,-13745520,-68442.0896285174,3.232918153,20470077
3,lap_count_decrease,10000,2,0.2,1.8,1e-06,100,7,0.15,1500,0,1,879102,879102,0,32950647,32950647,4497.87668224061,1557.03844376884,2698.72600934436,28055808.2975607,0.148550609717597,0.148550609717597,1485,-14021057,-663459.107318107,3.259844353,20574806
4,lap_count_decrease,10000,2,0.2,1.8,1e-06,100,7,0.15,1500,0,1,879102,879102,0,32950647,32950647,4525.82806182208,1555.9376840402,2715.49683709325,27738193.8033676,0.158189707068041,0.158189707068041,1485,-14908019,-729340.589897699,3.342710355,20679535
0,lap_fixed_increase,10000,2,0.2,1.8,1e-06,100,7,0.15,1500,0,2,879102,879102,0,32950647,32950647,4571.0109823594,1547.11766785329,2742.60658941564,32794115.9992788,0.00475046819934105,0.00475046819934105,1500,3000,-472593.002163717,3.206535652,20260619
1,lap_fixed_increase,10000,2,0.2,1.8,1e-06,100,7,0.15,1500,0,2,879102,879102,0,32950647,32950647,4529.45547731064,1549.7373136882,2717.67328638638,32657455.5413386,0.00889789686561991,0.00889789686561991,1500,3000,-882574.375984464,3.254651453,20365348
2,lap_fixed_increase,10000,2,0.2,1.8,1e-06,100,7,0.15,1500,0,2,879102,879102,0,32950647,32950647,4478.4437993166,1566.78186409908,2687.06627958996,32928832.9701238,0.000662021291301884,0.000662021291301884,1500,3000,-68442.0896285174,3.237791753,20470077
3,lap_fixed_increase,10000,2,0.2,1.8,1e-06,100,7,0.15,1500,0,2,879102,879102,0,32950647,32950647,4497.87668224061,1557.03844376884,2698.72600934436,32730493.9642272,0.00668129629663317,0.00668129629663317,1500,3000,-663459.107318107,3.213914753,20574806
4,lap_fixed_increase,10000,2,0.2,1.8,1e-06,100,7,0.15,1500,0,2,879102,879102,0,32950647,32950647,4525.82806182208,1555.9376840402,2715.49683709325,32708533.4700343,0.00734776254820481,0.00734776254820481,1500,3000,-729340.589897699,3.250464053,20679535
0,lap_fixed_decrease,10000,2,0.2,1.8,1e-06,100,7,0.15,1500,0,2,879102,879102,0,32950647,32950647,4571.0109823594,1547.11766785329,2742.60658941564,32792115.9992788,0.00481116503482318,0.00481116503482318,1500,-3000,-472593.002163717,3.188666552,20260619
1,lap_fixed_decrease,10000,2,0.2,1.8,1e-06,100,7,0.15,1500,0,2,879102,879102,0,32950647,32950647,4529.45547731064,1549.7373136882,2717.67328638638,32655455.5413386,0.00895859370110239,0.00895859370110239,1500,-3000,-882574.375984464,3.306308854,20365348
2,lap_fixed_decrease,10000,2,0.2,1.8,1e-06,100,7,0.15,1500,0,2,879102,879102,0,32950647,32950647,4478.4437993166,1566.78186409908,2687.06627958996,32926832.9701238,0.000722718126784355,0.000722718126784355,1500,-3000,-68442.0896285174,3.351217555,20470077
3,lap_fixed_decrease,10000,2,0.2,1.8,1e-06,100,7,0.15,1500,0,2,879102,879102,0,32950647,32950647,4497.87668224061,1557.03844376884,2698.72600934436,32728493.9642272,0.00674199313211564,0.00674199313211564,1500,-3000,-663459.107318107,3.293532653,20574806
4,lap_fixed_decrease,10000,2,0.2,1.8,1e-06,100,7,0.15,1500,0,2,879102,879102,0,32950647,32950647,4525.82806182208,1555.9376840402,2715.49683709325,32706533.4700343,0.00740845938368729,0.00740845938368729,1500,-3000,-729340.589897699,3.269154454,20679535
0,lap_scale_increase,10000,2,0.2,1.8,1e-06,100,7,0.15,1500,0,2,879102,879102,0,32950647,32950647,4571.0109823594,1547.11766785329,2742.60658941564,37364126.9816381,0.133942134175334,0.133942134175334,1500,13713032.9470785,-472593.002163717,3.230280053,20260619
1,lap_scale_increase,10000,2,0.2,1.8,1e-06,100,7,0.15,1500,0,2,879102,879102,0,32950647,32950647,4529.45547731064,1549.7373136882,2717.67328638638,37185911.0186492,0.12853356168239,0.12853356168239,1500,13588366.4319317,-882574.375984464,3.318495154,20365348
2,lap_scale_increase,10000,2,0.2,1.8,1e-06,100,7,0.15,1500,0,2,879102,879102,0,32950647,32950647,4478.4437993166,1566.78186409908,2687.06627958996,37406276.7694403,0.135221313543262,0.135221313543262,1500,13435331.39795,-68442.0896285174,3.377119656,20470077
3,lap_scale_increase,10000,2,0.2,1.8,1e-06,100,7,0.15,1500,0,2,879102,879102,0,32950647,32950647,4497.87668224061,1557.03844376884,2698.72600934436,37227370.6464678,0.129791795786827,0.129791795786827,1500,13493630.0467216,-663459.107318107,3.421582057,20574806
4,lap_scale_increase,10000,2,0.2,1.8,1e-06,100,7,0.15,1500,0,2,879102,879102,0,32950647,32950647,4525.82806182208,1555.9376840402,2715.49683709325,37233361.5318563,0.129973609679235,0.129973609679235,1500,13577484.1854658,-729340.589897699,3.261209953,20679535
0,lap_scale_decrease,10000,2,0.2,1.8,1e-06,100,7,0.15,1500,0,2,879102,879102,0,32950647,32950647,4571.0109823594,1547.11766785329,2742.60658941564,28222105.0169194,0.1435037674095,0.1435037674095,1500,-13713032.9470785,-472593.002163717,3.226691952,20260619
1,lap_scale_decrease,10000,2,0.2,1.8,1e-06,100,7,0.15,1500,0,2,879102,879102,0,32950647,32950647,4529.45547731064,1549.7373136882,2717.67328638638,28127000.0640278,0.146390052249116,0.146390052249116,1500,-13588366.4319317,-882574.375984464,3.285520154,20365348
2,lap_scale_decrease,10000,2,0.2,1.8,1e-06,100,7,0.15,1500,0,2,879102,879102,0,32950647,32950647,4478.4437993166,1566.78186409908,2687.06627958996,28449389.1708072,0.136606052961351,0.136606052961351,1500,-13435331.39795,-68442.0896285174,3.226013052,20470077
3,lap_scale_decrease,10000,2,0.2,1.8,1e-06,100,7,0.15,1500,0,2,879102,879102,0,32950647,32950647,4497.87668224061,1557.03844376884,2698.72600934436,28231617.2819867,0.143215085215575,0.143215085215575,1500,-13493630.0467216,-663459.107318107,3.242662753,20574806
4,lap_scale_decrease,10000,2,0.2,1.8,1e-06,100,7,0.15,1500,0,2,879102,879102,0,32950647,32950647,4525.82806182208,1555.9376840402,2715.49683709325,28181705.4082121,0.144729831611135,0.144729831611135,1500,-13577484.1854658,-729340.589897699,3.288808453,20679535
0,lap_count_increase,10000,2,0.2,1.8,1e-06,100,7,0.15,1500,0,2,879102,879102,0,32950647,32950647,4571.0109823594,1547.11766785329,2742.60658941564,41861888.6659456,0.270442084671223,0.270442084671223,1484,27206318,-472593.002163717,3.227131352,20260619
1,lap_count_increase,10000,2,0.2,1.8,1e-06,100,7,0.15,1500,0,2,879102,879102,0,32950647,32950647,4529.45547731064,1549.7373136882,2717.67328638638,42507565.5413383,0.290037356211498,0.290037356211498,1483,29553330,-882574.375984464,3.291124954,20365348
2,lap_count_increase,10000,2,0.2,1.8,1e-06,100,7,0.15,1500,0,2,879102,879102,0,32950647,32950647,4478.4437993166,1566.78186409908,2687.06627958996,42091512.9701238,0.277410818977963,0.277410818977963,1487,27491040,-68442.0896285174,3.222633052,20470077
3,lap_count_increase,10000,2,0.2,1.8,1e-06,100,7,0.15,1500,0,2,879102,879102,0,32950647,32950647,4497.87668224061,1557.03844376884,2698.72600934436,42076865.2975607,0.276966285292083,0.276966285292083,1485,28042114,-663459.107318107,3.163463152,20574806
4,lap_count_increase,10000,2,0.2,1.8,1e-06,100,7,0.15,1500,0,2,879102,879102,0,32950647,32950647,4525.82806182208,1555.9376840402,2715.49683709325,42646212.8033676,0.294245081238242,0.294245081238242,1485,29816038,-729340.589897699,3.262715753,20679535
0,lap_count_decrease,10000,2,0.2,1.8,1e-06,100,7,0.15,1500,0,2,879102,879102,0,32950647,32950647,4571.0109823594,1547.11766785329,2742.60658941564,23724343.3326121,0.280003717905385,0.280003717905385,1484,-27206318,-472593.002163717,3.199063953,20260619
1,lap_count_decrease,10000,2,0.2,1.8,1e-06,100,7,0.15,1500,0,2,879102,879102,0,32950647,32950647,4529.45547731064,1549.7373136882,2717.67328638638,22805345.5413386,0.307893846778226,0.307893846778226,1483,-29553330,-882574.375984464,3.293425654,20365348
2,lap_count_decrease,10000,2,0.2,1.8,1e-06,100,7,0.15,1500,0,2,879102,879102,0,32950647,32950647,4478.4437993166,1566.78186409908,2687.06627958996,23764152.9701239,0.278795558396048,0.278795558396048,1487,-27491040,-68442.0896285174,3.467635156,20470077
3,lap_count_decrease,10000,2,0.2,1.8,1e-06,100,7,0.15,1500,0,2,879102,879102,0,32950647,32950647,4497.87668224061,1557.03844376884,2698.72600934436,23382122.630894,0.290389574720825,0.290389574720825,1485,-28042114,-663459.107318107,3.239764453,20574806
4,lap_count_decrease,10000,2,0.2,1.8,1e-06,100,7,0.15,1500,0,2,879102,879102,0,32950647,32950647,4525.82806182208,1555.9376840402,2715.49683709325,22768854.1367008,0.309001303170139,0.309001303170139,1485,-29816038,-729340.589897699,3.219407852,20679535
0,lap_fixed_increase,10000,2,0.2,1.8,1e-06,100,7,0.2,2000,0,0.25,879102,879102,0,32950647,32950647,4571.0109823594,1547.11766785329,2742.60658941564,32793282.6659455,0.00477575854745837,0.00477575854745837,2000,500,-472593.002163717,3.228106153,20260619
1,lap_fixed_increase,10000,2,0.2,1.8,1e-06,100,7,0.2,2000,0,0.25,879102,879102,0,32950647,32950647,4529.45547731064,1549.7373136882,2717.67328638638,32656622.2080052,0.00892318721373757,0.00892318721373757,2000,500,-882574.375984464,3.271982754,20365348
2,lap_fixed_increase,10000,2,0.2,1.8,1e-06,100,7,0.2,2000,0,0.25,879102,879102,0,32950647,32950647,4478.4437993166,1566.78186409908,2687.06627958996,32927999.6367905,0.000687311639419543,0.000687311639419543,2000,500,-68442.0896285174,3.212281453,20470077
3,lap_fixed_increase,10000,2,0.2,1.8,1e-06,100,7,0.2,2000,0,0.25,879102,879102,0,32950647,32950647,4497.87668224061,1557.03844376884,2698.72600934436,32729660.6308939,0.00670658664475083,0.00670658664475083,2000,500,-663459.107318107,3.245960953,20574806
4,lap_fixed_increase,10000,2,0.2,1.8,1e-06,100,7,0.2,2000,0,0.25,879102,879102,0,32950647,32950647,4525.82806182208,1555.9376840402,2715.49683709325,32707700.1367009,0.00737305289632259,0.00737305289632259,2000,500,-729340.589897699,3.245577653,20679535
0,lap_fixed_decrease,10000,2,0.2,1.8,1e-06,100,7,0.2,2000,0,0.25,879102,879102,0,32950647,32950647,4571.0109823594,1547.11766785329,2742.60658941564,32792949.3326121,0.00478587468670552,0.00478587468670552,2000,-500,-472593.002163717,3.257628654,20260619
1,lap_fixed_decrease,10000,2,0.2,1.8,1e-06,100,7,0.2,2000,0,0.25,879102,879102,0,32950647,32950647,4529.45547731064,1549.7373136882,2717.67328638638,32656288.8746719,0.00893330335298461,0.00893330335298461,2000,-500,-882574.375984464,3.354563655,20365348
2,lap_fixed_decrease,10000,2,0.2,1.8,1e-06,100,7,0.2,2000,0,0.25,879102,879102,0,32950647,32950647,4478.4437993166,1566.78186409908,2687.06627958996,32927666.3034572,0.000697427778666697,0.000697427778666697,2000,-500,-68442.0896285174,3.302743654,20470077
3,lap_fixed_decrease,10000,2,0.2,1.8,1e-06,100,7,0.2,2000,0,0.25,879102,879102,0,32950647,32950647,4497.87668224061,1557.03844376884,2698.72600934436,32729327.2975606,0.00671670278399787,0.00671670278399787,2000,-500,-663459.107318107,3.293102054,20574806
4,lap_fixed_decrease,10000,2,0.2,1.8,1e-06,100,7,0.2,2000,0,0.25,879102,879102,0,32950647,32950647,4525.82806182208,1555.9376840402,2715.49683709325,32707366.8033676,0.00738316903556963,0.00738316903556963,2000,-500,-729340.589897699,3.306830954,20679535
0,lap_scale_increase,10000,2,0.2,1.8,1e-06,100,7,0.2,2000,0,0.25,879102,879102,0,32950647,32950647,4571.0109823594,1547.11766785329,2742.60658941564,33554951.1630053,0.0183396751816516,0.0183396751816516,2000,2285505.49117974,-472593.002163717,3.267539854,20260619
1,lap_scale_increase,10000,2,0.2,1.8,1e-06,100,7,0.2,2000,0,0.25,879102,879102,0,32950647,32950647,4529.45547731064,1549.7373136882,2717.67328638638,33411364.7875567,0.0139820558775899,0.0139820558775899,2000,2264727.73865526,-882574.375984464,3.289199354,20365348
2,lap_scale_increase,10000,2,0.2,1.8,1e-06,100,7,0.2,2000,0,0.25,879102,879102,0,32950647,32950647,4478.4437993166,1566.78186409908,2687.06627958996,33674240.2700099,0.0219599108330063,0.0219599108330063,2000,2239221.89965836,-68442.0896285174,3.339570954,20470077
3,lap_scale_increase,10000,2,0.2,1.8,1e-06,100,7,0.2,2000,0,0.25,879102,879102,0,32950647,32950647,4497.87668224061,1557.03844376884,2698.72600934436,33479140.077934,0.0160389287024939,0.0160389287024939,2000,2248938.34112026,-663459.107318107,3.310800154,20574806
4,lap_scale_increase,10000,2,0.2,1.8,1e-06,100,7,0.2,2000,0,0.25,879102,879102,0,32950647,32950647,4525.82806182208,1555.9376840402,2715.49683709325,33461838.1470046,0.0155138424749185,0.0155138424749185,2000,2262914.030911,-729340.589897699,3.308144554,20679535
0,lap_scale_decrease,10000,2,0.2,1.8,1e-06,100,7,0.2,2000,0,0.25,879102,879102,0,32950647,32950647,4571.0109823594,1547.11766785329,2742.60658941564,32031280.8355521,0.0279013084158237,0.0279013084158237,2000,-2285505.49117974,-472593.002163717,3.236635453,20260619
1,lap_scale_decrease,10000,2,0.2,1.8,1e-06,100,7,0.2,2000,0,0.25,879102,879102,0,32950647,32950647,4529.45547731064,1549.7373136882,2717.67328638638,31901546.29512,0.0318385464443242,0.0318385464443242,2000,-2264727.73865526,-882574.375984464,3.304821854,20365348
2,lap_scale_decrease,10000,2,0.2,1.8,1e-06,100,7,0.2,2000,0,0.25,879102,879102,0,32950647,32950647,4478.4437993166,1566.78186409908,2687.06627958996,32181425.6702377,0.0233446502510947,0.0233446502510947,2000,-2239221.89965836,-68442.0896285174,3.260844554,20470077
3,lap_scale_decrease,10000,2,0.2,1.8,1e-06,100,7,0.2,2000,0,0.25,879102,879102,0,32950647,32950647,4497.87668224061,1557.03844376884,2698.72600934436,31979847.8505205,0.0294622181312406,0.0294622181312406,2000,-2248938.34112026,-663459.107318107,3.282165053,20574806
4,lap_scale_decrease,10000,2,0.2,1.8,1e-06,100,7,0.2,2000,0,0.25,879102,879102,0,32950647,32950647,4525.82806182208,1555.9376840402,2715.49683709325,31953228.7930639,0.0302700644068106,0.0302700644068106,2000,-2262914.030911,-729340.589897699,3.260823253,20679535
0,lap_count_increase,10000,2,0.2,1.8,1e-06,100,7,0.2,2000,0,0.25,879102,879102,0,32950647,32950647,4571.0109823594,1547.11766785329,2742.60658941564,34349249.0826122,0.0424453602568773,0.0424453602568773,1982,4668399.25,-472593.002163717,3.235141653,20260619
1,lap_count_increase,10000,2,0.2,1.8,1e-06,100,7,0.2,2000,0,0.25,879102,879102,0,32950647,32950647,4529.45547731064,1549.7373136882,2717.67328638638,34339301.2080052,0.0421434580026677,0.0421434580026677,1977,5048537,-882574.375984464,3.280033654,20365348
2,lap_count_increase,10000,2,0.2,1.8,1e-06,100,7,0.2,2000,0,0.25,879102,879102,0,32950647,32950647,4478.4437993166,1566.78186409908,2687.06627958996,34491159.3867905,0.0467521134498652,0.0467521134498652,1979,4689979.25,-68442.0896285174,3.234659653,20470077
3,lap_count_increase,10000,2,0.2,1.8,1e-06,100,7,0.2,2000,0,0.25,879102,879102,0,32950647,32950647,4497.87668224061,1557.03844376884,2698.72600934436,34288231.6308939,0.0405935771426247,0.0405935771426247,1980,4676213,-663459.107318107,3.217693552,20574806
4,lap_count_increase,10000,2,0.2,1.8,1e-06,100,7,0.2,2000,0,0.25,879102,879102,0,32950647,32950647,4525.82806182208,1555.9376840402,2715.49683709325,34436321.3033676,0.0450878643860206,0.0450878643860206,1982,5186363.5,-729340.589897699,3.227173453,20679535
0,lap_count_decrease,10000,2,0.2,1.8,1e-06,100,7,0.2,2000,0,0.25,879102,879102,0,32950647,32950647,4571.0109823594,1547.11766785329,2742.60658941564,31236982.9159454,0.05200699349104,0.05200699349104,1982,-4668399.25,-472593.002163717,3.360008755,20260619
1,lap_count_decrease,10000,2,0.2,1.8,1e-06,100,7,0.2,2000,0,0.25,879102,879102,0,32950647,32950647,4529.45547731064,1549.7373136882,2717.67328638638,30973609.8746719,0.0599999485693885,0.0599999485693885,1977,-5048537,-882574.375984464,3.210929452,20365348
2,lap_count_decrease,10000,2,0.2,1.8,1e-06,100,7,0.2,2000,0,0.25,879102,879102,0,32950647,32950647,4478.4437993166,1566.78186409908,2687.06627958996,31364506.5534572,0.0481368528679522,0.0481368528679522,1979,-4689979.25,-68442.0896285174,3.201928552,20470077
3,lap_count_decrease,10000,2,0.2,1.8,1e-06,100,7,0.2,2000,0,0.25,879102,879102,0,32950647,32950647,4497.87668224061,1557.03844376884,2698.72600934436,31170756.2975606,0.0540168665713735,0.0540168665713735,1980,-4676213,-663459.107318107,3.295744154,20574806
4,lap_count_decrease,10000,2,0.2,1.8,1e-06,100,7,0.2,2000,0,0.25,879102,879102,0,32950647,32950647,4525.82806182208,1555.9376840402,2715.49683709325,30978745.6367009,0.0598440863179124,0.0598440863179124,1982,-5186363.5,-729340.589897699,3.399894655,20679535
0,lap_fixed_increase,10000,2,0.2,1.8,1e-06,100,7,0.2,2000,0,0.5,879102,879102,0,32950647,32950647,4571.0109823594,1547.11766785329,2742.60658941564,32793449.3326121,0.0047707004778349,0.0047707004778349,2000,1000,-472593.002163717,3.183210352,20260619
1,lap_fixed_increase,10000,2,0.2,1.8,1e-06,100,7,0.2,2000,0,0.5,879102,879102,0,32950647,32950647,4529.45547731064,1549.7373136882,2717.67328638638,32656788.8746719,0.008918129144114,0.008918129144114,2000,1000,-882574.375984464,3.337567055,20365348
2,lap_fixed_increase,10000,2,0.2,1.8,1e-06,100,7,0.2,2000,0,0.5,879102,879102,0,32950647,32950647,4478.4437993166,1566.78186409908,2687.06627958996,32928166.3034572,0.000682253569796079,0.000682253569796079,2000,1000,-68442.0896285174,3.294120754,20470077
3,lap_fixed_increase,10000,2,0.2,1.8,1e-06,100,7,0.2,2000,0,0.5,879102,879102,0,32950647,32950647,4497.87668224061,1557.03844376884,2698.72600934436,32729827.2975606,0.00670152857512725,0.00670152857512725,2000,1000,-663459.107318107,3.313046855,20574806
4,lap_fixed_increase,10000,2,0.2,1.8,1e-06,100,7,0.2,2000,0,0.5,879102,879102,0,32950647,32950647,4525.82806182208,1555.9376840402,2715.49683709325,32707866.8033676,0.00736799482669901,0.00736799482669901,2000,1000,-729340.589897699,3.298984554,20679535
0,lap_fixed_decrease,10000,2,0.2,1.8,1e-06,100,7,0.2,2000,0,0.5,879102,879102,0,32950647,32950647,4571.0109823594,1547.11766785329,2742.60658941564,32792782.6659455,0.00479093275632899,0.00479093275632899,2000,-1000,-472593.002163717,3.268795553,20260619
1,lap_fixed_decrease,10000,2,0.2,1.8,1e-06,100,7,0.2,2000,0,0.5,879102,879102,0,32950647,32950647,4529.45547731064,1549.7373136882,2717.67328638638,32656122.2080052,0.00893836142260819,0.00893836142260819,2000,-1000,-882574.375984464,3.436944356,20365348
2,lap_fixed_decrease,10000,2,0.2,1.8,1e-06,100,7,0.2,2000,0,0.5,879102,879102,0,32950647,32950647,4478.4437993166,1566.78186409908,2687.06627958996,32927499.6367905,0.000702485848290161,0.000702485848290161,2000,-1000,-68442.0896285174,3.312560655,20470077
3,lap_fixed_decrease,10000,2,0.2,1.8,1e-06,100,7,0.2,2000,0,0.5,879102,879102,0,32950647,32950647,4497.87668224061,1557.03844376884,2698.72600934436,32729160.6308939,0.00672176085362145,0.00672176085362145,2000,-1000,-663459.107318107,3.263166453,20574806
4,lap_fixed_decrease,10000,2,0.2,1.8,1e-06,100,7,0.2,2000,0,0.5,879102,879102,0,32950647,32950647,4525.82806182208,1555.9376840402,2715.49683709325,32707200.1367009,0.0073882271051932,0.0073882271051932,2000,-1000,-729340.589897699,3.266911554,20679535
0,lap_scale_increase,10000,2,0.2,1.8,1e-06,100,7,0.2,2000,0,0.5,879102,879102,0,32950647,32950647,4571.0109823594,1547.11766785329,2742.60658941564,34316786.3267319,0.0414601669803899,0.0414601669803899,2000,4571010.98235948,-472593.002163717,3.231000253,20260619
1,lap_scale_increase,10000,2,0.2,1.8,1e-06,100,7,0.2,2000,0,0.5,879102,879102,0,32950647,32950647,4529.45547731064,1549.7373136882,2717.67328638638,34166274.0337753,0.0368923570385518,0.0368923570385518,2000,4529455.47731052,-882574.375984464,3.287272654,20365348
2,lap_scale_increase,10000,2,0.2,1.8,1e-06,100,7,0.2,2000,0,0.5,879102,879102,0,32950647,32950647,4478.4437993166,1566.78186409908,2687.06627958996,34420647.569896,0.0446121913750583,0.0446121913750583,2000,4478443.79931672,-68442.0896285174,3.264915854,20470077
3,lap_scale_increase,10000,2,0.2,1.8,1e-06,100,7,0.2,2000,0,0.5,879102,879102,0,32950647,32950647,4497.87668224061,1557.03844376884,2698.72600934436,34228786.1916408,0.0387895021193619,0.0387895021193619,2000,4497876.68224053,-663459.107318107,3.311183054,20574806
4,lap_scale_increase,10000,2,0.2,1.8,1e-06,100,7,0.2,2000,0,0.5,879102,879102,0,32950647,32950647,4525.82806182208,1555.9376840402,2715.49683709325,34216142.8239749,0.0384057959157811,0.0384057959157811,2000,4525828.06182199,-729340.589897699,3.253498453,20679535
0,lap_scale_decrease,10000,2,0.2,1.8,1e-06,100,7,0.2,2000,0,0.5,879102,879102,0,32950647,32950647,4571.0109823594,1547.11766785329,2742.60658941564,31269445.6718255,0.0510218002145604,0.0510218002145604,2000,-4571010.98235948,-472593.002163717,3.252289853,20260619
1,lap_scale_decrease,10000,2,0.2,1.8,1e-06,100,7,0.2,2000,0,0.5,879102,879102,0,32950647,32950647,4529.45547731064,1549.7373136882,2717.67328638638,31146637.0489016,0.0547488476052811,0.0547488476052811,2000,-4529455.47731052,-882574.375984464,3.269307053,20365348
2,lap_scale_decrease,10000,2,0.2,1.8,1e-06,100,7,0.2,2000,0,0.5,879102,879102,0,32950647,32950647,4478.4437993166,1566.78186409908,2687.06627958996,31435018.3703516,0.0459969307931457,0.0459969307931457,2000,-4478443.79931672,-68442.0896285174,3.232097453,20470077
3,lap_scale_decrease,10000,2,0.2,1.8,1e-06,100,7,0.2,2000,0,0.5,879102,879102,0,32950647,32950647,4497.87668224061,1557.03844376884,2698.72600934436,31230201.7368138,0.0522127915481068,0.0522127915481068,2000,-4497876.68224053,-663459.107318107,3.272997653,20574806
4,lap_scale_decrease,10000,2,0.2,1.8,1e-06,100,7,0.2,2000,0,0.5,879102,879102,0,32950647,32950647,4525.82806182208,1555.9376840402,2715.49683709325,31198924.1160935,0.0531620178476772,0.0531620178476772,2000,-4525828.06182199,-729340.589897699,3.280695853,20679535
0,lap_count_increase,10000,2,0.2,1.8,1e-06,100,7,0.2,2000,0,0.5,879102,879102,0,32950647,32950647,4571.0109823594,1547.11766785329,2742.60658941564,35905382.1659455,0.0896715371308352,0.0896715371308352,1982,9336798.5,-472593.002163717,3.197479252,20260619
1,lap_count_increase,10000,2,0.2,1.8,1e-06,100,7,0.2,2000,0,0.5,879102,879102,0,32950647,32950647,4529.45547731064,1549.7373136882,2717.67328638638,36022146.8746719,0.0932151612886964,0.0932151612886964,1977,10097074,-882574.375984464,3.279255154,20365348
2,lap_count_increase,10000,2,0.2,1.8,1e-06,100,7,0.2,2000,0,0.5,879102,879102,0,32950647,32950647,4478.4437993166,1566.78186409908,2687.06627958996,36054485.8034571,0.0941965966087741,0.0941965966087741,1979,9379958.5,-68442.0896285174,3.289565154,20470077
3,lap_count_increase,10000,2,0.2,1.8,1e-06,100,7,0.2,2000,0,0.5,879102,879102,0,32950647,32950647,4497.87668224061,1557.03844376884,2698.72600934436,35846969.2975606,0.0878987989996243,0.0878987989996243,1980,9352426,-663459.107318107,3.246615853,20574806
4,lap_count_increase,10000,2,0.2,1.8,1e-06,100,7,0.2,2000,0,0.5,879102,879102,0,32950647,32950647,4525.82806182208,1555.9376840402,2715.49683709325,36165109.136701,0.097553839737986,0.097553839737986,1982,10372727,-729340.589897699,3.236373553,20679535
0,lap_count_decrease,10000,2,0.2,1.8,1e-06,100,7,0.2,2000,0,0.5,879102,879102,0,32950647,32950647,4571.0109823594,1547.11766785329,2742.60658941564,29680849.8326122,0.0992331703649961,0.0992331703649961,1982,-9336798.5,-472593.002163717,3.265720354,20260619
1,lap_count_decrease,10000,2,0.2,1.8,1e-06,100,7,0.2,2000,0,0.5,879102,879102,0,32950647,32950647,4529.45547731064,1549.7373136882,2717.67328638638,29290764.2080052,0.11107165185542,0.11107165185542,1977,-10097074,-882574.375984464,3.288460554,20365348
2,lap_count_decrease,10000,2,0.2,1.8,1e-06,100,7,0.2,2000,0,0.5,879102,879102,0,32950647,32950647,4478.4437993166,1566.78186409908,2687.06627958996,29801180.1367905,0.0955813360268609,0.0955813360268609,1979,-9379958.5,-68442.0896285174,3.313523654,20470077
3,lap_count_decrease,10000,2,0.2,1.8,1e-06,100,7,0.2,2000,0,0.5,879102,879102,0,32950647,32950647,4497.87668224061,1557.03844376884,2698.72600934436,29612018.630894,0.101322088428371,0.101322088428371,1980,-9352426,-663459.107318107,3.301300055,20574806
4,lap_count_decrease,10000,2,0.2,1.8,1e-06,100,7,0.2,2000,0,0.5,879102,879102,0,32950647,32950647,4525.82806182208,1555.9376840402,2715.49683709325,29249957.8033676,0.11231006166988,0.11231006166988,1982,-10372727,-729340.589897699,3.239417753,20679535
0,lap_fixed_increase,10000,2,0.2,1.8,1e-06,100,7,0.2,2000,0,1,879102,879102,0,32950647,32950647,4571.0109823594,1547.11766785329,2742.60658941564,32793782.6659455,0.00476058433858775,0.00476058433858775,2000,2000,-472593.002163717,3.246406253,20260619
1,lap_fixed_increase,10000,2,0.2,1.8,1e-06,100,7,0.2,2000,0,1,879102,879102,0,32950647,32950647,4529.45547731064,1549.7373136882,2717.67328638638,32657122.2080052,0.00890801300486696,0.00890801300486696,2000,2000,-882574.375984464,3.469555657,20365348
2,lap_fixed_increase,10000,2,0.2,1.8,1e-06,100,7,0.2,2000,0,1,879102,879102,0,32950647,32950647,4478.4437993166,1566.78186409908,2687.06627958996,32928499.6367905,0.000672137430548925,0.000672137430548925,2000,2000,-68442.0896285174,3.300732654,20470077
3,lap_fixed_increase,10000,2,0.2,1.8,1e-06,100,7,0.2,2000,0,1,879102,879102,0,32950647,32950647,4497.87668224061,1557.03844376884,2698.72600934436,32730160.6308939,0.00669141243588021,0.00669141243588021,2000,2000,-663459.107318107,3.273626353,20574806
4,lap_fixed_increase,10000,2,0.2,1.8,1e-06,100,7,0.2,2000,0,1,879102,879102,0,32950647,32950647,4525.82806182208,1555.9376840402,2715.49683709325,32708200.1367009,0.00735787868745197,0.00735787868745197,2000,2000,-729340.589897699,3.331721954,20679535
0,lap_fixed_decrease,10000,2,0.2,1.8,1e-06,100,7,0.2,2000,0,1,879102,879102,0,32950647,32950647,4571.0109823594,1547.11766785329,2742.60658941564,32792449.3326121,0.00480104889557614,0.00480104889557614,2000,-2000,-472593.002163717,3.242382053,20260619
1,lap_fixed_decrease,10000,2,0.2,1.8,1e-06,100,7,0.2,2000,0,1,879102,879102,0,32950647,32950647,4529.45547731064,1549.7373136882,2717.67328638638,32655788.8746719,0.00894847756185523,0.00894847756185523,2000,-2000,-882574.375984464,3.302821054,20365348
2,lap_fixed_decrease,10000,2,0.2,1.8,1e-06,100,7,0.2,2000,0,1,879102,879102,0,32950647,32950647,4478.4437993166,1566.78186409908,2687.06627958996,32927166.3034572,0.000712601987537314,0.000712601987537314,2000,-2000,-68442.0896285174,3.178308752,20470077
3,lap_fixed_decrease,10000,2,0.2,1.8,1e-06,100,7,0.2,2000,0,1,879102,879102,0,32950647,32950647,4497.87668224061,1557.03844376884,2698.72600934436,32728827.2975606,0.00673187699286849,0.00673187699286849,2000,-2000,-663459.107318107,3.207623752,20574806
4,lap_fixed_decrease,10000,2,0.2,1.8,1e-06,100,7,0.2,2000,0,1,879102,879102,0,32950647,32950647,4525.82806182208,1555.9376840402,2715.49683709325,32706866.8033676,0.00739834324444025,0.00739834324444025,2000,-2000,-729340.589897699,3.221113552,20679535
0,lap_scale_increase,10000,2,0.2,1.8,1e-06,100,7,0.2,2000,0,1,879102,879102,0,32950647,32950647,4571.0109823594,1547.11766785329,2742.60658941564,35840456.654185,0.0877011505778624,0.0877011505778624,2000,9142021.96471897,-472593.002163717,3.200888652,20260619
1,lap_scale_increase,10000,2,0.2,1.8,1e-06,100,7,0.2,2000,0,1,879102,879102,0,32950647,32950647,4529.45547731064,1549.7373136882,2717.67328638638,35676092.5262122,0.0827129593604702,0.0827129593604702,2000,9058910.95462103,-882574.375984464,3.230828253,20365348
2,lap_scale_increase,10000,2,0.2,1.8,1e-06,100,7,0.2,2000,0,1,879102,879102,0,32950647,32950647,4478.4437993166,1566.78186409908,2687.06627958996,35913462.1696681,0.0899167524591586,0.0899167524591586,2000,8956887.59863343,-68442.0896285174,3.240306853,20470077
3,lap_scale_increase,10000,2,0.2,1.8,1e-06,100,7,0.2,2000,0,1,879102,879102,0,32950647,32950647,4497.87668224061,1557.03844376884,2698.72600934436,35728078.4190544,0.0842906489530952,0.0842906489530952,2000,8995753.36448106,-663459.107318107,3.322337254,20574806
4,lap_scale_increase,10000,2,0.2,1.8,1e-06,100,7,0.2,2000,0,1,879102,879102,0,32950647,32950647,4525.82806182208,1555.9376840402,2715.49683709325,35724752.1779156,0.084189702797509,0.084189702797509,2000,9051656.12364398,-729340.589897699,3.191367052,20679535
0,lap_scale_decrease,10000,2,0.2,1.8,1e-06,100,7,0.2,2000,0,1,879102,879102,0,32950647,32950647,4571.0109823594,1547.11766785329,2742.60658941564,29745775.3443723,0.0972627838120343,0.0972627838120343,2000,-9142021.96471897,-472593.002163717,3.182980152,20260619
1,lap_scale_decrease,10000,2,0.2,1.8,1e-06,100,7,0.2,2000,0,1,879102,879102,0,32950647,32950647,4529.45547731064,1549.7373136882,2717.67328638638,29636818.5564647,0.100569449927198,0.100569449927198,2000,-9058910.95462103,-882574.375984464,3.185318352,20365348
2,lap_scale_decrease,10000,2,0.2,1.8,1e-06,100,7,0.2,2000,0,1,879102,879102,0,32950647,32950647,4478.4437993166,1566.78186409908,2687.06627958996,29942203.7705794,0.0913014918772482,0.0913014918772482,2000,-8956887.59863343,-68442.0896285174,3.183097452,20470077
3,lap_scale_decrease,10000,2,0.2,1.8,1e-06,100,7,0.2,2000,0,1,879102,879102,0,32950647,32950647,4497.87668224061,1557.03844376884,2698.72600934436,29730909.5094002,0.0977139383818423,0.0977139383818423,2000,-8995753.36448106,-663459.107318107,3.178350252,20574806
4,lap_scale_decrease,10000,2,0.2,1.8,1e-06,100,7,0.2,2000,0,1,879102,879102,0,32950647,32950647,4525.82806182208,1555.9376840402,2715.49683709325,29690314.7621527,0.0989459247294069,0.0989459247294069,2000,-9051656.12364398,-729340.589897699,3.226134552,20679535
0,lap_count_increase,10000,2,0.2,1.8,1e-06,100,7,0.2,2000,0,1,879102,879102,0,32950647,32950647,4571.0109823594,1547.11766785329,2742.60658941564,39017648.3326122,0.184123890878751,0.184123890878751,1982,18673597,-472593.002163717,3.10266215,20260619
1,lap_count_increase,10000,2,0.2,1.8,1e-06,100,7,0.2,2000,0,1,879102,879102,0,32950647,32950647,4529.45547731064,1549.7373136882,2717.67328638638,39387838.208005,0.195358567860748,0.195358567860748,1977,20194148,-882574.375984464,3.206852753,20365348
2,lap_count_increase,10000,2,0.2,1.8,1e-06,100,7,0.2,2000,0,1,879102,879102,0,32950647,32950647,4478.4437993166,1566.78186409908,2687.06627958996,39181138.6367904,0.189085562926593,0.189085562926593,1979,18759917,-68442.0896285174,3.209521152,20470077
3,lap_count_increase,10000,2,0.2,1.8,1e-06,100,7,0.2,2000,0,1,879102,879102,0,32950647,32950647,4497.87668224061,1557.03844376884,2698.72600934436,38964444.630894,0.182509242713624,0.182509242713624,1980,18704852,-663459.107318107,3.284371354,20574806
4,lap_count_increase,10000,2,0.2,1.8,1e-06,100,7,0.2,2000,0,1,879102,879102,0,32950647,32950647,4525.82806182208,1555.9376840402,2715.49683709325,39622684.8033675,0.202485790441916,0.202485790441916,1982,20745454,-729340.589897699,3.283117454,20679535
0,lap_count_decrease,10000,2,0.2,1.8,1e-06,100,7,0.2,2000,0,1,879102,879102,0,32950647,32950647,4571.0109823594,1547.11766785329,2742.60658941564,26568583.6659454,0.193685524112912,0.193685524112912,1982,-18673597,-472593.002163717,3.216726752,20260619
1,lap_count_decrease,10000,2,0.2,1.8,1e-06,100,7,0.2,2000,0,1,879102,879102,0,32950647,32950647,4529.45547731064,1549.7373136882,2717.67328638638,25925072.8746719,0.213215058427475,0.213215058427475,1977,-20194148,-882574.375984464,3.237988653,20365348
2,lap_count_decrease,10000,2,0.2,1.8,1e-06,100,7,0.2,2000,0,1,879102,879102,0,32950647,32950647,4478.4437993166,1566.78186409908,2687.06627958996,26674527.3034572,0.190470302344678,0.190470302344678,1979,-18759917,-68442.0896285174,3.188363852,20470077
3,lap_count_decrease,10000,2,0.2,1.8,1e-06,100,7,0.2,2000,0,1,879102,879102,0,32950647,32950647,4497.87668224061,1557.03844376884,2698.72600934436,26494543.2975606,0.195932532142369,0.195932532142369,1980,-18704852,-663459.107318107,3.346739355,20574806
4,lap_count_decrease,10000,2,0.2,1.8,1e-06,100,7,0.2,2000,0,1,879102,879102,0,32950647,32950647,4525.82806182208,1555.9376840402,2715.49683709325,25792382.1367009,0.217242012373812,0.217242012373812,1982,-20745454,-729340.589897699,3.312336754,20679535
0,lap_fixed_increase,10000,2,0.2,1.8,1e-06,100,7,0.2,2000,0,2,879102,879102,0,32950647,32950647,4571.0109823594,1547.11766785329,2742.60658941564,32794449.3326121,0.00474035206009389,0.00474035206009389,2000,4000,-472593.002163717,3.144583651,20260619
1,lap_fixed_increase,10000,2,0.2,1.8,1e-06,100,7,0.2,2000,0,2,879102,879102,0,32950647,32950647,4529.45547731064,1549.7373136882,2717.67328638638,32657788.8746719,0.00888778072637276,0.00888778072637276,2000,4000,-882574.375984464,3.177941753,20365348
2,lap_fixed_increase,10000,2,0.2,1.8,1e-06,100,7,0.2,2000,0,2,879102,879102,0,32950647,32950647,4478.4437993166,1566.78186409908,2687.06627958996,32929166.3034572,0.000651905152054843,0.000651905152054843,2000,4000,-68442.0896285174,3.186299452,20470077
3,lap_fixed_increase,10000,2,0.2,1.8,1e-06,100,7,0.2,2000,0,2,879102,879102,0,32950647,32950647,4497.87668224061,1557.03844376884,2698.72600934436,32730827.2975606,0.00667118015738602,0.00667118015738602,2000,4000,-663459.107318107,3.180236052,20574806
4,lap_fixed_increase,10000,2,0.2,1.8,1e-06,100,7,0.2,2000,0,2,879102,879102,0,32950647,32950647,4525.82806182208,1555.9376840402,2715.49683709325,32708866.8033676,0.00733764640895777,0.00733764640895777,2000,4000,-729340.589897699,3.192976253,20679535
0,lap_fixed_decrease,10000,2,0.2,1.8,1e-06,100,7,0.2,2000,0,2,879102,879102,0,32950647,32950647,4571.0109823594,1547.11766785329,2742.60658941564,32791782.6659455,0.00482128117407022,0.00482128117407022,2000,-4000,-472593.002163717,3.153712552,20260619
1,lap_fixed_decrease,10000,2,0.2,1.8,1e-06,100,7,0.2,2000,0,2,879102,879102,0,32950647,32950647,4529.45547731064,1549.7373136882,2717.67328638638,32655122.2080052,0.00896870984034943,0.00896870984034943,2000,-4000,-882574.375984464,3.236256653,20365348
2,lap_fixed_decrease,10000,2,0.2,1.8,1e-06,100,7,0.2,2000,0,2,879102,879102,0,32950647,32950647,4478.4437993166,1566.78186409908,2687.06627958996,32926499.6367905,0.000732834266031396,0.000732834266031396,2000,-4000,-68442.0896285174,3.177549452,20470077
3,lap_fixed_decrease,10000,2,0.2,1.8,1e-06,100,7,0.2,2000,0,2,879102,879102,0,32950647,32950647,4497.87668224061,1557.03844376884,2698.72600934436,32728160.6308939,0.00675210927136268,0.00675210927136268,2000,-4000,-663459.107318107,3.185275852,20574806
4,lap_fixed_decrease,10000,2,0.2,1.8,1e-06,100,7,0.2,2000,0,2,879102,879102,0,32950647,32950647,4525.82806182208,1555.9376840402,2715.49683709325,32706200.1367009,0.00741857552293444,0.00741857552293444,2000,-4000,-729340.589897699,3.245432153,20679535
0,lap_scale_increase,10000,2,0.2,1.8,1e-06,100,7,0.2,2000,0,2,879102,879102,0,32950647,32950647,4571.0109823594,1547.11766785329,2742.60658941564,38887797.3090912,0.180183117772807,0.180183117772807,2000,18284043.9294379,-472593.002163717,3.165614852,20260619
1,lap_scale_increase,10000,2,0.2,1.8,1e-06,100,7,0.2,2000,0,2,879102,879102,0,32950647,32950647,4529.45547731064,1549.7373136882,2717.67328638638,38695729.5110859,0.174354164004304,0.174354164004304,2000,18117821.9092421,-882574.375984464,3.204124652,20365348
2,lap_scale_increase,10000,2,0.2,1.8,1e-06,100,7,0.2,2000,0,2,879102,879102,0,32950647,32950647,4478.4437993166,1566.78186409908,2687.06627958996,38899091.3692126,0.180525874627365,0.180525874627365,2000,17913775.1972669,-68442.0896285174,3.171047152,20470077
3,lap_scale_increase,10000,2,0.2,1.8,1e-06,100,7,0.2,2000,0,2,879102,879102,0,32950647,32950647,4497.87668224061,1557.03844376884,2698.72600934436,38726662.8738814,0.175292942620561,0.175292942620561,2000,17991506.7289621,-663459.107318107,3.206929252,20574806
4,lap_scale_increase,10000,2,0.2,1.8,1e-06,100,7,0.2,2000,0,2,879102,879102,0,32950647,32950647,4525.82806182208,1555.9376840402,2715.49683709325,38741970.8857969,0.175757516560963,0.175757516560963,2000,18103312.247288,-729340.589897699,3.208476552,20679535
0,lap_scale_decrease,10000,2,0.2,1.8,1e-06,100,7,0.2,2000,0,2,879102,879102,0,32950647,32950647,4571.0109823594,1547.11766785329,2742.60658941564,26698434.6894662,0.189744751006976,0.189744751006976,2000,-18284043.9294379,-472593.002163717,3.198343052,20260619
1,lap_scale_decrease,10000,2,0.2,1.8,1e-06,100,7,0.2,2000,0,2,879102,879102,0,32950647,32950647,4529.45547731064,1549.7373136882,2717.67328638638,26617181.5715909,0.192210654571035,0.192210654571035,2000,-18117821.9092421,-882574.375984464,3.173929152,20365348
2,lap_scale_decrease,10000,2,0.2,1.8,1e-06,100,7,0.2,2000,0,2,879102,879102,0,32950647,32950647,4478.4437993166,1566.78186409908,2687.06627958996,26956574.571035,0.181910614045453,0.181910614045453,2000,-17913775.1972669,-68442.0896285174,3.198322953,20470077
3,lap_scale_decrease,10000,2,0.2,1.8,1e-06,100,7,0.2,2000,0,2,879102,879102,0,32950647,32950647,4497.87668224061,1557.03844376884,2698.72600934436,26732325.0545732,0.188716232049307,0.188716232049307,2000,-17991506.7289621,-663459.107318107,3.208952452,20574806
4,lap_scale_decrease,10000,2,0.2,1.8,1e-06,100,7,0.2,2000,0,2,879102,879102,0,32950647,32950647,4525.82806182208,1555.9376840402,2715.49683709325,26673096.0542713,0.190513738492864,0.190513738492864,2000,-18103312.247288,-729340.589897699,3.267865553,20679535
0,lap_count_increase,10000,2,0.2,1.8,1e-06,100,7,0.2,2000,0,2,879102,879102,0,32950647,32950647,4571.0109823594,1547.11766785329,2742.60658941564,45242180.6659455,0.373028598374579,0.373028598374579,1982,37347194,-472593.002163717,3.134677051,20260619
1,lap_count_increase,10000,2,0.2,1.8,1e-06,100,7,0.2,2000,0,2,879102,879102,0,32950647,32950647,4529.45547731064,1549.7373136882,2717.67328638638,46119220.8746715,0.399645381004855,0.399645381004855,1977,40388296,-882574.375984464,3.183812552,20365348
2,lap_count_increase,10000,2,0.2,1.8,1e-06,100,7,0.2,2000,0,2,879102,879102,0,32950647,32950647,4478.4437993166,1566.78186409908,2687.06627958996,45434444.303457,0.378863495562228,0.378863495562228,1979,37519834,-68442.0896285174,3.236196153,20470077
3,lap_count_increase,10000,2,0.2,1.8,1e-06,100,7,0.2,2000,0,2,879102,879102,0,32950647,32950647,4497.87668224061,1557.03844376884,2698.72600934436,45199395.2975607,0.371730130141624,0.371730130141624,1980,37409704,-663459.107318107,3.222955052,20574806
4,lap_count_increase,10000,2,0.2,1.8,1e-06,100,7,0.2,2000,0,2,879102,879102,0,32950647,32950647,4525.82806182208,1555.9376840402,2715.49683709325,46537836.1367007,0.412349691849773,0.412349691849773,1982,41490908,-729340.589897699,3.206814152,20679535
0,lap_count_decrease,10000,2,0.2,1.8,1e-06,100,7,0.2,2000,0,2,879102,879102,0,32950647,32950647,4571.0109823594,1547.11766785329,2742.60658941564,20344051.332612,0.382590231608746,0.382590231608746,1982,-37347194,-472593.002163717,3.247506153,20260619
1,lap_count_decrease,10000,2,0.2,1.8,1e-06,100,7,0.2,2000,0,2,879102,879102,0,32950647,32950647,4529.45547731064,1549.7373136882,2717.67328638638,19193690.2080052,0.417501871571589,0.417501871571589,1977,-40388296,-882574.375984464,3.356952655,20365348
2,lap_count_decrease,10000,2,0.2,1.8,1e-06,100,7,0.2,2000,0,2,879102,879102,0,32950647,32950647,4478.4437993166,1566.78186409908,2687.06627958996,20421221.6367905,0.380248234980318,0.380248234980318,1979,-37519834,-68442.0896285174,3.308004254,20470077
3,lap_count_decrease,10000,2,0.2,1.8,1e-06,100,7,0.2,2000,0,2,879102,879102,0,32950647,32950647,4497.87668224061,1557.03844376884,2698.72600934436,20259592.630894,0.385153419570367,0.385153419570367,1980,-37409704,-663459.107318107,3.276912254,20574806
4,lap_count_decrease,10000,2,0.2,1.8,1e-06,100,7,0.2,2000,0,2,879102,879102,0,32950647,32950647,4525.82806182208,1555.9376840402,2715.49683709325,18877230.8033675,0.427105913781679,0.427105913781679,1982,-41490908,-729340.589897699,3.295752954,20679535
