run,attack,n,eps,eps1,eps2,delta,h_prime,h,mal_ratio,mal_count,orig_poison_prob,lap_strength,edges_clean,edges_protocol,changed_edges,clean_triangles,protocol_triangles,lambda,max_d_tail,max_c_dagger,estimate,rel_clean,rel_protocol,changed_reports,bias_sum,phase2_noise_sum,time_sec,seed
0,none,10000,0.5,0.05,0.45,1e-06,100,2,0,0,0,0,7569,7569,0,7790,7790,11994.2118209498,1799.13177314247,1515.01922487635,-410363.560671919,53.6782491234813,53.6782491234813,0,0,-1254460.68201576,0.0082365,20260619
1,none,10000,0.5,0.05,0.45,1e-06,100,2,0,0,0,0,7569,7569,0,7790,7790,11875.7737825719,1781.36606738579,1765.9844938843,-779999.635531979,101.128322918097,101.128322918097,0,0,-2363368.90659594,0.0117412,20365348
2,none,10000,0.5,0.05,0.45,1e-06,100,2,0,0,0,0,7569,7569,0,7790,7790,11861.2651865741,1779.18977798611,1520.3604913903,-88765.2672247865,12.3947711456722,12.3947711456722,0,0,-289665.801674359,0.008454601,20470077
3,none,10000,0.5,0.05,0.45,1e-06,100,2,0,0,0,0,7569,7569,0,7790,7790,11904.4585929591,1785.66878894386,1585.14422353682,-593529.090740296,77.1911541386772,77.1911541386772,0,0,-1803957.27222088,0.0082227,20574806
4,none,10000,0.5,0.05,0.45,1e-06,100,2,0,0,0,0,7569,7569,0,7790,7790,11922.3861499238,1788.35792248857,1524.19821684096,-635201.433853917,82.5406205204001,82.5406205204001,0,0,-1928974.30156175,0.0075216,20679535
0,none,10000,1,0.1,0.9,1e-06,100,2,0,0,0,0,7569,7569,0,7790,7790,3000.21962190411,900.065886571234,757.509612438177,-96806.4950782092,13.427021191041,13.427021191041,0,0,-313789.485234628,0.0082128,20260619
1,none,10000,1,0.1,0.9,1e-06,100,2,0,0,0,0,7569,7569,0,7790,7790,2970.38834355701,891.116503067104,882.992246942148,-189253.257424902,25.2943847785497,25.2943847785497,0,0,-591129.772274707,0.0088058,20365348
2,none,10000,1,0.1,0.9,1e-06,100,2,0,0,0,0,7569,7569,0,7790,7790,2969.08659936699,890.725979810098,760.680245695149,-16379.508522574,3.10263267298768,3.10263267298768,0,0,-72508.5255677229,0.0066847,20470077
3,none,10000,1,0.1,0.9,1e-06,100,2,0,0,0,0,7569,7569,0,7790,7790,2976.11464823977,892.834394471932,792.572111768409,-142539.772685074,19.2977885346693,19.2977885346693,0,0,-450989.318055221,0.0085237,20574806
4,none,10000,1,0.1,0.9,1e-06,100,2,0,0,0,0,7569,7569,0,7790,7790,2983.7204245251,895.11612735753,762.099108420481,-153126.334185072,20.6567823087384,20.6567823087384,0,0,-482749.002555216,0.0075811,20679535
0,none,10000,2,0.2,1.8,1e-06,100,2,0,0,0,0,7569,7569,0,7790,7790,753.548786235113,452.129271741068,378.754806219089,-18480.930746266,3.37239162339744,3.37239162339744,0,0,-78812.7922387983,0.0112852,20260619
1,none,10000,2,0.2,1.8,1e-06,100,2,0,0,0,0,7569,7569,0,7790,7790,745.794376464635,447.476625878781,441.496123471074,-41682.909367733,6.35082276864352,6.35082276864352,0,0,-148418.728103199,0.0067869,20365348
2,none,10000,2,0.2,1.8,1e-06,100,2,0,0,0,0,7569,7569,0,7790,7790,744.654373230441,446.792623938265,380.840122847574,1728.22658321855,0.778148063771688,0.778148063771688,0,0,-18185.3202503446,0.0073793,20470077
3,none,10000,2,0.2,1.8,1e-06,100,2,0,0,0,0,7569,7569,0,7790,7790,745.826576626863,447.495945976118,396.286055884205,-29883.2595947257,4.83610521113296,4.83610521113296,0,0,-113019.778784177,0.0072878,20574806
4,none,10000,2,0.2,1.8,1e-06,100,2,0,0,0,0,7569,7569,0,7790,7790,747.992567726444,448.795540635867,381.04955421024,-32550.3150666757,5.17847433461819,5.17847433461819,0,0,-121020.945200027,0.0065268,20679535
0,orig_increase,10000,0.5,0.05,0.45,1e-06,100,2,0.05,500,0.25,0,7569,39005,31436,7790,339759,12036.1123496831,1805.41685245246,1429.02578754756,-430164.839353543,56.2201334215074,2.26608813704285,0,0,-2309771.51806063,0.091885001,20260619
1,orig_increase,10000,0.5,0.05,0.45,1e-06,100,2,0.05,500,0.25,0,7569,39033,31464,7790,340610,12038.2734023696,1805.74101035545,1482.65290114358,607257.676243615,76.9534886063691,0.782853340311838,0,0,799943.028730846,0.096852702,20365348
2,orig_increase,10000,0.5,0.05,0.45,1e-06,100,2,0.05,500,0.25,0,7569,38546,30977,7790,325264,11999.8425185232,1799.97637777848,1434.79180085196,-894191.737351732,115.787129313444,3.74912605560939,0,0,-3658367.2120552,0.086956902,20470077
3,orig_increase,10000,0.5,0.05,0.45,1e-06,100,2,0.05,500,0.25,0,7569,38748,31179,7790,331489,12030.2670250168,1804.54005375252,1407.05801402258,-241367.027603127,31.9842140697211,1.72812982513184,0,0,-1718568.08280938,0.094942102,20574806
4,orig_increase,10000,0.5,0.05,0.45,1e-06,100,2,0.05,500,0.25,0,7569,38773,31204,7790,332015,12028.3988764599,1804.25983146899,1553.84751870283,1036743.61725761,132.086472048474,2.12258065827633,0,0,2114185.85177283,0.104109102,20679535
0,orig_decrease,10000,0.5,0.05,0.45,1e-06,100,2,0.05,500,0.25,0,7569,7563,6,7790,7741,11986.1151969414,1797.91727954122,1624.74882298502,-396953.366728192,51.9567864862891,52.2793394559091,0,0,-1214083.10018458,0.008170499,20260619
1,orig_decrease,10000,0.5,0.05,0.45,1e-06,100,2,0.05,500,0.25,0,7569,7564,5,7790,7765,11875.7737825719,1781.36606738579,1555.86571922731,-768866.215020092,99.6991290141325,100.016898264017,0,0,-2329893.64506028,0.0084494,20365348
2,orig_decrease,10000,0.5,0.05,0.45,1e-06,100,2,0.05,500,0.25,0,7569,7562,7,7790,7784,11867.8033050204,1780.17049575306,1455.91345586922,12642.2640282196,0.622883700670043,0.624134638774362,0,0,14574.7920846581,0.0080489,20470077
3,orig_decrease,10000,0.5,0.05,0.45,1e-06,100,2,0.05,500,0.25,0,7569,7563,6,7790,7778,11904.4585929591,1785.66878894386,1582.84469541347,-517843.645890405,67.4754359294487,67.5779951003349,0,0,-1576864.93767122,0.0080114,20574806
4,orig_decrease,10000,0.5,0.05,0.45,1e-06,100,2,0.05,500,0.25,0,7569,7564,5,7790,7774,11926.4229109285,1788.96343663928,1531.32350378009,-676989.021179452,87.9048807675805,88.0837433984373,0,0,-2054289.06353835,0.0084502,20679535
0,orig_increase,10000,0.5,0.05,0.45,1e-06,100,2,0.05,500,0.5,0,7569,70100,62531,7790,2619865,12317.5400064329,1847.63100096493,1440.21992747123,1831938.84763292,234.165448990105,0.300750669353986,0,0,-2363778.45710125,0.337159405,20260619
1,orig_increase,10000,0.5,0.05,0.45,1e-06,100,2,0.05,500,0.5,0,7569,70352,62783,7790,2648802,12326.3623232426,1848.95434848638,1625.65290114358,2921830.84393558,374.074562764516,0.103076350718393,0,0,819086.531806752,0.303034205,20365348
2,orig_increase,10000,0.5,0.05,0.45,1e-06,100,2,0.05,500,0.5,0,7569,69918,62349,7790,2594183,12415.3411335819,1862.30117003729,1581.94917342494,1332503.19435629,170.053041637521,0.486349577359698,0,0,-3785039.41693114,0.304648805,20470077
3,orig_increase,10000,0.5,0.05,0.45,1e-06,100,2,0.05,500,0.5,0,7569,69846,62277,7790,2586856,12345.2549590653,1851.7882438598,1555.05801402258,1999000.9090954,255.611156494916,0.227246932533006,0,0,-1763565.27271382,0.312457405,20574806
4,orig_increase,10000,0.5,0.05,0.45,1e-06,100,2,0.05,500,0.5,0,7569,69730,62161,7790,2572928,12284.2546545946,1842.63819818919,1553.84751870283,3292646.88242875,421.67610814233,0.279727564249271,0,0,2159156.64728621,0.310323005,20679535
0,orig_decrease,10000,0.5,0.05,0.45,1e-06,100,2,0.05,500,0.5,0,7569,7558,11,7790,7734,11986.1151969414,1797.91727954122,1624.74882298502,-396960.366728192,51.9576850742223,52.3266571926806,0,0,-1214083.10018458,0.0128592,20260619
1,orig_decrease,10000,0.5,0.05,0.45,1e-06,100,2,0.05,500,0.5,0,7569,7560,9,7790,7759,11875.7737825719,1781.36606738579,1555.86571922731,-768872.215020092,99.699899232361,100.094240884146,0,0,-2329893.64506028,0.0130486,20365348
2,orig_decrease,10000,0.5,0.05,0.45,1e-06,100,2,0.05,500,0.5,0,7569,7559,10,7790,7773,11867.8033050204,1780.17049575306,1455.91345586922,12631.2640282196,0.621471633917797,0.625017886043952,0,0,14574.7920846581,0.0121152,20470077
3,orig_decrease,10000,0.5,0.05,0.45,1e-06,100,2,0.05,500,0.5,0,7569,7560,9,7790,7769,11904.4585929591,1785.66878894386,1582.84469541347,-517852.645890405,67.4765912567914,67.6562808457208,0,0,-1576864.93767122,0.0104845,20574806
4,orig_decrease,10000,0.5,0.05,0.45,1e-06,100,2,0.05,500,0.5,0,7569,7557,12,7790,7771,11926.4229109285,1788.96343663928,1531.32350378009,-676992.021179452,87.9052658766947,88.1177481893517,0,0,-2054289.06353835,0.009306799,20679535
0,orig_increase,10000,0.5,0.05,0.45,1e-06,100,2,0.05,500,0.75,0,7569,101190,93621,7790,8767094,12893.4934491799,1934.02401737699,1688.02578754756,7942325.36286329,1018.55396185665,0.0940754869443299,0,0,-2474305.91141012,0.386860706,20260619
1,orig_increase,10000,0.5,0.05,0.45,1e-06,100,2,0.05,500,0.75,0,7569,101222,93653,7790,8774490,12897.370535572,1934.6055803358,1788.65290114358,9060166.67206214,1162.0509206755,0.032557638342757,0,0,857030.01618642,0.392527107,20365348
2,orig_increase,10000,0.5,0.05,0.45,1e-06,100,2,0.05,500,0.75,0,7569,100979,93410,7790,8707259,12969.1975977669,1945.37963966503,1749.79180085196,7389294.83546768,947.561596337315,0.151363840737059,0,0,-3953892.49359705,0.380373406,20470077
3,orig_increase,10000,0.5,0.05,0.45,1e-06,100,2,0.05,500,0.75,0,7569,101247,93678,7790,8782277,12906.5876011002,1935.98814016503,1726.05801402258,8167692.42862653,1047.48426554898,0.0699800941570703,0,0,-1843753.71412035,0.411881007,20574806
4,orig_increase,10000,0.5,0.05,0.45,1e-06,100,2,0.05,500,0.75,0,7569,100892,93323,7790,8684469,12899.8567592888,1934.97851389332,1849.84751870283,9440255.22808939,1210.84277639145,0.0870273390450693,0,0,2267358.68426831,0.379048106,20679535
0,orig_decrease,10000,0.5,0.05,0.45,1e-06,100,2,0.05,500,0.75,0,7569,7552,17,7790,7713,11986.1151969414,1797.91727954122,1624.74882298502,-396981.366728192,51.9603808380221,52.4691257264608,0,0,-1214083.10018458,0.0092646,20260619
1,orig_decrease,10000,0.5,0.05,0.45,1e-06,100,2,0.05,500,0.75,0,7569,7558,11,7790,7758,11875.7737825719,1781.36606738579,1555.86571922731,-768873.215020092,99.7000276020657,100.107142951804,0,0,-2329893.64506028,0.0098566,20365348
2,orig_decrease,10000,0.5,0.05,0.45,1e-06,100,2,0.05,500,0.75,0,7569,7552,17,7790,7766,11867.8033050204,1780.17049575306,1455.91345586922,12624.2640282196,0.620573045984549,0.625581255243322,0,0,14574.7920846581,0.009042501,20470077
3,orig_decrease,10000,0.5,0.05,0.45,1e-06,100,2,0.05,500,0.75,0,7569,7557,12,7790,7759,11904.4585929591,1785.66878894386,1582.84469541347,-517862.645890405,67.4778749538389,67.7434780113939,0,0,-1576864.93767122,0.0109824,20574806
4,orig_decrease,10000,0.5,0.05,0.45,1e-06,100,2,0.05,500,0.75,0,7569,7550,19,7790,7734,11926.4229109285,1788.96343663928,1531.32350378009,-677029.021179452,87.9100155557704,88.539309694783,0,0,-2054289.06353835,0.008339,20679535
0,orig_increase,10000,0.5,0.05,0.45,1e-06,100,2,0.05,500,1,0,7569,132293,124724,7790,20716379,13612.7601744008,2041.91402616011,1887.02578754756,19845600.4401812,2546.57386908616,0.0420333379602116,0,0,-2612335.67945624,0.269597205,20260619
1,orig_increase,10000,0.5,0.05,0.45,1e-06,100,2,0.05,500,1,0,7569,132302,124733,7790,20716398,13647.1115922696,2047.06673884045,1978.65290114358,21018681.4315094,2697.16192959042,0.014591505314264,0,0,906850.294528045,0.266709205,20365348
2,orig_increase,10000,0.5,0.05,0.45,1e-06,100,2,0.05,500,1,0,7569,132298,124729,7790,20716395,13708.0832183919,2056.21248275878,1933.79180085196,19323343.3242835,2479.53187731495,0.0672439232654389,0,0,-4179155.02714956,0.270635405,20470077
3,orig_increase,10000,0.5,0.05,0.45,1e-06,100,2,0.05,500,1,0,7569,132298,124729,7790,20716388,13667.645765562,2050.14686483429,1905.05801402258,20065563.4386112,2574.81045425047,0.0314159283649641,0,0,-1952473.68416635,0.250764204,20574806
4,orig_increase,10000,0.5,0.05,0.45,1e-06,100,2,0.05,500,1,0,7569,132293,124724,7790,20716411,13678.9834580188,2047.34611035282,2051.84751870283,21517845.2720813,2761.23944442635,0.0386859611967181,0,0,2404302.81624394,0.238632304,20679535
0,orig_decrease,10000,0.5,0.05,0.45,1e-06,100,2,0.05,500,1,0,7569,7543,26,7790,7685,11986.1151969414,1797.91727954122,1624.74882298502,-397009.366728192,51.9639751897551,52.6602949548721,0,0,-1214083.10018458,0.0099563,20260619
1,orig_decrease,10000,0.5,0.05,0.45,1e-06,100,2,0.05,500,1,0,7569,7552,17,7790,7749,11875.7737825719,1781.36606738579,1555.86571922731,-768882.215020092,99.7011829294085,100.223411410516,0,0,-2329893.64506028,0.0103945,20365348
2,orig_decrease,10000,0.5,0.05,0.45,1e-06,100,2,0.05,500,1,0,7569,7548,21,7790,7761,11867.8033050204,1780.17049575306,1455.91345586922,12619.2640282196,0.619931197460801,0.625984284012323,0,0,14574.7920846581,0.0118503,20470077
3,orig_decrease,10000,0.5,0.05,0.45,1e-06,100,2,0.05,500,1,0,7569,7548,21,7790,7746,11904.4585929591,1785.66878894386,1582.84469541347,-517875.645890405,67.4795437600006,67.8571709127814,0,0,-1576864.93767122,0.011410301,20574806
4,orig_decrease,10000,0.5,0.05,0.45,1e-06,100,2,0.05,500,1,0,7569,7543,26,7790,7728,11926.4229109285,1788.96343663928,1531.32350378009,-677035.021179452,87.9107857739989,88.6080513948566,0,0,-2054289.06353835,0.011094801,20679535
0,orig_increase,10000,0.5,0.05,0.45,1e-06,100,2,0.1,1000,0.25,0,7569,132673,125104,7790,2625401,12573.4703970944,1886.02055956417,1770.87732105585,3087664.94598626,395.36263748219,0.176073653505222,0,0,1386791.83795877,0.551566409,20260619
1,orig_increase,10000,0.5,0.05,0.45,1e-06,100,2,0.1,1000,0.25,0,7569,132566,124997,7790,2618170,12569.1196996469,1885.36795494704,1599.14665562883,3224221.44945927,412.892355514668,0.231479029039087,0,0,1818154.34837782,0.546862109,20365348
2,orig_increase,10000,0.5,0.05,0.45,1e-06,100,2,0.1,1000,0.25,0,7569,132753,125184,7790,2629728,12506.0960492585,1875.91440738878,1577.34174671106,2746504.08338142,351.567918277461,0.0444061451912217,0,0,350328.250144316,0.534113608,20470077
3,orig_increase,10000,0.5,0.05,0.45,1e-06,100,2,0.1,1000,0.25,0,7569,132204,124635,7790,2593312,12567.0768621112,1885.06152931668,1597.99174527363,1951494.48253174,249.512770543227,0.247489510505586,0,0,-1925452.55240478,0.547132409,20574806
4,orig_increase,10000,0.5,0.05,0.45,1e-06,100,2,0.1,1000,0.25,0,7569,131703,124134,7790,2563167,12526.2097709035,1878.93146563553,1551.72214936593,3507872.23630111,449.304523273569,0.368569522118967,0,0,2834115.70890335,0.552483809,20679535
0,orig_decrease,10000,0.5,0.05,0.45,1e-06,100,2,0.1,1000,0.25,0,7569,7552,17,7790,7690,11986.1151969414,1797.91727954122,1588.52085956492,-458690.223873629,59.8819286102219,60.6476233905889,0,0,-1399140.67162089,0.0054321,20260619
1,orig_decrease,10000,0.5,0.05,0.45,1e-06,100,2,0.1,1000,0.25,0,7569,7545,24,7790,7686,11866.4934271236,1779.97401406854,1757.22181201162,-733188.599265943,95.1192040135999,96.3927399513327,0,0,-2222623.79779783,0.0043622,20365348
2,orig_decrease,10000,0.5,0.05,0.45,1e-06,100,2,0.1,1000,0.25,0,7569,7545,24,7790,7730,11854.4623903777,1778.16935855665,1523.11972678854,-67091.0265690843,9.61245527202623,9.67930486016615,0,0,-224463.079707252,0.005402399,20470077
3,orig_decrease,10000,0.5,0.05,0.45,1e-06,100,2,0.1,1000,0.25,0,7569,7552,17,7790,7760,11907.8910177808,1786.18365266712,1524.02126083604,-553586.435259548,72.0637272476955,72.3384581520036,0,0,-1684039.30577864,0.0081833,20574806
4,orig_decrease,10000,0.5,0.05,0.45,1e-06,100,2,0.1,1000,0.25,0,7569,7554,15,7790,7721,11919.4468173164,1787.91702259747,1482.88570821702,-576997.189304735,75.0689588324436,75.7308883958989,0,0,-1754154.56791421,0.0072608,20679535
0,orig_increase,10000,0.5,0.05,0.45,1e-06,100,2,0.1,1000,0.5,0,7569,257246,249677,7790,20777387,14097.3292172205,2114.59938258308,1985.87732105585,21295675.6526958,2732.71959598149,0.0249448428089524,0,0,1554865.95808718,1.667960227,20260619
1,orig_increase,10000,0.5,0.05,0.45,1e-06,100,2,0.1,1000,0.5,0,7569,257559,249990,7790,20866628,14105.4028303849,2115.81042455774,1791.14665562883,21546755.1715792,2764.95059968924,0.0325940143074004,0,0,2040381.51473771,1.643051027,20365348
2,orig_increase,10000,0.5,0.05,0.45,1e-06,100,2,0.1,1000,0.5,0,7569,257546,249977,7790,20852627,14039.0941997635,2105.86412996452,1758.34174671106,20983717.5040562,2692.67362054636,0.00628652227156694,0,0,393271.512168333,1.566577025,20470077
3,orig_increase,10000,0.5,0.05,0.45,1e-06,100,2,0.1,1000,0.5,0,7569,257157,249588,7790,20756759,14045.1745361397,2106.77618042096,1794.99174527363,20039453.0463481,2571.45867090476,0.0345577049698333,0,0,-2151917.86095575,1.491930325,20574806
4,orig_increase,10000,0.5,0.05,0.45,1e-06,100,2,0.1,1000,0.5,0,7569,256473,248904,7790,20588997,14024.0105975432,2103.60158963148,1836.72214936593,21646663.8032669,2777.77584124094,0.0513704870260034,0,0,3173000.40980052,1.642722228,20679535
0,orig_decrease,10000,0.5,0.05,0.45,1e-06,100,2,0.1,1000,0.5,0,7569,7530,39,7790,7570,11986.1151969414,1797.91727954122,1588.52085956492,-458810.223873629,59.8973329747919,61.6090124007436,0,0,-1399140.67162089,0.0091854,20260619
1,orig_decrease,10000,0.5,0.05,0.45,1e-06,100,2,0.1,1000,0.5,0,7569,7515,54,7790,7596,11866.4934271236,1779.97401406854,1757.22181201162,-733278.599265943,95.1307572870274,97.5348340265855,0,0,-2222623.79779783,0.0093646,20365348
2,orig_decrease,10000,0.5,0.05,0.45,1e-06,100,2,0.1,1000,0.5,0,7569,7530,39,7790,7661,11854.4623903777,1778.16935855665,1523.11972678854,-67160.0265690843,9.62131278165396,9.76648303995358,0,0,-224463.079707252,0.0095557,20470077
3,orig_decrease,10000,0.5,0.05,0.45,1e-06,100,2,0.1,1000,0.5,0,7569,7533,36,7790,7680,11907.8910177808,1786.18365266712,1524.02126083604,-553666.435259548,72.0739968240755,73.0919837577537,0,0,-1684039.30577864,0.0106286,20574806
4,orig_decrease,10000,0.5,0.05,0.45,1e-06,100,2,0.1,1000,0.5,0,7569,7530,39,7790,7656,11919.4468173164,1787.91702259747,1482.88570821702,-577062.189304735,75.0773028632523,76.3738491777345,0,0,-1754154.56791421,0.0074416,20679535
0,orig_increase,10000,0.5,0.05,0.45,1e-06,100,2,0.1,1000,0.75,0,7569,381776,374207,7790,69920546,15738.2475199756,2360.73712799635,2275.87732105585,70499163.054141,9048.95674635956,0.0082753509124622,0,0,1735851.16242216,2.708835945,20260619
1,orig_increase,10000,0.5,0.05,0.45,1e-06,100,2,0.1,1000,0.75,0,7569,381954,374385,7790,70036002,15746.6106720145,2361.99160080217,2095.14665562883,70795264.1002818,9086.96715022873,0.0108410257381889,0,0,2277786.30084491,2.563848042,20365348
2,orig_increase,10000,0.5,0.05,0.45,1e-06,100,2,0.1,1000,0.75,0,7569,382548,374979,7790,70349580,15708.4842080084,2356.27263120126,2098.34174671106,70496258.4881907,9048.5838880861,0.00208499451156184,0,0,440035.464571473,2.671805944,20470077
3,orig_increase,10000,0.5,0.05,0.45,1e-06,100,2,0.1,1000,0.75,0,7569,381929,374360,7790,70008408,15704.31825854,2355.647738781,2100.99174527363,69206367.344976,8883.0009428724,0.0114563475721941,0,0,-2406121.96507269,2.702805144,20574806
4,orig_increase,10000,0.5,0.05,0.45,1e-06,100,2,0.1,1000,0.75,0,7569,381764,374195,7790,69910402,15674.9060955878,2351.23591433818,2161.72214936593,71092576.5075214,9125.13305616449,0.0169098513769292,0,0,3546523.52256481,2.702693145,20679535
0,orig_decrease,10000,0.5,0.05,0.45,1e-06,100,2,0.1,1000,0.75,0,7569,7509,60,7790,7499,11986.1151969414,1797.91727954122,1588.52085956492,-458881.223873629,59.9064472238291,62.1923221594385,0,0,-1399140.67162089,0.008743001,20260619
1,orig_decrease,10000,0.5,0.05,0.45,1e-06,100,2,0.1,1000,0.75,0,7569,7495,74,7790,7524,11866.4934271236,1779.97401406854,1757.22181201162,-733350.599265943,95.1399999057693,98.4681817206198,0,0,-2222623.79779783,0.0109392,20365348
2,orig_decrease,10000,0.5,0.05,0.45,1e-06,100,2,0.1,1000,0.75,0,7569,7513,56,7790,7633,11854.4623903777,1778.16935855665,1523.11972678854,-67188.0265690843,9.62490713338695,9.80230925836294,0,0,-224463.079707252,0.0106819,20470077
3,orig_decrease,10000,0.5,0.05,0.45,1e-06,100,2,0.1,1000,0.75,0,7569,7514,55,7790,7635,11907.8910177808,1786.18365266712,1524.02126083604,-553711.435259548,72.0797734607892,73.5227813044595,0,0,-1684039.30577864,0.010823201,20574806
4,orig_decrease,10000,0.5,0.05,0.45,1e-06,100,2,0.1,1000,0.75,0,7569,7507,62,7790,7589,11919.4468173164,1787.91702259747,1482.88570821702,-577129.189304735,75.0859036334705,77.0481208729392,0,0,-1754154.56791421,0.009484,20679535
0,orig_increase,10000,0.5,0.05,0.45,1e-06,100,2,0.1,1000,1,0,7569,506984,499415,7790,166175163,17899.1821403723,2608.50024379033,2684.87732105585,166833226.868194,21415.3320755063,0.00396006151770042,0,0,1974191.60458213,1.660454327,20260619
1,orig_increase,10000,0.5,0.05,0.45,1e-06,100,2,0.1,1000,1,0,7569,506960,499391,7790,166175196,17396.6116135105,2609.49174202658,2512.14665562883,167014017.010221,21438.5400526599,0.00504781116804457,0,0,2516463.03066338,1.567462925,20365348
2,orig_increase,10000,0.5,0.05,0.45,1e-06,100,2,0.1,1000,1,0,7569,506993,499424,7790,166175168,17345.8864715791,2601.88297073687,2487.34174671106,166337135.785707,21351.6490097184,0.000974681040831262,0,0,485903.357119227,1.514356525,20470077
3,orig_increase,10000,0.5,0.05,0.45,1e-06,100,2,0.1,1000,1,0,7569,506986,499417,7790,166175157,17351.8412028064,2602.77618042096,2514.99174527363,165288975.132372,21217.0969361197,0.00533281799533831,0,0,-2658545.60288359,1.558074825,20574806
4,orig_increase,10000,0.5,0.05,0.45,1e-06,100,2,0.1,1000,1,0,7569,506985,499416,7790,166175253,17330.3971250073,2599.55956875109,2549.72214936593,167482281.798863,21498.6510653225,0.00786536367639931,0,0,3921086.39658955,1.594642626,20679535
0,orig_decrease,10000,0.5,0.05,0.45,1e-06,100,2,0.1,1000,1,0,7569,7484,85,7790,7405,11986.1151969414,1797.91727954122,1588.52085956492,-458975.223873629,59.9185139760756,62.9817993077149,0,0,-1399140.67162089,0.0084837,20260619
1,orig_decrease,10000,0.5,0.05,0.45,1e-06,100,2,0.1,1000,1,0,7569,7460,109,7790,7383,11866.4934271236,1779.97401406854,1757.22181201162,-733491.599265943,95.158100034139,100.348719933082,0,0,-2222623.79779783,0.0082456,20365348
2,orig_decrease,10000,0.5,0.05,0.45,1e-06,100,2,0.1,1000,1,0,7569,7493,76,7790,7547,11854.4623903777,1778.16935855665,1523.11972678854,-67274.0265690843,9.63594692799542,9.9140090856081,0,0,-224463.079707252,0.0079964,20470077
3,orig_decrease,10000,0.5,0.05,0.45,1e-06,100,2,0.1,1000,1,0,7569,7486,83,7790,7573,11907.8910177808,1786.18365266712,1524.02126083604,-553773.435259548,72.0877323824837,74.1247108490094,0,0,-1684039.30577864,0.0129235,20574806
4,orig_decrease,10000,0.5,0.05,0.45,1e-06,100,2,0.1,1000,1,0,7569,7485,84,7790,7566,11919.4468173164,1787.91702259747,1482.88570821702,-577152.189304735,75.0888561366798,77.2823406429732,0,0,-1754154.56791421,0.0116451,20679535
0,orig_increase,10000,0.5,0.05,0.45,1e-06,100,2,0.15,1500,0.25,0,7569,288399,280830,7790,8776172,13555.6668789238,2025.44490293455,2033.35003183856,8969332.21930209,1150.39052879359,0.0220096209716596,0,0,579480.657906179,1.602890027,20260619
1,orig_increase,10000,0.5,0.05,0.45,1e-06,100,2,0.15,1500,0.25,0,7569,288754,281185,7790,8809351,13451.3918503746,2017.70877755619,1754.91149188956,9937241.8893356,1274.64080736015,0.12803336923862,0,0,3383672.66800678,1.656058927,20365348
2,orig_increase,10000,0.5,0.05,0.45,1e-06,100,2,0.15,1500,0.25,0,7569,289153,281584,7790,8843620,13521.4761965633,2028.22142948449,1634.28381781792,8417484.61657763,1079.55001496504,0.0481856279919726,0,0,-1278406.15026717,1.632319426,20470077
3,orig_increase,10000,0.5,0.05,0.45,1e-06,100,2,0.15,1500,0.25,0,7569,288538,280969,7790,8791800,13403.872009881,2010.58080148216,1550.07161223562,9858902.79442071,1264.58444087557,0.121374780411374,0,0,3201308.38326204,1.660500427,20574806
4,orig_increase,10000,0.5,0.05,0.45,1e-06,100,2,0.15,1500,0.25,0,7569,287647,280078,7790,8704317,13492.0209698636,2023.80314547955,1738.15860418826,8813972.75592976,1130.44708035042,0.0125978587325984,0,0,328967.267789089,1.78889853,20679535
0,orig_decrease,10000,0.5,0.05,0.45,1e-06,100,2,0.15,1500,0.25,0,7569,7525,44,7790,7445,11977.2767433505,1796.59151150257,1470.06422334121,-572581.580985969,74.5021284962733,77.9082042963021,0,0,-1740079.74295791,0.0153279,20260619
1,orig_decrease,10000,0.5,0.05,0.45,1e-06,100,2,0.15,1500,0.25,0,7569,7522,47,7790,7601,11873.1757095758,1780.97635643637,1418.86813388566,-710603.015438373,92.2198992860556,94.4880957029829,0,0,-2154612.04631512,0.008260101,20365348
2,orig_decrease,10000,0.5,0.05,0.45,1e-06,100,2,0.15,1500,0.25,0,7569,7519,50,7790,7655,11852.6310760203,1777.89466140304,1506.26313681387,-23422.1068109361,4.00668893593531,4.05971349587669,0,0,-93231.3204328089,0.010058,20470077
3,orig_decrease,10000,0.5,0.05,0.45,1e-06,100,2,0.15,1500,0.25,0,7569,7520,49,7790,7603,11910.0791664529,1786.51187496793,1565.0527073002,-594329.603421113,77.2939157151621,79.1704068684878,0,0,-1805797.81026334,0.0103568,20574806
4,orig_decrease,10000,0.5,0.05,0.45,1e-06,100,2,0.15,1500,0.25,0,7569,7530,39,7790,7687,11921.5483647671,1788.23225471506,1307.95105297261,-488179.78544023,63.667494921724,64.507192069758,0,0,-1487600.35632069,0.008657,20679535
0,orig_increase,10000,0.5,0.05,0.45,1e-06,100,2,0.15,1500,0.5,0,7569,569308,561739,7790,70109879,15952.0417435843,2392.80626153764,2333.35003183856,70337186.1409195,9028.16381783305,0.00324215565854124,0,0,681921.422758728,5.329504487,20260619
1,orig_increase,10000,0.5,0.05,0.45,1e-06,100,2,0.15,1500,0.5,0,7569,569835,562266,7790,70305239,15920.1171897068,2388.01757845602,2062.91149188956,71640130.9825666,9195.4224624604,0.0189870911692164,0,0,4004675.94769946,4.980876282,20365348
2,orig_increase,10000,0.5,0.05,0.45,1e-06,100,2,0.15,1500,0.5,0,7569,569925,562356,7790,70313683,15944.6720247198,2391.70080370797,1917.28381781792,69811179.5138406,8960.64050241856,0.00714659600691723,0,0,-1507510.45847905,5.129758283,20470077
3,orig_increase,10000,0.5,0.05,0.45,1e-06,100,2,0.15,1500,0.5,0,7569,569823,562254,7790,70301068,15855.0517373998,2378.25776060997,1842.07161223562,71563312.9693783,9185.56135678797,0.0179548477041388,0,0,3786734.90813511,5.187602385,20574806
4,orig_increase,10000,0.5,0.05,0.45,1e-06,100,2,0.15,1500,0.5,0,7569,568345,560776,7790,69745700,15974.6671866036,2396.20007799053,2044.15860418826,69875533.3444623,8968.90158465498,0.0018615247171126,0,0,389500.033386778,5.165960484,20679535
0,orig_decrease,10000,0.5,0.05,0.45,1e-06,100,2,0.15,1500,0.5,0,7569,7478,91,7790,7192,11977.2767433505,1796.59151150257,1470.06422334121,-572834.580985969,74.534606031575,80.6488572004963,0,0,-1740079.74295791,0.0130751,20260619
1,orig_decrease,10000,0.5,0.05,0.45,1e-06,100,2,0.15,1500,0.5,0,7569,7458,111,7790,7445,11873.1757095758,1780.97635643637,1418.86813388566,-710759.015438373,92.2399249599965,96.4679671508895,0,0,-2154612.04631512,0.0099919,20365348
2,orig_decrease,10000,0.5,0.05,0.45,1e-06,100,2,0.15,1500,0.5,0,7569,7488,81,7790,7613,11852.6310760203,1777.89466140304,1506.26313681387,-23464.1068109361,4.01208046353479,4.08211044410036,0,0,-93231.3204328089,0.011953901,20470077
3,orig_decrease,10000,0.5,0.05,0.45,1e-06,100,2,0.15,1500,0.5,0,7569,7473,96,7790,7473,11910.0791664529,1786.51187496793,1565.0527073002,-594459.603421113,77.3106037767796,80.5476520033605,0,0,-1805797.81026334,0.0129909,20574806
4,orig_decrease,10000,0.5,0.05,0.45,1e-06,100,2,0.15,1500,0.5,0,7569,7479,90,7790,7567,11921.5483647671,1788.23225471506,1307.95105297261,-488299.78544023,63.682899286294,65.5301685529576,0,0,-1487600.35632069,0.011011201,20679535
0,orig_increase,10000,0.5,0.05,0.45,1e-06,100,3,0.15,1500,0.75,0,7569,850023,842454,7790,236377599,20272.7067612715,2775.49813245654,3040.90601419073,236653483.505973,30378.1378056448,0.00116713473332712,0,0,827653.517920732,8.821486445,20260619
1,orig_increase,10000,0.5,0.05,0.45,1e-06,100,3,0.15,1500,0.75,0,7569,850481,842912,7790,236775260,20839.6823720453,2761.89645878982,3125.95235580679,238493116.881211,30614.2909988718,0.00725522117982888,0,0,5153570.64363295,8.829967844,20365348
2,orig_increase,10000,0.5,0.05,0.45,1e-06,100,3,0.15,1500,0.75,0,7569,850830,843261,7790,237035111,20695.3783931435,2769.56473747273,3104.30675897153,236402716.976957,30345.946980354,0.00266793396292497,0,0,-1897182.06912652,8.883404745,20470077
3,orig_increase,10000,0.5,0.05,0.45,1e-06,100,3,0.15,1500,0.75,0,7569,850656,843087,7790,236897805,20244.0494556896,2753.76383690131,3036.60741835343,238528595.770601,30618.8454134276,0.00688394208887248,0,0,4892372.31180541,8.620680841,20574806
4,orig_increase,10000,0.5,0.05,0.45,1e-06,100,3,0.15,1500,0.75,0,7569,850113,842544,7790,236444267,20750.6524378036,2769.50741808127,3112.59786567053,236603210.162855,30371.684231432,0.0006722225278357,0,0,476829.488565288,8.942353046,20679535
0,orig_decrease,10000,0.5,0.05,0.45,1e-06,100,2,0.15,1500,0.75,0,7569,7431,138,7790,7061,11977.2767433505,1796.59151150257,1470.06422334121,-572965.580985969,74.5514224628972,82.1451042325406,0,0,-1740079.74295791,0.0108558,20260619
1,orig_decrease,10000,0.5,0.05,0.45,1e-06,100,2,0.15,1500,0.75,0,7569,7412,157,7790,7285,11873.1757095758,1780.97635643637,1418.86813388566,-710919.015438373,92.2604641127565,98.5866870883147,0,0,-2154612.04631512,0.0099412,20365348
2,orig_decrease,10000,0.5,0.05,0.45,1e-06,100,2,0.15,1500,0.75,0,7569,7454,115,7790,7504,11852.6310760203,1777.89466140304,1506.26313681387,-23573.1068109362,4.02607276135253,4.1414054918625,0,0,-93231.3204328089,0.009327201,20470077
3,orig_decrease,10000,0.5,0.05,0.45,1e-06,100,2,0.15,1500,0.75,0,7569,7437,132,7790,7386,11910.0791664529,1786.51187496793,1564.0527073002,-594546.603421113,77.3217719410928,81.4964261333757,0,0,-1805797.81026334,0.0093028,20574806
4,orig_decrease,10000,0.5,0.05,0.45,1e-06,100,2,0.15,1500,0.75,0,7569,7438,131,7790,7459,11921.5483647671,1788.23225471506,1307.95105297261,-488407.78544023,63.6967632144069,66.4789898699866,0,0,-1487600.35632069,0.009359501,20679535
0,orig_increase,10000,0.5,0.05,0.45,1e-06,100,3,0.15,1500,1,0,7569,1131628,1124059,7790,561383956,22506.0400946049,3148.11516816681,3375.90601419073,561690233.194558,72103.0093959637,0.000545575254305179,0,0,918831.58367139,4.338344671,20260619
1,orig_increase,10000,0.5,0.05,0.45,1e-06,100,3,0.15,1500,1,0,7569,1131616,1124047,7790,561384109,23299.6823720453,3132.89872262403,3494.95235580679,563304748.622919,72310.2642648163,0.00342125755276519,0,0,5761918.86876439,4.221320169,20365348
2,orig_increase,10000,0.5,0.05,0.45,1e-06,100,3,0.15,1500,1,0,7569,1131663,1124094,7790,561384016,23315.7721899517,3142.95666276856,3497.36582849276,560671549.926879,71972.2413256584,0.00126912425864464,0,0,-2137398.21936622,4.354229971,20470077
3,orig_increase,10000,0.5,0.05,0.45,1e-06,100,3,0.15,1500,1,0,7569,1131637,1124068,7790,561384104,23394.5185355677,3129.26046229456,3509.17778033516,563268685.688758,72305.6348766056,0.00335702716790459,0,0,5653745.06626996,4.490892474,20574806
4,orig_increase,10000,0.5,0.05,0.45,1e-06,100,3,0.15,1500,1,0,7569,1131634,1124065,7790,561384317,23210.6524378036,3146.56853920526,3481.59786567053,561562102.952585,72086.5613546322,0.0003166920542681,0,0,533357.85775205,4.462005873,20679535
0,orig_decrease,10000,0.5,0.05,0.45,1e-06,100,2,0.15,1500,1,0,7569,7378,191,7790,6835,11977.2767433505,1796.59151150257,1470.06422334121,-573191.580985969,74.5804340161706,84.8612408172596,0,0,-1740079.74295791,0.0121986,20260619
1,orig_decrease,10000,0.5,0.05,0.45,1e-06,100,2,0.15,1500,1,0,7569,7366,203,7790,7199,11873.1757095758,1780.97635643637,1418.86813388566,-711005.015438373,92.2715039073649,99.7644138683668,0,0,-2154612.04631512,0.009006201,20365348
2,orig_decrease,10000,0.5,0.05,0.45,1e-06,100,2,0.15,1500,1,0,7569,7413,156,7790,7410,11852.6310760203,1777.89466140304,1506.26313681387,-23667.1068109362,4.038139513599,4.19394153993741,0,0,-93231.3204328089,0.0126325,20470077
3,orig_decrease,10000,0.5,0.05,0.45,1e-06,100,2,0.15,1500,1,0,7569,7387,182,7790,7302,11910.0791664529,1786.51187496793,1564.0527073002,-594630.603421113,77.3325549962918,82.4339363764877,0,0,-1805797.81026334,0.0097444,20574806
4,orig_decrease,10000,0.5,0.05,0.45,1e-06,100,2,0.15,1500,1,0,7569,7384,185,7790,7354,11921.5483647671,1788.23225471506,1307.95105297261,-488512.78544023,63.7102420334056,67.4281731629358,0,0,-1487600.35632069,0.008484899,20679535
0,orig_increase,10000,0.5,0.05,0.45,1e-06,100,2,0.2,2000,0.25,0,7569,507433,499864,7790,20866265,14388.7599223473,2158.31398835209,1839.51936581346,20505057.6159191,2631.22819203069,0.0173105912381032,0,0,-1083622.15224303,3.233704553,20260619
1,orig_increase,10000,0.5,0.05,0.45,1e-06,100,2,0.2,2000,0.25,0,7569,507434,499865,7790,20867688,14397.4298966773,2159.6144845016,1642.46019366667,20413859.4965369,2619.52111637188,0.0217479053483589,0,0,-1361485.51038905,3.368096856,20365348
2,orig_increase,10000,0.5,0.05,0.45,1e-06,100,2,0.2,2000,0.25,0,7569,507872,500303,7790,20919595,14403.7336345375,2160.56004518063,1767.9364810471,20621707.4259851,2646.20249370797,0.0142396434546123,0,0,-893662.722044492,3.697501861,20470077
3,orig_increase,10000,0.5,0.05,0.45,1e-06,100,2,0.2,2000,0.25,0,7569,507363,499794,7790,20861027,14444.4512443506,2166.66768665259,1644.08027355907,20635988.3054495,2648.03572598838,0.0107875175345167,0,0,-675116.083651441,3.67325466,20574806
4,orig_increase,10000,0.5,0.05,0.45,1e-06,100,2,0.2,2000,0.25,0,7569,506643,499074,7790,20763044,14442.0746739099,2166.31120108649,1707.75032470624,21648802.3287911,2778.05036313108,0.0426603309606774,0,0,2657274.98637317,3.808666363,20679535
0,orig_decrease,10000,0.5,0.05,0.45,1e-06,100,2,0.2,2000,0.25,0,7569,7495,74,7790,7285,11993.2810871054,1798.99216306582,1479.79879913699,-554286.963836333,72.1536538942662,77.086062297369,0,0,-1684715.891509,0.0107644,20260619
1,orig_decrease,10000,0.5,0.05,0.45,1e-06,100,2,0.2,2000,0.25,0,7569,7484,85,7790,7524,11875.7737825719,1781.36606738579,1447.69838200032,-713003.455828722,92.5280431102339,95.7638830181715,0,0,-2161582.36748616,0.0119764,20365348
2,orig_decrease,10000,0.5,0.05,0.45,1e-06,100,2,0.2,2000,0.25,0,7569,7490,79,7790,7565,11847.795723711,1777.16935855665,1543.68678738157,111144.993401564,13.2676499873638,13.692001771522,0,0,310739.980204692,0.009883801,20470077
3,orig_decrease,10000,0.5,0.05,0.45,1e-06,100,2,0.2,2000,0.25,0,7569,7492,77,7790,7612,11910.0791664529,1786.51187496793,1563.91108512211,-700639.710234119,90.9409127386546,93.0441027632842,0,0,-2124755.13070236,0.011177301,20574806
4,orig_decrease,10000,0.5,0.05,0.45,1e-06,100,2,0.2,2000,0.25,0,7569,7475,94,7790,7556,11922.3861499238,1788.35792248857,1475.52048029416,-392700.416743098,51.4108365523874,52.9719979808229,0,0,-1200769.25022929,0.0092827,20679535
0,orig_increase,10000,0.5,0.05,0.45,1e-06,100,3,0.2,2000,0.5,0,7569,1006709,999140,7790,166408825,19857.8979614764,2660.18167029434,2978.68469422145,165908370.260504,21296.6085058413,0.00300738100576128,0,0,-1501364.21848956,10.972732179,20260619
1,orig_increase,10000,0.5,0.05,0.45,1e-06,100,3,0.2,2000,0.5,0,7569,1007556,999987,7790,166830275,18651.2686033334,2659.20478400495,2797.69029050001,166257326.958339,21341.4039741128,0.00343431695273093,0,0,-1718844.12498357,10.914605279,20365348
2,orig_increase,10000,0.5,0.05,0.45,1e-06,100,2,0.2,2000,0.5,0,7569,1007620,1000051,7790,166829415,17736.890966249,2660.53364493734,2157.9364810471,166462593.483124,21367.7539772944,0.00219878201261037,0,0,-1100464.55062853,10.629734274,20470077
3,orig_increase,10000,0.5,0.05,0.45,1e-06,100,2,0.2,2000,0.5,0,7569,1007205,999636,7790,166645129,17767.3136931745,2665.09705397618,2045.08027355907,166368321.455598,21355.6523049548,0.00166105991854141,0,0,-830422.633205547,10.820912777,20574806
4,orig_increase,10000,0.5,0.05,0.45,1e-06,100,2,0.2,2000,0.5,0,7569,1005430,997861,7790,165785036,17758.8897897288,2663.83346845931,2095.75032470624,166874220.545608,21420.5944217725,0.00656986041615918,0,0,3267553.63682303,11.130071182,20679535
0,orig_decrease,10000,0.5,0.05,0.45,1e-06,100,2,0.2,2000,0.5,0,7569,7417,152,7790,6927,11993.2810871054,1798.99216306582,1479.79879913699,-554644.963836333,72.1996102485665,81.0700106592079,0,0,-1684715.891509,0.008865,20260619
1,orig_decrease,10000,0.5,0.05,0.45,1e-06,100,2,0.2,2000,0.5,0,7569,7380,189,7790,7159,11875.7737825719,1781.36606738579,1447.69838200032,-713368.455828722,92.5748980524675,100.646382990463,0,0,-2161582.36748616,0.0084837,20365348
2,orig_decrease,10000,0.5,0.05,0.45,1e-06,100,2,0.2,2000,0.5,0,7569,7437,132,7790,7423,11847.795723711,1777.16935855665,1543.68678738157,111002.993401564,13.2494214892893,13.9539260947816,0,0,310739.980204692,0.0088807,20470077
3,orig_decrease,10000,0.5,0.05,0.45,1e-06,100,2,0.2,2000,0.5,0,7569,7411,158,7790,7421,11910.0791664529,1786.51187496793,1563.91108512211,-700830.710234119,90.9654313522617,95.438850590772,0,0,-2124755.13070236,0.0079418,20574806
4,orig_decrease,10000,0.5,0.05,0.45,1e-06,100,2,0.2,2000,0.5,0,7569,7388,181,7790,7346,11922.3861499238,1788.35792248857,1475.52048029416,-392910.416743098,51.4377941903848,54.4863077515788,0,0,-1200769.25022929,0.0086329,20679535
0,orig_increase,10000,0.5,0.05,0.45,1e-06,100,3,0.2,2000,0.75,0,7569,1506271,1498702,7790,561421681,23391.2312948097,3155.84764508406,3508.68469422145,560832179.906436,71992.8613487081,0.0010500148346848,0,0,-1768503.2806881,17.883625392,20260619
1,orig_increase,10000,0.5,0.05,0.45,1e-06,100,3,0.2,2000,0.75,0,7569,1507173,1499604,7790,562456994,22831.2686033334,3165.35305584281,3424.69029050001,561755640.600768,72111.4057253874,0.00124694582290568,0,0,-2104060.19769335,17.68541739,20365348
2,orig_increase,10000,0.5,0.05,0.45,1e-06,100,3,0.2,2000,0.75,0,7569,1505810,1498241,7790,560851623,23216.3199630608,3152.16441985815,3482.44799445911,560377696.181802,71934.5194071633,0.000845012831848762,0,0,-1421780.45459707,17.664148389,20470077
3,orig_increase,10000,0.5,0.05,0.45,1e-06,100,3,0.2,2000,0.75,0,7569,1506580,1499011,7790,561733631,22660.8027355907,3166.59427370498,3399.1204103386,561374378.025298,72062.4631611422,0.000639543290407829,0,0,-1077758.92410831,17.822991291,20574806
4,orig_increase,10000,0.5,0.05,0.45,1e-06,100,3,0.2,2000,0.75,0,7569,1505701,1498132,7790,560811389,23075.8696853656,3159.0992364938,3461.38045280484,562243441.262646,72174.0245523294,0.00255353634169124,0,0,4296156.78793018,17.75505619,20679535
0,orig_decrease,10000,0.5,0.05,0.45,1e-06,100,2,0.2,2000,0.75,0,7569,7342,227,7790,6689,11993.2810871054,1798.99216306582,1479.79879913699,-554882.963836333,72.230162238297,83.9545468435242,0,0,-1684715.891509,0.0091352,20260619
1,orig_decrease,10000,0.5,0.05,0.45,1e-06,100,2,0.2,2000,0.75,0,7569,7297,272,7790,6921,11875.7737825719,1781.36606738579,1447.69838200032,-713606.455828722,92.6054500421979,104.107420290236,0,0,-2161582.36748616,0.008820301,20365348
2,orig_decrease,10000,0.5,0.05,0.45,1e-06,100,2,0.2,2000,0.75,0,7569,7365,204,7790,7226,11847.795723711,1777.16935855665,1543.68678738157,110805.993401564,13.2241326574536,14.3343472739501,0,0,310739.980204692,0.0086156,20470077
3,orig_decrease,10000,0.5,0.05,0.45,1e-06,100,2,0.2,2000,0.75,0,7569,7347,222,7790,7245,11910.0791664529,1786.51187496793,1563.91108512211,-701006.710234119,90.9880244202977,97.7573099011897,0,0,-2124755.13070236,0.0111792,20574806
4,orig_decrease,10000,0.5,0.05,0.45,1e-06,100,2,0.2,2000,0.75,0,7569,7296,273,7790,7140,11922.3861499238,1788.35792248857,1475.52048029416,-393116.416743098,51.4642383495632,56.0583216727027,0,0,-1200769.25022929,0.0090768,20679535
0,orig_increase,10000,0.5,0.05,0.45,1e-06,100,3,0.2,2000,1,0,7569,2006251,1998682,7790,1331342837,27205.861960645,3651.16842166144,4080.87929409675,1330657200.35373,170815.071932443,0.000514996308400728,0,0,-2056909.93881216,9.16276805,20260619
1,orig_increase,10000,0.5,0.05,0.45,1e-06,100,3,0.2,2000,1,0,7569,2006219,1998650,7790,1331343144,26871.8387243194,3658.44065337212,4030.77580864791,1330517668.38757,170797.160255143,0.000620032195420418,0,0,-2476426.83729017,8.925289046,20365348
2,orig_increase,10000,0.5,0.05,0.45,1e-06,100,3,0.2,2000,1,0,7569,2006283,1998714,7790,1331342976,26504.0472965722,3657.59171113247,3975.60709448582,1330801935.09323,170833.65148822,0.000406387322067481,0,0,-1623122.72030793,8.887063145,20470077
3,orig_increase,10000,0.5,0.05,0.45,1e-06,100,3,0.2,2000,1,0,7569,2006266,1998697,7790,1331343064,26626.4394320577,3662.67985208563,3993.96591480866,1330920941.81469,170848.928345916,0.0003170649224284,0,0,-1266366.55594106,8.771272043,20574806
4,orig_increase,10000,0.5,0.05,0.45,1e-06,100,3,0.2,2000,1,0,7569,2006207,1998638,7790,1331343341,26422.5363520323,3657.51846163635,3963.38045280484,1332983082.14448,171113.644691204,0.00123164408006557,0,0,4919223.43343379,8.903640046,20679535
0,orig_decrease,10000,0.5,0.05,0.45,1e-06,100,2,0.2,2000,1,0,7569,7251,318,7790,6361,11993.2810871054,1798.99216306582,1479.79879913699,-555210.963836333,72.2722675014549,88.2835975218257,0,0,-1684715.891509,0.008276401,20260619
1,orig_decrease,10000,0.5,0.05,0.45,1e-06,100,2,0.2,2000,1,0,7569,7219,350,7790,6690,11875.7737825719,1781.36606738579,1447.69838200032,-713837.455828722,92.6351034439951,107.702160811468,0,0,-2161582.36748616,0.0103432,20365348
2,orig_decrease,10000,0.5,0.05,0.45,1e-06,100,2,0.2,2000,1,0,7569,7283,286,7790,7031,11847.795723711,1777.16935855665,1543.68678738157,110610.993401564,13.1991005650274,14.7319006402452,0,0,310739.980204692,0.0108776,20470077
3,orig_decrease,10000,0.5,0.05,0.45,1e-06,100,2,0.2,2000,1,0,7569,7266,303,7790,7096,11910.0791664529,1786.51187496793,1563.91108512211,-701155.710234119,91.0071515063054,99.8099929867699,0,0,-2124755.13070236,0.0090768,20574806
4,orig_decrease,10000,0.5,0.05,0.45,1e-06,100,2,0.2,2000,1,0,7569,7207,362,7790,6937,11922.3861499238,1788.35792248857,1475.52048029416,-393319.416743098,51.4902973996274,57.6987771000573,0,0,-1200769.25022929,0.0108185,20679535
0,orig_increase,10000,1,0.1,0.9,1e-06,100,2,0.05,500,0.25,0,7569,39005,31436,7790,339759,3091.16459449188,927.349378347564,746.512893773778,142023.947059289,17.2315721513849,0.581986210639634,0,0,-593205.158822138,0.096316702,20260619
1,orig_increase,10000,1,0.1,0.9,1e-06,100,2,0.05,500,0.25,0,7569,39033,31464,7790,340610,3088.13644973552,926.440934920655,742.326450571788,409012.201937289,51.5047756017059,0.200822647418715,0,0,205206.605811866,0.084513901,20365348
2,orig_increase,10000,1,0.1,0.9,1e-06,100,2,0.05,500,0.25,0,7569,38546,30977,7790,325264,3104.52201321141,931.356603963424,765.974586712468,9774.26128871628,0.254719035778727,0.969949759922044,0,0,-946469.216133848,0.087050701,20470077
3,orig_increase,10000,1,0.1,0.9,1e-06,100,2,0.05,500,0.25,0,7569,38748,31179,7790,331489,3096.67643507497,929.00293052249,707.385723552897,184031.777506072,22.6241049430131,0.44483292807281,0,0,-442371.667481781,0.090662301,20574806
4,orig_increase,10000,1,0.1,0.9,1e-06,100,2,0.05,500,0.25,0,7569,38773,31204,7790,332015,3080.8817637383,924.264529121492,776.923759351413,512519.950625021,64.7920347400541,0.543665047136489,0,0,541514.851875071,0.081518802,20679535
0,orig_decrease,10000,1,0.1,0.9,1e-06,100,2,0.05,500,0.25,0,7569,7563,6,7790,7741,2999.67335381368,899.902006144105,812.874411492509,-93538.7631565257,13.0075434090534,13.0835503367169,0,0,-303839.289469577,0.0090884,20260619
1,orig_decrease,10000,1,0.1,0.9,1e-06,100,2,0.05,500,0.25,0,7569,7564,5,7790,7765,2973.72167689034,892.116503067104,778.432859613654,-186705.28221809,24.9673019535417,25.0444664801146,0,0,-583410.84665427,0.007751901,20365348
2,orig_decrease,10000,1,0.1,0.9,1e-06,100,2,0.05,500,0.25,0,7569,7562,7,7790,7784,2970.70900330858,891.212700992573,729.456727934608,9000.10447343492,0.155340753971106,0.156231304398114,0,0,3648.3134203044,0.0092935,20470077
3,orig_decrease,10000,1,0.1,0.9,1e-06,100,2,0.05,500,0.25,0,7569,7563,6,7790,7778,2982.10066530841,894.630199592524,792.422347706733,-123891.714138646,16.9039427649097,16.9284795755524,0,0,-395009.142415939,0.0098439,20574806
4,orig_decrease,10000,1,0.1,0.9,1e-06,100,2,0.05,500,0.25,0,7569,7564,5,7790,7774,2981.60572773213,894.481718319638,766.161751890047,-163416.755294864,21.9777606283522,22.0209358496094,0,0,-513572.265884588,0.0074998,20679535
0,orig_increase,10000,1,0.1,0.9,1e-06,100,2,0.05,500,0.5,0,7569,70100,62531,7790,2619865,3421.50002883754,1026.45000865126,840.512893773778,2400999.11024947,307.215546886967,0.0835409037299748,0,0,-656597.669251626,0.230918204,20260619
1,orig_increase,10000,1,0.1,0.9,1e-06,100,2,0.05,500,0.5,0,7569,70352,62783,7790,2648802,3420.44287733524,1026.13286320057,881.326450571788,2724564.78711081,348.751577292787,0.0286026615469233,0,0,227288.361332434,0.230490104,20365348
2,orig_increase,10000,1,0.1,0.9,1e-06,100,2,0.05,500,0.5,0,7569,69918,62349,7790,2594183,3443.68747126464,1033.10624137939,868.974586712468,2244226.37031943,287.090676549349,0.134900517689218,0,0,-1049869.88904171,0.232892805,20470077
3,orig_increase,10000,1,0.1,0.9,1e-06,100,2,0.05,500,0.5,0,7569,69846,62277,7790,2586856,3420.24805286897,1026.07441586069,857.52900701129,2423990.97722789,310.167006062631,0.0629586736842354,0,0,-488595.06831631,0.227661904,20574806
4,orig_increase,10000,1,0.1,0.9,1e-06,100,2,0.05,500,0.5,0,7569,69730,62161,7790,2572928,3424.82870182474,1027.44861054742,924.923759351413,2773584.36500505,355.044206034024,0.0779875554251987,0,0,601969.095015111,0.225634804,20679535
0,orig_decrease,10000,1,0.1,0.9,1e-06,100,2,0.05,500,0.5,0,7569,7558,11,7790,7734,2999.67335381368,899.902006144105,812.874411492509,-93545.7631565257,13.0084419969866,13.0953921847072,0,0,-303839.289469577,0.0111878,20260619
1,orig_decrease,10000,1,0.1,0.9,1e-06,100,2,0.05,500,0.5,0,7569,7560,9,7790,7759,2973.72167689034,892.116503067104,778.432859613654,-186711.28221809,24.9680721717702,25.0638332540392,0,0,-583410.84665427,0.0080268,20365348
2,orig_decrease,10000,1,0.1,0.9,1e-06,100,2,0.05,500,0.5,0,7569,7559,10,7790,7773,2970.70900330858,891.212700992573,729.456727934608,8989.10447343492,0.15392868721886,0.156452395913408,0,0,3648.3134203044,0.009148999,20470077
3,orig_decrease,10000,1,0.1,0.9,1e-06,100,2,0.05,500,0.5,0,7569,7560,9,7790,7769,2982.10066530841,894.630199592524,792.422347706733,-123900.714138646,16.9050980922524,16.9480903769657,0,0,-395009.142415939,0.0084636,20574806
4,orig_decrease,10000,1,0.1,0.9,1e-06,100,2,0.05,500,0.5,0,7569,7557,12,7790,7771,2981.60572773213,894.481718319638,766.161751890047,-163419.755294864,21.9781457374664,22.029437047338,0,0,-513572.265884588,0.0087885,20679535
0,orig_increase,10000,1,0.1,0.9,1e-06,100,2,0.05,500,0.75,0,7569,101190,93621,7790,8767094,3826.32276824229,1147.89683047269,1001.51289377378,8522332.48309637,1093.00930463368,0.0279182037860698,0,0,-734284.550710904,0.369270507,20260619
1,orig_increase,10000,1,0.1,0.9,1e-06,100,2,0.05,500,0.75,0,7569,101222,93653,7790,8774490,3830.55616091173,1149.16684827352,1051.32645057179,8859336.79362961,1136.2704484762,0.00966971227155249,0,0,254540.380888856,0.363009506,20365348
2,orig_increase,10000,1,0.1,0.9,1e-06,100,2,0.05,500,0.75,0,7569,100979,93410,7790,8707259,3844.82592641768,1153.4477779253,1032.39590042598,8316537.61946094,1066.5914787498,0.0448730628707684,0,0,-1172164.1416172,0.365739306,20470077
3,orig_increase,10000,1,0.1,0.9,1e-06,100,2,0.05,500,0.75,0,7569,101247,93678,7790,8782277,3841.70840808186,1152.51252242456,1022.52900701129,8599342.9210401,1102.89511181516,0.020829914492551,0,0,-548802.236879749,0.344301306,20574806
4,orig_increase,10000,1,0.1,0.9,1e-06,100,2,0.05,500,0.75,0,7569,100892,93323,7790,8684469,3832.86299789363,1149.85889936809,1072.92375935141,8909031.57631511,1142.64975305714,0.0258579512823541,0,0,673687.728945284,0.367059806,20679535
0,orig_decrease,10000,1,0.1,0.9,1e-06,100,2,0.05,500,0.75,0,7569,7552,17,7790,7713,2999.67335381368,899.902006144105,812.874411492509,-93566.7631565257,13.0111377607864,13.1310466947395,0,0,-303839.289469577,0.0078621,20260619
1,orig_decrease,10000,1,0.1,0.9,1e-06,100,2,0.05,500,0.75,0,7569,7558,11,7790,7758,2973.72167689034,892.116503067104,778.432859613654,-186712.28221809,24.968200541475,25.0670639621153,0,0,-583410.84665427,0.004726,20365348
2,orig_decrease,10000,1,0.1,0.9,1e-06,100,2,0.05,500,0.75,0,7569,7552,17,7790,7766,2970.70900330858,891.212700992573,729.456727934608,8982.10447343492,0.153030099285612,0.156593416615364,0,0,3648.3134203044,0.006770501,20470077
3,orig_decrease,10000,1,0.1,0.9,1e-06,100,2,0.05,500,0.75,0,7569,7557,12,7790,7759,2982.10066530841,894.630199592524,792.422347706733,-123910.714138646,16.9063817892999,16.9699335144537,0,0,-395009.142415939,0.007242801,20574806
4,orig_decrease,10000,1,0.1,0.9,1e-06,100,2,0.05,500,0.75,0,7569,7550,19,7790,7734,2981.60572773213,894.481718319638,766.161751890047,-163456.755294864,21.9828954165422,22.1348274236958,0,0,-513572.265884588,0.0064312,20679535
0,orig_increase,10000,1,0.1,0.9,1e-06,100,2,0.05,500,1,0,7569,132293,124724,7790,20716379,4232.96070978585,1269.88821293575,1192.51289377378,20445605.741424,2623.59637245494,0.013070491642193,0,0,-812319.775728123,0.235076304,20260619
1,orig_increase,10000,1,0.1,0.9,1e-06,100,2,0.05,500,1,0,7569,132302,124733,7790,20716398,4242.98735811995,1272.89620743598,1238.32645057179,20810380.14192,2670.42235454686,0.00453660631158219,0,0,281946.425760112,0.250397804,20365348
2,orig_increase,10000,1,0.1,0.9,1e-06,100,2,0.05,500,1,0,7569,132298,124729,7790,20716395,4253.55880168159,1276.06764050448,1216.39590042598,20284137.1035429,2602.86869108381,0.0208654979042967,0,0,-1296773.68937138,0.247823705,20470077
3,orig_increase,10000,1,0.1,0.9,1e-06,100,2,0.05,500,1,0,7569,132298,124729,7790,20716388,4248.2189237901,1274.46567713703,1201.52900701129,20514096.7447843,2632.38854233431,0.00976479370900489,0,0,-606873.765647133,0.234885404,20574806
4,orig_increase,10000,1,0.1,0.9,1e-06,100,2,0.05,500,1,0,7569,132293,124724,7790,20716411,4249.74586450471,1273.42860994945,1274.92375935141,20965398.2141378,2690.32197870832,0.0120188392737449,0,0,746961.642413561,0.245149504,20679535
0,orig_decrease,10000,1,0.1,0.9,1e-06,100,2,0.05,500,1,0,7569,7543,26,7790,7685,2999.67335381368,899.902006144105,812.874411492509,-93594.7631565257,13.0147321125193,13.1788891550456,0,0,-303839.289469577,0.0092193,20260619
1,orig_decrease,10000,1,0.1,0.9,1e-06,100,2,0.05,500,1,0,7569,7552,17,7790,7749,2973.72167689034,892.116503067104,778.432859613654,-186721.28221809,24.9693558688177,25.0961778575416,0,0,-583410.84665427,0.0080744,20365348
2,orig_decrease,10000,1,0.1,0.9,1e-06,100,2,0.05,500,1,0,7569,7548,21,7790,7761,2970.70900330858,891.212700992573,729.456727934608,8977.10447343492,0.152388250761864,0.156694301434727,0,0,3648.3134203044,0.011969801,20470077
3,orig_decrease,10000,1,0.1,0.9,1e-06,100,2,0.05,500,1,0,7569,7548,21,7790,7746,2982.10066530841,894.630199592524,792.422347706733,-123923.714138646,16.9080505954617,16.9984139089396,0,0,-395009.142415939,0.0102094,20574806
4,orig_decrease,10000,1,0.1,0.9,1e-06,100,2,0.05,500,1,0,7569,7543,26,7790,7728,2981.60572773213,894.481718319638,766.161751890047,-163462.755294864,21.9836656347707,22.1520128487142,0,0,-513572.265884588,0.011721201,20679535
0,orig_increase,10000,1,0.1,0.9,1e-06,100,2,0.1,1000,0.25,0,7569,132673,125104,7790,2625401,3524.28667050801,1057.2860011524,933.938660527923,2754971.48544626,352.654876180521,0.0493526457277425,0,0,388711.4563388,0.519311608,20260619
1,orig_increase,10000,1,0.1,0.9,1e-06,100,2,0.1,1000,0.25,0,7569,132566,124997,7790,2618170,3528.33336027971,1058.50000808391,830.073327814413,2788297.39143801,356.932912893198,0.0649795053178413,0,0,510382.174314028,0.506714108,20365348
2,orig_increase,10000,1,0.1,0.9,1e-06,100,2,0.1,1000,0.25,0,7569,132753,125184,7790,2629728,3511.30109317833,1053.3903279535,832.670873355531,2662514.88949927,340.786250256646,0.0124677873526365,0,0,98360.6684978155,0.496530409,20470077
3,orig_increase,10000,1,0.1,0.9,1e-06,100,2,0.1,1000,0.25,0,7569,132204,124635,7790,2593312,3510.07106112582,1053.02131833775,839.495872636813,2414047.95002979,308.890622596892,0.0691255236432079,0,0,-537792.149910622,0.503245908,20574806
4,orig_increase,10000,1,0.1,0.9,1e-06,100,2,0.1,1000,0.25,0,7569,131703,124134,7790,2563167,3516.88736189001,1055.066208567,866.861074682966,2828404.60714722,362.081464332121,0.103480423689609,0,0,795712.821441694,0.486991408,20679535
0,orig_decrease,10000,1,0.1,0.9,1e-06,100,2,0.1,1000,0.25,0,7569,7552,17,7790,7690,2997.35560185289,899.206680555867,794.260429782459,-108937.226891473,14.9842396523072,15.1660893226883,0,0,-349881.680674418,0.007829801,20260619
1,orig_decrease,10000,1,0.1,0.9,1e-06,100,2,0.1,1000,0.25,0,7569,7545,24,7790,7686,2968.8712463271,890.661373898131,879.61090600581,-177672.994921547,23.8078299000702,24.1164448245572,0,0,-556076.984764639,0.0098039,20365348
2,orig_decrease,10000,1,0.1,0.9,1e-06,100,2,0.1,1000,0.25,0,7569,7545,24,7790,7730,2966.19925036095,889.859775108284,761.559863394272,-10991.563712632,2.41098378852785,2.4219357972357,0,0,-56164.6911378958,0.0099892,20470077
3,orig_decrease,10000,1,0.1,0.9,1e-06,100,2,0.1,1000,0.25,0,7569,7552,17,7790,7760,2977.51979161322,893.255937483965,762.010630418018,-132602.396535296,18.0221304923358,18.0879376978474,0,0,-421087.189605887,0.0093434,20574806
4,orig_decrease,10000,1,0.1,0.9,1e-06,100,2,0.1,1000,0.25,0,7569,7554,15,7790,7721,2980.52199186462,894.156597559387,741.44285410851,-138490.93827,18.778040856226,18.9369172736693,0,0,-438635.814810001,0.0095878,20679535
0,orig_increase,10000,1,0.1,0.9,1e-06,100,2,0.1,1000,0.5,0,7569,257246,249677,7790,20777387,4358.36809215512,1307.51042764654,1142.93866052792,20937622.5092676,2686.75641967492,0.00771201447360137,0,0,480706.527802966,1.525343825,20260619
1,orig_increase,10000,1,0.1,0.9,1e-06,100,2,0.1,1000,0.5,0,7569,257559,249990,7790,20866628,4356.45278508147,1306.93583552444,1038.30334914922,21076685.234555,2704.60786066175,0.0100666592875019,0,0,630171.703665218,1.504279124,20365348
2,orig_increase,10000,1,0.1,0.9,1e-06,100,2,0.1,1000,0.5,0,7569,257546,249977,7790,20852627,4356.83683392581,1307.05105017774,1013.67087335553,20893309.1073014,2681.06792134806,0.00195093439792498,0,0,122046.32190427,1.500560925,20470077
3,orig_increase,10000,1,0.1,0.9,1e-06,100,2,0.1,1000,0.5,0,7569,257157,249588,7790,20756759,4347.12549770966,1304.1376493129,1036.49587263681,20534745.4541551,2635.0392110597,0.010695963943356,0,0,-666040.637534764,1.487206924,20574806
4,orig_increase,10000,1,0.1,0.9,1e-06,100,2,0.1,1000,0.5,0,7569,256473,248904,7790,20588997,4332.45831549593,1299.73749464878,1060.86107468297,20915743.5683204,2683.94782648529,0.0158699604609393,0,0,980239.704961476,1.480946024,20679535
0,orig_decrease,10000,1,0.1,0.9,1e-06,100,2,0.1,1000,0.5,0,7569,7530,39,7790,7570,2997.35560185289,899.206680555867,794.260429782459,-109057.226891473,14.9996440168771,15.4065028918722,0,0,-349881.680674418,0.01208,20260619
1,orig_decrease,10000,1,0.1,0.9,1e-06,100,2,0.1,1000,0.5,0,7569,7515,54,7790,7596,2968.8712463271,890.661373898131,879.61090600581,-177762.994921547,23.8193831734976,24.4021846921467,0,0,-556076.984764639,0.0088276,20365348
2,orig_decrease,10000,1,0.1,0.9,1e-06,100,2,0.1,1000,0.5,0,7569,7530,39,7790,7661,2966.19925036095,889.859775108284,761.559863394272,-11060.563712632,2.41984129815559,2.443749342466,0,0,-56164.6911378958,0.0090658,20470077
3,orig_decrease,10000,1,0.1,0.9,1e-06,100,2,0.1,1000,0.5,0,7569,7533,36,7790,7680,2977.51979161322,893.255937483965,762.010630418018,-132682.396535296,18.0324000687158,18.2763537155333,0,0,-421087.189605887,0.0099842,20574806
4,orig_decrease,10000,1,0.1,0.9,1e-06,100,2,0.1,1000,0.5,0,7569,7530,39,7790,7656,2980.52199186462,894.156597559387,741.44285410851,-138555.93827,18.7863848870347,19.0976930864682,0,0,-438635.814810001,0.0089704,20679535
0,orig_increase,10000,1,0.1,0.9,1e-06,100,3,0.1,1000,0.75,0,7569,381776,374207,7790,69920546,5702.38117934759,1556.52957333473,1710.71435380428,70130152.39698,9001.58695725032,0.00299777975103366,0,0,628819.190939992,2.405200339,20260619
1,orig_increase,10000,1,0.1,0.9,1e-06,100,3,0.1,1000,0.75,0,7569,381954,374385,7790,70036002,5722.03330573873,1556.57504246306,1716.60999172162,70309000.0685791,9024.54558004867,0.00389796762783693,0,0,818994.205737043,2.45543734,20365348
2,orig_increase,10000,1,0.1,0.9,1e-06,100,3,0.1,1000,0.75,0,7569,382548,374979,7790,70349580,5693.81173921109,1556.05105017774,1708.14352176333,70402285.9265879,9036.52065809857,0.000749200302089433,0,0,158117.77976395,2.427433039,20470077
3,orig_increase,10000,1,0.1,0.9,1e-06,100,3,0.1,1000,0.75,0,7569,381929,374360,7790,70008408,5739.14602985073,1555.53180491459,1721.74380895522,69718989.2927327,8948.80607095414,0.0041340564017292,0,0,-868256.121801781,2.386160539,20574806
4,orig_increase,10000,1,0.1,0.9,1e-06,100,3,0.1,1000,0.75,0,7569,381764,374195,7790,69910402,5607.71754795933,1550.92556507543,1682.3152643878,70332570.4398279,9027.57130164672,0.00603870708436133,0,0,1266505.31948469,2.492241741,20679535
0,orig_decrease,10000,1,0.1,0.9,1e-06,100,2,0.1,1000,0.75,0,7569,7509,60,7790,7499,2997.35560185289,899.206680555867,794.260429782459,-109128.226891473,15.0087582659143,15.5523705682721,0,0,-349881.680674418,0.014659901,20260619
1,orig_decrease,10000,1,0.1,0.9,1e-06,100,2,0.1,1000,0.75,0,7569,7495,74,7790,7524,2968.8712463271,890.661373898131,879.61090600581,-177834.994921546,23.8286257922396,24.6356984212582,0,0,-556076.984764639,0.0088184,20365348
2,orig_decrease,10000,1,0.1,0.9,1e-06,100,2,0.1,1000,0.75,0,7569,7513,56,7790,7633,2966.19925036095,889.859775108284,761.559863394272,-11088.563712632,2.42343564988858,2.4527137053101,0,0,-56164.6911378958,0.0110163,20470077
3,orig_decrease,10000,1,0.1,0.9,1e-06,100,2,0.1,1000,0.75,0,7569,7514,55,7790,7635,2977.51979161322,893.255937483965,762.010630418018,-132727.396535296,18.0381767054295,18.3840728926386,0,0,-421087.189605887,0.0099142,20574806
4,orig_decrease,10000,1,0.1,0.9,1e-06,100,2,0.1,1000,0.75,0,7569,7507,62,7790,7589,2980.52199186462,894.156597559387,741.44285410851,-138622.93827,18.7949856572529,19.2662983621031,0,0,-438635.814810001,0.008282,20679535
0,orig_increase,10000,1,0.1,0.9,1e-06,100,3,0.1,1000,1,0,7569,506984,499415,7790,166175163,6530.22762655284,1804.59518238726,1959.06828796585,166415199.125473,21361.669977596,0.00144447654594937,0,0,720108.376419118,1.382917523,20260619
1,orig_increase,10000,1,0.1,0.9,1e-06,100,3,0.1,1000,1,0,7569,506960,499391,7790,166175196,6634.95550433901,1805.47003702398,1990.4866513017,166491749.564268,21371.4967348226,0.00190493871460723,0,0,949660.692804234,1.410403624,20365348
2,orig_increase,10000,1,0.1,0.9,1e-06,100,3,0.1,1000,1,0,7569,506993,499424,7790,166175168,6607.22013939367,1800.44148536844,1982.1660418181,166236329.077248,21338.7084823168,0.0003680518454351,0,0,183483.231744035,1.386060723,20470077
3,orig_increase,10000,1,0.1,0.9,1e-06,100,3,0.1,1000,1,0,7569,506986,499417,7790,166175157,6895.94145586712,1800.95970211938,2068.78243676014,165827402.394843,21286.2146848322,0.0020926991220297,0,0,-1043263.81547029,1.374831022,20574806
4,orig_increase,10000,1,0.1,0.9,1e-06,100,3,0.1,1000,1,0,7569,506985,499416,7790,166175253,6433.34338911436,1799.38194692163,1930.00301673431,166659577.418666,21393.0407469405,0.0029145399806691,0,0,1452973.25599968,1.356788622,20679535
0,orig_decrease,10000,1,0.1,0.9,1e-06,100,2,0.1,1000,1,0,7569,7484,85,7790,7405,2997.35560185289,899.206680555867,794.260429782459,-109222.226891473,15.0208250181608,15.7497943135007,0,0,-349881.680674418,0.0082005,20260619
1,orig_decrease,10000,1,0.1,0.9,1e-06,100,2,0.1,1000,1,0,7569,7460,109,7790,7383,2968.8712463271,890.661373898131,879.61090600581,-177975.994921546,23.8467259206093,25.1061892078486,0,0,-556076.984764639,0.0089239,20365348
2,orig_decrease,10000,1,0.1,0.9,1e-06,100,2,0.1,1000,1,0,7569,7493,76,7790,7547,2966.19925036095,889.859775108284,761.559863394272,-11174.563712632,2.43447544449704,2.48066300684139,0,0,-56164.6911378958,0.009577,20470077
3,orig_decrease,10000,1,0.1,0.9,1e-06,100,2,0.1,1000,1,0,7569,7486,83,7790,7573,2977.51979161322,893.255937483965,762.010630418018,-132789.396535296,18.046135627124,18.5345829308459,0,0,-421087.189605887,0.0098444,20574806
4,orig_decrease,10000,1,0.1,0.9,1e-06,100,2,0.1,1000,1,0,7569,7485,84,7790,7566,2980.52199186462,894.156597559387,741.44285410851,-138645.93827,18.7979381604622,19.3248662794079,0,0,-438635.814810001,0.0097184,20679535
0,orig_increase,10000,1,0.1,0.9,1e-06,100,2,0.15,1500,0.25,0,7569,288399,280830,7790,8776172,4014.06994327748,1204.22098298324,1078.67501591928,8833370.11776599,1132.93711396226,0.00651743354232202,0,0,171594.353297987,1.474055024,20260619
1,orig_increase,10000,1,0.1,0.9,1e-06,100,2,0.15,1500,0.25,0,7569,288754,281185,7790,8809351,3993.58695467168,1198.07608640151,937.455745944782,9144210.7968186,1172.83964015643,0.0380118577201209,0,0,1004579.39045577,1.383878822,20365348
2,orig_increase,10000,1,0.1,0.9,1e-06,100,2,0.15,1500,0.25,0,7569,289153,281584,7790,8843620,4011.53161436169,1203.45948430851,877.141908908962,8717194.78297884,1118.02372053644,0.0142956410407905,0,0,-379275.6510635,1.543310225,20470077
3,orig_increase,10000,1,0.1,0.9,1e-06,100,2,0.15,1500,0.25,0,7569,288538,280969,7790,8791800,3972.08651737121,1191.62595521136,835.535806117811,9108023.89554621,1168.19433832429,0.0359680492670687,0,0,948671.686638665,1.510611324,20574806
4,orig_increase,10000,1,0.1,0.9,1e-06,100,2,0.15,1500,0.25,0,7569,287647,280078,7790,8704317,3991.20263484732,1197.3607904542,931.079302094129,8736755.30875826,1120.53469945549,0.00372669202629734,0,0,97314.9262746528,1.469794824,20679535
0,orig_decrease,10000,1,0.1,0.9,1e-06,100,2,0.15,1500,0.25,0,7569,7525,44,7790,7445,2994.31918583761,898.295755751284,736.532111670605,-137561.645246492,18.6587477851723,19.4770510740756,0,0,-435019.935739477,0.009026299,20260619
1,orig_decrease,10000,1,0.1,0.9,1e-06,100,2,0.15,1500,0.25,0,7569,7522,47,7790,7601,2969.12223251658,890.736669754973,709.434066942829,-172000.107730675,23.0796030462997,23.6286156730265,0,0,-538803.323192024,0.0085684,20365348
2,orig_decrease,10000,1,0.1,0.9,1e-06,100,2,0.15,1500,0.25,0,7569,7519,50,7790,7655,2966.2453084993,889.873592549789,753.631568406935,-122.372103158758,1.01570887075209,1.01598590505013,0,0,-23332.116309476,0.0084045,20470077
3,orig_decrease,10000,1,0.1,0.9,1e-06,100,2,0.15,1500,0.25,0,7569,7520,49,7790,7603,2980.90560672708,894.271682018124,778.526353650098,-143051.269155813,19.3634491855986,19.8151083987654,0,0,-451962.807467439,0.0143148,20574806
4,orig_decrease,10000,1,0.1,0.9,1e-06,100,2,0.15,1500,0.25,0,7569,7530,39,7790,7687,2980.59653748095,894.178961244286,655.475526486307,-116288.408102439,15.9279086139203,16.127931325932,0,0,-371926.224307318,0.0086981,20679535
0,orig_increase,10000,1,0.1,0.9,1e-06,100,3,0.15,1500,0.5,0,7569,569308,561739,7790,70109879,5664.84335698455,1574.63418150954,1699.45300709537,70186969.9641899,9008.88061157765,0.00109957348792254,0,0,231272.892568793,4.682903577,20260619
1,orig_increase,10000,1,0.1,0.9,1e-06,100,3,0.15,1500,0.5,0,7569,569835,562266,7790,70305239,5513.94539639058,1573.34456763977,1654.18361891717,70759764.5955782,9082.41008929117,0.00646503165401711,0,0,1363576.78673413,4.676522776,20365348
2,orig_increase,10000,1,0.1,0.9,1e-06,100,3,0.15,1500,0.5,0,7569,569925,562356,7790,70313683,5253.68021747571,1576.10406524271,1558.71286336344,70153144.9366029,9004.53850277316,0.00228316959868429,0,0,-481614.190191458,4.590338276,20470077
3,orig_increase,10000,1,0.1,0.9,1e-06,100,3,0.15,1500,0.5,0,7569,569823,562254,7790,70301068,5230.65511993915,1569.19653598175,1486.30370917672,70722431.5277106,9077.6176543916,0.00599370023383715,0,0,1264090.5831319,4.653107175,20574806
4,orig_increase,10000,1,0.1,0.9,1e-06,100,3,0.15,1500,0.5,0,7569,568345,560776,7790,69745700,5425.39651047064,1573.61097651627,1627.61895314119,69787256.7502612,8957.56954432108,0.000595832434992367,0,0,124670.25078395,4.790690978,20679535
0,orig_decrease,10000,1,0.1,0.9,1e-06,100,2,0.15,1500,0.5,0,7569,7478,91,7790,7192,2994.31918583761,898.295755751284,736.532111670605,-137814.645246492,18.691225320474,20.1622143001241,0,0,-435019.935739477,0.0090772,20260619
1,orig_decrease,10000,1,0.1,0.9,1e-06,100,2,0.15,1500,0.5,0,7569,7458,111,7790,7445,2969.12223251658,890.736669754973,709.434066942829,-172156.107730675,23.0996287202407,24.1237216562357,0,0,-538803.323192024,0.009923,20365348
2,orig_decrease,10000,1,0.1,0.9,1e-06,100,2,0.15,1500,0.5,0,7569,7488,81,7790,7613,2966.2453084993,889.873592549789,753.631568406935,-164.372103158721,1.02110039835157,1.02159097637708,0,0,-23332.116309476,0.0094037,20470077
3,orig_decrease,10000,1,0.1,0.9,1e-06,100,2,0.15,1500,0.5,0,7569,7473,96,7790,7473,2980.90560672708,894.271682018124,778.526353650098,-143181.269155813,19.3801372472161,20.1598112077898,0,0,-451962.807467439,0.0090443,20574806
4,orig_decrease,10000,1,0.1,0.9,1e-06,100,2,0.15,1500,0.5,0,7569,7479,90,7790,7567,2980.59653748095,894.178961244286,655.475526486307,-116408.408102439,15.9433129784902,16.3836934191144,0,0,-371926.224307318,0.011762601,20679535
0,orig_increase,10000,1,0.1,0.9,1e-06,100,3,0.15,1500,0.75,0,7569,850023,842454,7790,236377599,6836.69782570648,1950.96088335309,2051.00934771194,236470637.340876,30354.6658974167,0.000393600498819653,0,0,279115.022628193,7.559106423,20260619
1,orig_increase,10000,1,0.1,0.9,1e-06,100,3,0.15,1500,0.75,0,7569,850481,842912,7790,236775260,7094.25022734563,1946.44936131202,2128.27506820369,237360053.297351,30468.839961149,0.00246982432772189,0,0,1754379.89205047,7.501273523,20365348
2,orig_increase,10000,1,0.1,0.9,1e-06,100,3,0.15,1500,0.75,0,7569,850830,843261,7790,237035111,6729.04287787814,1947.65000991138,2018.71286336344,236829489.898712,30400.7316943148,0.000867471069666019,0,0,-616863.303863214,7.681616425,20470077
3,orig_increase,10000,1,0.1,0.9,1e-06,100,3,0.15,1500,0.75,0,7569,850656,843087,7790,236897805,6544.34569725572,1943.38191845065,1963.30370917672,237424994.907636,30477.1764964873,0.00222538958364926,0,0,1581569.72290632,7.484447822,20574806
4,orig_increase,10000,1,0.1,0.9,1e-06,100,3,0.15,1500,0.75,0,7569,850113,842544,7790,236444267,7062.06317713731,1949.36397709866,2118.61895314119,236498360.077846,30358.2246569764,0.000228777286639865,0,0,162279.233535587,7.400237921,20679535
0,orig_decrease,10000,1,0.1,0.9,1e-06,100,2,0.15,1500,0.75,0,7569,7431,138,7790,7061,2994.31918583761,898.295755751284,736.532111670605,-137945.645246492,18.7080417517962,20.5362760581352,0,0,-435019.935739477,0.008981,20260619
1,orig_decrease,10000,1,0.1,0.9,1e-06,100,2,0.15,1500,0.75,0,7569,7412,157,7790,7285,2969.12223251658,890.736669754973,709.434066942829,-172316.107730675,23.1201678730006,24.6535494482738,0,0,-538803.323192024,0.007785001,20365348
2,orig_decrease,10000,1,0.1,0.9,1e-06,100,2,0.15,1500,0.75,0,7569,7454,115,7790,7504,2966.2453084993,889.873592549789,753.631568406935,-273.372103158719,1.03509269616928,1.03643018432286,0,0,-23332.116309476,0.0091925,20470077
3,orig_decrease,10000,1,0.1,0.9,1e-06,100,2,0.15,1500,0.75,0,7569,7437,132,7790,7386,2980.90560672708,894.271682018124,778.526353650098,-143268.269155813,19.3913054115293,20.3972744592219,0,0,-451962.807467439,0.0112629,20574806
4,orig_decrease,10000,1,0.1,0.9,1e-06,100,2,0.15,1500,0.75,0,7569,7438,131,7790,7459,2980.59653748095,894.178961244286,655.475526486307,-116516.408102439,15.9571769066032,16.6209154179433,0,0,-371926.224307318,0.0102111,20679535
0,orig_increase,10000,1,0.1,0.9,1e-06,100,4,0.15,1500,1,0,7569,1131628,1124059,7790,561383956,8124.84335698455,2324.36887435537,2437.45300709537,561492181.9633,72077.5856178819,0.000192784211488494,0,0,324677.889898707,3.942087764,20260619
1,orig_increase,10000,1,0.1,0.9,1e-06,100,4,0.15,1500,1,0,7569,1131616,1124047,7790,561384109,8323.25392634465,2317.01092695235,2496.9761779034,562075422.94419,72152.4560903967,0.00123144551672756,0,0,2073941.83256921,3.965686665,20365348
2,orig_increase,10000,1,0.1,0.9,1e-06,100,4,0.15,1500,1,0,7569,1131663,1124094,7790,561384016,8327.27638082127,2321.91713601236,2498.18291424638,561132385.682994,72031.398675609,0.000448232065457009,0,0,-754890.951022985,3.986244164,20470077
3,orig_increase,10000,1,0.1,0.9,1e-06,100,4,0.15,1500,1,0,7569,1131637,1124068,7790,561384104,8348.62963389193,2315.11018666822,2504.58889016758,562060029.329982,72150.4800166857,0.00120403361115106,0,0,2027775.98993764,3.822068263,20574806
4,orig_increase,10000,1,0.1,0.9,1e-06,100,4,0.15,1500,1,0,7569,1131634,1124065,7790,561384317,8300.99644278422,2323.5502156978,2490.29893283527,561442016.067971,72071.14583671,0.000102779978392008,0,0,173097.20391599,3.887155663,20679535
0,orig_decrease,10000,1,0.1,0.9,1e-06,100,2,0.15,1500,1,0,7569,7378,191,7790,6835,2994.31918583761,898.295755751284,736.532111670605,-138171.645246492,18.7370533050696,21.2153102043149,0,0,-435019.935739477,0.0091184,20260619
1,orig_decrease,10000,1,0.1,0.9,1e-06,100,2,0.15,1500,1,0,7569,7366,203,7790,7199,2969.12223251658,890.736669754973,709.434066942829,-172402.107730675,23.1312076676091,24.9480633047194,0,0,-538803.323192024,0.008970901,20365348
2,orig_decrease,10000,1,0.1,0.9,1e-06,100,2,0.15,1500,1,0,7569,7413,156,7790,7410,2966.2453084993,889.873592549789,753.631568406935,-367.372103158721,1.04715944841575,1.04957788166784,0,0,-23332.116309476,0.0084109,20470077
3,orig_decrease,10000,1,0.1,0.9,1e-06,100,2,0.15,1500,1,0,7569,7387,182,7790,7302,2980.90560672708,894.271682018124,778.526353650098,-143352.269155813,19.4020884667282,20.6319185368136,0,0,-451962.807467439,0.0082648,20574806
4,orig_decrease,10000,1,0.1,0.9,1e-06,100,2,0.15,1500,1,0,7569,7384,185,7790,7354,2980.59653748095,894.178961244286,655.475526486307,-116621.408102439,15.9706557256019,16.8582279171117,0,0,-371926.224307318,0.0083459,20679535
0,orig_increase,10000,1,0.1,0.9,1e-06,100,2,0.2,2000,0.25,0,7569,507433,499864,7790,20866265,4437.63338762881,1331.29001628864,1002.25968290673,20754865.132596,2663.29590919076,0.005338754559285,0,0,-334199.602211683,3.327299154,20260619
1,orig_increase,10000,1,0.1,0.9,1e-06,100,3,0.2,2000,0.25,0,7569,507434,499865,7790,20867688,4445.07892009078,1333.52367602723,1271.34514525,20731139.6870428,2660.25028075004,0.00654352858626044,0,0,-409644.938871385,3.264942454,20365348
2,orig_increase,10000,1,0.1,0.9,1e-06,100,2,0.2,2000,0.25,0,7569,507872,500303,7790,20919595,4445.56663150882,1333.66998945265,966.468240523548,20827655.0146752,2672.63992486203,0.0043949218579405,0,0,-275819.955974345,3.235171853,20470077
3,orig_increase,10000,1,0.1,0.9,1e-06,100,2,0.2,2000,0.25,0,7569,507363,499794,7790,20861027,4459.87868139595,1337.96360441878,904.040136779534,20791543.898196,2668.00435150141,0.00333076131889435,0,0,-208449.305412154,3.264079953,20574806
4,orig_increase,10000,1,0.1,0.9,1e-06,100,2,0.2,2000,0.25,0,7569,506643,499074,7790,20763044,4451.98379946722,1335.59513984017,935.375162353118,21036092.1471021,2699.39693801054,0.0131506799822841,0,0,819144.441306227,3.232306452,20679535
0,orig_decrease,10000,1,0.1,0.9,1e-06,100,2,0.2,2000,0.25,0,7569,7495,74,7790,7285,2999.67335381368,899.902006144105,739.899399568493,-133171.347511091,18.0951665611156,19.280212424309,0,0,-421369.042533272,0.0112893,20260619
1,orig_decrease,10000,1,0.1,0.9,1e-06,100,2,0.2,2000,0.25,0,7569,7484,85,7790,7524,2968.94344564298,890.683033692893,723.849191000159,-172607.86395718,23.157620533656,23.9409707545428,0,0,-540395.591871541,0.009337999,20365348
2,orig_decrease,10000,1,0.1,0.9,1e-06,100,2,0.2,2000,0.25,0,7569,7490,79,7790,7565,2961.94893092775,888.584679278324,771.843393690784,33459.9983503909,3.29525010916443,3.42300044288049,0,0,77684.9950511731,0.008803,20470077
3,orig_decrease,10000,1,0.1,0.9,1e-06,100,2,0.2,2000,0.25,0,7569,7492,77,7790,7612,2979.44798157311,893.834394471932,781.955542561055,-169565.590426649,22.767084778774,23.2760891259392,0,0,-531532.771279947,0.0086392,20574806
4,orig_decrease,10000,1,0.1,0.9,1e-06,100,2,0.2,2000,0.25,0,7569,7475,94,7790,7556,2983.17725775041,894.953177325124,740.260240147078,-92594.7437086585,12.8863599112527,13.2544658163921,0,0,-300452.231125976,0.0098405,20679535
0,orig_increase,10000,1,0.1,0.9,1e-06,100,3,0.2,2000,0.5,0,7569,1006709,999140,7790,166408825,6113.37267944824,1834.01180383447,1805.88952436009,166254757.014673,21341.0740712032,0.000925840233093925,0,0,-462203.955978674,10.749305276,20260619
1,orig_increase,10000,1,0.1,0.9,1e-06,100,3,0.2,2000,0.5,0,7569,1007556,999987,7790,166830275,6130.80766078317,1839.24229823495,1674.34514525,166641942.811035,21390.7769975654,0.00112888496386625,0,0,-564996.566896158,10.607142574,20365348
2,orig_increase,10000,1,0.1,0.9,1e-06,100,3,0.2,2000,0.5,0,7569,1007620,1000051,7790,166829415,6124.82296072275,1837.44688821683,1757.20236078532,166704385.802331,21398.7927859218,0.000749443362067874,0,0,-375087.593006918,10.464622371,20470077
3,orig_increase,10000,1,0.1,0.9,1e-06,100,3,0.2,2000,0.5,0,7569,1007205,999636,7790,166645129,6128.11366961229,1838.43410088369,1720.46583948067,166547976.966561,21378.7146298538,0.00058298753778162,0,0,-291456.100317295,10.562057673,20574806
4,orig_increase,10000,1,0.1,0.9,1e-06,100,3,0.2,2000,0.5,0,7569,1005430,997861,7790,165785036,6122.3910869684,1836.71732609052,1709.56274352968,166164981.983766,21329.5496769917,0.0022917990244043,0,0,1139837.95130042,10.814436677,20679535
0,orig_decrease,10000,1,0.1,0.9,1e-06,100,2,0.2,2000,0.5,0,7569,7417,152,7790,6927,2999.67335381368,899.902006144105,739.899399568493,-133529.347511091,18.141122915416,20.2766489838445,0,0,-421369.042533272,0.0097321,20260619
1,orig_decrease,10000,1,0.1,0.9,1e-06,100,2,0.2,2000,0.5,0,7569,7380,189,7790,7159,2968.94344564298,890.683033692893,723.849191000159,-172972.86395718,23.2044754758896,25.1615957476156,0,0,-540395.591871541,0.0094729,20365348
2,orig_decrease,10000,1,0.1,0.9,1e-06,100,2,0.2,2000,0.5,0,7569,7437,132,7790,7423,2961.94893092775,888.584679278324,771.843393690784,33317.9983503908,3.27702161108996,3.48848152369538,0,0,77684.9950511731,0.0091502,20470077
3,orig_decrease,10000,1,0.1,0.9,1e-06,100,2,0.2,2000,0.5,0,7569,7411,158,7790,7421,2979.44798157311,893.834394471932,781.955542561055,-169756.590426649,22.7916033923811,23.8751637820575,0,0,-531532.771279947,0.009008599,20574806
4,orig_decrease,10000,1,0.1,0.9,1e-06,100,2,0.2,2000,0.5,0,7569,7388,181,7790,7346,2983.17725775041,894.953177325124,740.260240147078,-92804.7437086585,12.9133175492501,13.6333710466456,0,0,-300452.231125976,0.0107802,20679535
0,orig_increase,10000,1,0.1,0.9,1e-06,100,4,0.2,2000,0.75,0,7569,1506271,1498702,7790,561421681,8456.13309147838,2331.2406668146,2536.83992744351,561215227.360209,72042.033037254,0.00036773364260425,0,0,-619360.919375029,17.301781883,20260619
1,orig_increase,10000,1,0.1,0.9,1e-06,100,4,0.2,2000,0.75,0,7569,1507173,1499604,7790,562456994,8436.63732109626,2334.42832472784,2530.99119632888,562193359.396996,72167.5955580226,0.00046871957468069,0,0,-790903.809015376,17.302331883,20365348
2,orig_increase,10000,1,0.1,0.9,1e-06,100,4,0.2,2000,0.75,0,7569,1505810,1498241,7790,560851623,8343.37233049883,2327.44144470751,2503.01169914965,560693342.834013,71975.0388747129,0.000282213975133058,0,0,-474840.49796062,17.221370682,20470077
3,orig_increase,10000,1,0.1,0.9,1e-06,100,4,0.2,2000,0.75,0,7569,1506580,1499011,7790,561733631,8308.2765246811,2337.59175623338,2492.48295740433,561599560.753622,72091.3698014919,0.000238672279847574,0,0,-402210.73913908,17.668034089,20574806
4,orig_increase,10000,1,0.1,0.9,1e-06,100,4,0.2,2000,0.75,0,7569,1505701,1498132,7790,560811389,8263.9674213414,2332.2556778147,2479.19022640242,561320330.500888,72055.5250963913,0.000907509210531505,0,0,1526824.50265916,17.299650683,20679535
0,orig_decrease,10000,1,0.1,0.9,1e-06,100,2,0.2,2000,0.75,0,7569,7342,227,7790,6689,2999.67335381368,899.902006144105,739.899399568493,-133767.347511091,18.1716749051464,20.9981084633115,0,0,-421369.042533272,0.011455301,20260619
1,orig_decrease,10000,1,0.1,0.9,1e-06,100,2,0.2,2000,0.75,0,7569,7297,272,7790,6921,2968.94344564298,890.683033692893,723.849191000159,-173210.86395718,23.2350274656201,26.0268550725589,0,0,-540395.591871541,0.0093349,20365348
2,orig_decrease,10000,1,0.1,0.9,1e-06,100,2,0.2,2000,0.75,0,7569,7365,204,7790,7226,2961.94893092775,888.584679278324,771.843393690784,33120.9983503908,3.25173277925428,3.58358681848752,0,0,77684.9950511731,0.009374901,20470077
3,orig_decrease,10000,1,0.1,0.9,1e-06,100,2,0.2,2000,0.75,0,7569,7347,222,7790,7245,2979.44798157311,893.834394471932,781.955542561055,-169932.590426649,22.8141964604171,24.4551539581296,0,0,-531532.771279947,0.009904401,20574806
4,orig_decrease,10000,1,0.1,0.9,1e-06,100,2,0.2,2000,0.75,0,7569,7296,273,7790,7140,2983.17725775041,894.953177325124,740.260240147078,-93010.7437086585,12.9397617084286,14.0267148051342,0,0,-300452.231125976,0.0087319,20679535
0,orig_increase,10000,1,0.1,0.9,1e-06,100,4,0.2,2000,1,0,7569,2006251,1998682,7790,1331342837,10134.7988234946,2825.29614739221,3040.43964704837,1331095399.30205,170871.323402061,0.000185855732325382,0,0,-742313.093833195,8.884581645,20260619
1,orig_increase,10000,1,0.1,0.9,1e-06,100,4,0.2,2000,1,0,7569,2006219,1998650,7790,1331343144,10052.9596810799,2829.5841515208,3015.88790432396,1331029001.2991,170862.799910025,0.000235959228331879,0,0,-942428.1026947,8.804938243,20365348
2,orig_increase,10000,1,0.1,0.9,1e-06,100,4,0.2,2000,1,0,7569,2006283,1998714,7790,1331342976,9957.67849080971,2829.42705384111,2987.30354724291,1331154071.20924,170878.855097463,0.000141890402524393,0,0,-566714.372295684,8.939748346,20470077
3,orig_increase,10000,1,0.1,0.9,1e-06,100,4,0.2,2000,1,0,7569,2006266,1998697,7790,1331343064,9988.2765246811,2831.36687501843,2996.48295740433,1331181883.67692,170882.425375727,0.000121065957709935,0,0,-483540.969271206,8.912997646,20574806
4,orig_increase,10000,1,0.1,0.9,1e-06,100,4,0.2,2000,1,0,7569,2006207,1998638,7790,1331343341,9937.30075467474,2829.43527342157,2981.19022640242,1331955335.76026,170981.713191304,0.000459682143149842,0,0,1835984.28078846,8.985420547,20679535
0,orig_decrease,10000,1,0.1,0.9,1e-06,100,2,0.2,2000,1,0,7569,7251,318,7790,6361,2999.67335381368,899.902006144105,739.899399568493,-134095.347511091,18.2137801683043,22.0808595364079,0,0,-421369.042533272,0.0091814,20260619
1,orig_decrease,10000,1,0.1,0.9,1e-06,100,2,0.2,2000,1,0,7569,7219,350,7790,6690,2968.94344564298,890.683033692893,723.849191000159,-173441.86395718,23.2646808674172,26.925540202867,0,0,-540395.591871541,0.0100237,20365348
2,orig_decrease,10000,1,0.1,0.9,1e-06,100,2,0.2,2000,1,0,7569,7283,286,7790,7031,2961.94893092775,888.584679278324,771.843393690784,32925.9983503909,3.2267006868281,3.68297516006129,0,0,77684.9950511731,0.0120056,20470077
3,orig_decrease,10000,1,0.1,0.9,1e-06,100,2,0.2,2000,1,0,7569,7266,303,7790,7096,2979.44798157311,893.834394471932,781.955542561055,-170081.590426649,22.8333235464248,24.9686570499787,0,0,-531532.771279947,0.0082123,20574806
4,orig_decrease,10000,1,0.1,0.9,1e-06,100,2,0.2,2000,1,0,7569,7207,362,7790,6937,2981.83443967069,894.550331901208,740.260240147078,-93168.6628375842,12.9600337403831,14.4306851430855,0,0,-300316.988512753,0.0096135,20679535
0,orig_increase,10000,2,0.2,1.8,1e-06,100,2,0.05,500,0.25,0,7569,39005,31436,7790,339759,860.107999484174,516.064799690505,387.256446886889,284739.768375846,35.5519599968994,0.161936053567834,0,0,-165057.694872461,0.091350501,20260619
1,orig_increase,10000,2,0.2,1.8,1e-06,100,2,0.05,500,0.25,0,7569,39033,31464,7790,340610,860.048912491949,516.029347495169,418.163225285894,359660.077723495,45.1694579876117,0.0559292966251584,0,0,57150.2331704857,0.089403702,20365348
2,orig_increase,10000,2,0.2,1.8,1e-06,100,2,0.05,500,0.25,0,7569,38546,30977,7790,325264,863.734372217889,518.240623330734,407.487293356234,237489.028443236,29.4863964625464,0.269857628132114,0,0,-263324.914670288,0.088183302,20470077
3,orig_increase,10000,2,0.2,1.8,1e-06,100,2,0.05,500,0.25,0,7569,38748,31179,7790,331489,862.969377704108,517.781626622465,401.764503505645,290396.212231721,36.2780760246112,0.123964257541814,0,0,-123278.363304832,0.093905901,20574806
4,orig_increase,10000,2,0.2,1.8,1e-06,100,2,0.05,500,0.25,0,7569,38773,31204,7790,332015,860.743050058797,516.445830035278,430.461879675707,382444.842384855,48.0943314999815,0.151890253105599,0,0,151289.527154564,0.088818501,20679535
0,orig_decrease,10000,2,0.2,1.8,1e-06,100,2,0.05,500,0.25,0,7569,7563,6,7790,7741,751.882119568446,451.129271741068,406.937205746255,-17645.2451038889,3.26511490422194,3.27945292648094,0,0,-76158.7353116668,0.0082082,20260619
1,orig_decrease,10000,2,0.2,1.8,1e-06,100,2,0.05,500,0.25,0,7569,7564,5,7790,7765,745.05640144448,447.033840866688,389.716429806827,-40958.9037140882,6.25788237664803,6.27481052338547,0,0,-146171.711142265,0.0086043,20365348
2,orig_decrease,10000,2,0.2,1.8,1e-06,100,2,0.05,500,0.25,0,7569,7562,7,7790,7784,744.594531519516,446.75671891171,366.228363967304,8088.81098608706,0.0383582780599561,0.039158656999879,0,0,914.432958261212,0.0092924,20470077
3,orig_decrease,10000,2,0.2,1.8,1e-06,100,2,0.05,500,0.25,0,7569,7563,6,7790,7778,747.375189967389,448.425113980433,397.211173853367,-25221.1132633831,4.2376268630787,4.24262191609451,0,0,-98997.3397901496,0.0104747,20574806
4,orig_decrease,10000,2,0.2,1.8,1e-06,100,2,0.05,500,0.25,0,7569,7564,5,7790,7774,747.992567726444,448.795540635867,383.580875945024,-35172.4605038276,5.5150783701961,5.52437104499969,0,0,-128839.381511483,0.0090701,20679535
0,orig_increase,10000,2,0.2,1.8,1e-06,100,2,0.05,500,0.5,0,7569,70100,62531,7790,2619865,1069.30671528744,641.584029172463,505.256446886889,2551463.78308196,326.53065251373,0.0261086799961221,0,0,-205203.650754134,0.213529203,20260619
1,orig_increase,10000,2,0.2,1.8,1e-06,100,2,0.05,500,0.5,0,7569,70352,62783,7790,2648802,1068.20668277208,640.924009663245,515.163225285894,2672462.77095849,342.06325686245,0.00893263103791335,0,0,70982.3128754507,0.225442304,20365348
2,orig_increase,10000,2,0.2,1.8,1e-06,100,2,0.05,500,0.5,0,7569,69918,62349,7790,2594183,1071.68511200662,643.01106720397,528.697950212991,2485275.52421825,318.034085265501,0.0419814160303054,0,0,-326722.427345257,0.284598905,20470077
3,orig_increase,10000,2,0.2,1.8,1e-06,100,2,0.05,500,0.5,0,7569,69846,62277,7790,2586856,1067.51541944388,640.509251666326,505.764503505645,2536023.15968847,324.548544247557,0.0196504329238007,0,0,-152498.52093458,0.226198604,20574806
4,orig_increase,10000,2,0.2,1.8,1e-06,100,2,0.05,500,0.5,0,7569,69730,62161,7790,2572928,1068.97290324486,641.383741946915,536.461879675707,2635557.76508568,337.325772154773,0.0243418257664734,0,0,187889.295257056,0.210592604,20679535
0,orig_decrease,10000,2,0.2,1.8,1e-06,100,2,0.05,500,0.5,0,7569,7558,11,7790,7734,751.882119568446,451.129271741068,406.937205746255,-17652.2451038889,3.26601349215519,3.28242114092177,0,0,-76158.7353116668,0.0090481,20260619
1,orig_decrease,10000,2,0.2,1.8,1e-06,100,2,0.05,500,0.5,0,7569,7560,9,7790,7759,745.05640144448,447.033840866688,389.716429806827,-40964.9037140882,6.25865259487653,6.27966280630084,0,0,-146171.711142265,0.0088361,20365348
2,orig_decrease,10000,2,0.2,1.8,1e-06,100,2,0.05,500,0.5,0,7569,7559,10,7790,7773,744.594531519516,446.75671891171,366.228363967304,8077.81098608706,0.03694621130771,0.039214072570058,0,0,914.432958261212,0.0085925,20470077
3,orig_decrease,10000,2,0.2,1.8,1e-06,100,2,0.05,500,0.5,0,7569,7560,9,7790,7769,747.375189967389,448.425113980433,397.211173853367,-25230.1132633831,4.23878219042145,4.2475367825181,0,0,-98997.3397901496,0.009046101,20574806
4,orig_decrease,10000,2,0.2,1.8,1e-06,100,2,0.05,500,0.5,0,7569,7557,12,7790,7771,747.992567726444,448.795540635867,383.580875945024,-35175.4605038276,5.51546347931035,5.526503732316,0,0,-128839.381511483,0.0116162,20679535
0,orig_increase,10000,2,0.2,1.8,1e-06,100,3,0.05,500,0.75,0,7569,101190,93621,7790,8767094,1379.80778388389,764.141255760569,827.884670330334,8680310.04517658,1113.28883763499,0.00989882791531829,0,0,-260351.864470207,0.349181305,20260619
1,orig_increase,10000,2,0.2,1.8,1e-06,100,3,0.05,500,0.75,0,7569,101222,93653,7790,8774490,1369.60224015966,764.924009663245,821.761344095799,8804127.61244856,1129.18326218852,0.00337770200302882,0,0,88912.8373455573,0.350125405,20365348
2,orig_increase,10000,2,0.2,1.8,1e-06,100,3,0.05,500,0.75,0,7569,100979,93410,7790,8707259,1421.74487553248,765.668709742867,853.046925319486,8562306.48003628,1098.14075481852,0.0166473192038648,0,0,-434857.559891106,0.361157806,20470077
3,orig_increase,10000,2,0.2,1.8,1e-06,100,3,0.05,500,0.75,0,7569,101247,93678,7790,8782277,1423.12940867861,764.948341204731,853.877645207168,8714437.24858863,1117.66973666093,0.00772461986924038,0,0,-203519.254234219,0.357450006,20574806
4,orig_increase,10000,2,0.2,1.8,1e-06,100,3,0.05,500,0.75,0,7569,100892,93323,7790,8684469,1390.41829864671,762.600287087245,834.250979188025,8766353.99266003,1124.33427376894,0.00942890033461237,0,0,245654.977980143,0.357592706,20679535
0,orig_decrease,10000,2,0.2,1.8,1e-06,100,2,0.05,500,0.75,0,7569,7552,17,7790,7713,751.882119568446,451.129271741068,406.937205746255,-17673.2451038889,3.26870925595493,3.29135811018915,0,0,-76158.7353116668,0.0130655,20260619
1,orig_decrease,10000,2,0.2,1.8,1e-06,100,2,0.05,500,0.75,0,7569,7558,11,7790,7758,745.05640144448,447.033840866688,389.716429806827,-40965.9037140882,6.25878096458128,6.28047224981802,0,0,-146171.711142265,0.0083755,20365348
2,orig_decrease,10000,2,0.2,1.8,1e-06,100,2,0.05,500,0.75,0,7569,7552,17,7790,7766,744.594531519516,446.75671891171,366.228363967304,8070.81098608706,0.0360476233744622,0.0392494187596009,0,0,914.432958261212,0.0091759,20470077
3,orig_decrease,10000,2,0.2,1.8,1e-06,100,2,0.05,500,0.75,0,7569,7557,12,7790,7759,747.375189967389,448.425113980433,397.211173853367,-25240.1132633831,4.24006588746895,4.25301111784806,0,0,-98997.3397901496,0.008972401,20574806
4,orig_decrease,10000,2,0.2,1.8,1e-06,100,2,0.05,500,0.75,0,7569,7550,19,7790,7734,747.992567726444,448.795540635867,383.580875945024,-35212.4605038276,5.52021315838609,5.55294291489884,0,0,-128839.381511483,0.0093222,20679535
0,orig_increase,10000,2,0.2,1.8,1e-06,100,3,0.05,500,1,0,7569,132293,124724,7790,20716379,1613.4270908409,885.817694661056,968.056254504539,20614901.3989909,2645.32880603221,0.00489842365835841,0,0,-304432.80302767,0.242708704,20260619
1,orig_increase,10000,2,0.2,1.8,1e-06,100,3,0.05,500,1,0,7569,132302,124733,7790,20716398,1576.26890682633,886.814183894909,945.761344095799,20750507.7915915,2662.73655861252,0.00164651169530261,0,0,102329.374774658,0.252121304,20365348
2,orig_increase,10000,2,0.2,1.8,1e-06,100,3,0.05,500,1,0,7569,132298,124729,7790,20716395,1636.46495378316,888.994475413313,981.878972269895,20549550.9177982,2636.93978405626,0.00805372180834342,0,0,-500532.246605024,0.247525703,20470077
3,orig_increase,10000,2,0.2,1.8,1e-06,100,3,0.05,500,1,0,7569,132298,124729,7790,20716388,1647.38626878129,887.758892290845,988.431761268776,20637858.0544649,2648.27574511745,0.00379071610046368,0,0,-235589.836604785,0.247451304,20574806
4,orig_increase,10000,2,0.2,1.8,1e-06,100,3,0.05,500,1,0,7569,132293,124724,7790,20716411,1613.75163198004,887.118073235006,968.250979188025,20811448.6161393,2670.55951426692,0.00458755216525235,0,0,285112.84841786,0.239679604,20679535
0,orig_decrease,10000,2,0.2,1.8,1e-06,100,2,0.05,500,1,0,7569,7543,26,7790,7685,751.882119568446,451.129271741068,406.937205746255,-17701.2451038889,3.27230360768793,3.30335004604931,0,0,-76158.7353116668,0.0112041,20260619
1,orig_decrease,10000,2,0.2,1.8,1e-06,100,2,0.05,500,1,0,7569,7552,17,7790,7749,745.05640144448,447.033840866688,389.716429806827,-40974.9037140882,6.25993629192403,6.28776664267495,0,0,-146171.711142265,0.009614701,20365348
2,orig_decrease,10000,2,0.2,1.8,1e-06,100,2,0.05,500,1,0,7569,7548,21,7790,7761,744.594531519516,446.75671891171,366.228363967304,8065.81098608706,0.0354057748507135,0.0392747050749978,0,0,914.432958261212,0.0104508,20470077
3,orig_decrease,10000,2,0.2,1.8,1e-06,100,2,0.05,500,1,0,7569,7548,21,7790,7746,747.375189967389,448.425113980433,397.211173853367,-25253.1132633831,4.24173469363069,4.26014888502235,0,0,-98997.3397901496,0.008721301,20574806
4,orig_decrease,10000,2,0.2,1.8,1e-06,100,2,0.05,500,1,0,7569,7543,26,7790,7728,747.992567726444,448.795540635867,383.580875945024,-35218.4605038276,5.52098337661458,5.55725420598183,0,0,-128839.381511483,0.0094868,20679535
0,orig_increase,10000,2,0.2,1.8,1e-06,100,2,0.1,1000,0.25,0,7569,132673,125104,7790,2625401,1099.7670191853,659.860211511181,511.469330263961,2665833.96129854,341.212318523561,0.0154006802383878,0,0,121298.88389564,0.493755608,20260619
1,orig_increase,10000,2,0.2,1.8,1e-06,100,2,0.1,1000,0.25,0,7569,132566,124997,7790,2618170,1095.35812867125,657.214877202749,468.536663907207,2670985.42362723,341.873610221724,0.0201726486924965,0,0,158446.270881688,0.489274908,20365348
2,orig_increase,10000,2,0.2,1.8,1e-06,100,2,0.1,1000,0.25,0,7569,132753,125184,7790,2629728,1094.56734432671,656.740406596026,464.651229703961,2639948.55859512,337.889417021196,0.0038865459070732,0,0,30661.6757853708,0.505563408,20470077
3,orig_increase,10000,2,0.2,1.8,1e-06,100,2,0.1,1000,0.25,0,7569,132204,124635,7790,2593312,1095.06108779967,657.036652679804,460.247936318406,2537385.75744102,324.723460518744,0.0215655665646799,0,0,-167778.727676916,0.533782008,20574806
4,orig_increase,10000,2,0.2,1.8,1e-06,100,2,0.1,1000,0.25,0,7569,131703,124134,7790,2563167,1093.06010599024,655.836063594142,473.930537341483,2645603.71666104,338.615367992432,0.0321620544666196,0,0,247310.149983146,0.481685908,20679535
0,orig_decrease,10000,2,0.2,1.8,1e-06,100,2,0.1,1000,0.25,0,7569,7552,17,7790,7690,750.204604141451,450.12276248487,397.130214891229,-21500.4912877691,3.76001171858396,3.79590263820144,0,0,-87571.4738633078,0.009336,20260619
1,orig_decrease,10000,2,0.2,1.8,1e-06,100,2,0.1,1000,0.25,0,7569,7545,24,7790,7686,744.263752555919,446.558251533552,438.805453002905,-38781.4853451373,5.97836782350928,6.04573059395489,0,0,-139402.456035412,0.0093211,20365348
2,orig_decrease,10000,2,0.2,1.8,1e-06,100,2,0.1,1000,0.25,0,7569,7545,24,7790,7730,744.53741054819,446.722446328914,380.779931697136,3030.75244732134,0.610943203167992,0.607923357396981,0,0,-14097.7426580358,0.0099105,20470077
3,orig_decrease,10000,2,0.2,1.8,1e-06,100,2,0.1,1000,0.25,0,7569,7552,17,7790,7760,745.525166327103,447.315099796262,381.005315209009,-27384.5855432421,4.51535116087832,4.5289414359848,0,0,-105433.756629726,0.0079393,20574806
4,orig_decrease,10000,2,0.2,1.8,1e-06,100,2,0.1,1000,0.25,0,7569,7554,15,7790,7721,745.458609917673,447.275165950604,370.721427054255,-28848.0803670052,4.70321955930747,4.73631399650372,0,0,-109707.241101015,0.0084435,20679535
0,orig_increase,10000,2,0.2,1.8,1e-06,100,3,0.1,1000,0.5,0,7569,257246,249677,7790,20777387,1512.20966094332,907.325796565992,906.203995395942,20832972.3438308,2673.32250883579,0.00267528076705653,0,0,166756.031492586,1.409029923,20260619
1,orig_increase,10000,2,0.2,1.8,1e-06,100,3,0.1,1000,0.5,0,7569,257559,249990,7790,20866628,1514.80740304649,908.884441827894,871.80499586081,20938899.4240209,2686.92033684479,0.0034634931921401,0,0,216814.272062768,1.461465124,20365348
2,orig_increase,10000,2,0.2,1.8,1e-06,100,3,0.1,1000,0.5,0,7569,257546,249977,7790,20852627,1512.22620124238,907.335720745428,849.708316678675,20866625.2294459,2677.64251982617,0.000671293331334262,0,0,41994.6883376312,1.423925224,20470077
3,orig_increase,10000,2,0.2,1.8,1e-06,100,3,0.1,1000,0.5,0,7569,257157,249588,7790,20756759,1512.70193647409,907.621161884451,846.871904477609,20680475.1353523,2653.74648720825,0.00367513370693915,0,0,-228851.593943354,1.452309224,20574806
4,orig_increase,10000,2,0.2,1.8,1e-06,100,3,0.1,1000,0.5,0,7569,256473,248904,7790,20588997,1507.90297342297,904.741784053782,885.895806012224,20702517.1693484,2656.57601660442,0.00551363280826253,0,0,340560.508045195,1.437253423,20679535
0,orig_decrease,10000,2,0.2,1.8,1e-06,100,2,0.1,1000,0.5,0,7569,7530,39,7790,7570,750.204604141451,450.12276248487,397.130214891229,-21620.4912877691,3.77541608315393,3.8560754673407,0,0,-87571.4738633078,0.0110905,20260619
1,orig_decrease,10000,2,0.2,1.8,1e-06,100,2,0.1,1000,0.5,0,7569,7515,54,7790,7596,744.263752555919,446.558251533552,438.805453002905,-38871.4853451373,5.98992109693675,6.11736247303018,0,0,-139402.456035412,0.010282701,20365348
2,orig_decrease,10000,2,0.2,1.8,1e-06,100,2,0.1,1000,0.5,0,7569,7530,39,7790,7661,744.53741054819,446.722446328914,380.779931697136,2961.75244732133,0.619800712795722,0.613398714616718,0,0,-14097.7426580358,0.0084066,20470077
3,orig_decrease,10000,2,0.2,1.8,1e-06,100,2,0.1,1000,0.5,0,7569,7533,36,7790,7680,745.525166327103,447.315099796262,381.005315209009,-27464.5855432421,4.52562073725829,4.57611790927631,0,0,-105433.756629726,0.0081725,20574806
4,orig_decrease,10000,2,0.2,1.8,1e-06,100,2,0.1,1000,0.5,0,7569,7530,39,7790,7656,745.458609917673,447.275165950604,370.721427054255,-28913.0803670052,4.7115635901162,4.77652564877288,0,0,-109707.241101015,0.011161399,20679535
0,orig_increase,10000,2,0.2,1.8,1e-06,100,4,0.1,1000,0.75,0,7569,381776,374207,7790,69920546,2063.0952948369,1157.25590935223,1237.85717690214,69996258.2607837,8984.39900651909,0.00108283280258834,0,0,227136.782351673,2.339610639,20260619
1,orig_increase,10000,2,0.2,1.8,1e-06,100,4,0.1,1000,0.75,0,7569,381954,374385,7790,70036002,2058.44161931073,1157.89994167199,1235.06497158644,70134596.3110952,9002.15742119322,0.00140776612427367,0,0,295782.933286412,2.39407194,20365348
2,orig_increase,10000,2,0.2,1.8,1e-06,100,4,0.1,1000,0.75,0,7569,382548,374979,7790,70349580,2052.33520419356,1157.90918084922,1231.40112251613,70371674.1659214,9032.59103541995,0.000314062513541305,0,0,66282.4977645684,2.355597339,20470077
3,orig_increase,10000,2,0.2,1.8,1e-06,100,4,0.1,1000,0.75,0,7569,381929,374360,7790,70008408,2117.31869730011,1156.53686862194,1270.39121838007,69901298.3973299,8972.20903688445,0.00152995341174046,0,0,-321328.80801108,2.44241844,20574806
4,orig_increase,10000,2,0.2,1.8,1e-06,100,4,0.1,1000,0.75,0,7569,381764,374195,7790,69910402,2057.14613120365,1153.18694262176,1234.28767872219,70066932.6104321,8993.47145191683,0.00223901745597277,0,0,469591.831295305,2.329471738,20679535
0,orig_decrease,10000,2,0.2,1.8,1e-06,100,2,0.1,1000,0.75,0,7569,7509,60,7790,7499,750.204604141451,450.12276248487,397.130214891229,-21691.4912877691,3.78453033219116,3.89258451630472,0,0,-87571.4738633078,0.0096177,20260619
1,orig_decrease,10000,2,0.2,1.8,1e-06,100,2,0.1,1000,0.75,0,7569,7495,74,7790,7524,744.263752555919,446.558251533552,438.805453002905,-38943.4853451373,5.99916371567873,6.17590182683909,0,0,-139402.456035412,0.008169099,20365348
2,orig_decrease,10000,2,0.2,1.8,1e-06,100,2,0.1,1000,0.75,0,7569,7513,56,7790,7633,744.53741054819,446.722446328914,380.779931697136,2933.75244732133,0.623395064528712,0.615648834361151,0,0,-14097.7426580358,0.0117346,20470077
3,orig_decrease,10000,2,0.2,1.8,1e-06,100,2,0.1,1000,0.75,0,7569,7514,55,7790,7635,745.525166327103,447.315099796262,381.005315209009,-27509.5855432421,4.53139737397203,4.6030891346748,0,0,-105433.756629726,0.0089357,20574806
4,orig_decrease,10000,2,0.2,1.8,1e-06,100,2,0.1,1000,0.75,0,7569,7507,62,7790,7589,745.458609917673,447.275165950604,370.721427054255,-28980.0803670052,4.72016436033443,4.81869552866059,0,0,-109707.241101015,0.0094101,20679535
0,orig_increase,10000,2,0.2,1.8,1e-06,100,4,0.1,1000,1,0,7569,506984,499415,7790,166175163,2465.89023997154,1403.6430005762,1479.53414398293,166265657.183851,21342.4733227023,0.000544571055127799,0,0,271482.551553107,1.328123922,20260619
1,orig_increase,10000,2,0.2,1.8,1e-06,100,4,0.1,1000,1,0,7569,506960,499391,7790,166175196,2492.90554275142,1403.53890880127,1495.74332565085,166294600.068742,21346.1887122904,0.000718543270094259,0,0,358212.206226123,1.388283823,20365348
2,orig_increase,10000,2,0.2,1.8,1e-06,100,4,0.1,1000,1,0,7569,506993,499424,7790,166175168,2485.13836818175,1400.02505746628,1491.08302090905,166201921.455933,21334.2915861274,0.000160995510066747,0,0,80260.3677981412,1.317278021,20470077
3,orig_increase,10000,2,0.2,1.8,1e-06,100,4,0.1,1000,1,0,7569,506986,499417,7790,166175157,2562.31869730011,1400.7281760684,1537.39121838007,166045536.013828,21314.2164330974,0.000780026259710671,0,0,-388862.958513439,1.352601722,20574806
4,orig_increase,10000,2,0.2,1.8,1e-06,100,4,0.1,1000,1,0,7569,506985,499416,7790,166175253,2443.33584727859,1400.32256150557,1466.00150836716,166361169.229218,21354.7341757661,0.00111879612554713,0,0,557748.687654815,1.337218622,20679535
0,orig_decrease,10000,2,0.2,1.8,1e-06,100,2,0.1,1000,1,0,7569,7484,85,7790,7405,750.204604141451,450.12276248487,397.130214891229,-21785.4912877691,3.79659708443763,3.94199747302756,0,0,-87571.4738633078,0.008132001,20260619
1,orig_decrease,10000,2,0.2,1.8,1e-06,100,2,0.1,1000,1,0,7569,7460,109,7790,7383,744.263752555919,446.558251533552,438.805453002905,-39084.4853451372,6.01726384404843,6.29384875323544,0,0,-139402.456035412,0.0120665,20365348
2,orig_decrease,10000,2,0.2,1.8,1e-06,100,2,0.1,1000,1,0,7569,7493,76,7790,7547,744.53741054819,446.722446328914,380.779931697136,2847.75244732133,0.634434859137184,0.622664310676913,0,0,-14097.7426580358,0.0091394,20470077
3,orig_decrease,10000,2,0.2,1.8,1e-06,100,2,0.1,1000,1,0,7569,7486,83,7790,7573,745.525166327103,447.315099796262,381.005315209009,-27571.5855432421,4.53935629566651,4.6407745336382,0,0,-105433.756629726,0.009488701,20574806
4,orig_decrease,10000,2,0.2,1.8,1e-06,100,2,0.1,1000,1,0,7569,7485,84,7790,7566,745.458609917673,447.275165950604,370.721427054255,-29003.0803670052,4.72311686354367,4.83334395545932,0,0,-109707.241101015,0.0115716,20679535
0,orig_increase,10000,2,0.2,1.8,1e-06,100,3,0.15,1500,0.25,0,7569,288399,280830,7790,8776172,1406.26043656577,793.87548498983,843.756261939462,8795309.3293355,1128.0512617889,0.00218060098816384,0,0,57411.9880064503,1.464705224,20260619
1,orig_increase,10000,2,0.2,1.8,1e-06,100,3,0.15,1500,0.25,0,7569,288754,281185,7790,8809351,1319.92287504185,791.953725025113,733.091809458587,8918154.89408428,1143.8209106655,0.0123509545804544,0,0,326411.682252895,1.374912522,20365348
2,orig_increase,10000,2,0.2,1.8,1e-06,100,3,0.15,1500,0.25,0,7569,289153,281584,7790,8843620,1324.95475810235,794.97285486141,688.856431681721,8803133.01522941,1129.05558603715,0.00457810091010113,0,0,-121460.95431183,1.407990923,20470077
3,orig_increase,10000,2,0.2,1.8,1e-06,100,3,0.15,1500,0.25,0,7569,288538,280969,7790,8791800,1320.09553429791,792.057320578747,666.651854588358,8898142.3411585,1141.25190515513,0.0120956278758043,0,0,319027.023475384,1.394506322,20574806
4,orig_increase,10000,2,0.2,1.8,1e-06,100,3,0.15,1500,0.25,0,7569,287647,280078,7790,8704317,1317.67110425346,790.602662552075,731.809476570597,8714409.92664608,1117.66622935123,0.00115953114369361,0,0,30278.7799382048,1.390083023,20679535
0,orig_decrease,10000,2,0.2,1.8,1e-06,100,2,0.15,1500,0.25,0,7569,7525,44,7790,7445,749.918338453421,449.951003072053,369.766055835303,-28871.4832200529,4.7062237766435,4.87796953929521,0,0,-108949.449660158,0.010037699,20260619
1,orig_decrease,10000,2,0.2,1.8,1e-06,100,2,0.15,1500,0.25,0,7569,7522,47,7790,7601,745.05640144448,447.033840866688,354.717033471415,-37467.1866700521,5.8096516906357,5.92924439811236,0,0,-135204.560010156,0.0093646,20365348
2,orig_decrease,10000,2,0.2,1.8,1e-06,100,2,0.15,1500,0.25,0,7569,7519,50,7790,7655,744.594531519516,446.75671891171,377.315784203467,5702.70403816197,0.267945566346345,0.255035396713002,0,0,-5856.88788551424,0.0105955,20470077
3,orig_decrease,10000,2,0.2,1.8,1e-06,100,2,0.15,1500,0.25,0,7569,7520,49,7790,7603,745.826576626863,447.495945976118,389.263176825049,-30090.8999896983,4.86275994732969,4.95776666969594,0,0,-113081.699969094,0.0080746,20574806
4,orig_decrease,10000,2,0.2,1.8,1e-06,100,2,0.15,1500,0.25,0,7569,7530,39,7790,7687,747.092634251159,448.255580550696,329.237763243153,-23387.690269852,4.00227089471784,4.04249905943177,0,0,-93224.0708095561,0.0098904,20679535
0,orig_increase,10000,2,0.2,1.8,1e-06,100,4,0.15,1500,0.5,0,7569,569308,561739,7790,70109879,2050.3775059128,1169.56550703223,1230.22650354768,70137190.7980197,9002.4904747137,0.00038955705542898,0,0,81935.3940581837,4.556388275,20260619
1,orig_increase,10000,2,0.2,1.8,1e-06,100,4,0.15,1500,0.5,0,7569,569835,562266,7790,70305239,2117.21565885304,1170.66799399172,1270.32939531183,70481090.9829836,9046.63683992087,0.00250126427965922,0,0,527555.948950163,4.498296774,20365348
2,orig_increase,10000,2,0.2,1.8,1e-06,100,4,0.15,1500,0.5,0,7569,569925,562356,7790,70313683,1975.23651484827,1170.06798220407,1185.14190890896,70253996.0906593,9017.48473564305,0.000848866206321174,0,0,-179060.728021865,4.517357073,20470077
3,orig_increase,10000,2,0.2,1.8,1e-06,100,4,0.15,1500,0.5,0,7569,569823,562254,7790,70301068,1950.9037445486,1170.54224672916,1132.08622575991,70459017.9049683,9043.80332541314,0.00224676394629341,0,0,473849.714905951,4.622564575,20574806
4,orig_increase,10000,2,0.2,1.8,1e-06,100,4,0.15,1500,0.5,0,7569,568345,560776,7790,69745700,2066.83622169819,1168.34213614569,1240.10173301892,69760066.2901756,8954.07911298789,0.000205981016401465,0,0,43098.8705264702,4.464373073,20679535
0,orig_decrease,10000,2,0.2,1.8,1e-06,100,2,0.15,1500,0.5,0,7569,7478,91,7790,7192,749.918338453421,449.951003072053,369.766055835303,-29124.4832200529,4.73870131194517,5.04956663237665,0,0,-108949.449660158,0.008943601,20260619
1,orig_decrease,10000,2,0.2,1.8,1e-06,100,2,0.15,1500,0.5,0,7569,7458,111,7790,7445,745.05640144448,447.033840866688,354.717033471415,-37623.1866700521,5.82967736457665,6.05348377032265,0,0,-135204.560010156,0.0088745,20365348
2,orig_decrease,10000,2,0.2,1.8,1e-06,100,2,0.15,1500,0.5,0,7569,7488,81,7790,7613,744.594531519516,446.75671891171,377.315784203467,5660.70403816198,0.27333709394583,0.256442396143178,0,0,-5856.88788551424,0.0093999,20470077
3,orig_decrease,10000,2,0.2,1.8,1e-06,100,2,0.15,1500,0.5,0,7569,7473,96,7790,7473,745.826576626863,447.495945976118,389.263176825049,-30220.8999896983,4.87944800894715,5.04401177434742,0,0,-113081.699969094,0.009218701,20574806
4,orig_decrease,10000,2,0.2,1.8,1e-06,100,2,0.15,1500,0.5,0,7569,7479,90,7790,7567,747.092634251159,448.255580550696,329.237763243153,-23507.690269852,4.0176752592878,4.10660635256402,0,0,-93224.0708095561,0.009198,20679535
0,orig_increase,10000,2,0.2,1.8,1e-06,100,5,0.15,1500,0.75,0,7569,850023,842454,7790,236377599,2702.38446243181,1543.79238626584,1621.43067745909,236411825.526001,30347.1162421053,0.000144795979590814,0,0,102679.578003862,7.422105921,20260619
1,orig_increase,10000,2,0.2,1.8,1e-06,100,5,0.15,1500,0.75,0,7569,850481,842912,7790,236775260,2731.06255683641,1541.27475046572,1638.63753410184,237001600.687302,30422.8255054303,0.000955930477287977,0,0,679022.061909499,7.635016324,20365348
2,orig_increase,10000,2,0.2,1.8,1e-06,100,5,0.15,1500,0.75,0,7569,850830,843261,7790,237035111,2708.77336899153,1544.19217585046,1625.26402139492,236954315.182842,30416.7554791838,0.000340860123283524,0,0,-242387.451473554,7.588754524,20470077
3,orig_increase,10000,2,0.2,1.8,1e-06,100,5,0.15,1500,0.75,0,7569,850656,843087,7790,236897805,2741.59922568838,1539.56578293735,1644.95953541303,237120382.360656,30438.0734737684,0.000939550118060625,0,0,667732.081969429,7.642790525,20574806
4,orig_increase,10000,2,0.2,1.8,1e-06,100,5,0.15,1500,0.75,0,7569,850113,842544,7790,236444267,2717.60685639878,1541.71075768144,1630.56411383927,236462996.49311,30353.6850440449,7.92131412090507e-05,0,0,56188.4793330455,7.553914624,20679535
0,orig_decrease,10000,2,0.2,1.8,1e-06,100,2,0.15,1500,0.75,0,7569,7431,138,7790,7061,749.918338453421,449.951003072053,369.766055835303,-29255.4832200528,4.75551774326737,5.1432492876438,0,0,-108949.449660158,0.011295201,20260619
1,orig_decrease,10000,2,0.2,1.8,1e-06,100,2,0.15,1500,0.75,0,7569,7412,157,7790,7285,744.263752555919,446.558251533552,354.717033471415,-37735.2396314062,5.844061570142,6.17985444494251,0,0,-135060.718894218,0.0112706,20365348
2,orig_decrease,10000,2,0.2,1.8,1e-06,100,2,0.15,1500,0.75,0,7569,7454,115,7790,7504,744.594531519516,446.75671891171,377.315784203467,5551.70403816196,0.287329391763548,0.260167372313172,0,0,-5856.88788551424,0.0091671,20470077
3,orig_decrease,10000,2,0.2,1.8,1e-06,100,2,0.15,1500,0.75,0,7569,7437,132,7790,7386,745.826576626863,447.495945976118,389.263176825049,-30307.8999896983,4.89061617326037,5.10342539800952,0,0,-113081.699969094,0.010404201,20574806
4,orig_decrease,10000,2,0.2,1.8,1e-06,100,2,0.15,1500,0.75,0,7569,7438,131,7790,7459,747.092634251159,448.255580550696,329.237763243153,-23615.690269852,4.03153918740077,4.16606653302748,0,0,-93224.0708095561,0.0111622,20679535
0,orig_increase,10000,2,0.2,1.8,1e-06,100,6,0.15,1500,1,0,7569,1131628,1124059,7790,561383956,3280.3775059128,1912.26160572004,1968.22650354768,561423744.501624,72068.8003211327,7.08757370038386e-05,0,0,119365.504873847,3.850352963,20260619
1,orig_increase,10000,2,0.2,1.8,1e-06,100,6,0.15,1500,1,0,7569,1131616,1124047,7790,561384109,3329.98014825283,1909.19141652674,1997.9880889517,561662997.457727,72099.5131524682,0.00049678723222875,0,0,836665.373187516,3.864077263,20365348
2,orig_increase,10000,2,0.2,1.8,1e-06,100,6,0.15,1500,1,0,7569,1131663,1124094,7790,561384016,3330.98576187198,1911.04112842397,1998.59145712319,561285113.421064,72051.0042902522,0.000176176335835723,0,0,-296707.736811569,3.976100865,20470077
3,orig_increase,10000,2,0.2,1.8,1e-06,100,6,0.15,1500,1,0,7569,1131637,1124068,7790,561384104,3337.15740847298,1907.25931239332,2002.29444508379,561654739.033514,72098.4530209902,0.0004820853166053,0,0,811905.100543517,3.837553763,20574806
4,orig_increase,10000,2,0.2,1.8,1e-06,100,6,0.15,1500,1,0,7569,1131634,1124065,7790,561384317,3325.94018973212,1911.95891254236,1995.56411383927,561404488.748118,72066.3284657404,3.59321546876867e-05,0,0,60515.2443486726,3.939903964,20679535
0,orig_decrease,10000,2,0.2,1.8,1e-06,100,2,0.15,1500,1,0,7569,7378,191,7790,6835,749.918338453421,449.951003072053,369.766055835303,-29481.4832200529,4.7845292965408,5.31331137089288,0,0,-108949.449660158,0.0090354,20260619
1,orig_decrease,10000,2,0.2,1.8,1e-06,100,2,0.15,1500,1,0,7569,7366,203,7790,7199,744.263752555919,446.558251533552,354.717033471415,-37821.2396314062,5.85510136475047,6.25367962653232,0,0,-135060.718894218,0.006973,20365348
2,orig_decrease,10000,2,0.2,1.8,1e-06,100,2,0.15,1500,1,0,7569,7413,156,7790,7410,744.594531519516,446.75671891171,377.315784203467,5457.70403816195,0.299396144010019,0.263467741138738,0,0,-5856.88788551424,0.009120901,20470077
3,orig_decrease,10000,2,0.2,1.8,1e-06,100,2,0.15,1500,1,0,7569,7387,182,7790,7302,745.826576626863,447.495945976118,389.263176825049,-30391.8999896983,4.90139922845934,5.1621336605996,0,0,-113081.699969094,0.0126829,20574806
4,orig_decrease,10000,2,0.2,1.8,1e-06,100,2,0.15,1500,1,0,7569,7384,185,7790,7354,747.092634251159,448.255580550696,329.237763243153,-23720.690269852,4.04501800639949,4.22554939758662,0,0,-93224.0708095561,0.0093032,20679535
0,orig_increase,10000,2,0.2,1.8,1e-06,100,3,0.2,2000,0.25,0,7569,507433,499864,7790,20866265,1540.41741819166,924.250450914999,796.944762180047,20827443.7108972,2672.61279985843,0.00186048097744446,0,0,-116463.867308496,3.105612151,20260619
1,orig_increase,10000,2,0.2,1.8,1e-06,100,3,0.2,2000,0.25,0,7569,507434,499865,7790,20867688,1543.06754333564,925.840526001381,710.672572625002,20820286.5311827,2671.69403481164,0.002271524704476,0,0,-142204.406452077,3.149136952,20365348
2,orig_increase,10000,2,0.2,1.8,1e-06,100,3,0.2,2000,0.25,0,7569,507872,500303,7790,20919595,1540.06588835293,924.039533011759,766.101180392661,20888156.8337684,2680.40652551585,0.00150280950618548,0,0,-94314.4986947014,3.279410254,20470077
3,orig_increase,10000,2,0.2,1.8,1e-06,100,3,0.2,2000,0.25,0,7569,507363,499794,7790,20861027,1545.10325656534,927.061953939204,742.232919740336,20836531.7097131,2673.77942358319,0.00117421305705357,0,0,-73485.8708609064,3.162636752,20574806
4,orig_increase,10000,2,0.2,1.8,1e-06,100,3,0.2,2000,0.25,0,7569,506643,499074,7790,20763044,1538.71770515449,923.230623092696,742.281371764839,20858534.4062677,2676.60390324361,0.00459905620138032,0,0,286471.218803082,3.05674055,20679535
0,orig_decrease,10000,2,0.2,1.8,1e-06,100,2,0.2,2000,0.25,0,7569,7495,74,7790,7285,751.851858370648,451.111115022389,369.949699784247,-27919.6217838714,4.58403360511828,4.83248068412786,0,0,-105613.865351614,0.0097315,20260619
1,orig_decrease,10000,2,0.2,1.8,1e-06,100,2,0.2,2000,0.25,0,7569,7484,85,7790,7524,743.630794997942,446.178476998765,361.924595500079,-37593.5994596726,5.82587926311587,5.99649115625633,0,0,-135352.798379018,0.0099056,20365348
2,orig_decrease,10000,2,0.2,1.8,1e-06,100,2,0.2,2000,0.25,0,7569,7490,79,7790,7565,742.039442251267,445.22366535076,385.921696845392,14052.3198630751,0.803892151871004,0.85754393431264,0,0,19461.9595892254,0.009159901,20470077
3,orig_decrease,10000,2,0.2,1.8,1e-06,100,2,0.2,2000,0.25,0,7569,7492,77,7790,7612,745.69532872661,447.417197235966,390.977771280528,-36731.9530924216,5.71526997335323,5.82553246090668,0,0,-133031.859277265,0.0091715,20574806
4,orig_decrease,10000,2,0.2,1.8,1e-06,100,2,0.2,2000,0.25,0,7569,7475,94,7790,7556,750.261044811449,450.156626886869,372.630120073539,-17631.6422757943,3.26336871319567,3.33346245047569,0,0,-75562.9268273825,0.0098388,20679535
0,orig_increase,10000,2,0.2,1.8,1e-06,100,5,0.2,2000,0.5,0,7569,1006709,999140,7790,166408825,2499.54660820293,1426.3219192225,1499.72796492176,166348453.224641,21353.101826013,0.000362791909377431,0,0,-181115.326077449,10.551238272,20260619
1,orig_increase,10000,2,0.2,1.8,1e-06,100,5,0.2,2000,0.5,0,7569,1007556,999987,7790,166830275,2492.7208136001,1433.0814249761,1495.63248816006,166753425.364863,21405.0879800851,0.000460645618050812,0,0,-230548.90541057,10.533024872,20365348
2,orig_increase,10000,2,0.2,1.8,1e-06,100,4,0.2,2000,0.5,0,7569,1007620,1000051,7790,166829415,2379.86704190616,1427.92022514369,1356.46824052355,166784267.098708,21409.0471243527,0.000270623146955743,0,0,-135443.703875939,10.808678176,20470077
3,orig_increase,10000,2,0.2,1.8,1e-06,100,4,0.2,2000,0.5,0,7569,1007205,999636,7790,166645129,2381.22440975522,1428.73464585313,1342.31055965378,166606703.299753,21386.2533119067,0.000230583998927459,0,0,-115277.100739063,10.726114075,20574806
4,orig_increase,10000,2,0.2,1.8,1e-06,100,4,0.2,2000,0.5,0,7569,1005430,997861,7790,165785036,2376.96439206205,1426.17863523723,1347.37516235312,165931422.809576,21299.5677547594,0.000882991692785373,0,0,439160.428727777,10.723919776,20679535
0,orig_decrease,10000,2,0.2,1.8,1e-06,100,2,0.2,2000,0.5,0,7569,7417,152,7790,6927,751.697574550947,451.018544730568,369.949699784247,-28270.3976166904,4.62906259521058,5.08118920408408,0,0,-105592.192850071,0.0093421,20260619
1,orig_decrease,10000,2,0.2,1.8,1e-06,100,2,0.2,2000,0.5,0,7569,7380,189,7790,7159,743.630794997942,446.178476998765,361.924595500079,-37958.5994596726,5.8727342053495,6.30222090510862,0,0,-135352.798379018,0.0097941,20365348
2,orig_decrease,10000,2,0.2,1.8,1e-06,100,2,0.2,2000,0.5,0,7569,7437,132,7790,7423,742.039442251267,445.22366535076,385.921696845392,13910.3198630751,0.785663653796551,0.873948519880794,0,0,19461.9595892254,0.0103657,20470077
3,orig_decrease,10000,2,0.2,1.8,1e-06,100,2,0.2,2000,0.5,0,7569,7411,158,7790,7421,745.69532872661,447.417197235966,390.977771280528,-36922.9530924216,5.73978858696041,5.97546868244463,0,0,-133031.859277265,0.009095601,20574806
4,orig_decrease,10000,2,0.2,1.8,1e-06,100,2,0.2,2000,0.5,0,7569,7388,181,7790,7346,750.261044811449,450.156626886869,372.630120073539,-17841.6422757943,3.2903263511931,3.42875609526195,0,0,-75562.9268273825,0.0086752,20679535
0,orig_increase,10000,2,0.2,1.8,1e-06,100,6,0.2,2000,0.75,0,7569,1506271,1498702,7790,561421681,3359.03327286959,1924.54479924956,2015.41996372176,561342410.284601,72058.3594717074,0.00014119639137945,0,0,-237812.146197526,17.292791683,20260619
1,orig_increase,10000,2,0.2,1.8,1e-06,100,6,0.2,2000,0.75,0,7569,1507173,1499604,7790,562456994,3379.60721237873,1926.2284055411,2027.76432742724,562352930.095712,72188.0796015035,0.000185016641979167,0,0,-312191.712856978,17.413122385,20365348
2,orig_increase,10000,2,0.2,1.8,1e-06,100,6,0.2,2000,0.75,0,7569,1505810,1498241,7790,560851623,3352.65426677633,1919.54203743043,2011.5925600658,560786547.30462,71987.003505086,0.000116030145427346,0,0,-195227.086144509,17.225735782,20470077
3,orig_increase,10000,2,0.2,1.8,1e-06,100,6,0.2,2000,0.75,0,7569,1506580,1499011,7790,561733631,3322.90246450361,1926.50767690009,1993.74147870216,561679629.974199,72101.6482636969,9.61327982179899e-05,0,0,-162003.077394525,17.354373184,20574806
4,orig_increase,10000,2,0.2,1.8,1e-06,100,6,0.2,2000,0.75,0,7569,1505701,1498132,7790,560811389,3324.11082193963,1923.73073772604,1994.46649316378,561014129.185212,72016.218123904,0.000361512246699852,0,0,608220.555631483,17.212927681,20679535
0,orig_decrease,10000,2,0.2,1.8,1e-06,100,2,0.2,2000,0.75,0,7569,7342,227,7790,6689,751.697574550947,451.018544730568,369.949699784247,-28508.3976166904,4.659614584941,5.2619820027942,0,0,-105592.192850071,0.0079177,20260619
1,orig_decrease,10000,2,0.2,1.8,1e-06,100,2,0.2,2000,0.75,0,7569,7297,272,7790,6921,743.630794997942,446.178476998765,361.924595500079,-38196.5994596726,5.90328619507993,6.51894227130077,0,0,-135352.798379018,0.0096331,20365348
2,orig_decrease,10000,2,0.2,1.8,1e-06,100,2,0.2,2000,0.75,0,7569,7365,204,7790,7226,742.039442251267,445.22366535076,385.921696845392,13713.3198630751,0.760374821960865,0.897774683514411,0,0,19461.9595892254,0.009530501,20470077
3,orig_decrease,10000,2,0.2,1.8,1e-06,100,2,0.2,2000,0.75,0,7569,7347,222,7790,7245,745.69532872661,447.417197235966,390.977771280528,-37098.9530924216,5.76238165499636,6.12062844615896,0,0,-133031.859277265,0.0092731,20574806
4,orig_decrease,10000,2,0.2,1.8,1e-06,100,2,0.2,2000,0.75,0,7569,7296,273,7790,7140,750.261044811449,450.156626886869,372.630120073539,-18047.6422757942,3.31677051037153,3.5276809910076,0,0,-75562.9268273825,0.0119926,20679535
0,orig_increase,10000,2,0.2,1.8,1e-06,100,7,0.2,2000,1,0,7569,2006251,1998682,7790,1331342837,4200.36637254031,2413.38229860199,2520.21982352419,1331242617.69351,170890.221783506,7.52768586005515e-05,0,0,-300657.919478806,8.757594843,20260619
1,orig_increase,10000,2,0.2,1.8,1e-06,100,7,0.2,2000,1,0,7569,2006219,1998650,7790,1331343144,4179.15933027407,2415.83751045215,2507.49559816444,1331213031.65198,170886.423832089,9.77301371259738e-05,0,0,-390337.044094672,8.716769743,20365348
2,orig_increase,10000,2,0.2,1.8,1e-06,100,7,0.2,2000,1,0,7569,2006283,1998714,7790,1331342976,4155.25295603576,2414.50416225605,2493.15177362146,1331260728.59784,170892.546674947,6.17777715012494e-05,0,0,-246742.206496782,8.866509745,20470077
3,orig_increase,10000,2,0.2,1.8,1e-06,100,7,0.2,2000,1,0,7569,2006266,1998697,7790,1331343064,4162.90246450361,2415.49282882707,2497.74147870216,1331275357.2282,170894.424547907,5.08559916939419e-05,0,0,-203120.315435775,8.847326245,20574806
4,orig_increase,10000,2,0.2,1.8,1e-06,100,7,0.2,2000,1,0,7569,2006207,1998638,7790,1331343341,4150.15852200202,2414.74078391453,2490.09511320121,1331596729.41612,170935.679000786,0.000190325371616203,0,0,760165.248373562,8.790421144,20679535
0,orig_decrease,10000,2,0.2,1.8,1e-06,100,2,0.2,2000,1,0,7569,7251,318,7790,6361,751.697574550947,451.018544730568,369.949699784247,-28836.3976166904,4.7017198480989,5.53331199759321,0,0,-105592.192850071,0.0100362,20260619
1,orig_decrease,10000,2,0.2,1.8,1e-06,100,2,0.2,2000,1,0,7569,7219,350,7790,6690,743.184391374457,445.910634824674,361.924595500079,-38400.5152398992,5.92946280358141,6.73998733032873,0,0,-135271.545719698,0.0091398,20365348
2,orig_decrease,10000,2,0.2,1.8,1e-06,100,2,0.2,2000,1,0,7569,7283,286,7790,7031,742.039442251267,445.22366535076,385.921696845392,13518.3198630751,0.735342729534676,0.92267385337436,0,0,19461.9595892254,0.0104725,20470077
3,orig_decrease,10000,2,0.2,1.8,1e-06,100,2,0.2,2000,1,0,7569,7266,303,7790,7096,745.69532872661,447.417197235966,390.977771280528,-37247.9530924217,5.78150874100406,6.24914784278772,0,0,-133031.859277265,0.0095417,20574806
4,orig_decrease,10000,2,0.2,1.8,1e-06,100,2,0.2,2000,1,0,7569,7207,362,7790,6937,750.202228166654,450.121336899993,372.630120073539,-18248.6676929218,3.34257608381538,3.63062818119097,0,0,-75557.003078765,0.0102342,20679535
0,lap_fixed_increase,10000,0.5,0.05,0.45,1e-06,100,2,0.05,500,0,0.25,7569,7569,0,7790,7790,11994.2118209498,1799.13177314247,1515.01922487635,-410321.894005253,53.6729003857834,53.6729003857834,500,125,-1254460.68201576,0.0074705,20260619
1,lap_fixed_increase,10000,0.5,0.05,0.45,1e-06,100,2,0.05,500,0,0.25,7569,7569,0,7790,7790,11875.7737825719,1781.36606738579,1765.9844938843,-779957.968865312,101.122974180399,101.122974180399,500,125,-2363368.90659594,0.008527101,20365348
2,lap_fixed_increase,10000,0.5,0.05,0.45,1e-06,100,2,0.05,500,0,0.25,7569,7569,0,7790,7790,11861.2651865741,1779.18977798611,1520.3604913903,-88723.6005581199,12.3894224079743,12.3894224079743,500,125,-289665.801674359,0.0083467,20470077
3,lap_fixed_increase,10000,0.5,0.05,0.45,1e-06,100,2,0.05,500,0,0.25,7569,7569,0,7790,7790,11904.4585929591,1785.66878894386,1585.14422353682,-593487.424073629,77.1858054009793,77.1858054009793,500,125,-1803957.27222088,0.0075169,20574806
4,lap_fixed_increase,10000,0.5,0.05,0.45,1e-06,100,2,0.05,500,0,0.25,7569,7569,0,7790,7790,11922.3861499238,1788.35792248857,1524.19821684096,-635159.76718725,82.5352717827022,82.5352717827022,500,125,-1928974.30156175,0.0079514,20679535
0,lap_fixed_decrease,10000,0.5,0.05,0.45,1e-06,100,2,0.05,500,0,0.25,7569,7569,0,7790,7790,11994.2118209498,1799.13177314247,1515.01922487635,-410405.227338586,53.6835978611792,53.6835978611792,500,-125,-1254460.68201576,0.0110591,20260619
1,lap_fixed_decrease,10000,0.5,0.05,0.45,1e-06,100,2,0.05,500,0,0.25,7569,7569,0,7790,7790,11875.7737825719,1781.36606738579,1765.9844938843,-780041.302198645,101.133671655795,101.133671655795,500,-125,-2363368.90659594,0.008544401,20365348
2,lap_fixed_decrease,10000,0.5,0.05,0.45,1e-06,100,2,0.05,500,0,0.25,7569,7569,0,7790,7790,11861.2651865741,1779.18977798611,1520.3604913903,-88806.9338914532,12.4001198833701,12.4001198833701,500,-125,-289665.801674359,0.0074929,20470077
3,lap_fixed_decrease,10000,0.5,0.05,0.45,1e-06,100,2,0.05,500,0,0.25,7569,7569,0,7790,7790,11904.4585929591,1785.66878894386,1585.14422353682,-593570.757406962,77.1965028763751,77.1965028763751,500,-125,-1803957.27222088,0.0066045,20574806
4,lap_fixed_decrease,10000,0.5,0.05,0.45,1e-06,100,2,0.05,500,0,0.25,7569,7569,0,7790,7790,11922.3861499238,1788.35792248857,1524.19821684096,-635243.100520583,82.545969258098,82.545969258098,500,-125,-1928974.30156175,0.008879601,20679535
0,lap_scale_increase,10000,0.5,0.05,0.45,1e-06,100,2,0.05,500,0,0.25,7569,7569,0,7790,7790,11994.2118209498,1799.13177314247,1515.01922487635,89395.265200985,10.4756437998697,10.4756437998697,500,1499276.47761872,-1254460.68201576,0.007925,20260619
1,lap_scale_increase,10000,0.5,0.05,0.45,1e-06,100,2,0.05,500,0,0.25,7569,7569,0,7790,7790,11875.7737825719,1781.36606738579,1765.9844938843,-285175.72792482,37.6079239954839,37.6079239954839,500,1484471.72282148,-2363368.90659594,0.0061132,20365348
2,lap_scale_increase,10000,0.5,0.05,0.45,1e-06,100,2,0.05,500,0,0.25,7569,7569,0,7790,7790,11861.2651865741,1779.18977798611,1520.3604913903,405454.115549132,51.0480251025844,51.0480251025844,500,1482658.14832176,-289665.801674359,0.008212601,20470077
3,lap_scale_increase,10000,0.5,0.05,0.45,1e-06,100,2,0.05,500,0,0.25,7569,7569,0,7790,7790,11904.4585929591,1785.66878894386,1585.14422353682,-97509.9827003345,13.5173276893883,13.5173276893883,500,1488057.32411988,-1803957.27222088,0.0063782,20574806
4,lap_scale_increase,10000,0.5,0.05,0.45,1e-06,100,2,0.05,500,0,0.25,7569,7569,0,7790,7790,11922.3861499238,1788.35792248857,1524.19821684096,-138435.344273757,18.7709042713423,18.7709042713423,500,1490298.26874049,-1928974.30156175,0.0070262,20679535
0,lap_scale_decrease,10000,0.5,0.05,0.45,1e-06,100,2,0.05,500,0,0.25,7569,7569,0,7790,7790,11994.2118209498,1799.13177314247,1515.01922487635,-910122.386544829,117.832142046833,117.832142046833,500,-1499276.47761872,-1254460.68201576,0.007519,20260619
1,lap_scale_decrease,10000,0.5,0.05,0.45,1e-06,100,2,0.05,500,0,0.25,7569,7569,0,7790,7790,11875.7737825719,1781.36606738579,1765.9844938843,-1274823.54313914,164.648721840711,164.648721840711,500,-1484471.72282148,-2363368.90659594,0.0076971,20365348
2,lap_scale_decrease,10000,0.5,0.05,0.45,1e-06,100,2,0.05,500,0,0.25,7569,7569,0,7790,7790,11861.2651865741,1779.18977798611,1520.3604913903,-582984.649998706,75.8375673939289,75.8375673939289,500,-1482658.14832176,-289665.801674359,0.0076222,20470077
3,lap_scale_decrease,10000,0.5,0.05,0.45,1e-06,100,2,0.05,500,0,0.25,7569,7569,0,7790,7790,11904.4585929591,1785.66878894386,1585.14422353682,-1089548.19878026,140.864980587966,140.864980587966,500,-1488057.32411988,-1803957.27222088,0.0080594,20574806
4,lap_scale_decrease,10000,0.5,0.05,0.45,1e-06,100,2,0.05,500,0,0.25,7569,7569,0,7790,7790,11922.3861499238,1788.35792248857,1524.19821684096,-1131967.52343408,146.310336769458,146.310336769458,500,-1490298.26874049,-1928974.30156175,0.0074068,20679535
0,lap_count_increase,10000,0.5,0.05,0.45,1e-06,100,2,0.05,500,0,0.25,7569,7569,0,7790,7790,11994.2118209498,1799.13177314247,1515.01922487635,-410217.810671919,53.659539239014,53.659539239014,109,437.25,-1254460.68201576,0.007585801,20260619
1,lap_count_increase,10000,0.5,0.05,0.45,1e-06,100,2,0.05,500,0,0.25,7569,7569,0,7790,7790,11875.7737825719,1781.36606738579,1765.9844938843,-779874.385531979,101.112244612577,101.112244612577,96,375.75,-2363368.90659594,0.007901,20365348
2,lap_count_increase,10000,0.5,0.05,0.45,1e-06,100,2,0.05,500,0,0.25,7569,7569,0,7790,7790,11861.2651865741,1779.18977798611,1520.3604913903,-88680.6005581199,12.3839025106701,12.3839025106701,128,254,-289665.801674359,0.0079379,20470077
3,lap_count_increase,10000,0.5,0.05,0.45,1e-06,100,2,0.05,500,0,0.25,7569,7569,0,7790,7790,11904.4585929591,1785.66878894386,1585.14422353682,-593426.257406962,77.1779534540388,77.1779534540388,114,308.5,-1803957.27222088,0.009284101,20574806
4,lap_count_increase,10000,0.5,0.05,0.45,1e-06,100,2,0.05,500,0,0.25,7569,7569,0,7790,7790,11922.3861499238,1788.35792248857,1524.19821684096,-635111.100520583,82.529024457071,82.529024457071,110,271,-1928974.30156175,0.0085438,20679535
0,lap_count_decrease,10000,0.5,0.05,0.45,1e-06,100,2,0.05,500,0,0.25,7569,7569,0,7790,7790,11994.2118209498,1799.13177314247,1515.01922487635,-410509.310671919,53.6969590079486,53.6969590079486,109,-437.25,-1254460.68201576,0.0070714,20260619
1,lap_count_decrease,10000,0.5,0.05,0.45,1e-06,100,2,0.05,500,0,0.25,7569,7569,0,7790,7790,11875.7737825719,1781.36606738579,1765.9844938843,-780124.885531979,101.144401223617,101.144401223617,96,-375.75,-2363368.90659594,0.008345501,20365348
2,lap_count_decrease,10000,0.5,0.05,0.45,1e-06,100,2,0.05,500,0,0.25,7569,7569,0,7790,7790,11861.2651865741,1779.18977798611,1520.3604913903,-88849.9338914529,12.4056397806743,12.4056397806743,128,-254,-289665.801674359,0.0072934,20470077
3,lap_count_decrease,10000,0.5,0.05,0.45,1e-06,100,2,0.05,500,0,0.25,7569,7569,0,7790,7790,11904.4585929591,1785.66878894386,1585.14422353682,-593631.924073629,77.2043548233157,77.2043548233157,114,-308.5,-1803957.27222088,0.0077869,20574806
4,lap_count_decrease,10000,0.5,0.05,0.45,1e-06,100,2,0.05,500,0,0.25,7569,7569,0,7790,7790,11922.3861499238,1788.35792248857,1524.19821684096,-635291.76718725,82.5522165837292,82.5522165837292,110,-271,-1928974.30156175,0.007900801,20679535
0,lap_fixed_increase,10000,0.5,0.05,0.45,1e-06,100,2,0.05,500,0,0.5,7569,7569,0,7790,7790,11994.2118209498,1799.13177314247,1515.01922487635,-410280.227338586,53.6675516480855,53.6675516480855,500,250,-1254460.68201576,0.0095952,20260619
1,lap_fixed_increase,10000,0.5,0.05,0.45,1e-06,100,2,0.05,500,0,0.5,7569,7569,0,7790,7790,11875.7737825719,1781.36606738579,1765.9844938843,-779916.302198645,101.117625442702,101.117625442702,500,250,-2363368.90659594,0.008849,20365348
2,lap_fixed_increase,10000,0.5,0.05,0.45,1e-06,100,2,0.05,500,0,0.5,7569,7569,0,7790,7790,11861.2651865741,1779.18977798611,1520.3604913903,-88681.9338914532,12.3840736702764,12.3840736702764,500,250,-289665.801674359,0.00847,20470077
3,lap_fixed_increase,10000,0.5,0.05,0.45,1e-06,100,2,0.05,500,0,0.5,7569,7569,0,7790,7790,11904.4585929591,1785.66878894386,1585.14422353682,-593445.757406962,77.1804566632814,77.1804566632814,500,250,-1803957.27222088,0.007708201,20574806
4,lap_fixed_increase,10000,0.5,0.05,0.45,1e-06,100,2,0.05,500,0,0.5,7569,7569,0,7790,7790,11922.3861499238,1788.35792248857,1524.19821684096,-635118.100520583,82.5299230450043,82.5299230450043,500,250,-1928974.30156175,0.0084658,20679535
0,lap_fixed_decrease,10000,0.5,0.05,0.45,1e-06,100,2,0.05,500,0,0.5,7569,7569,0,7790,7790,11994.2118209498,1799.13177314247,1515.01922487635,-410446.894005253,53.6889465988771,53.6889465988771,500,-250,-1254460.68201576,0.006998901,20260619
1,lap_fixed_decrease,10000,0.5,0.05,0.45,1e-06,100,2,0.05,500,0,0.5,7569,7569,0,7790,7790,11875.7737825719,1781.36606738579,1765.9844938843,-780082.968865312,101.139020393493,101.139020393493,500,-250,-2363368.90659594,0.0084317,20365348
2,lap_fixed_decrease,10000,0.5,0.05,0.45,1e-06,100,2,0.05,500,0,0.5,7569,7569,0,7790,7790,11861.2651865741,1779.18977798611,1520.3604913903,-88848.6005581197,12.405468621068,12.405468621068,500,-250,-289665.801674359,0.00784,20470077
3,lap_fixed_decrease,10000,0.5,0.05,0.45,1e-06,100,2,0.05,500,0,0.5,7569,7569,0,7790,7790,11904.4585929591,1785.66878894386,1585.14422353682,-593612.424073629,77.201851614073,77.201851614073,500,-250,-1803957.27222088,0.0072685,20574806
4,lap_fixed_decrease,10000,0.5,0.05,0.45,1e-06,100,2,0.05,500,0,0.5,7569,7569,0,7790,7790,11922.3861499238,1788.35792248857,1524.19821684096,-635284.76718725,82.5513179957959,82.5513179957959,500,-250,-1928974.30156175,0.0085514,20679535
0,lap_scale_increase,10000,0.5,0.05,0.45,1e-06,100,2,0.05,500,0,0.5,7569,7569,0,7790,7790,11994.2118209498,1799.13177314247,1515.01922487635,589154.091073898,74.6295367232218,74.6295367232218,500,2998552.95523745,-1254460.68201576,0.0135429,20260619
1,lap_scale_increase,10000,0.5,0.05,0.45,1e-06,100,2,0.05,500,0,0.5,7569,7569,0,7790,7790,11875.7737825719,1781.36606738579,1765.9844938843,209648.179682342,25.9124749271299,25.9124749271299,500,2968943.44564296,-2363368.90659594,0.0072877,20365348
2,lap_scale_increase,10000,0.5,0.05,0.45,1e-06,100,2,0.05,500,0,0.5,7569,7569,0,7790,7790,11861.2651865741,1779.18977798611,1520.3604913903,899673.498323048,114.490821350841,114.490821350841,500,2965316.29664352,-289665.801674359,0.0071923,20470077
3,lap_scale_increase,10000,0.5,0.05,0.45,1e-06,100,2,0.05,500,0,0.5,7569,7569,0,7790,7790,11904.4585929591,1785.66878894386,1585.14422353682,398509.125339629,50.1564987599011,50.1564987599011,500,2976114.64823976,-1803957.27222088,0.0075256,20574806
4,lap_scale_increase,10000,0.5,0.05,0.45,1e-06,100,2,0.05,500,0,0.5,7569,7569,0,7790,7790,11922.3861499238,1788.35792248857,1524.19821684096,358330.745306402,44.9988119777153,44.9988119777153,500,2980596.53748098,-1928974.30156175,0.0080347,20679535
0,lap_scale_decrease,10000,0.5,0.05,0.45,1e-06,100,2,0.05,500,0,0.5,7569,7569,0,7790,7790,11994.2118209498,1799.13177314247,1515.01922487635,-1409881.21241774,181.986034970185,181.986034970185,500,-2998552.95523745,-1254460.68201576,0.0072295,20260619
1,lap_scale_decrease,10000,0.5,0.05,0.45,1e-06,100,2,0.05,500,0,0.5,7569,7569,0,7790,7790,11875.7737825719,1781.36606738579,1765.9844938843,-1769647.45074631,228.169120763326,228.169120763326,500,-2968943.44564296,-2363368.90659594,0.007607901,20365348
2,lap_scale_decrease,10000,0.5,0.05,0.45,1e-06,100,2,0.05,500,0,0.5,7569,7569,0,7790,7790,11861.2651865741,1779.18977798611,1520.3604913903,-1077204.03277263,139.280363642186,139.280363642186,500,-2965316.29664352,-289665.801674359,0.007227101,20470077
3,lap_scale_decrease,10000,0.5,0.05,0.45,1e-06,100,2,0.05,500,0,0.5,7569,7569,0,7790,7790,11904.4585929591,1785.66878894386,1585.14422353682,-1585567.30682022,204.538807037256,204.538807037256,500,-2976114.64823976,-1803957.27222088,0.0071922,20574806
4,lap_scale_decrease,10000,0.5,0.05,0.45,1e-06,100,2,0.05,500,0,0.5,7569,7569,0,7790,7790,11922.3861499238,1788.35792248857,1524.19821684096,-1628733.61301423,210.080053018515,210.080053018515,500,-2980596.53748098,-1928974.30156175,0.0071795,20679535
0,lap_count_increase,10000,0.5,0.05,0.45,1e-06,100,2,0.05,500,0,0.5,7569,7569,0,7790,7790,11994.2118209498,1799.13177314247,1515.01922487635,-410072.060671919,53.6408293545468,53.6408293545468,109,874.5,-1254460.68201576,0.0086759,20260619
1,lap_count_increase,10000,0.5,0.05,0.45,1e-06,100,2,0.05,500,0,0.5,7569,7569,0,7790,7790,11875.7737825719,1781.36606738579,1765.9844938843,-779749.135531979,101.096166307058,101.096166307058,96,751.5,-2363368.90659594,0.0075865,20365348
2,lap_count_increase,10000,0.5,0.05,0.45,1e-06,100,2,0.05,500,0,0.5,7569,7569,0,7790,7790,11861.2651865741,1779.18977798611,1520.3604913903,-88595.9338914532,12.3730338756679,12.3730338756679,128,508,-289665.801674359,0.0071285,20470077
3,lap_count_increase,10000,0.5,0.05,0.45,1e-06,100,2,0.05,500,0,0.5,7569,7569,0,7790,7790,11904.4585929591,1785.66878894386,1585.14422353682,-593323.424073629,77.1647527694004,77.1647527694004,114,617,-1803957.27222088,0.0097842,20574806
4,lap_count_increase,10000,0.5,0.05,0.45,1e-06,100,2,0.05,500,0,0.5,7569,7569,0,7790,7790,11922.3861499238,1788.35792248857,1524.19821684096,-635020.76718725,82.517428393742,82.517428393742,110,542,-1928974.30156175,0.0074534,20679535
0,lap_count_decrease,10000,0.5,0.05,0.45,1e-06,100,2,0.05,500,0,0.5,7569,7569,0,7790,7790,11994.2118209498,1799.13177314247,1515.01922487635,-410655.060671919,53.7156688924158,53.7156688924158,109,-874.5,-1254460.68201576,0.0080617,20260619
1,lap_count_decrease,10000,0.5,0.05,0.45,1e-06,100,2,0.05,500,0,0.5,7569,7569,0,7790,7790,11875.7737825719,1781.36606738579,1765.9844938843,-780250.135531979,101.160479529137,101.160479529137,96,-751.5,-2363368.90659594,0.0080616,20365348
2,lap_count_decrease,10000,0.5,0.05,0.45,1e-06,100,2,0.05,500,0,0.5,7569,7569,0,7790,7790,11861.2651865741,1779.18977798611,1520.3604913903,-88934.6005581195,12.4165084156764,12.4165084156764,128,-508,-289665.801674359,0.006905001,20470077
3,lap_count_decrease,10000,0.5,0.05,0.45,1e-06,100,2,0.05,500,0,0.5,7569,7569,0,7790,7790,11904.4585929591,1785.66878894386,1585.14422353682,-593734.757406962,77.2175555079541,77.2175555079541,114,-617,-1803957.27222088,0.0092616,20574806
4,lap_count_decrease,10000,0.5,0.05,0.45,1e-06,100,2,0.05,500,0,0.5,7569,7569,0,7790,7790,11922.3861499238,1788.35792248857,1524.19821684096,-635382.100520583,82.5638126470582,82.5638126470582,110,-542,-1928974.30156175,0.0082164,20679535
0,lap_fixed_increase,10000,0.5,0.05,0.45,1e-06,100,2,0.05,500,0,1,7569,7569,0,7790,7790,11994.2118209498,1799.13177314247,1515.01922487635,-410196.894005253,53.6568541726897,53.6568541726897,500,500,-1254460.68201576,0.0106812,20260619
1,lap_fixed_increase,10000,0.5,0.05,0.45,1e-06,100,2,0.05,500,0,1,7569,7569,0,7790,7790,11875.7737825719,1781.36606738579,1765.9844938843,-779832.968865312,101.106927967306,101.106927967306,500,500,-2363368.90659594,0.006177201,20365348
2,lap_fixed_increase,10000,0.5,0.05,0.45,1e-06,100,2,0.05,500,0,1,7569,7569,0,7790,7790,11861.2651865741,1779.18977798611,1520.3604913903,-88598.6005581198,12.3733761948806,12.3733761948806,500,500,-289665.801674359,0.0072701,20470077
3,lap_fixed_increase,10000,0.5,0.05,0.45,1e-06,100,2,0.05,500,0,1,7569,7569,0,7790,7790,11904.4585929591,1785.66878894386,1585.14422353682,-593362.424073629,77.1697591878856,77.1697591878856,500,500,-1803957.27222088,0.0076863,20574806
4,lap_fixed_increase,10000,0.5,0.05,0.45,1e-06,100,2,0.05,500,0,1,7569,7569,0,7790,7790,11922.3861499238,1788.35792248857,1524.19821684096,-635034.76718725,82.5192255696085,82.5192255696085,500,500,-1928974.30156175,0.0091161,20679535
0,lap_fixed_decrease,10000,0.5,0.05,0.45,1e-06,100,2,0.05,500,0,1,7569,7569,0,7790,7790,11994.2118209498,1799.13177314247,1515.01922487635,-410530.227338586,53.6996440742729,53.6996440742729,500,-500,-1254460.68201576,0.0078559,20260619
1,lap_fixed_decrease,10000,0.5,0.05,0.45,1e-06,100,2,0.05,500,0,1,7569,7569,0,7790,7790,11875.7737825719,1781.36606738579,1765.9844938843,-780166.302198645,101.149717868889,101.149717868889,500,-500,-2363368.90659594,0.007205901,20365348
2,lap_fixed_decrease,10000,0.5,0.05,0.45,1e-06,100,2,0.05,500,0,1,7569,7569,0,7790,7790,11861.2651865741,1779.18977798611,1520.3604913903,-88931.9338914528,12.4161660964638,12.4161660964638,500,-500,-289665.801674359,0.0070537,20470077
3,lap_fixed_decrease,10000,0.5,0.05,0.45,1e-06,100,2,0.05,500,0,1,7569,7569,0,7790,7790,11904.4585929591,1785.66878894386,1585.14422353682,-593695.757406962,77.2125490894689,77.2125490894689,500,-500,-1803957.27222088,0.00653,20574806
4,lap_fixed_decrease,10000,0.5,0.05,0.45,1e-06,100,2,0.05,500,0,1,7569,7569,0,7790,7790,11922.3861499238,1788.35792248857,1524.19821684096,-635368.100520583,82.5620154711917,82.5620154711917,500,-500,-1928974.30156175,0.009409501,20679535
0,lap_scale_increase,10000,0.5,0.05,0.45,1e-06,100,2,0.05,500,0,1,7569,7569,0,7790,7790,11994.2118209498,1799.13177314247,1515.01922487635,1588671.7428197,202.937322569924,202.937322569924,500,5997105.9104749,-1254460.68201576,0.0075017,20260619
1,lap_scale_increase,10000,0.5,0.05,0.45,1e-06,100,2,0.05,500,0,1,7569,7569,0,7790,7790,11875.7737825719,1781.36606738579,1765.9844938843,1199295.99489667,152.953272772358,152.953272772358,500,5937886.89128592,-2363368.90659594,0.0076052,20365348
2,lap_scale_increase,10000,0.5,0.05,0.45,1e-06,100,2,0.05,500,0,1,7569,7569,0,7790,7790,11861.2651865741,1779.18977798611,1520.3604913903,1888112.26387088,241.376413847353,241.376413847353,500,5930632.59328703,-289665.801674359,0.008433,20470077
3,lap_scale_increase,10000,0.5,0.05,0.45,1e-06,100,2,0.05,500,0,1,7569,7569,0,7790,7790,11904.4585929591,1785.66878894386,1585.14422353682,1390547.34141955,177.504151658478,177.504151658478,500,5952229.29647953,-1803957.27222088,0.0076059,20574806
4,lap_scale_increase,10000,0.5,0.05,0.45,1e-06,100,2,0.05,500,0,1,7569,7569,0,7790,7790,11922.3861499238,1788.35792248857,1524.19821684096,1351862.92446672,172.53824447583,172.53824447583,500,5961193.07496196,-1928974.30156175,0.0085501,20679535
0,lap_scale_decrease,10000,0.5,0.05,0.45,1e-06,100,2,0.05,500,0,1,7569,7569,0,7790,7790,11994.2118209498,1799.13177314247,1515.01922487635,-2409398.86416356,310.293820816889,310.293820816889,500,-5997105.9104749,-1254460.68201576,0.0078926,20260619
1,lap_scale_decrease,10000,0.5,0.05,0.45,1e-06,100,2,0.05,500,0,1,7569,7569,0,7790,7790,11875.7737825719,1781.36606738579,1765.9844938843,-2759295.26596064,355.209918608554,355.209918608554,500,-5937886.89128592,-2363368.90659594,0.0072253,20365348
2,lap_scale_decrease,10000,0.5,0.05,0.45,1e-06,100,2,0.05,500,0,1,7569,7569,0,7790,7790,11861.2651865741,1779.18977798611,1520.3604913903,-2065642.79832047,266.165956138699,266.165956138699,500,-5930632.59328703,-289665.801674359,0.006934601,20470077
3,lap_scale_decrease,10000,0.5,0.05,0.45,1e-06,100,2,0.05,500,0,1,7569,7569,0,7790,7790,11904.4585929591,1785.66878894386,1585.14422353682,-2577605.52290015,331.886459935834,331.886459935834,500,-5952229.29647953,-1803957.27222088,0.0086962,20574806
4,lap_scale_decrease,10000,0.5,0.05,0.45,1e-06,100,2,0.05,500,0,1,7569,7569,0,7790,7790,11922.3861499238,1788.35792248857,1524.19821684096,-2622265.79217455,337.619485516631,337.619485516631,500,-5961193.07496196,-1928974.30156175,0.0070305,20679535
0,lap_count_increase,10000,0.5,0.05,0.45,1e-06,100,2,0.05,500,0,1,7569,7569,0,7790,7790,11994.2118209498,1799.13177314247,1515.01922487635,-409780.560671919,53.6034095856122,53.6034095856122,109,1749,-1254460.68201576,0.009444899,20260619
1,lap_count_increase,10000,0.5,0.05,0.45,1e-06,100,2,0.05,500,0,1,7569,7569,0,7790,7790,11875.7737825719,1781.36606738579,1765.9844938843,-779498.635531979,101.064009696018,101.064009696018,96,1503,-2363368.90659594,0.0086964,20365348
2,lap_count_increase,10000,0.5,0.05,0.45,1e-06,100,2,0.05,500,0,1,7569,7569,0,7790,7790,11861.2651865741,1779.18977798611,1520.3604913903,-88426.6005581198,12.3512966056636,12.3512966056636,128,1016,-289665.801674359,0.0082742,20470077
3,lap_count_increase,10000,0.5,0.05,0.45,1e-06,100,2,0.05,500,0,1,7569,7569,0,7790,7790,11904.4585929591,1785.66878894386,1585.14422353682,-593117.757406962,77.1383514001235,77.1383514001235,114,1234,-1803957.27222088,0.007432401,20574806
4,lap_count_increase,10000,0.5,0.05,0.45,1e-06,100,2,0.05,500,0,1,7569,7569,0,7790,7790,11922.3861499238,1788.35792248857,1524.19821684096,-634840.100520584,82.4942362670839,82.4942362670839,110,1084,-1928974.30156175,0.0098637,20679535
0,lap_count_decrease,10000,0.5,0.05,0.45,1e-06,100,2,0.05,500,0,1,7569,7569,0,7790,7790,11994.2118209498,1799.13177314247,1515.01922487635,-410946.560671919,53.7530886613504,53.7530886613504,109,-1749,-1254460.68201576,0.0109393,20260619
1,lap_count_decrease,10000,0.5,0.05,0.45,1e-06,100,2,0.05,500,0,1,7569,7569,0,7790,7790,11875.7737825719,1781.36606738579,1765.9844938843,-780500.635531979,101.192636140177,101.192636140177,96,-1503,-2363368.90659594,0.0072613,20365348
2,lap_count_decrease,10000,0.5,0.05,0.45,1e-06,100,2,0.05,500,0,1,7569,7569,0,7790,7790,11861.2651865741,1779.18977798611,1520.3604913903,-89103.9338914528,12.4382456856807,12.4382456856807,128,-1016,-289665.801674359,0.0071765,20470077
3,lap_count_decrease,10000,0.5,0.05,0.45,1e-06,100,2,0.05,500,0,1,7569,7569,0,7790,7790,11904.4585929591,1785.66878894386,1585.14422353682,-593940.424073629,77.2439568772309,77.2439568772309,114,-1234,-1803957.27222088,0.0088611,20574806
4,lap_count_decrease,10000,0.5,0.05,0.45,1e-06,100,2,0.05,500,0,1,7569,7569,0,7790,7790,11922.3861499238,1788.35792248857,1524.19821684096,-635562.76718725,82.5870047737163,82.5870047737163,110,-1084,-1928974.30156175,0.007338,20679535
0,lap_fixed_increase,10000,0.5,0.05,0.45,1e-06,100,2,0.05,500,0,2,7569,7569,0,7790,7790,11994.2118209498,1799.13177314247,1515.01922487635,-410030.227338586,53.6354592218981,53.6354592218981,500,1000,-1254460.68201576,0.009240801,20260619
1,lap_fixed_increase,10000,0.5,0.05,0.45,1e-06,100,2,0.05,500,0,2,7569,7569,0,7790,7790,11875.7737825719,1781.36606738579,1765.9844938843,-779666.302198645,101.085533016514,101.085533016514,500,1000,-2363368.90659594,0.0067286,20365348
2,lap_fixed_increase,10000,0.5,0.05,0.45,1e-06,100,2,0.05,500,0,2,7569,7569,0,7790,7790,11861.2651865741,1779.18977798611,1520.3604913903,-88431.9338914532,12.351981244089,12.351981244089,500,1000,-289665.801674359,0.0079816,20470077
3,lap_fixed_increase,10000,0.5,0.05,0.45,1e-06,100,2,0.05,500,0,2,7569,7569,0,7790,7790,11904.4585929591,1785.66878894386,1585.14422353682,-593195.757406962,77.148364237094,77.148364237094,500,1000,-1803957.27222088,0.0073622,20574806
4,lap_fixed_increase,10000,0.5,0.05,0.45,1e-06,100,2,0.05,500,0,2,7569,7569,0,7790,7790,11922.3861499238,1788.35792248857,1524.19821684096,-634868.100520584,82.4978306188169,82.4978306188169,500,1000,-1928974.30156175,0.009175001,20679535
0,lap_fixed_decrease,10000,0.5,0.05,0.45,1e-06,100,2,0.05,500,0,2,7569,7569,0,7790,7790,11994.2118209498,1799.13177314247,1515.01922487635,-410696.894005253,53.7210390250645,53.7210390250645,500,-1000,-1254460.68201576,0.0069112,20260619
1,lap_fixed_decrease,10000,0.5,0.05,0.45,1e-06,100,2,0.05,500,0,2,7569,7569,0,7790,7790,11875.7737825719,1781.36606738579,1765.9844938843,-780332.968865312,101.171112819681,101.171112819681,500,-1000,-2363368.90659594,0.0076898,20365348
2,lap_fixed_decrease,10000,0.5,0.05,0.45,1e-06,100,2,0.05,500,0,2,7569,7569,0,7790,7790,11861.2651865741,1779.18977798611,1520.3604913903,-89098.6005581195,12.4375610472554,12.4375610472554,500,-1000,-289665.801674359,0.008300699,20470077
3,lap_fixed_decrease,10000,0.5,0.05,0.45,1e-06,100,2,0.05,500,0,2,7569,7569,0,7790,7790,11904.4585929591,1785.66878894386,1585.14422353682,-593862.424073629,77.2339440402605,77.2339440402605,500,-1000,-1803957.27222088,0.0071239,20574806
4,lap_fixed_decrease,10000,0.5,0.05,0.45,1e-06,100,2,0.05,500,0,2,7569,7569,0,7790,7790,11922.3861499238,1788.35792248857,1524.19821684096,-635534.76718725,82.5834104219833,82.5834104219833,500,-1000,-1928974.30156175,0.0075254,20679535
0,lap_scale_increase,10000,0.5,0.05,0.45,1e-06,100,2,0.05,500,0,2,7569,7569,0,7790,7790,11994.2118209498,1799.13177314247,1515.01922487635,3587707.04631134,459.55289426333,459.55289426333,500,11994211.8209498,-1254460.68201576,0.012280901,20260619
1,lap_scale_increase,10000,0.5,0.05,0.45,1e-06,100,2,0.05,500,0,2,7569,7569,0,7790,7790,11875.7737825719,1781.36606738579,1765.9844938843,3178591.6253253,407.034868462812,407.034868462812,500,11875773.7825718,-2363368.90659594,0.0080445,20365348
2,lap_scale_increase,10000,0.5,0.05,0.45,1e-06,100,2,0.05,500,0,2,7569,7569,0,7790,7790,11861.2651865741,1779.18977798611,1520.3604913903,3864989.79496657,495.147598840381,495.147598840381,500,11861265.1865741,-289665.801674359,0.0112271,20470077
3,lap_scale_increase,10000,0.5,0.05,0.45,1e-06,100,2,0.05,500,0,2,7569,7569,0,7790,7790,11904.4585929591,1785.66878894386,1585.14422353682,3374623.7735794,432.199457455635,432.199457455635,500,11904458.5929591,-1803957.27222088,0.0071509,20574806
4,lap_scale_increase,10000,0.5,0.05,0.45,1e-06,100,2,0.05,500,0,2,7569,7569,0,7790,7790,11922.3861499238,1788.35792248857,1524.19821684096,3338927.28278735,427.617109472061,427.617109472061,500,11922386.1499239,-1928974.30156175,0.0070075,20679535
0,lap_scale_decrease,10000,0.5,0.05,0.45,1e-06,100,2,0.05,500,0,2,7569,7569,0,7790,7790,11994.2118209498,1799.13177314247,1515.01922487635,-4408434.16765518,566.909392510292,566.909392510292,500,-11994211.8209498,-1254460.68201576,0.007636,20260619
1,lap_scale_decrease,10000,0.5,0.05,0.45,1e-06,100,2,0.05,500,0,2,7569,7569,0,7790,7790,11875.7737825719,1781.36606738579,1765.9844938843,-4738590.8963893,609.291514299011,609.291514299011,500,-11875773.7825718,-2363368.90659594,0.0066178,20365348
2,lap_scale_decrease,10000,0.5,0.05,0.45,1e-06,100,2,0.05,500,0,2,7569,7569,0,7790,7790,11861.2651865741,1779.18977798611,1520.3604913903,-4042520.32941613,519.937141131725,519.937141131725,500,-11861265.1865741,-289665.801674359,0.0068821,20470077
3,lap_scale_decrease,10000,0.5,0.05,0.45,1e-06,100,2,0.05,500,0,2,7569,7569,0,7790,7790,11904.4585929591,1785.66878894386,1585.14422353682,-4561681.95506001,586.581765732992,586.581765732992,500,-11904458.5929591,-1803957.27222088,0.006771,20574806
4,lap_scale_decrease,10000,0.5,0.05,0.45,1e-06,100,2,0.05,500,0,2,7569,7569,0,7790,7790,11922.3861499238,1788.35792248857,1524.19821684096,-4609330.15049518,592.69835051286,592.69835051286,500,-11922386.1499239,-1928974.30156175,0.0070332,20679535
0,lap_count_increase,10000,0.5,0.05,0.45,1e-06,100,2,0.05,500,0,2,7569,7569,0,7790,7790,11994.2118209498,1799.13177314247,1515.01922487635,-409197.56067192,53.5285700477432,53.5285700477432,109,3498,-1254460.68201576,0.0066678,20260619
1,lap_count_increase,10000,0.5,0.05,0.45,1e-06,100,2,0.05,500,0,2,7569,7569,0,7790,7790,11875.7737825719,1781.36606738579,1765.9844938843,-778997.635531979,100.999696473938,100.999696473938,96,3006,-2363368.90659594,0.0078815,20365348
2,lap_count_increase,10000,0.5,0.05,0.45,1e-06,100,2,0.05,500,0,2,7569,7569,0,7790,7790,11861.2651865741,1779.18977798611,1520.3604913903,-88087.933891453,12.3078220656551,12.3078220656551,128,2032,-289665.801674359,0.0073433,20470077
3,lap_count_increase,10000,0.5,0.05,0.45,1e-06,100,2,0.05,500,0,2,7569,7569,0,7790,7790,11904.4585929591,1785.66878894386,1585.14422353682,-592706.424073629,77.0855486615698,77.0855486615698,114,2468,-1803957.27222088,0.006979701,20574806
4,lap_count_increase,10000,0.5,0.05,0.45,1e-06,100,2,0.05,500,0,2,7569,7569,0,7790,7790,11922.3861499238,1788.35792248857,1524.19821684096,-634478.76718725,82.4478520137677,82.4478520137677,110,2168,-1928974.30156175,0.0071493,20679535
0,lap_count_decrease,10000,0.5,0.05,0.45,1e-06,100,2,0.05,500,0,2,7569,7569,0,7790,7790,11994.2118209498,1799.13177314247,1515.01922487635,-411529.560671919,53.8279281992194,53.8279281992194,109,-3498,-1254460.68201576,0.0078236,20260619
1,lap_count_decrease,10000,0.5,0.05,0.45,1e-06,100,2,0.05,500,0,2,7569,7569,0,7790,7790,11875.7737825719,1781.36606738579,1765.9844938843,-781001.635531979,101.256949362257,101.256949362257,96,-3006,-2363368.90659594,0.0085886,20365348
2,lap_count_decrease,10000,0.5,0.05,0.45,1e-06,100,2,0.05,500,0,2,7569,7569,0,7790,7790,11861.2651865741,1779.18977798611,1520.3604913903,-89442.6005581194,12.4817202256893,12.4817202256893,128,-2032,-289665.801674359,0.0073043,20470077
3,lap_count_decrease,10000,0.5,0.05,0.45,1e-06,100,2,0.05,500,0,2,7569,7569,0,7790,7790,11904.4585929591,1785.66878894386,1585.14422353682,-594351.757406962,77.2967596157847,77.2967596157847,114,-2468,-1803957.27222088,0.0079919,20574806
4,lap_count_decrease,10000,0.5,0.05,0.45,1e-06,100,2,0.05,500,0,2,7569,7569,0,7790,7790,11922.3861499238,1788.35792248857,1524.19821684096,-635924.100520583,82.6333890270325,82.6333890270325,110,-2168,-1928974.30156175,0.0092672,20679535
0,lap_fixed_increase,10000,0.5,0.05,0.45,1e-06,100,2,0.1,1000,0,0.25,7569,7569,0,7790,7790,11994.2118209498,1799.13177314247,1515.01922487635,-410280.227338586,53.6675516480855,53.6675516480855,1000,250,-1254460.68201576,0.006541,20260619
1,lap_fixed_increase,10000,0.5,0.05,0.45,1e-06,100,2,0.1,1000,0,0.25,7569,7569,0,7790,7790,11875.7737825719,1781.36606738579,1765.9844938843,-779916.302198645,101.117625442702,101.117625442702,1000,250,-2363368.90659594,0.0062637,20365348
2,lap_fixed_increase,10000,0.5,0.05,0.45,1e-06,100,2,0.1,1000,0,0.25,7569,7569,0,7790,7790,11861.2651865741,1779.18977798611,1520.3604913903,-88681.9338914532,12.3840736702764,12.3840736702764,1000,250,-289665.801674359,0.0050727,20470077
3,lap_fixed_increase,10000,0.5,0.05,0.45,1e-06,100,2,0.1,1000,0,0.25,7569,7569,0,7790,7790,11904.4585929591,1785.66878894386,1585.14422353682,-593445.757406962,77.1804566632814,77.1804566632814,1000,250,-1803957.27222088,0.0039471,20574806
4,lap_fixed_increase,10000,0.5,0.05,0.45,1e-06,100,2,0.1,1000,0,0.25,7569,7569,0,7790,7790,11922.3861499238,1788.35792248857,1524.19821684096,-635118.100520583,82.5299230450043,82.5299230450043,1000,250,-1928974.30156175,0.0058405,20679535
0,lap_fixed_decrease,10000,0.5,0.05,0.45,1e-06,100,2,0.1,1000,0,0.25,7569,7569,0,7790,7790,11994.2118209498,1799.13177314247,1515.01922487635,-410446.894005253,53.6889465988771,53.6889465988771,1000,-250,-1254460.68201576,0.0076695,20260619
1,lap_fixed_decrease,10000,0.5,0.05,0.45,1e-06,100,2,0.1,1000,0,0.25,7569,7569,0,7790,7790,11875.7737825719,1781.36606738579,1765.9844938843,-780082.968865312,101.139020393493,101.139020393493,1000,-250,-2363368.90659594,0.008058,20365348
2,lap_fixed_decrease,10000,0.5,0.05,0.45,1e-06,100,2,0.1,1000,0,0.25,7569,7569,0,7790,7790,11861.2651865741,1779.18977798611,1520.3604913903,-88848.6005581197,12.405468621068,12.405468621068,1000,-250,-289665.801674359,0.0071723,20470077
3,lap_fixed_decrease,10000,0.5,0.05,0.45,1e-06,100,2,0.1,1000,0,0.25,7569,7569,0,7790,7790,11904.4585929591,1785.66878894386,1585.14422353682,-593612.424073629,77.201851614073,77.201851614073,1000,-250,-1803957.27222088,0.0087191,20574806
4,lap_fixed_decrease,10000,0.5,0.05,0.45,1e-06,100,2,0.1,1000,0,0.25,7569,7569,0,7790,7790,11922.3861499238,1788.35792248857,1524.19821684096,-635284.76718725,82.5513179957959,82.5513179957959,1000,-250,-1928974.30156175,0.0078009,20679535
0,lap_scale_increase,10000,0.5,0.05,0.45,1e-06,100,2,0.1,1000,0,0.25,7569,7569,0,7790,7790,11994.2118209498,1799.13177314247,1515.01922487635,589154.091073899,74.6295367232219,74.6295367232219,1000,2998552.95523738,-1254460.68201576,0.007363001,20260619
1,lap_scale_increase,10000,0.5,0.05,0.45,1e-06,100,2,0.1,1000,0,0.25,7569,7569,0,7790,7790,11875.7737825719,1781.36606738579,1765.9844938843,209648.179682342,25.9124749271299,25.9124749271299,1000,2968943.44564295,-2363368.90659594,0.0104685,20365348
2,lap_scale_increase,10000,0.5,0.05,0.45,1e-06,100,2,0.1,1000,0,0.25,7569,7569,0,7790,7790,11861.2651865741,1779.18977798611,1520.3604913903,899673.498323048,114.490821350841,114.490821350841,1000,2965316.29664355,-289665.801674359,0.006334,20470077
3,lap_scale_increase,10000,0.5,0.05,0.45,1e-06,100,2,0.1,1000,0,0.25,7569,7569,0,7790,7790,11904.4585929591,1785.66878894386,1585.14422353682,398509.125339628,50.1564987599009,50.1564987599009,1000,2976114.64823973,-1803957.27222088,0.0067572,20574806
4,lap_scale_increase,10000,0.5,0.05,0.45,1e-06,100,2,0.1,1000,0,0.25,7569,7569,0,7790,7790,11922.3861499238,1788.35792248857,1524.19821684096,358330.745306402,44.9988119777153,44.9988119777153,1000,2980596.53748102,-1928974.30156175,0.0046602,20679535
0,lap_scale_decrease,10000,0.5,0.05,0.45,1e-06,100,2,0.1,1000,0,0.25,7569,7569,0,7790,7790,11994.2118209498,1799.13177314247,1515.01922487635,-1409881.21241774,181.986034970185,181.986034970185,1000,-2998552.95523738,-1254460.68201576,0.0087873,20260619
1,lap_scale_decrease,10000,0.5,0.05,0.45,1e-06,100,2,0.1,1000,0,0.25,7569,7569,0,7790,7790,11875.7737825719,1781.36606738579,1765.9844938843,-1769647.45074631,228.169120763325,228.169120763325,1000,-2968943.44564295,-2363368.90659594,0.0076074,20365348
2,lap_scale_decrease,10000,0.5,0.05,0.45,1e-06,100,2,0.1,1000,0,0.25,7569,7569,0,7790,7790,11861.2651865741,1779.18977798611,1520.3604913903,-1077204.03277263,139.280363642186,139.280363642186,1000,-2965316.29664355,-289665.801674359,0.0076151,20470077
3,lap_scale_decrease,10000,0.5,0.05,0.45,1e-06,100,2,0.1,1000,0,0.25,7569,7569,0,7790,7790,11904.4585929591,1785.66878894386,1585.14422353682,-1585567.30682023,204.538807037256,204.538807037256,1000,-2976114.64823973,-1803957.27222088,0.0092218,20574806
4,lap_scale_decrease,10000,0.5,0.05,0.45,1e-06,100,2,0.1,1000,0,0.25,7569,7569,0,7790,7790,11922.3861499238,1788.35792248857,1524.19821684096,-1628733.61301424,210.080053018516,210.080053018516,1000,-2980596.53748102,-1928974.30156175,0.0077511,20679535
0,lap_count_increase,10000,0.5,0.05,0.45,1e-06,100,2,0.1,1000,0,0.25,7569,7569,0,7790,7790,11994.2118209498,1799.13177314247,1515.01922487635,-410108.644005253,53.6455255462455,53.6455255462455,210,764.75,-1254460.68201576,0.0089256,20260619
1,lap_count_increase,10000,0.5,0.05,0.45,1e-06,100,2,0.1,1000,0,0.25,7569,7569,0,7790,7790,11875.7737825719,1781.36606738579,1765.9844938843,-779726.052198645,101.093203106373,101.093203106373,225,820.75,-2363368.90659594,0.0073455,20365348
2,lap_count_increase,10000,0.5,0.05,0.45,1e-06,100,2,0.1,1000,0,0.25,7569,7569,0,7790,7790,11861.2651865741,1779.18977798611,1520.3604913903,-88560.6005581198,12.3684981461001,12.3684981461001,225,614,-289665.801674359,0.009802201,20470077
3,lap_count_increase,10000,0.5,0.05,0.45,1e-06,100,2,0.1,1000,0,0.25,7569,7569,0,7790,7790,11904.4585929591,1785.66878894386,1585.14422353682,-593338.590740295,77.1666997099224,77.1666997099224,207,571.5,-1803957.27222088,0.0078405,20574806
4,lap_count_increase,10000,0.5,0.05,0.45,1e-06,100,2,0.1,1000,0,0.25,7569,7569,0,7790,7790,11922.3861499238,1788.35792248857,1524.19821684096,-635009.683853917,82.5160056295143,82.5160056295143,206,575.25,-1928974.30156175,0.0097546,20679535
0,lap_count_decrease,10000,0.5,0.05,0.45,1e-06,100,2,0.1,1000,0,0.25,7569,7569,0,7790,7790,11994.2118209498,1799.13177314247,1515.01922487635,-410618.477338586,53.7109727007171,53.7109727007171,210,-764.75,-1254460.68201576,0.0084252,20260619
1,lap_count_decrease,10000,0.5,0.05,0.45,1e-06,100,2,0.1,1000,0,0.25,7569,7569,0,7790,7790,11875.7737825719,1781.36606738579,1765.9844938843,-780273.218865312,101.163442729822,101.163442729822,225,-820.75,-2363368.90659594,0.007025201,20365348
2,lap_count_decrease,10000,0.5,0.05,0.45,1e-06,100,2,0.1,1000,0,0.25,7569,7569,0,7790,7790,11861.2651865741,1779.18977798611,1520.3604913903,-88969.9338914528,12.4210441452443,12.4210441452443,225,-614,-289665.801674359,0.0080389,20470077
3,lap_count_decrease,10000,0.5,0.05,0.45,1e-06,100,2,0.1,1000,0,0.25,7569,7569,0,7790,7790,11904.4585929591,1785.66878894386,1585.14422353682,-593719.590740296,77.2156085674321,77.2156085674321,207,-571.5,-1803957.27222088,0.0093937,20574806
4,lap_count_decrease,10000,0.5,0.05,0.45,1e-06,100,2,0.1,1000,0,0.25,7569,7569,0,7790,7790,11922.3861499238,1788.35792248857,1524.19821684096,-635393.183853917,82.5652354112859,82.5652354112859,206,-575.25,-1928974.30156175,0.008138401,20679535
0,lap_fixed_increase,10000,0.5,0.05,0.45,1e-06,100,2,0.1,1000,0,0.5,7569,7569,0,7790,7790,11994.2118209498,1799.13177314247,1515.01922487635,-410196.894005253,53.6568541726897,53.6568541726897,1000,500,-1254460.68201576,0.0163412,20260619
1,lap_fixed_increase,10000,0.5,0.05,0.45,1e-06,100,2,0.1,1000,0,0.5,7569,7569,0,7790,7790,11875.7737825719,1781.36606738579,1765.9844938843,-779832.968865312,101.106927967306,101.106927967306,1000,500,-2363368.90659594,0.0073188,20365348
2,lap_fixed_increase,10000,0.5,0.05,0.45,1e-06,100,2,0.1,1000,0,0.5,7569,7569,0,7790,7790,11861.2651865741,1779.18977798611,1520.3604913903,-88598.6005581198,12.3733761948806,12.3733761948806,1000,500,-289665.801674359,0.008108401,20470077
3,lap_fixed_increase,10000,0.5,0.05,0.45,1e-06,100,2,0.1,1000,0,0.5,7569,7569,0,7790,7790,11904.4585929591,1785.66878894386,1585.14422353682,-593362.424073629,77.1697591878856,77.1697591878856,1000,500,-1803957.27222088,0.0069366,20574806
4,lap_fixed_increase,10000,0.5,0.05,0.45,1e-06,100,2,0.1,1000,0,0.5,7569,7569,0,7790,7790,11922.3861499238,1788.35792248857,1524.19821684096,-635034.76718725,82.5192255696085,82.5192255696085,1000,500,-1928974.30156175,0.006814301,20679535
0,lap_fixed_decrease,10000,0.5,0.05,0.45,1e-06,100,2,0.1,1000,0,0.5,7569,7569,0,7790,7790,11994.2118209498,1799.13177314247,1515.01922487635,-410530.227338586,53.6996440742729,53.6996440742729,1000,-500,-1254460.68201576,0.0103597,20260619
1,lap_fixed_decrease,10000,0.5,0.05,0.45,1e-06,100,2,0.1,1000,0,0.5,7569,7569,0,7790,7790,11875.7737825719,1781.36606738579,1765.9844938843,-780166.302198645,101.149717868889,101.149717868889,1000,-500,-2363368.90659594,0.0075602,20365348
2,lap_fixed_decrease,10000,0.5,0.05,0.45,1e-06,100,2,0.1,1000,0,0.5,7569,7569,0,7790,7790,11861.2651865741,1779.18977798611,1520.3604913903,-88931.9338914528,12.4161660964638,12.4161660964638,1000,-500,-289665.801674359,0.0089607,20470077
3,lap_fixed_decrease,10000,0.5,0.05,0.45,1e-06,100,2,0.1,1000,0,0.5,7569,7569,0,7790,7790,11904.4585929591,1785.66878894386,1585.14422353682,-593695.757406962,77.2125490894689,77.2125490894689,1000,-500,-1803957.27222088,0.0081754,20574806
4,lap_fixed_decrease,10000,0.5,0.05,0.45,1e-06,100,2,0.1,1000,0,0.5,7569,7569,0,7790,7790,11922.3861499238,1788.35792248857,1524.19821684096,-635368.100520583,82.5620154711917,82.5620154711917,1000,-500,-1928974.30156175,0.0097999,20679535
0,lap_scale_increase,10000,0.5,0.05,0.45,1e-06,100,2,0.1,1000,0,0.5,7569,7569,0,7790,7790,11994.2118209498,1799.13177314247,1515.01922487635,1588671.7428197,202.937322569923,202.937322569923,1000,5997105.91047476,-1254460.68201576,0.0087395,20260619
1,lap_scale_increase,10000,0.5,0.05,0.45,1e-06,100,2,0.1,1000,0,0.5,7569,7569,0,7790,7790,11875.7737825719,1781.36606738579,1765.9844938843,1199295.99489667,152.953272772358,152.953272772358,1000,5937886.8912859,-2363368.90659594,0.0090951,20365348
2,lap_scale_increase,10000,0.5,0.05,0.45,1e-06,100,2,0.1,1000,0,0.5,7569,7569,0,7790,7790,11861.2651865741,1779.18977798611,1520.3604913903,1888112.26387088,241.376413847353,241.376413847353,1000,5930632.59328709,-289665.801674359,0.0093343,20470077
3,lap_scale_increase,10000,0.5,0.05,0.45,1e-06,100,2,0.1,1000,0,0.5,7569,7569,0,7790,7790,11904.4585929591,1785.66878894386,1585.14422353682,1390547.34141955,177.504151658478,177.504151658478,1000,5952229.29647945,-1803957.27222088,0.008699501,20574806
4,lap_scale_increase,10000,0.5,0.05,0.45,1e-06,100,2,0.1,1000,0,0.5,7569,7569,0,7790,7790,11922.3861499238,1788.35792248857,1524.19821684096,1351862.92446672,172.53824447583,172.53824447583,1000,5961193.07496204,-1928974.30156175,0.0094016,20679535
0,lap_scale_decrease,10000,0.5,0.05,0.45,1e-06,100,2,0.1,1000,0,0.5,7569,7569,0,7790,7790,11994.2118209498,1799.13177314247,1515.01922487635,-2409398.86416356,310.293820816889,310.293820816889,1000,-5997105.91047476,-1254460.68201576,0.0083219,20260619
1,lap_scale_decrease,10000,0.5,0.05,0.45,1e-06,100,2,0.1,1000,0,0.5,7569,7569,0,7790,7790,11875.7737825719,1781.36606738579,1765.9844938843,-2759295.26596064,355.209918608554,355.209918608554,1000,-5937886.8912859,-2363368.90659594,0.0083099,20365348
2,lap_scale_decrease,10000,0.5,0.05,0.45,1e-06,100,2,0.1,1000,0,0.5,7569,7569,0,7790,7790,11861.2651865741,1779.18977798611,1520.3604913903,-2065642.79832047,266.165956138699,266.165956138699,1000,-5930632.59328709,-289665.801674359,0.008356,20470077
3,lap_scale_decrease,10000,0.5,0.05,0.45,1e-06,100,2,0.1,1000,0,0.5,7569,7569,0,7790,7790,11904.4585929591,1785.66878894386,1585.14422353682,-2577605.52290015,331.886459935834,331.886459935834,1000,-5952229.29647945,-1803957.27222088,0.006578601,20574806
4,lap_scale_decrease,10000,0.5,0.05,0.45,1e-06,100,2,0.1,1000,0,0.5,7569,7569,0,7790,7790,11922.3861499238,1788.35792248857,1524.19821684096,-2622265.79217455,337.619485516631,337.619485516631,1000,-5961193.07496204,-1928974.30156175,0.0082437,20679535
0,lap_count_increase,10000,0.5,0.05,0.45,1e-06,100,2,0.1,1000,0,0.5,7569,7569,0,7790,7790,11994.2118209498,1799.13177314247,1515.01922487635,-409853.727338586,53.6128019690098,53.6128019690098,210,1529.5,-1254460.68201576,0.0098181,20260619
1,lap_count_increase,10000,0.5,0.05,0.45,1e-06,100,2,0.1,1000,0,0.5,7569,7569,0,7790,7790,11875.7737825719,1781.36606738579,1765.9844938843,-779452.468865312,101.058083294649,101.058083294649,225,1641.5,-2363368.90659594,0.006738,20365348
2,lap_count_increase,10000,0.5,0.05,0.45,1e-06,100,2,0.1,1000,0,0.5,7569,7569,0,7790,7790,11861.2651865741,1779.18977798611,1520.3604913903,-88355.9338914532,12.342225146528,12.342225146528,225,1228,-289665.801674359,0.0081081,20470077
3,lap_count_increase,10000,0.5,0.05,0.45,1e-06,100,2,0.1,1000,0,0.5,7569,7569,0,7790,7790,11904.4585929591,1785.66878894386,1585.14422353682,-593148.090740295,77.1422452811676,77.1422452811676,207,1143,-1803957.27222088,0.008231901,20574806
4,lap_count_increase,10000,0.5,0.05,0.45,1e-06,100,2,0.1,1000,0,0.5,7569,7569,0,7790,7790,11922.3861499238,1788.35792248857,1524.19821684096,-634817.933853917,82.4913907386286,82.4913907386286,206,1150.5,-1928974.30156175,0.0099901,20679535
0,lap_count_decrease,10000,0.5,0.05,0.45,1e-06,100,2,0.1,1000,0,0.5,7569,7569,0,7790,7790,11994.2118209498,1799.13177314247,1515.01922487635,-410873.394005253,53.7436962779528,53.7436962779528,210,-1529.5,-1254460.68201576,0.0075263,20260619
1,lap_count_decrease,10000,0.5,0.05,0.45,1e-06,100,2,0.1,1000,0,0.5,7569,7569,0,7790,7790,11875.7737825719,1781.36606738579,1765.9844938843,-780546.802198645,101.198562541546,101.198562541546,225,-1641.5,-2363368.90659594,0.0089791,20365348
2,lap_count_decrease,10000,0.5,0.05,0.45,1e-06,100,2,0.1,1000,0,0.5,7569,7569,0,7790,7790,11861.2651865741,1779.18977798611,1520.3604913903,-89174.6005581195,12.4473171448164,12.4473171448164,225,-1228,-289665.801674359,0.0085718,20470077
3,lap_count_decrease,10000,0.5,0.05,0.45,1e-06,100,2,0.1,1000,0,0.5,7569,7569,0,7790,7790,11904.4585929591,1785.66878894386,1585.14422353682,-593910.090740296,77.2400629961869,77.2400629961869,207,-1143,-1803957.27222088,0.008625701,20574806
4,lap_count_decrease,10000,0.5,0.05,0.45,1e-06,100,2,0.1,1000,0,0.5,7569,7569,0,7790,7790,11922.3861499238,1788.35792248857,1524.19821684096,-635584.933853917,82.5898503021716,82.5898503021716,206,-1150.5,-1928974.30156175,0.0074312,20679535
0,lap_fixed_increase,10000,0.5,0.05,0.45,1e-06,100,2,0.1,1000,0,1,7569,7569,0,7790,7790,11994.2118209498,1799.13177314247,1515.01922487635,-410030.227338586,53.6354592218981,53.6354592218981,1000,1000,-1254460.68201576,0.0072854,20260619
1,lap_fixed_increase,10000,0.5,0.05,0.45,1e-06,100,2,0.1,1000,0,1,7569,7569,0,7790,7790,11875.7737825719,1781.36606738579,1765.9844938843,-779666.302198645,101.085533016514,101.085533016514,1000,1000,-2363368.90659594,0.0075428,20365348
2,lap_fixed_increase,10000,0.5,0.05,0.45,1e-06,100,2,0.1,1000,0,1,7569,7569,0,7790,7790,11861.2651865741,1779.18977798611,1520.3604913903,-88431.9338914532,12.351981244089,12.351981244089,1000,1000,-289665.801674359,0.0107393,20470077
3,lap_fixed_increase,10000,0.5,0.05,0.45,1e-06,100,2,0.1,1000,0,1,7569,7569,0,7790,7790,11904.4585929591,1785.66878894386,1585.14422353682,-593195.757406962,77.148364237094,77.148364237094,1000,1000,-1803957.27222088,0.0084456,20574806
4,lap_fixed_increase,10000,0.5,0.05,0.45,1e-06,100,2,0.1,1000,0,1,7569,7569,0,7790,7790,11922.3861499238,1788.35792248857,1524.19821684096,-634868.100520584,82.4978306188169,82.4978306188169,1000,1000,-1928974.30156175,0.0081762,20679535
0,lap_fixed_decrease,10000,0.5,0.05,0.45,1e-06,100,2,0.1,1000,0,1,7569,7569,0,7790,7790,11994.2118209498,1799.13177314247,1515.01922487635,-410696.894005253,53.7210390250645,53.7210390250645,1000,-1000,-1254460.68201576,0.0079681,20260619
1,lap_fixed_decrease,10000,0.5,0.05,0.45,1e-06,100,2,0.1,1000,0,1,7569,7569,0,7790,7790,11875.7737825719,1781.36606738579,1765.9844938843,-780332.968865312,101.171112819681,101.171112819681,1000,-1000,-2363368.90659594,0.008031401,20365348
2,lap_fixed_decrease,10000,0.5,0.05,0.45,1e-06,100,2,0.1,1000,0,1,7569,7569,0,7790,7790,11861.2651865741,1779.18977798611,1520.3604913903,-89098.6005581195,12.4375610472554,12.4375610472554,1000,-1000,-289665.801674359,0.0101138,20470077
3,lap_fixed_decrease,10000,0.5,0.05,0.45,1e-06,100,2,0.1,1000,0,1,7569,7569,0,7790,7790,11904.4585929591,1785.66878894386,1585.14422353682,-593862.424073629,77.2339440402605,77.2339440402605,1000,-1000,-1803957.27222088,0.0084911,20574806
4,lap_fixed_decrease,10000,0.5,0.05,0.45,1e-06,100,2,0.1,1000,0,1,7569,7569,0,7790,7790,11922.3861499238,1788.35792248857,1524.19821684096,-635534.76718725,82.5834104219833,82.5834104219833,1000,-1000,-1928974.30156175,0.007791501,20679535
0,lap_scale_increase,10000,0.5,0.05,0.45,1e-06,100,2,0.1,1000,0,1,7569,7569,0,7790,7790,11994.2118209498,1799.13177314247,1515.01922487635,3587707.04631135,459.552894263331,459.552894263331,1000,11994211.8209495,-1254460.68201576,0.007556701,20260619
1,lap_scale_increase,10000,0.5,0.05,0.45,1e-06,100,2,0.1,1000,0,1,7569,7569,0,7790,7790,11875.7737825719,1781.36606738579,1765.9844938843,3178591.6253253,407.034868462811,407.034868462811,1000,11875773.7825718,-2363368.90659594,0.0078513,20365348
2,lap_scale_increase,10000,0.5,0.05,0.45,1e-06,100,2,0.1,1000,0,1,7569,7569,0,7790,7790,11861.2651865741,1779.18977798611,1520.3604913903,3864989.79496657,495.147598840381,495.147598840381,1000,11861265.1865742,-289665.801674359,0.0086109,20470077
3,lap_scale_increase,10000,0.5,0.05,0.45,1e-06,100,2,0.1,1000,0,1,7569,7569,0,7790,7790,11904.4585929591,1785.66878894386,1585.14422353682,3374623.7735794,432.199457455636,432.199457455636,1000,11904458.5929589,-1803957.27222088,0.0084712,20574806
4,lap_scale_increase,10000,0.5,0.05,0.45,1e-06,100,2,0.1,1000,0,1,7569,7569,0,7790,7790,11922.3861499238,1788.35792248857,1524.19821684096,3338927.28278735,427.617109472061,427.617109472061,1000,11922386.1499241,-1928974.30156175,0.0093396,20679535
0,lap_scale_decrease,10000,0.5,0.05,0.45,1e-06,100,2,0.1,1000,0,1,7569,7569,0,7790,7790,11994.2118209498,1799.13177314247,1515.01922487635,-4408434.16765518,566.909392510293,566.909392510293,1000,-11994211.8209495,-1254460.68201576,0.0084698,20260619
1,lap_scale_decrease,10000,0.5,0.05,0.45,1e-06,100,2,0.1,1000,0,1,7569,7569,0,7790,7790,11875.7737825719,1781.36606738579,1765.9844938843,-4738590.89638931,609.291514299013,609.291514299013,1000,-11875773.7825718,-2363368.90659594,0.0093918,20365348
2,lap_scale_decrease,10000,0.5,0.05,0.45,1e-06,100,2,0.1,1000,0,1,7569,7569,0,7790,7790,11861.2651865741,1779.18977798611,1520.3604913903,-4042520.32941613,519.937141131724,519.937141131724,1000,-11861265.1865742,-289665.801674359,0.0071152,20470077
3,lap_scale_decrease,10000,0.5,0.05,0.45,1e-06,100,2,0.1,1000,0,1,7569,7569,0,7790,7790,11904.4585929591,1785.66878894386,1585.14422353682,-4561681.95506001,586.581765732992,586.581765732992,1000,-11904458.5929589,-1803957.27222088,0.0078683,20574806
4,lap_scale_decrease,10000,0.5,0.05,0.45,1e-06,100,2,0.1,1000,0,1,7569,7569,0,7790,7790,11922.3861499238,1788.35792248857,1524.19821684096,-4609330.15049517,592.698350512858,592.698350512858,1000,-11922386.1499241,-1928974.30156175,0.010839401,20679535
0,lap_count_increase,10000,0.5,0.05,0.45,1e-06,100,2,0.1,1000,0,1,7569,7569,0,7790,7790,11994.2118209498,1799.13177314247,1515.01922487635,-409343.894005253,53.5473548145383,53.5473548145383,210,3059,-1254460.68201576,0.009223701,20260619
1,lap_count_increase,10000,0.5,0.05,0.45,1e-06,100,2,0.1,1000,0,1,7569,7569,0,7790,7790,11875.7737825719,1781.36606738579,1765.9844938843,-778905.302198646,100.9878436712,100.9878436712,225,3283,-2363368.90659594,0.0066871,20365348
2,lap_count_increase,10000,0.5,0.05,0.45,1e-06,100,2,0.1,1000,0,1,7569,7569,0,7790,7790,11861.2651865741,1779.18977798611,1520.3604913903,-87946.6005581197,12.2896791473838,12.2896791473838,225,2456,-289665.801674359,0.0079875,20470077
3,lap_count_increase,10000,0.5,0.05,0.45,1e-06,100,2,0.1,1000,0,1,7569,7569,0,7790,7790,11904.4585929591,1785.66878894386,1585.14422353682,-592767.090740295,77.093336423658,77.093336423658,207,2286,-1803957.27222088,0.010871201,20574806
4,lap_count_increase,10000,0.5,0.05,0.45,1e-06,100,2,0.1,1000,0,1,7569,7569,0,7790,7790,11922.3861499238,1788.35792248857,1524.19821684096,-634434.433853917,82.4421609568571,82.4421609568571,206,2301,-1928974.30156175,0.007818,20679535
0,lap_count_decrease,10000,0.5,0.05,0.45,1e-06,100,2,0.1,1000,0,1,7569,7569,0,7790,7790,11994.2118209498,1799.13177314247,1515.01922487635,-411383.227338586,53.8091434324244,53.8091434324244,210,-3059,-1254460.68201576,0.0067155,20260619
1,lap_count_decrease,10000,0.5,0.05,0.45,1e-06,100,2,0.1,1000,0,1,7569,7569,0,7790,7790,11875.7737825719,1781.36606738579,1765.9844938843,-781093.968865312,101.268802164995,101.268802164995,225,-3283,-2363368.90659594,0.0116429,20365348
2,lap_count_decrease,10000,0.5,0.05,0.45,1e-06,100,2,0.1,1000,0,1,7569,7569,0,7790,7790,11861.2651865741,1779.18977798611,1520.3604913903,-89583.9338914527,12.4998631439606,12.4998631439606,225,-2456,-289665.801674359,0.007767601,20470077
3,lap_count_decrease,10000,0.5,0.05,0.45,1e-06,100,2,0.1,1000,0,1,7569,7569,0,7790,7790,11904.4585929591,1785.66878894386,1585.14422353682,-594291.090740296,77.2889718536965,77.2889718536965,207,-2286,-1803957.27222088,0.0082341,20574806
4,lap_count_decrease,10000,0.5,0.05,0.45,1e-06,100,2,0.1,1000,0,1,7569,7569,0,7790,7790,11922.3861499238,1788.35792248857,1524.19821684096,-635968.433853917,82.6390800839431,82.6390800839431,206,-2301,-1928974.30156175,0.008310601,20679535
0,lap_fixed_increase,10000,0.5,0.05,0.45,1e-06,100,2,0.1,1000,0,2,7569,7569,0,7790,7790,11994.2118209498,1799.13177314247,1515.01922487635,-409696.894005253,53.5926693203149,53.5926693203149,1000,2000,-1254460.68201576,0.0073019,20260619
1,lap_fixed_increase,10000,0.5,0.05,0.45,1e-06,100,2,0.1,1000,0,2,7569,7569,0,7790,7790,11875.7737825719,1781.36606738579,1765.9844938843,-779332.968865312,101.042743114931,101.042743114931,1000,2000,-2363368.90659594,0.0072564,20365348
2,lap_fixed_increase,10000,0.5,0.05,0.45,1e-06,100,2,0.1,1000,0,2,7569,7569,0,7790,7790,11861.2651865741,1779.18977798611,1520.3604913903,-88098.6005581197,12.3091913425057,12.3091913425057,1000,2000,-289665.801674359,0.009905601,20470077
3,lap_fixed_increase,10000,0.5,0.05,0.45,1e-06,100,2,0.1,1000,0,2,7569,7569,0,7790,7790,11904.4585929591,1785.66878894386,1585.14422353682,-592862.424073629,77.1055743355108,77.1055743355108,1000,2000,-1803957.27222088,0.008628,20574806
4,lap_fixed_increase,10000,0.5,0.05,0.45,1e-06,100,2,0.1,1000,0,2,7569,7569,0,7790,7790,11922.3861499238,1788.35792248857,1524.19821684096,-634534.76718725,82.4550407172337,82.4550407172337,1000,2000,-1928974.30156175,0.0090073,20679535
0,lap_fixed_decrease,10000,0.5,0.05,0.45,1e-06,100,2,0.1,1000,0,2,7569,7569,0,7790,7790,11994.2118209498,1799.13177314247,1515.01922487635,-411030.227338586,53.7638289266477,53.7638289266477,1000,-2000,-1254460.68201576,0.0066733,20260619
1,lap_fixed_decrease,10000,0.5,0.05,0.45,1e-06,100,2,0.1,1000,0,2,7569,7569,0,7790,7790,11875.7737825719,1781.36606738579,1765.9844938843,-780666.302198645,101.213902721264,101.213902721264,1000,-2000,-2363368.90659594,0.0057434,20365348
2,lap_fixed_decrease,10000,0.5,0.05,0.45,1e-06,100,2,0.1,1000,0,2,7569,7569,0,7790,7790,11861.2651865741,1779.18977798611,1520.3604913903,-89431.9338914528,12.4803509488386,12.4803509488386,1000,-2000,-289665.801674359,0.0061042,20470077
3,lap_fixed_decrease,10000,0.5,0.05,0.45,1e-06,100,2,0.1,1000,0,2,7569,7569,0,7790,7790,11904.4585929591,1785.66878894386,1585.14422353682,-594195.757406962,77.2767339418437,77.2767339418437,1000,-2000,-1803957.27222088,0.0062424,20574806
4,lap_fixed_decrease,10000,0.5,0.05,0.45,1e-06,100,2,0.1,1000,0,2,7569,7569,0,7790,7790,11922.3861499238,1788.35792248857,1524.19821684096,-635868.100520583,82.6262003235665,82.6262003235665,1000,-2000,-1928974.30156175,0.006527,20679535
0,lap_scale_increase,10000,0.5,0.05,0.45,1e-06,100,2,0.1,1000,0,2,7569,7569,0,7790,7790,11994.2118209498,1799.13177314247,1515.01922487635,7585777.6532946,972.784037650142,972.784037650142,1000,23988423.641899,-1254460.68201576,0.0086753,20260619
1,lap_scale_increase,10000,0.5,0.05,0.45,1e-06,100,2,0.1,1000,0,2,7569,7569,0,7790,7790,11875.7737825719,1781.36606738579,1765.9844938843,7137182.88618263,915.198059843727,915.198059843727,1000,23751547.5651436,-2363368.90659594,0.007336001,20365348
2,lap_scale_increase,10000,0.5,0.05,0.45,1e-06,100,2,0.1,1000,0,2,7569,7569,0,7790,7790,11861.2651865741,1779.18977798611,1520.3604913903,7818744.85715791,1002.68996882643,1002.68996882643,1000,23722530.3731484,-289665.801674359,0.007916901,20470077
3,lap_scale_increase,10000,0.5,0.05,0.45,1e-06,100,2,0.1,1000,0,2,7569,7569,0,7790,7790,11904.4585929591,1785.66878894386,1585.14422353682,7342776.63789909,941.590069049947,941.590069049947,1000,23808917.1859178,-1803957.27222088,0.0081251,20574806
4,lap_scale_increase,10000,0.5,0.05,0.45,1e-06,100,2,0.1,1000,0,2,7569,7569,0,7790,7790,11922.3861499238,1788.35792248857,1524.19821684096,7313055.99942859,937.774839464518,937.774839464518,1000,23844772.2998482,-1928974.30156175,0.0094219,20679535
0,lap_scale_decrease,10000,0.5,0.05,0.45,1e-06,100,2,0.1,1000,0,2,7569,7569,0,7790,7790,11994.2118209498,1799.13177314247,1515.01922487635,-8406504.77463844,1080.1405358971,1080.1405358971,1000,-23988423.641899,-1254460.68201576,0.0102786,20260619
1,lap_scale_decrease,10000,0.5,0.05,0.45,1e-06,100,2,0.1,1000,0,2,7569,7569,0,7790,7790,11875.7737825719,1781.36606738579,1765.9844938843,-8697182.15724657,1117.45470567992,1117.45470567992,1000,-23751547.5651436,-2363368.90659594,0.0073379,20365348
2,lap_scale_decrease,10000,0.5,0.05,0.45,1e-06,100,2,0.1,1000,0,2,7569,7569,0,7790,7790,11861.2651865741,1779.18977798611,1520.3604913903,-7996275.39160748,1027.47951111778,1027.47951111778,1000,-23722530.3731484,-289665.801674359,0.0105869,20470077
3,lap_scale_decrease,10000,0.5,0.05,0.45,1e-06,100,2,0.1,1000,0,2,7569,7569,0,7790,7790,11904.4585929591,1785.66878894386,1585.14422353682,-8529834.81937967,1095.9723773273,1095.9723773273,1000,-23808917.1859178,-1803957.27222088,0.0081862,20574806
4,lap_scale_decrease,10000,0.5,0.05,0.45,1e-06,100,2,0.1,1000,0,2,7569,7569,0,7790,7790,11922.3861499238,1788.35792248857,1524.19821684096,-8583458.86713653,1102.85608050533,1102.85608050533,1000,-23844772.2998482,-1928974.30156175,0.0068246,20679535
0,lap_count_increase,10000,0.5,0.05,0.45,1e-06,100,2,0.1,1000,0,2,7569,7569,0,7790,7790,11994.2118209498,1799.13177314247,1515.01922487635,-408324.227338586,53.4164605055952,53.4164605055952,210,6118,-1254460.68201576,0.0062668,20260619
1,lap_count_increase,10000,0.5,0.05,0.45,1e-06,100,2,0.1,1000,0,2,7569,7569,0,7790,7790,11875.7737825719,1781.36606738579,1765.9844938843,-777810.968865312,100.847364424302,100.847364424302,225,6566,-2363368.90659594,0.0074723,20365348
2,lap_count_increase,10000,0.5,0.05,0.45,1e-06,100,2,0.1,1000,0,2,7569,7569,0,7790,7790,11861.2651865741,1779.18977798611,1520.3604913903,-87127.933891453,12.1845871490954,12.1845871490954,225,4912,-289665.801674359,0.009149,20470077
3,lap_count_increase,10000,0.5,0.05,0.45,1e-06,100,2,0.1,1000,0,2,7569,7569,0,7790,7790,11904.4585929591,1785.66878894386,1585.14422353682,-592005.090740295,76.9955187086387,76.9955187086387,207,4572,-1803957.27222088,0.009244,20574806
4,lap_count_increase,10000,0.5,0.05,0.45,1e-06,100,2,0.1,1000,0,2,7569,7569,0,7790,7790,11922.3861499238,1788.35792248857,1524.19821684096,-633667.433853917,82.3437013933141,82.3437013933141,206,4602,-1928974.30156175,0.0089784,20679535
0,lap_count_decrease,10000,0.5,0.05,0.45,1e-06,100,2,0.1,1000,0,2,7569,7569,0,7790,7790,11994.2118209498,1799.13177314247,1515.01922487635,-412402.894005253,53.9400377413675,53.9400377413675,210,-6118,-1254460.68201576,0.005877,20260619
1,lap_count_decrease,10000,0.5,0.05,0.45,1e-06,100,2,0.1,1000,0,2,7569,7569,0,7790,7790,11875.7737825719,1781.36606738579,1765.9844938843,-782188.302198645,101.409281411893,101.409281411893,225,-6566,-2363368.90659594,0.008332001,20365348
2,lap_count_decrease,10000,0.5,0.05,0.45,1e-06,100,2,0.1,1000,0,2,7569,7569,0,7790,7790,11861.2651865741,1779.18977798611,1520.3604913903,-90402.6005581196,12.604955142249,12.604955142249,225,-4912,-289665.801674359,0.0065368,20470077
3,lap_count_decrease,10000,0.5,0.05,0.45,1e-06,100,2,0.1,1000,0,2,7569,7569,0,7790,7790,11904.4585929591,1785.66878894386,1585.14422353682,-595053.090740296,77.3867895687158,77.3867895687158,207,-4572,-1803957.27222088,0.0074713,20574806
4,lap_count_decrease,10000,0.5,0.05,0.45,1e-06,100,2,0.1,1000,0,2,7569,7569,0,7790,7790,11922.3861499238,1788.35792248857,1524.19821684096,-636735.433853917,82.7375396474861,82.7375396474861,206,-4602,-1928974.30156175,0.008913699,20679535
0,lap_fixed_increase,10000,0.5,0.05,0.45,1e-06,100,2,0.15,1500,0,0.25,7569,7569,0,7790,7790,11994.2118209498,1799.13177314247,1515.01922487635,-410238.560671919,53.6622029103876,53.6622029103876,1500,375,-1254460.68201576,0.0065662,20260619
1,lap_fixed_increase,10000,0.5,0.05,0.45,1e-06,100,2,0.15,1500,0,0.25,7569,7569,0,7790,7790,11875.7737825719,1781.36606738579,1765.9844938843,-779874.635531979,101.112276705004,101.112276705004,1500,375,-2363368.90659594,0.0073054,20365348
2,lap_fixed_increase,10000,0.5,0.05,0.45,1e-06,100,2,0.15,1500,0,0.25,7569,7569,0,7790,7790,11861.2651865741,1779.18977798611,1520.3604913903,-88640.2672247865,12.3787249325785,12.3787249325785,1500,375,-289665.801674359,0.0067447,20470077
3,lap_fixed_increase,10000,0.5,0.05,0.45,1e-06,100,2,0.15,1500,0,0.25,7569,7569,0,7790,7790,11904.4585929591,1785.66878894386,1585.14422353682,-593404.090740295,77.1751079255835,77.1751079255835,1500,375,-1803957.27222088,0.0067233,20574806
4,lap_fixed_increase,10000,0.5,0.05,0.45,1e-06,100,2,0.15,1500,0,0.25,7569,7569,0,7790,7790,11922.3861499238,1788.35792248857,1524.19821684096,-635076.433853917,82.5245743073064,82.5245743073064,1500,375,-1928974.30156175,0.0084904,20679535
0,lap_fixed_decrease,10000,0.5,0.05,0.45,1e-06,100,2,0.15,1500,0,0.25,7569,7569,0,7790,7790,11994.2118209498,1799.13177314247,1515.01922487635,-410488.560671919,53.694295336575,53.694295336575,1500,-375,-1254460.68201576,0.0068367,20260619
1,lap_fixed_decrease,10000,0.5,0.05,0.45,1e-06,100,2,0.15,1500,0,0.25,7569,7569,0,7790,7790,11875.7737825719,1781.36606738579,1765.9844938843,-780124.635531979,101.144369131191,101.144369131191,1500,-375,-2363368.90659594,0.0077958,20365348
2,lap_fixed_decrease,10000,0.5,0.05,0.45,1e-06,100,2,0.15,1500,0,0.25,7569,7569,0,7790,7790,11861.2651865741,1779.18977798611,1520.3604913903,-88890.2672247862,12.4108173587659,12.4108173587659,1500,-375,-289665.801674359,0.0070123,20470077
3,lap_fixed_decrease,10000,0.5,0.05,0.45,1e-06,100,2,0.15,1500,0,0.25,7569,7569,0,7790,7790,11904.4585929591,1785.66878894386,1585.14422353682,-593654.090740296,77.207200351771,77.207200351771,1500,-375,-1803957.27222088,0.007591301,20574806
4,lap_fixed_decrease,10000,0.5,0.05,0.45,1e-06,100,2,0.15,1500,0,0.25,7569,7569,0,7790,7790,11922.3861499238,1788.35792248857,1524.19821684096,-635326.433853917,82.5566667334938,82.5566667334938,1500,-375,-1928974.30156175,0.006980501,20679535
0,lap_scale_increase,10000,0.5,0.05,0.45,1e-06,100,2,0.15,1500,0,0.25,7569,7569,0,7790,7790,11994.2118209498,1799.13177314247,1515.01922487635,1088912.9169468,138.783429646573,138.783429646573,1500,4497829.43285599,-1254460.68201576,0.007594,20260619
1,lap_scale_increase,10000,0.5,0.05,0.45,1e-06,100,2,0.15,1500,0,0.25,7569,7569,0,7790,7790,11875.7737825719,1781.36606738579,1765.9844938843,704472.087289505,89.4328738497439,89.4328738497439,1500,4453415.16846447,-2363368.90659594,0.0074319,20365348
2,lap_scale_increase,10000,0.5,0.05,0.45,1e-06,100,2,0.15,1500,0,0.25,7569,7569,0,7790,7790,11861.2651865741,1779.18977798611,1520.3604913903,1393892.88109696,177.933617599097,177.933617599097,1500,4447974.44496533,-289665.801674359,0.0098749,20470077
3,lap_scale_increase,10000,0.5,0.05,0.45,1e-06,100,2,0.15,1500,0,0.25,7569,7569,0,7790,7790,11904.4585929591,1785.66878894386,1585.14422353682,894528.23337959,113.83032520919,113.83032520919,1500,4464171.97235957,-1803957.27222088,0.008758,20574806
4,lap_scale_increase,10000,0.5,0.05,0.45,1e-06,100,2,0.15,1500,0,0.25,7569,7569,0,7790,7790,11922.3861499238,1788.35792248857,1524.19821684096,855096.834886557,108.768528226772,108.768528226772,1500,4470894.80622155,-1928974.30156175,0.010739601,20679535
0,lap_scale_decrease,10000,0.5,0.05,0.45,1e-06,100,2,0.15,1500,0,0.25,7569,7569,0,7790,7790,11994.2118209498,1799.13177314247,1515.01922487635,-1909640.03829065,246.139927893537,246.139927893537,1500,-4497829.43285599,-1254460.68201576,0.009590601,20260619
1,lap_scale_decrease,10000,0.5,0.05,0.45,1e-06,100,2,0.15,1500,0,0.25,7569,7569,0,7790,7790,11875.7737825719,1781.36606738579,1765.9844938843,-2264471.35835347,291.68951968594,291.68951968594,1500,-4453415.16846447,-2363368.90659594,0.0083961,20365348
2,lap_scale_decrease,10000,0.5,0.05,0.45,1e-06,100,2,0.15,1500,0,0.25,7569,7569,0,7790,7790,11861.2651865741,1779.18977798611,1520.3604913903,-1571423.41554655,202.723159890442,202.723159890442,1500,-4447974.44496533,-289665.801674359,0.0117212,20470077
3,lap_scale_decrease,10000,0.5,0.05,0.45,1e-06,100,2,0.15,1500,0,0.25,7569,7569,0,7790,7790,11904.4585929591,1785.66878894386,1585.14422353682,-2081586.41486018,268.212633486545,268.212633486545,1500,-4464171.97235957,-1803957.27222088,0.0090548,20574806
4,lap_scale_decrease,10000,0.5,0.05,0.45,1e-06,100,2,0.15,1500,0,0.25,7569,7569,0,7790,7790,11922.3861499238,1788.35792248857,1524.19821684096,-2125499.70259439,273.849769267573,273.849769267573,1500,-4470894.80622155,-1928974.30156175,0.0092273,20679535
0,lap_count_increase,10000,0.5,0.05,0.45,1e-06,100,2,0.15,1500,0,0.25,7569,7569,0,7790,7790,11994.2118209498,1799.13177314247,1515.01922487635,-409967.644005253,53.6274254178758,53.6274254178758,309,1187.75,-1254460.68201576,0.0100778,20260619
1,lap_count_increase,10000,0.5,0.05,0.45,1e-06,100,2,0.15,1500,0,0.25,7569,7569,0,7790,7790,11875.7737825719,1781.36606738579,1765.9844938843,-779654.218865312,101.083981882582,101.083981882582,337,1036.25,-2363368.90659594,0.0078043,20365348
2,lap_count_increase,10000,0.5,0.05,0.45,1e-06,100,2,0.15,1500,0,0.25,7569,7569,0,7790,7790,11861.2651865741,1779.18977798611,1520.3604913903,-88497.0172247865,12.3603359723731,12.3603359723731,326,804.75,-289665.801674359,0.0078942,20470077
3,lap_count_increase,10000,0.5,0.05,0.45,1e-06,100,2,0.15,1500,0,0.25,7569,7569,0,7790,7790,11904.4585929591,1785.66878894386,1585.14422353682,-593225.590740295,77.1521939332857,77.1521939332857,312,910.5,-1803957.27222088,0.0108781,20574806
4,lap_count_increase,10000,0.5,0.05,0.45,1e-06,100,2,0.15,1500,0,0.25,7569,7569,0,7790,7790,11922.3861499238,1788.35792248857,1524.19821684096,-634894.26718725,82.5011896260912,82.5011896260912,318,921.5,-1928974.30156175,0.0079984,20679535
0,lap_count_decrease,10000,0.5,0.05,0.45,1e-06,100,2,0.15,1500,0,0.25,7569,7569,0,7790,7790,11994.2118209498,1799.13177314247,1515.01922487635,-410759.477338586,53.7290728290868,53.7290728290868,309,-1187.75,-1254460.68201576,0.0072183,20260619
1,lap_count_decrease,10000,0.5,0.05,0.45,1e-06,100,2,0.15,1500,0,0.25,7569,7569,0,7790,7790,11875.7737825719,1781.36606738579,1765.9844938843,-780345.052198645,101.172663953613,101.172663953613,337,-1036.25,-2363368.90659594,0.0073117,20365348
2,lap_count_decrease,10000,0.5,0.05,0.45,1e-06,100,2,0.15,1500,0,0.25,7569,7569,0,7790,7790,11861.2651865741,1779.18977798611,1520.3604913903,-89033.5172247862,12.4292063189713,12.4292063189713,326,-804.75,-289665.801674359,0.008213201,20470077
3,lap_count_decrease,10000,0.5,0.05,0.45,1e-06,100,2,0.15,1500,0,0.25,7569,7569,0,7790,7790,11904.4585929591,1785.66878894386,1585.14422353682,-593832.590740296,77.2301143440688,77.2301143440688,312,-910.5,-1803957.27222088,0.0077612,20574806
4,lap_count_decrease,10000,0.5,0.05,0.45,1e-06,100,2,0.15,1500,0,0.25,7569,7569,0,7790,7790,11922.3861499238,1788.35792248857,1524.19821684096,-635508.600520583,82.580051414709,82.580051414709,318,-921.5,-1928974.30156175,0.00956,20679535
0,lap_fixed_increase,10000,0.5,0.05,0.45,1e-06,100,2,0.15,1500,0,0.5,7569,7569,0,7790,7790,11994.2118209498,1799.13177314247,1515.01922487635,-410113.560671919,53.6461566972939,53.6461566972939,1500,750,-1254460.68201576,0.0096816,20260619
1,lap_fixed_increase,10000,0.5,0.05,0.45,1e-06,100,2,0.15,1500,0,0.5,7569,7569,0,7790,7790,11875.7737825719,1781.36606738579,1765.9844938843,-779749.635531979,101.09623049191,101.09623049191,1500,750,-2363368.90659594,0.0082048,20365348
2,lap_fixed_increase,10000,0.5,0.05,0.45,1e-06,100,2,0.15,1500,0,0.5,7569,7569,0,7790,7790,11861.2651865741,1779.18977798611,1520.3604913903,-88515.2672247865,12.3626787194848,12.3626787194848,1500,750,-289665.801674359,0.007962,20470077
3,lap_fixed_increase,10000,0.5,0.05,0.45,1e-06,100,2,0.15,1500,0,0.5,7569,7569,0,7790,7790,11904.4585929591,1785.66878894386,1585.14422353682,-593279.090740295,77.1590617124898,77.1590617124898,1500,750,-1803957.27222088,0.0079958,20574806
4,lap_fixed_increase,10000,0.5,0.05,0.45,1e-06,100,2,0.15,1500,0,0.5,7569,7569,0,7790,7790,11922.3861499238,1788.35792248857,1524.19821684096,-634951.433853917,82.5085280942127,82.5085280942127,1500,750,-1928974.30156175,0.0076754,20679535
0,lap_fixed_decrease,10000,0.5,0.05,0.45,1e-06,100,2,0.15,1500,0,0.5,7569,7569,0,7790,7790,11994.2118209498,1799.13177314247,1515.01922487635,-410613.560671919,53.7103415496687,53.7103415496687,1500,-750,-1254460.68201576,0.008162,20260619
1,lap_fixed_decrease,10000,0.5,0.05,0.45,1e-06,100,2,0.15,1500,0,0.5,7569,7569,0,7790,7790,11875.7737825719,1781.36606738579,1765.9844938843,-780249.635531979,101.160415344285,101.160415344285,1500,-750,-2363368.90659594,0.007203,20365348
2,lap_fixed_decrease,10000,0.5,0.05,0.45,1e-06,100,2,0.15,1500,0,0.5,7569,7569,0,7790,7790,11861.2651865741,1779.18977798611,1520.3604913903,-89015.2672247862,12.4268635718596,12.4268635718596,1500,-750,-289665.801674359,0.0072082,20470077
3,lap_fixed_decrease,10000,0.5,0.05,0.45,1e-06,100,2,0.15,1500,0,0.5,7569,7569,0,7790,7790,11904.4585929591,1785.66878894386,1585.14422353682,-593779.090740296,77.2232465648647,77.2232465648647,1500,-750,-1803957.27222088,0.0083775,20574806
4,lap_fixed_decrease,10000,0.5,0.05,0.45,1e-06,100,2,0.15,1500,0,0.5,7569,7569,0,7790,7790,11922.3861499238,1788.35792248857,1524.19821684096,-635451.433853917,82.5727129465875,82.5727129465875,1500,-750,-1928974.30156175,0.009335801,20679535
0,lap_scale_increase,10000,0.5,0.05,0.45,1e-06,100,2,0.15,1500,0,0.5,7569,7569,0,7790,7790,11994.2118209498,1799.13177314247,1515.01922487635,2588189.39456552,331.245108416626,331.245108416626,1500,8995658.86571198,-1254460.68201576,0.007700301,20260619
1,lap_scale_increase,10000,0.5,0.05,0.45,1e-06,100,2,0.15,1500,0,0.5,7569,7569,0,7790,7790,11875.7737825719,1781.36606738579,1765.9844938843,2188943.810111,279.994070617587,279.994070617587,1500,8906830.33692893,-2363368.90659594,0.0103616,20365348
2,lap_scale_increase,10000,0.5,0.05,0.45,1e-06,100,2,0.15,1500,0,0.5,7569,7569,0,7790,7790,11861.2651865741,1779.18977798611,1520.3604913903,2876551.02941873,368.262006343867,368.262006343867,1500,8895948.88993067,-289665.801674359,0.0089067,20470077
3,lap_scale_increase,10000,0.5,0.05,0.45,1e-06,100,2,0.15,1500,0,0.5,7569,7569,0,7790,7790,11904.4585929591,1785.66878894386,1585.14422353682,2382585.55749948,304.851804557058,304.851804557058,1500,8928343.94471914,-1803957.27222088,0.0075009,20574806
4,lap_scale_increase,10000,0.5,0.05,0.45,1e-06,100,2,0.15,1500,0,0.5,7569,7569,0,7790,7790,11922.3861499238,1788.35792248857,1524.19821684096,2345395.10362704,300.077676973946,300.077676973946,1500,8941789.6124431,-1928974.30156175,0.0083998,20679535
0,lap_scale_decrease,10000,0.5,0.05,0.45,1e-06,100,2,0.15,1500,0,0.5,7569,7569,0,7790,7790,11994.2118209498,1799.13177314247,1515.01922487635,-3408916.51590935,438.601606663589,438.601606663589,1500,-8995658.86571198,-1254460.68201576,0.0122535,20260619
1,lap_scale_decrease,10000,0.5,0.05,0.45,1e-06,100,2,0.15,1500,0,0.5,7569,7569,0,7790,7790,11875.7737825719,1781.36606738579,1765.9844938843,-3748943.08117497,482.250716453783,482.250716453783,1500,-8906830.33692893,-2363368.90659594,0.007095499,20365348
2,lap_scale_decrease,10000,0.5,0.05,0.45,1e-06,100,2,0.15,1500,0,0.5,7569,7569,0,7790,7790,11861.2651865741,1779.18977798611,1520.3604913903,-3054081.56386829,393.051548635211,393.051548635211,1500,-8895948.88993067,-289665.801674359,0.0097531,20470077
3,lap_scale_decrease,10000,0.5,0.05,0.45,1e-06,100,2,0.15,1500,0,0.5,7569,7569,0,7790,7790,11904.4585929591,1785.66878894386,1585.14422353682,-3569643.73898007,459.234112834412,459.234112834412,1500,-8928343.94471914,-1803957.27222088,0.0084265,20574806
4,lap_scale_decrease,10000,0.5,0.05,0.45,1e-06,100,2,0.15,1500,0,0.5,7569,7569,0,7790,7790,11922.3861499238,1788.35792248857,1524.19821684096,-3615797.97133488,465.158918014747,465.158918014747,1500,-8941789.6124431,-1928974.30156175,0.009325101,20679535
0,lap_count_increase,10000,0.5,0.05,0.45,1e-06,100,2,0.15,1500,0,0.5,7569,7569,0,7790,7790,11994.2118209498,1799.13177314247,1515.01922487635,-409571.727338586,53.5766017122704,53.5766017122704,309,2375.5,-1254460.68201576,0.0075177,20260619
1,lap_count_increase,10000,0.5,0.05,0.45,1e-06,100,2,0.15,1500,0,0.5,7569,7569,0,7790,7790,11875.7737825719,1781.36606738579,1765.9844938843,-779308.802198646,101.039640847066,101.039640847066,337,2072.5,-2363368.90659594,0.0089798,20365348
2,lap_count_increase,10000,0.5,0.05,0.45,1e-06,100,2,0.15,1500,0,0.5,7569,7569,0,7790,7790,11861.2651865741,1779.18977798611,1520.3604913903,-88228.7672247865,12.325900799074,12.325900799074,326,1609.5,-289665.801674359,0.0074374,20470077
3,lap_count_increase,10000,0.5,0.05,0.45,1e-06,100,2,0.15,1500,0,0.5,7569,7569,0,7790,7790,11904.4585929591,1785.66878894386,1585.14422353682,-592922.090740295,77.1132337278942,77.1132337278942,312,1821,-1803957.27222088,0.007361,20574806
4,lap_count_increase,10000,0.5,0.05,0.45,1e-06,100,2,0.15,1500,0,0.5,7569,7569,0,7790,7790,11922.3861499238,1788.35792248857,1524.19821684096,-634587.100520584,82.4617587317822,82.4617587317822,318,1843,-1928974.30156175,0.007657401,20679535
0,lap_count_decrease,10000,0.5,0.05,0.45,1e-06,100,2,0.15,1500,0,0.5,7569,7569,0,7790,7790,11994.2118209498,1799.13177314247,1515.01922487635,-411155.394005253,53.7798965346922,53.7798965346922,309,-2375.5,-1254460.68201576,0.008004,20260619
1,lap_count_decrease,10000,0.5,0.05,0.45,1e-06,100,2,0.15,1500,0,0.5,7569,7569,0,7790,7790,11875.7737825719,1781.36606738579,1765.9844938843,-780690.468865312,101.217004989129,101.217004989129,337,-2072.5,-2363368.90659594,0.0072442,20365348
2,lap_count_decrease,10000,0.5,0.05,0.45,1e-06,100,2,0.15,1500,0,0.5,7569,7569,0,7790,7790,11861.2651865741,1779.18977798611,1520.3604913903,-89301.7672247861,12.4636414922704,12.4636414922704,326,-1609.5,-289665.801674359,0.009289701,20470077
3,lap_count_decrease,10000,0.5,0.05,0.45,1e-06,100,2,0.15,1500,0,0.5,7569,7569,0,7790,7790,11904.4585929591,1785.66878894386,1585.14422353682,-594136.090740296,77.2690745494603,77.2690745494603,312,-1821,-1803957.27222088,0.0075805,20574806
4,lap_count_decrease,10000,0.5,0.05,0.45,1e-06,100,2,0.15,1500,0,0.5,7569,7569,0,7790,7790,11922.3861499238,1788.35792248857,1524.19821684096,-635815.76718725,82.619482309018,82.619482309018,318,-1843,-1928974.30156175,0.0090766,20679535
0,lap_fixed_increase,10000,0.5,0.05,0.45,1e-06,100,2,0.15,1500,0,1,7569,7569,0,7790,7790,11994.2118209498,1799.13177314247,1515.01922487635,-409863.560671919,53.6140642711065,53.6140642711065,1500,1500,-1254460.68201576,0.0066212,20260619
1,lap_fixed_increase,10000,0.5,0.05,0.45,1e-06,100,2,0.15,1500,0,1,7569,7569,0,7790,7790,11875.7737825719,1781.36606738579,1765.9844938843,-779499.635531979,101.064138065723,101.064138065723,1500,1500,-2363368.90659594,0.0044989,20365348
2,lap_fixed_increase,10000,0.5,0.05,0.45,1e-06,100,2,0.15,1500,0,1,7569,7569,0,7790,7790,11861.2651865741,1779.18977798611,1520.3604913903,-88265.2672247865,12.3305862932974,12.3305862932974,1500,1500,-289665.801674359,0.0124079,20470077
3,lap_fixed_increase,10000,0.5,0.05,0.45,1e-06,100,2,0.15,1500,0,1,7569,7569,0,7790,7790,11904.4585929591,1785.66878894386,1585.14422353682,-593029.090740295,77.1269692863024,77.1269692863024,1500,1500,-1803957.27222088,0.0070834,20574806
4,lap_fixed_increase,10000,0.5,0.05,0.45,1e-06,100,2,0.15,1500,0,1,7569,7569,0,7790,7790,11922.3861499238,1788.35792248857,1524.19821684096,-634701.433853917,82.4764356680253,82.4764356680253,1500,1500,-1928974.30156175,0.0061552,20679535
0,lap_fixed_decrease,10000,0.5,0.05,0.45,1e-06,100,2,0.15,1500,0,1,7569,7569,0,7790,7790,11994.2118209498,1799.13177314247,1515.01922487635,-410863.560671919,53.7424339758561,53.7424339758561,1500,-1500,-1254460.68201576,0.0070836,20260619
1,lap_fixed_decrease,10000,0.5,0.05,0.45,1e-06,100,2,0.15,1500,0,1,7569,7569,0,7790,7790,11875.7737825719,1781.36606738579,1765.9844938843,-780499.635531979,101.192507770472,101.192507770472,1500,-1500,-2363368.90659594,0.0068757,20365348
2,lap_fixed_decrease,10000,0.5,0.05,0.45,1e-06,100,2,0.15,1500,0,1,7569,7569,0,7790,7790,11861.2651865741,1779.18977798611,1520.3604913903,-89265.2672247861,12.458955998047,12.458955998047,1500,-1500,-289665.801674359,0.0079313,20470077
3,lap_fixed_decrease,10000,0.5,0.05,0.45,1e-06,100,2,0.15,1500,0,1,7569,7569,0,7790,7790,11904.4585929591,1785.66878894386,1585.14422353682,-594029.090740296,77.2553389910521,77.2553389910521,1500,-1500,-1803957.27222088,0.0081938,20574806
4,lap_fixed_decrease,10000,0.5,0.05,0.45,1e-06,100,2,0.15,1500,0,1,7569,7569,0,7790,7790,11922.3861499238,1788.35792248857,1524.19821684096,-635701.433853917,82.6048053727749,82.6048053727749,1500,-1500,-1928974.30156175,0.0081217,20679535
0,lap_scale_increase,10000,0.5,0.05,0.45,1e-06,100,2,0.15,1500,0,1,7569,7569,0,7790,7790,11994.2118209498,1799.13177314247,1515.01922487635,5586742.349803,716.168465956739,716.168465956739,1500,17991317.731424,-1254460.68201576,0.0051486,20260619
1,lap_scale_increase,10000,0.5,0.05,0.45,1e-06,100,2,0.15,1500,0,1,7569,7569,0,7790,7790,11875.7737825719,1781.36606738579,1765.9844938843,5157887.25575395,661.116464153268,661.116464153268,1500,17813660.6738579,-2363368.90659594,0.0066799,20365348
2,lap_scale_increase,10000,0.5,0.05,0.45,1e-06,100,2,0.15,1500,0,1,7569,7569,0,7790,7790,11861.2651865741,1779.18977798611,1520.3604913903,5841867.32606223,748.918783833406,748.918783833406,1500,17791897.7798613,-289665.801674359,0.0071961,20470077
3,lap_scale_increase,10000,0.5,0.05,0.45,1e-06,100,2,0.15,1500,0,1,7569,7569,0,7790,7790,11904.4585929591,1785.66878894386,1585.14422353682,5358700.20573924,686.894763252791,686.894763252791,1500,17856687.8894383,-1803957.27222088,0.0060386,20574806
4,lap_scale_increase,10000,0.5,0.05,0.45,1e-06,100,2,0.15,1500,0,1,7569,7569,0,7790,7790,11922.3861499238,1788.35792248857,1524.19821684096,5325991.64110801,682.695974468294,682.695974468294,1500,17883579.2248862,-1928974.30156175,0.0073845,20679535
0,lap_scale_decrease,10000,0.5,0.05,0.45,1e-06,100,2,0.15,1500,0,1,7569,7569,0,7790,7790,11994.2118209498,1799.13177314247,1515.01922487635,-6407469.4711468,823.524964203697,823.524964203697,1500,-17991317.731424,-1254460.68201576,0.013249301,20260619
1,lap_scale_decrease,10000,0.5,0.05,0.45,1e-06,100,2,0.15,1500,0,1,7569,7569,0,7790,7790,11875.7737825719,1781.36606738579,1765.9844938843,-6717886.52681793,863.373109989465,863.373109989465,1500,-17813660.6738579,-2363368.90659594,0.0061376,20365348
2,lap_scale_decrease,10000,0.5,0.05,0.45,1e-06,100,2,0.15,1500,0,1,7569,7569,0,7790,7790,11861.2651865741,1779.18977798611,1520.3604913903,-6019397.86051182,773.708326124752,773.708326124752,1500,-17791897.7798613,-289665.801674359,0.0076886,20470077
3,lap_scale_decrease,10000,0.5,0.05,0.45,1e-06,100,2,0.15,1500,0,1,7569,7569,0,7790,7790,11904.4585929591,1785.66878894386,1585.14422353682,-6545758.38721987,841.27707153015,841.27707153015,1500,-17856687.8894383,-1803957.27222088,0.0088806,20574806
4,lap_scale_decrease,10000,0.5,0.05,0.45,1e-06,100,2,0.15,1500,0,1,7569,7569,0,7790,7790,11922.3861499238,1788.35792248857,1524.19821684096,-6596394.50881582,847.777215509091,847.777215509091,1500,-17883579.2248862,-1928974.30156175,0.0077418,20679535
0,lap_count_increase,10000,0.5,0.05,0.45,1e-06,100,2,0.15,1500,0,1,7569,7569,0,7790,7790,11994.2118209498,1799.13177314247,1515.01922487635,-408779.894005253,53.4749543010594,53.4749543010594,309,4751,-1254460.68201576,0.0087057,20260619
1,lap_count_increase,10000,0.5,0.05,0.45,1e-06,100,2,0.15,1500,0,1,7569,7569,0,7790,7790,11875.7737825719,1781.36606738579,1765.9844938843,-778617.968865312,100.950958776035,100.950958776035,337,4145,-2363368.90659594,0.0066773,20365348
2,lap_count_increase,10000,0.5,0.05,0.45,1e-06,100,2,0.15,1500,0,1,7569,7569,0,7790,7790,11861.2651865741,1779.18977798611,1520.3604913903,-87692.2672247863,12.2570304524758,12.2570304524758,326,3219,-289665.801674359,0.0095378,20470077
3,lap_count_increase,10000,0.5,0.05,0.45,1e-06,100,2,0.15,1500,0,1,7569,7569,0,7790,7790,11904.4585929591,1785.66878894386,1585.14422353682,-592315.090740295,77.0353133171111,77.0353133171111,312,3642,-1803957.27222088,0.007012,20574806
4,lap_count_increase,10000,0.5,0.05,0.45,1e-06,100,2,0.15,1500,0,1,7569,7569,0,7790,7790,11922.3861499238,1788.35792248857,1524.19821684096,-633972.76718725,82.3828969431643,82.3828969431643,318,3686,-1928974.30156175,0.0081798,20679535
0,lap_count_decrease,10000,0.5,0.05,0.45,1e-06,100,2,0.15,1500,0,1,7569,7569,0,7790,7790,11994.2118209498,1799.13177314247,1515.01922487635,-411947.227338586,53.8815439459032,53.8815439459032,309,-4751,-1254460.68201576,0.0097744,20260619
1,lap_count_decrease,10000,0.5,0.05,0.45,1e-06,100,2,0.15,1500,0,1,7569,7569,0,7790,7790,11875.7737825719,1781.36606738579,1765.9844938843,-781381.302198645,101.30568706016,101.30568706016,337,-4145,-2363368.90659594,0.0065411,20365348
2,lap_count_decrease,10000,0.5,0.05,0.45,1e-06,100,2,0.15,1500,0,1,7569,7569,0,7790,7790,11861.2651865741,1779.18977798611,1520.3604913903,-89838.2672247861,12.5325118388686,12.5325118388686,326,-3219,-289665.801674359,0.007364901,20470077
3,lap_count_decrease,10000,0.5,0.05,0.45,1e-06,100,2,0.15,1500,0,1,7569,7569,0,7790,7790,11904.4585929591,1785.66878894386,1585.14422353682,-594743.090740296,77.3469949602434,77.3469949602434,312,-3642,-1803957.27222088,0.007464301,20574806
4,lap_count_decrease,10000,0.5,0.05,0.45,1e-06,100,2,0.15,1500,0,1,7569,7569,0,7790,7790,11922.3861499238,1788.35792248857,1524.19821684096,-636430.100520583,82.6983440976358,82.6983440976358,318,-3686,-1928974.30156175,0.0081899,20679535
0,lap_fixed_increase,10000,0.5,0.05,0.45,1e-06,100,2,0.15,1500,0,2,7569,7569,0,7790,7790,11994.2118209498,1799.13177314247,1515.01922487635,-409363.56067192,53.5498794187316,53.5498794187316,1500,3000,-1254460.68201576,0.0076272,20260619
1,lap_fixed_increase,10000,0.5,0.05,0.45,1e-06,100,2,0.15,1500,0,2,7569,7569,0,7790,7790,11875.7737825719,1781.36606738579,1765.9844938843,-778999.635531979,100.999953213348,100.999953213348,1500,3000,-2363368.90659594,0.0070461,20365348
2,lap_fixed_increase,10000,0.5,0.05,0.45,1e-06,100,2,0.15,1500,0,2,7569,7569,0,7790,7790,11861.2651865741,1779.18977798611,1520.3604913903,-87765.2672247864,12.2664014409225,12.2664014409225,1500,3000,-289665.801674359,0.007369801,20470077
3,lap_fixed_increase,10000,0.5,0.05,0.45,1e-06,100,2,0.15,1500,0,2,7569,7569,0,7790,7790,11904.4585929591,1785.66878894386,1585.14422353682,-592529.090740295,77.0627844339275,77.0627844339275,1500,3000,-1803957.27222088,0.0072011,20574806
4,lap_fixed_increase,10000,0.5,0.05,0.45,1e-06,100,2,0.15,1500,0,2,7569,7569,0,7790,7790,11922.3861499238,1788.35792248857,1524.19821684096,-634201.433853917,82.4122508156504,82.4122508156504,1500,3000,-1928974.30156175,0.0070757,20679535
0,lap_fixed_decrease,10000,0.5,0.05,0.45,1e-06,100,2,0.15,1500,0,2,7569,7569,0,7790,7790,11994.2118209498,1799.13177314247,1515.01922487635,-411363.560671919,53.806618828231,53.806618828231,1500,-3000,-1254460.68201576,0.013007,20260619
1,lap_fixed_decrease,10000,0.5,0.05,0.45,1e-06,100,2,0.15,1500,0,2,7569,7569,0,7790,7790,11875.7737825719,1781.36606738579,1765.9844938843,-780999.635531979,101.256692622847,101.256692622847,1500,-3000,-2363368.90659594,0.0078406,20365348
2,lap_fixed_decrease,10000,0.5,0.05,0.45,1e-06,100,2,0.15,1500,0,2,7569,7569,0,7790,7790,11861.2651865741,1779.18977798611,1520.3604913903,-89765.2672247861,12.5231408504218,12.5231408504218,1500,-3000,-289665.801674359,0.0080807,20470077
3,lap_fixed_decrease,10000,0.5,0.05,0.45,1e-06,100,2,0.15,1500,0,2,7569,7569,0,7790,7790,11904.4585929591,1785.66878894386,1585.14422353682,-594529.090740296,77.319523843427,77.319523843427,1500,-3000,-1803957.27222088,0.0091238,20574806
4,lap_fixed_decrease,10000,0.5,0.05,0.45,1e-06,100,2,0.15,1500,0,2,7569,7569,0,7790,7790,11922.3861499238,1788.35792248857,1524.19821684096,-636201.433853917,82.6689902251498,82.6689902251498,1500,-3000,-1928974.30156175,0.0083599,20679535
0,lap_scale_increase,10000,0.5,0.05,0.45,1e-06,100,2,0.15,1500,0,2,7569,7569,0,7790,7790,11994.2118209498,1799.13177314247,1515.01922487635,11583848.2602779,1486.01518103696,1486.01518103696,1500,35982635.4628479,-1254460.68201576,0.0066913,20260619
1,lap_scale_increase,10000,0.5,0.05,0.45,1e-06,100,2,0.15,1500,0,2,7569,7569,0,7790,7790,11875.7737825719,1781.36606738579,1765.9844938843,11095774.1470399,1423.36125122464,1423.36125122464,1500,35627321.3477157,-2363368.90659594,0.0076242,20365348
2,lap_scale_increase,10000,0.5,0.05,0.45,1e-06,100,2,0.15,1500,0,2,7569,7569,0,7790,7790,11861.2651865741,1779.18977798611,1520.3604913903,11772499.9193493,1510.23233881249,1510.23233881249,1500,35583795.5597227,-289665.801674359,0.0064013,20470077
3,lap_scale_increase,10000,0.5,0.05,0.45,1e-06,100,2,0.15,1500,0,2,7569,7569,0,7790,7790,11904.4585929591,1785.66878894386,1585.14422353682,11310929.5022188,1450.98068064426,1450.98068064426,1500,35713375.7788766,-1803957.27222088,0.0068278,20574806
4,lap_scale_increase,10000,0.5,0.05,0.45,1e-06,100,2,0.15,1500,0,2,7569,7569,0,7790,7790,11922.3861499238,1788.35792248857,1524.19821684096,11287184.7160698,1447.93256945697,1447.93256945697,1500,35767158.4497724,-1928974.30156175,0.009106101,20679535
0,lap_scale_decrease,10000,0.5,0.05,0.45,1e-06,100,2,0.15,1500,0,2,7569,7569,0,7790,7790,11994.2118209498,1799.13177314247,1515.01922487635,-12404575.3816216,1593.37167928391,1593.37167928391,1500,-35982635.4628479,-1254460.68201576,0.008523201,20260619
1,lap_scale_decrease,10000,0.5,0.05,0.45,1e-06,100,2,0.15,1500,0,2,7569,7569,0,7790,7790,11875.7737825719,1781.36606738579,1765.9844938843,-12655773.4181039,1625.61789706083,1625.61789706083,1500,-35627321.3477157,-2363368.90659594,0.006893399,20365348
2,lap_scale_decrease,10000,0.5,0.05,0.45,1e-06,100,2,0.15,1500,0,2,7569,7569,0,7790,7790,11861.2651865741,1779.18977798611,1520.3604913903,-11950030.4537988,1535.02188110382,1535.02188110382,1500,-35583795.5597227,-289665.801674359,0.007744101,20470077
3,lap_scale_decrease,10000,0.5,0.05,0.45,1e-06,100,2,0.15,1500,0,2,7569,7569,0,7790,7790,11904.4585929591,1785.66878894386,1585.14422353682,-12497987.6836994,1605.36298892162,1605.36298892162,1500,-35713375.7788766,-1803957.27222088,0.0072986,20574806
4,lap_scale_decrease,10000,0.5,0.05,0.45,1e-06,100,2,0.15,1500,0,2,7569,7569,0,7790,7790,11922.3861499238,1788.35792248857,1524.19821684096,-12557587.5837777,1613.01381049778,1613.01381049778,1500,-35767158.4497724,-1928974.30156175,0.0086573,20679535
0,lap_count_increase,10000,0.5,0.05,0.45,1e-06,100,2,0.15,1500,0,2,7569,7569,0,7790,7790,11994.2118209498,1799.13177314247,1515.01922487635,-407196.227338586,53.2716594786375,53.2716594786375,309,9502,-1254460.68201576,0.0074073,20260619
1,lap_count_increase,10000,0.5,0.05,0.45,1e-06,100,2,0.15,1500,0,2,7569,7569,0,7790,7790,11875.7737825719,1781.36606738579,1765.9844938843,-777236.302198645,100.773594633972,100.773594633972,337,8290,-2363368.90659594,0.0080004,20365348
2,lap_count_increase,10000,0.5,0.05,0.45,1e-06,100,2,0.15,1500,0,2,7569,7569,0,7790,7790,11861.2651865741,1779.18977798611,1520.3604913903,-86619.2672247863,12.1192897592794,12.1192897592794,326,6438,-289665.801674359,0.0072717,20470077
3,lap_count_increase,10000,0.5,0.05,0.45,1e-06,100,2,0.15,1500,0,2,7569,7569,0,7790,7790,11904.4585929591,1785.66878894386,1585.14422353682,-591101.090740295,76.879472495545,76.879472495545,312,7284,-1803957.27222088,0.0080607,20574806
4,lap_count_increase,10000,0.5,0.05,0.45,1e-06,100,2,0.15,1500,0,2,7569,7569,0,7790,7790,11922.3861499238,1788.35792248857,1524.19821684096,-632744.100520583,82.2251733659286,82.2251733659286,318,7372,-1928974.30156175,0.0079497,20679535
0,lap_count_decrease,10000,0.5,0.05,0.45,1e-06,100,2,0.15,1500,0,2,7569,7569,0,7790,7790,11994.2118209498,1799.13177314247,1515.01922487635,-413530.894005253,54.0848387683251,54.0848387683251,309,-9502,-1254460.68201576,0.006403101,20260619
1,lap_count_decrease,10000,0.5,0.05,0.45,1e-06,100,2,0.15,1500,0,2,7569,7569,0,7790,7790,11875.7737825719,1781.36606738579,1765.9844938843,-782762.968865312,101.483051202222,101.483051202222,337,-8290,-2363368.90659594,0.0073438,20365348
2,lap_count_decrease,10000,0.5,0.05,0.45,1e-06,100,2,0.15,1500,0,2,7569,7569,0,7790,7790,11861.2651865741,1779.18977798611,1520.3604913903,-90911.2672247861,12.670252532065,12.670252532065,326,-6438,-289665.801674359,0.0105848,20470077
3,lap_count_decrease,10000,0.5,0.05,0.45,1e-06,100,2,0.15,1500,0,2,7569,7569,0,7790,7790,11904.4585929591,1785.66878894386,1585.14422353682,-595957.090740295,77.5028357818094,77.5028357818094,312,-7284,-1803957.27222088,0.0073712,20574806
4,lap_count_decrease,10000,0.5,0.05,0.45,1e-06,100,2,0.15,1500,0,2,7569,7569,0,7790,7790,11922.3861499238,1788.35792248857,1524.19821684096,-637658.76718725,82.8560676748717,82.8560676748717,318,-7372,-1928974.30156175,0.0076121,20679535
0,lap_fixed_increase,10000,0.5,0.05,0.45,1e-06,100,2,0.2,2000,0,0.25,7569,7569,0,7790,7790,11994.2118209498,1799.13177314247,1515.01922487635,-410196.894005253,53.6568541726897,53.6568541726897,2000,500,-1254460.68201576,0.0111643,20260619
1,lap_fixed_increase,10000,0.5,0.05,0.45,1e-06,100,2,0.2,2000,0,0.25,7569,7569,0,7790,7790,11875.7737825719,1781.36606738579,1765.9844938843,-779832.968865312,101.106927967306,101.106927967306,2000,500,-2363368.90659594,0.0072373,20365348
2,lap_fixed_increase,10000,0.5,0.05,0.45,1e-06,100,2,0.2,2000,0,0.25,7569,7569,0,7790,7790,11861.2651865741,1779.18977798611,1520.3604913903,-88598.6005581198,12.3733761948806,12.3733761948806,2000,500,-289665.801674359,0.0099379,20470077
3,lap_fixed_increase,10000,0.5,0.05,0.45,1e-06,100,2,0.2,2000,0,0.25,7569,7569,0,7790,7790,11904.4585929591,1785.66878894386,1585.14422353682,-593362.424073629,77.1697591878856,77.1697591878856,2000,500,-1803957.27222088,0.0079697,20574806
4,lap_fixed_increase,10000,0.5,0.05,0.45,1e-06,100,2,0.2,2000,0,0.25,7569,7569,0,7790,7790,11922.3861499238,1788.35792248857,1524.19821684096,-635034.76718725,82.5192255696085,82.5192255696085,2000,500,-1928974.30156175,0.0080753,20679535
0,lap_fixed_decrease,10000,0.5,0.05,0.45,1e-06,100,2,0.2,2000,0,0.25,7569,7569,0,7790,7790,11994.2118209498,1799.13177314247,1515.01922487635,-410530.227338586,53.6996440742729,53.6996440742729,2000,-500,-1254460.68201576,0.0113826,20260619
1,lap_fixed_decrease,10000,0.5,0.05,0.45,1e-06,100,2,0.2,2000,0,0.25,7569,7569,0,7790,7790,11875.7737825719,1781.36606738579,1765.9844938843,-780166.302198645,101.149717868889,101.149717868889,2000,-500,-2363368.90659594,0.0088502,20365348
2,lap_fixed_decrease,10000,0.5,0.05,0.45,1e-06,100,2,0.2,2000,0,0.25,7569,7569,0,7790,7790,11861.2651865741,1779.18977798611,1520.3604913903,-88931.9338914528,12.4161660964638,12.4161660964638,2000,-500,-289665.801674359,0.0087592,20470077
3,lap_fixed_decrease,10000,0.5,0.05,0.45,1e-06,100,2,0.2,2000,0,0.25,7569,7569,0,7790,7790,11904.4585929591,1785.66878894386,1585.14422353682,-593695.757406962,77.2125490894689,77.2125490894689,2000,-500,-1803957.27222088,0.007045,20574806
4,lap_fixed_decrease,10000,0.5,0.05,0.45,1e-06,100,2,0.2,2000,0,0.25,7569,7569,0,7790,7790,11922.3861499238,1788.35792248857,1524.19821684096,-635368.100520583,82.5620154711917,82.5620154711917,2000,-500,-1928974.30156175,0.0064022,20679535
0,lap_scale_increase,10000,0.5,0.05,0.45,1e-06,100,2,0.2,2000,0,0.25,7569,7569,0,7790,7790,11994.2118209498,1799.13177314247,1515.01922487635,1588671.7428197,202.937322569924,202.937322569924,2000,5997105.9104746,-1254460.68201576,0.0083268,20260619
1,lap_scale_increase,10000,0.5,0.05,0.45,1e-06,100,2,0.2,2000,0,0.25,7569,7569,0,7790,7790,11875.7737825719,1781.36606738579,1765.9844938843,1199295.99489667,152.953272772358,152.953272772358,2000,5937886.89128617,-2363368.90659594,0.0089891,20365348
2,lap_scale_increase,10000,0.5,0.05,0.45,1e-06,100,2,0.2,2000,0,0.25,7569,7569,0,7790,7790,11861.2651865741,1779.18977798611,1520.3604913903,1888112.26387088,241.376413847353,241.376413847353,2000,5930632.59328712,-289665.801674359,0.0087465,20470077
3,lap_scale_increase,10000,0.5,0.05,0.45,1e-06,100,2,0.2,2000,0,0.25,7569,7569,0,7790,7790,11904.4585929591,1785.66878894386,1585.14422353682,1390547.34141955,177.504151658479,177.504151658479,2000,5952229.29647941,-1803957.27222088,0.0071724,20574806
4,lap_scale_increase,10000,0.5,0.05,0.45,1e-06,100,2,0.2,2000,0,0.25,7569,7569,0,7790,7790,11922.3861499238,1788.35792248857,1524.19821684096,1351862.92446672,172.53824447583,172.53824447583,2000,5961193.07496208,-1928974.30156175,0.0096743,20679535
0,lap_scale_decrease,10000,0.5,0.05,0.45,1e-06,100,2,0.2,2000,0,0.25,7569,7569,0,7790,7790,11994.2118209498,1799.13177314247,1515.01922487635,-2409398.86416356,310.293820816889,310.293820816889,2000,-5997105.9104746,-1254460.68201576,0.0076104,20260619
1,lap_scale_decrease,10000,0.5,0.05,0.45,1e-06,100,2,0.2,2000,0,0.25,7569,7569,0,7790,7790,11875.7737825719,1781.36606738579,1765.9844938843,-2759295.26596064,355.209918608554,355.209918608554,2000,-5937886.89128617,-2363368.90659594,0.006921,20365348
2,lap_scale_decrease,10000,0.5,0.05,0.45,1e-06,100,2,0.2,2000,0,0.25,7569,7569,0,7790,7790,11861.2651865741,1779.18977798611,1520.3604913903,-2065642.79832047,266.165956138699,266.165956138699,2000,-5930632.59328712,-289665.801674359,0.0081279,20470077
3,lap_scale_decrease,10000,0.5,0.05,0.45,1e-06,100,2,0.2,2000,0,0.25,7569,7569,0,7790,7790,11904.4585929591,1785.66878894386,1585.14422353682,-2577605.52290015,331.886459935834,331.886459935834,2000,-5952229.29647941,-1803957.27222088,0.0076219,20574806
4,lap_scale_decrease,10000,0.5,0.05,0.45,1e-06,100,2,0.2,2000,0,0.25,7569,7569,0,7790,7790,11922.3861499238,1788.35792248857,1524.19821684096,-2622265.79217456,337.619485516631,337.619485516631,2000,-5961193.07496208,-1928974.30156175,0.0077221,20679535
0,lap_count_increase,10000,0.5,0.05,0.45,1e-06,100,2,0.2,2000,0,0.25,7569,7569,0,7790,7790,11994.2118209498,1799.13177314247,1515.01922487635,-409871.560671919,53.6150912287444,53.6150912287444,414,1476,-1254460.68201576,0.0068435,20260619
1,lap_count_increase,10000,0.5,0.05,0.45,1e-06,100,2,0.2,2000,0,0.25,7569,7569,0,7790,7790,11875.7737825719,1781.36606738579,1765.9844938843,-779522.468865312,101.067069173981,101.067069173981,444,1431.5,-2363368.90659594,0.0063784,20365348
2,lap_count_increase,10000,0.5,0.05,0.45,1e-06,100,2,0.2,2000,0,0.25,7569,7569,0,7790,7790,11861.2651865741,1779.18977798611,1520.3604913903,-88387.6005581198,12.3462901871784,12.3462901871784,416,1133,-289665.801674359,0.0058248,20470077
3,lap_count_increase,10000,0.5,0.05,0.45,1e-06,100,2,0.2,2000,0,0.25,7569,7569,0,7790,7790,11904.4585929591,1785.66878894386,1585.14422353682,-593170.174073629,77.1450801121475,77.1450801121475,416,1076.75,-1803957.27222088,0.007337001,20574806
4,lap_count_increase,10000,0.5,0.05,0.45,1e-06,100,2,0.2,2000,0,0.25,7569,7569,0,7790,7790,11922.3861499238,1788.35792248857,1524.19821684096,-634795.76718725,82.4885452101733,82.4885452101733,422,1217,-1928974.30156175,0.0064609,20679535
0,lap_count_decrease,10000,0.5,0.05,0.45,1e-06,100,2,0.2,2000,0,0.25,7569,7569,0,7790,7790,11994.2118209498,1799.13177314247,1515.01922487635,-410855.560671919,53.7414070182181,53.7414070182181,414,-1476,-1254460.68201576,0.0089308,20260619
1,lap_count_decrease,10000,0.5,0.05,0.45,1e-06,100,2,0.2,2000,0,0.25,7569,7569,0,7790,7790,11875.7737825719,1781.36606738579,1765.9844938843,-780476.802198645,101.189576662214,101.189576662214,444,-1431.5,-2363368.90659594,0.0094881,20365348
2,lap_count_decrease,10000,0.5,0.05,0.45,1e-06,100,2,0.2,2000,0,0.25,7569,7569,0,7790,7790,11861.2651865741,1779.18977798611,1520.3604913903,-89142.9338914528,12.443252104166,12.443252104166,416,-1133,-289665.801674359,0.008624,20470077
3,lap_count_decrease,10000,0.5,0.05,0.45,1e-06,100,2,0.2,2000,0,0.25,7569,7569,0,7790,7790,11904.4585929591,1785.66878894386,1585.14422353682,-593888.007406962,77.237228165207,77.237228165207,416,-1076.75,-1803957.27222088,0.0071813,20574806
4,lap_count_decrease,10000,0.5,0.05,0.45,1e-06,100,2,0.2,2000,0,0.25,7569,7569,0,7790,7790,11922.3861499238,1788.35792248857,1524.19821684096,-635607.100520583,82.5926958306269,82.5926958306269,422,-1217,-1928974.30156175,0.0079002,20679535
0,lap_fixed_increase,10000,0.5,0.05,0.45,1e-06,100,2,0.2,2000,0,0.5,7569,7569,0,7790,7790,11994.2118209498,1799.13177314247,1515.01922487635,-410030.227338586,53.6354592218981,53.6354592218981,2000,1000,-1254460.68201576,0.009325,20260619
1,lap_fixed_increase,10000,0.5,0.05,0.45,1e-06,100,2,0.2,2000,0,0.5,7569,7569,0,7790,7790,11875.7737825719,1781.36606738579,1765.9844938843,-779666.302198645,101.085533016514,101.085533016514,2000,1000,-2363368.90659594,0.008326,20365348
2,lap_fixed_increase,10000,0.5,0.05,0.45,1e-06,100,2,0.2,2000,0,0.5,7569,7569,0,7790,7790,11861.2651865741,1779.18977798611,1520.3604913903,-88431.9338914532,12.351981244089,12.351981244089,2000,1000,-289665.801674359,0.007359201,20470077
3,lap_fixed_increase,10000,0.5,0.05,0.45,1e-06,100,2,0.2,2000,0,0.5,7569,7569,0,7790,7790,11904.4585929591,1785.66878894386,1585.14422353682,-593195.757406962,77.148364237094,77.148364237094,2000,1000,-1803957.27222088,0.0066946,20574806
4,lap_fixed_increase,10000,0.5,0.05,0.45,1e-06,100,2,0.2,2000,0,0.5,7569,7569,0,7790,7790,11922.3861499238,1788.35792248857,1524.19821684096,-634868.100520584,82.4978306188169,82.4978306188169,2000,1000,-1928974.30156175,0.0105852,20679535
0,lap_fixed_decrease,10000,0.5,0.05,0.45,1e-06,100,2,0.2,2000,0,0.5,7569,7569,0,7790,7790,11994.2118209498,1799.13177314247,1515.01922487635,-410696.894005253,53.7210390250645,53.7210390250645,2000,-1000,-1254460.68201576,0.0072173,20260619
1,lap_fixed_decrease,10000,0.5,0.05,0.45,1e-06,100,2,0.2,2000,0,0.5,7569,7569,0,7790,7790,11875.7737825719,1781.36606738579,1765.9844938843,-780332.968865312,101.171112819681,101.171112819681,2000,-1000,-2363368.90659594,0.0080472,20365348
2,lap_fixed_decrease,10000,0.5,0.05,0.45,1e-06,100,2,0.2,2000,0,0.5,7569,7569,0,7790,7790,11861.2651865741,1779.18977798611,1520.3604913903,-89098.6005581195,12.4375610472554,12.4375610472554,2000,-1000,-289665.801674359,0.0070027,20470077
3,lap_fixed_decrease,10000,0.5,0.05,0.45,1e-06,100,2,0.2,2000,0,0.5,7569,7569,0,7790,7790,11904.4585929591,1785.66878894386,1585.14422353682,-593862.424073629,77.2339440402605,77.2339440402605,2000,-1000,-1803957.27222088,0.0075913,20574806
4,lap_fixed_decrease,10000,0.5,0.05,0.45,1e-06,100,2,0.2,2000,0,0.5,7569,7569,0,7790,7790,11922.3861499238,1788.35792248857,1524.19821684096,-635534.76718725,82.5834104219833,82.5834104219833,2000,-1000,-1928974.30156175,0.008140501,20679535
0,lap_scale_increase,10000,0.5,0.05,0.45,1e-06,100,2,0.2,2000,0,0.5,7569,7569,0,7790,7790,11994.2118209498,1799.13177314247,1515.01922487635,3587707.04631135,459.552894263331,459.552894263331,2000,11994211.8209492,-1254460.68201576,0.0090485,20260619
1,lap_scale_increase,10000,0.5,0.05,0.45,1e-06,100,2,0.2,2000,0,0.5,7569,7569,0,7790,7790,11875.7737825719,1781.36606738579,1765.9844938843,3178591.6253253,407.034868462811,407.034868462811,2000,11875773.7825723,-2363368.90659594,0.0060992,20365348
2,lap_scale_increase,10000,0.5,0.05,0.45,1e-06,100,2,0.2,2000,0,0.5,7569,7569,0,7790,7790,11861.2651865741,1779.18977798611,1520.3604913903,3864989.79496657,495.147598840381,495.147598840381,2000,11861265.1865742,-289665.801674359,0.0075304,20470077
3,lap_scale_increase,10000,0.5,0.05,0.45,1e-06,100,2,0.2,2000,0,0.5,7569,7569,0,7790,7790,11904.4585929591,1785.66878894386,1585.14422353682,3374623.7735794,432.199457455636,432.199457455636,2000,11904458.5929588,-1803957.27222088,0.0080737,20574806
4,lap_scale_increase,10000,0.5,0.05,0.45,1e-06,100,2,0.2,2000,0,0.5,7569,7569,0,7790,7790,11922.3861499238,1788.35792248857,1524.19821684096,3338927.28278735,427.617109472061,427.617109472061,2000,11922386.1499242,-1928974.30156175,0.0073767,20679535
0,lap_scale_decrease,10000,0.5,0.05,0.45,1e-06,100,2,0.2,2000,0,0.5,7569,7569,0,7790,7790,11994.2118209498,1799.13177314247,1515.01922487635,-4408434.16765518,566.909392510292,566.909392510292,2000,-11994211.8209492,-1254460.68201576,0.009377,20260619
1,lap_scale_decrease,10000,0.5,0.05,0.45,1e-06,100,2,0.2,2000,0,0.5,7569,7569,0,7790,7790,11875.7737825719,1781.36606738579,1765.9844938843,-4738590.8963893,609.291514299011,609.291514299011,2000,-11875773.7825723,-2363368.90659594,0.0078099,20365348
2,lap_scale_decrease,10000,0.5,0.05,0.45,1e-06,100,2,0.2,2000,0,0.5,7569,7569,0,7790,7790,11861.2651865741,1779.18977798611,1520.3604913903,-4042520.32941613,519.937141131724,519.937141131724,2000,-11861265.1865742,-289665.801674359,0.0081956,20470077
3,lap_scale_decrease,10000,0.5,0.05,0.45,1e-06,100,2,0.2,2000,0,0.5,7569,7569,0,7790,7790,11904.4585929591,1785.66878894386,1585.14422353682,-4561681.95506001,586.581765732992,586.581765732992,2000,-11904458.5929588,-1803957.27222088,0.0076106,20574806
4,lap_scale_decrease,10000,0.5,0.05,0.45,1e-06,100,2,0.2,2000,0,0.5,7569,7569,0,7790,7790,11922.3861499238,1788.35792248857,1524.19821684096,-4609330.15049519,592.698350512861,592.698350512861,2000,-11922386.1499242,-1928974.30156175,0.0077159,20679535
0,lap_count_increase,10000,0.5,0.05,0.45,1e-06,100,2,0.2,2000,0,0.5,7569,7569,0,7790,7790,11994.2118209498,1799.13177314247,1515.01922487635,-409379.56067192,53.5519333340077,53.5519333340077,414,2952,-1254460.68201576,0.0088854,20260619
1,lap_count_increase,10000,0.5,0.05,0.45,1e-06,100,2,0.2,2000,0,0.5,7569,7569,0,7790,7790,11875.7737825719,1781.36606738579,1765.9844938843,-779045.302198646,101.005815429865,101.005815429865,444,2863,-2363368.90659594,0.0096059,20365348
2,lap_count_increase,10000,0.5,0.05,0.45,1e-06,100,2,0.2,2000,0,0.5,7569,7569,0,7790,7790,11861.2651865741,1779.18977798611,1520.3604913903,-88009.933891453,12.2978092286846,12.2978092286846,416,2266,-289665.801674359,0.008189,20470077
3,lap_count_increase,10000,0.5,0.05,0.45,1e-06,100,2,0.2,2000,0,0.5,7569,7569,0,7790,7790,11904.4585929591,1785.66878894386,1585.14422353682,-592811.257406962,77.0990060856177,77.0990060856177,416,2153.5,-1803957.27222088,0.0081291,20574806
4,lap_count_increase,10000,0.5,0.05,0.45,1e-06,100,2,0.2,2000,0,0.5,7569,7569,0,7790,7790,11922.3861499238,1788.35792248857,1524.19821684096,-634390.100520583,82.4364698999465,82.4364698999465,422,2434,-1928974.30156175,0.007856301,20679535
0,lap_count_decrease,10000,0.5,0.05,0.45,1e-06,100,2,0.2,2000,0,0.5,7569,7569,0,7790,7790,11994.2118209498,1799.13177314247,1515.01922487635,-411347.560671919,53.804564912955,53.804564912955,414,-2952,-1254460.68201576,0.008508,20260619
1,lap_count_decrease,10000,0.5,0.05,0.45,1e-06,100,2,0.2,2000,0,0.5,7569,7569,0,7790,7790,11875.7737825719,1781.36606738579,1765.9844938843,-780953.968865312,101.25083040633,101.25083040633,444,-2863,-2363368.90659594,0.0072013,20365348
2,lap_count_decrease,10000,0.5,0.05,0.45,1e-06,100,2,0.2,2000,0,0.5,7569,7569,0,7790,7790,11861.2651865741,1779.18977798611,1520.3604913903,-89520.6005581194,12.4917330626597,12.4917330626597,416,-2266,-289665.801674359,0.007453,20470077
3,lap_count_decrease,10000,0.5,0.05,0.45,1e-06,100,2,0.2,2000,0,0.5,7569,7569,0,7790,7790,11904.4585929591,1785.66878894386,1585.14422353682,-594246.924073629,77.2833021917367,77.2833021917367,416,-2153.5,-1803957.27222088,0.0072426,20574806
4,lap_count_decrease,10000,0.5,0.05,0.45,1e-06,100,2,0.2,2000,0,0.5,7569,7569,0,7790,7790,11922.3861499238,1788.35792248857,1524.19821684096,-636012.76718725,82.6447711408536,82.6447711408536,422,-2434,-1928974.30156175,0.008297999,20679535
0,lap_fixed_increase,10000,0.5,0.05,0.45,1e-06,100,2,0.2,2000,0,1,7569,7569,0,7790,7790,11994.2118209498,1799.13177314247,1515.01922487635,-409696.894005253,53.5926693203149,53.5926693203149,2000,2000,-1254460.68201576,0.0082605,20260619
1,lap_fixed_increase,10000,0.5,0.05,0.45,1e-06,100,2,0.2,2000,0,1,7569,7569,0,7790,7790,11875.7737825719,1781.36606738579,1765.9844938843,-779332.968865312,101.042743114931,101.042743114931,2000,2000,-2363368.90659594,0.0090708,20365348
2,lap_fixed_increase,10000,0.5,0.05,0.45,1e-06,100,2,0.2,2000,0,1,7569,7569,0,7790,7790,11861.2651865741,1779.18977798611,1520.3604913903,-88098.6005581197,12.3091913425057,12.3091913425057,2000,2000,-289665.801674359,0.0069226,20470077
3,lap_fixed_increase,10000,0.5,0.05,0.45,1e-06,100,2,0.2,2000,0,1,7569,7569,0,7790,7790,11904.4585929591,1785.66878894386,1585.14422353682,-592862.424073629,77.1055743355108,77.1055743355108,2000,2000,-1803957.27222088,0.0111216,20574806
4,lap_fixed_increase,10000,0.5,0.05,0.45,1e-06,100,2,0.2,2000,0,1,7569,7569,0,7790,7790,11922.3861499238,1788.35792248857,1524.19821684096,-634534.76718725,82.4550407172337,82.4550407172337,2000,2000,-1928974.30156175,0.0076453,20679535
0,lap_fixed_decrease,10000,0.5,0.05,0.45,1e-06,100,2,0.2,2000,0,1,7569,7569,0,7790,7790,11994.2118209498,1799.13177314247,1515.01922487635,-411030.227338586,53.7638289266477,53.7638289266477,2000,-2000,-1254460.68201576,0.0080951,20260619
1,lap_fixed_decrease,10000,0.5,0.05,0.45,1e-06,100,2,0.2,2000,0,1,7569,7569,0,7790,7790,11875.7737825719,1781.36606738579,1765.9844938843,-780666.302198645,101.213902721264,101.213902721264,2000,-2000,-2363368.90659594,0.007099601,20365348
2,lap_fixed_decrease,10000,0.5,0.05,0.45,1e-06,100,2,0.2,2000,0,1,7569,7569,0,7790,7790,11861.2651865741,1779.18977798611,1520.3604913903,-89431.9338914528,12.4803509488386,12.4803509488386,2000,-2000,-289665.801674359,0.007433,20470077
3,lap_fixed_decrease,10000,0.5,0.05,0.45,1e-06,100,2,0.2,2000,0,1,7569,7569,0,7790,7790,11904.4585929591,1785.66878894386,1585.14422353682,-594195.757406962,77.2767339418437,77.2767339418437,2000,-2000,-1803957.27222088,0.0071142,20574806
4,lap_fixed_decrease,10000,0.5,0.05,0.45,1e-06,100,2,0.2,2000,0,1,7569,7569,0,7790,7790,11922.3861499238,1788.35792248857,1524.19821684096,-635868.100520583,82.6262003235665,82.6262003235665,2000,-2000,-1928974.30156175,0.0079157,20679535
0,lap_scale_increase,10000,0.5,0.05,0.45,1e-06,100,2,0.2,2000,0,1,7569,7569,0,7790,7790,11994.2118209498,1799.13177314247,1515.01922487635,7585777.65329462,972.784037650144,972.784037650144,2000,23988423.6418984,-1254460.68201576,0.010956601,20260619
1,lap_scale_increase,10000,0.5,0.05,0.45,1e-06,100,2,0.2,2000,0,1,7569,7569,0,7790,7790,11875.7737825719,1781.36606738579,1765.9844938843,7137182.88618263,915.198059843726,915.198059843726,2000,23751547.5651447,-2363368.90659594,0.0075853,20365348
2,lap_scale_increase,10000,0.5,0.05,0.45,1e-06,100,2,0.2,2000,0,1,7569,7569,0,7790,7790,11861.2651865741,1779.18977798611,1520.3604913903,7818744.85715793,1002.68996882644,1002.68996882644,2000,23722530.3731485,-289665.801674359,0.0078264,20470077
3,lap_scale_increase,10000,0.5,0.05,0.45,1e-06,100,2,0.2,2000,0,1,7569,7569,0,7790,7790,11904.4585929591,1785.66878894386,1585.14422353682,7342776.63789909,941.590069049947,941.590069049947,2000,23808917.1859177,-1803957.27222088,0.009859799,20574806
4,lap_scale_increase,10000,0.5,0.05,0.45,1e-06,100,2,0.2,2000,0,1,7569,7569,0,7790,7790,11922.3861499238,1788.35792248857,1524.19821684096,7313055.99942862,937.774839464522,937.774839464522,2000,23844772.2998483,-1928974.30156175,0.0076443,20679535
0,lap_scale_decrease,10000,0.5,0.05,0.45,1e-06,100,2,0.2,2000,0,1,7569,7569,0,7790,7790,11994.2118209498,1799.13177314247,1515.01922487635,-8406504.77463842,1080.1405358971,1080.1405358971,2000,-23988423.6418984,-1254460.68201576,0.006539901,20260619
1,lap_scale_decrease,10000,0.5,0.05,0.45,1e-06,100,2,0.2,2000,0,1,7569,7569,0,7790,7790,11875.7737825719,1781.36606738579,1765.9844938843,-8697182.15724657,1117.45470567992,1117.45470567992,2000,-23751547.5651447,-2363368.90659594,0.0084834,20365348
2,lap_scale_decrease,10000,0.5,0.05,0.45,1e-06,100,2,0.2,2000,0,1,7569,7569,0,7790,7790,11861.2651865741,1779.18977798611,1520.3604913903,-7996275.39160748,1027.47951111778,1027.47951111778,2000,-23722530.3731485,-289665.801674359,0.0074092,20470077
3,lap_scale_decrease,10000,0.5,0.05,0.45,1e-06,100,2,0.2,2000,0,1,7569,7569,0,7790,7790,11904.4585929591,1785.66878894386,1585.14422353682,-8529834.81937966,1095.9723773273,1095.9723773273,2000,-23808917.1859177,-1803957.27222088,0.0077922,20574806
4,lap_scale_decrease,10000,0.5,0.05,0.45,1e-06,100,2,0.2,2000,0,1,7569,7569,0,7790,7790,11922.3861499238,1788.35792248857,1524.19821684096,-8583458.86713649,1102.85608050533,1102.85608050533,2000,-23844772.2998483,-1928974.30156175,0.0084373,20679535
0,lap_count_increase,10000,0.5,0.05,0.45,1e-06,100,2,0.2,2000,0,1,7569,7569,0,7790,7790,11994.2118209498,1799.13177314247,1515.01922487635,-408395.56067192,53.425617544534,53.425617544534,414,5904,-1254460.68201576,0.0065418,20260619
1,lap_count_increase,10000,0.5,0.05,0.45,1e-06,100,2,0.2,2000,0,1,7569,7569,0,7790,7790,11875.7737825719,1781.36606738579,1765.9844938843,-778090.968865312,100.883307941632,100.883307941632,444,5726,-2363368.90659594,0.0073982,20365348
2,lap_count_increase,10000,0.5,0.05,0.45,1e-06,100,2,0.2,2000,0,1,7569,7569,0,7790,7790,11861.2651865741,1779.18977798611,1520.3604913903,-87254.6005581196,12.200847311697,12.200847311697,416,4532,-289665.801674359,0.0074581,20470077
3,lap_count_increase,10000,0.5,0.05,0.45,1e-06,100,2,0.2,2000,0,1,7569,7569,0,7790,7790,11904.4585929591,1785.66878894386,1585.14422353682,-592093.424073629,77.0068580325582,77.0068580325582,416,4307,-1803957.27222088,0.0076147,20574806
4,lap_count_increase,10000,0.5,0.05,0.45,1e-06,100,2,0.2,2000,0,1,7569,7569,0,7790,7790,11922.3861499238,1788.35792248857,1524.19821684096,-633578.76718725,82.332319279493,82.332319279493,422,4868,-1928974.30156175,0.0080862,20679535
0,lap_count_decrease,10000,0.5,0.05,0.45,1e-06,100,2,0.2,2000,0,1,7569,7569,0,7790,7790,11994.2118209498,1799.13177314247,1515.01922487635,-412331.560671919,53.9308807024287,53.9308807024287,414,-5904,-1254460.68201576,0.0073308,20260619
1,lap_count_decrease,10000,0.5,0.05,0.45,1e-06,100,2,0.2,2000,0,1,7569,7569,0,7790,7790,11875.7737825719,1781.36606738579,1765.9844938843,-781908.302198645,101.373337894563,101.373337894563,444,-5726,-2363368.90659594,0.0076432,20365348
2,lap_count_decrease,10000,0.5,0.05,0.45,1e-06,100,2,0.2,2000,0,1,7569,7569,0,7790,7790,11861.2651865741,1779.18977798611,1520.3604913903,-90275.933891453,12.5886949796474,12.5886949796474,416,-4532,-289665.801674359,0.0067128,20470077
3,lap_count_decrease,10000,0.5,0.05,0.45,1e-06,100,2,0.2,2000,0,1,7569,7569,0,7790,7790,11904.4585929591,1785.66878894386,1585.14422353682,-594964.757406962,77.3754502447962,77.3754502447962,416,-4307,-1803957.27222088,0.0071899,20574806
4,lap_count_decrease,10000,0.5,0.05,0.45,1e-06,100,2,0.2,2000,0,1,7569,7569,0,7790,7790,11922.3861499238,1788.35792248857,1524.19821684096,-636824.100520583,82.7489217613072,82.7489217613072,422,-4868,-1928974.30156175,0.007396501,20679535
0,lap_fixed_increase,10000,0.5,0.05,0.45,1e-06,100,2,0.2,2000,0,2,7569,7569,0,7790,7790,11994.2118209498,1799.13177314247,1515.01922487635,-409030.227338586,53.5070895171484,53.5070895171484,2000,4000,-1254460.68201576,0.0111835,20260619
1,lap_fixed_increase,10000,0.5,0.05,0.45,1e-06,100,2,0.2,2000,0,2,7569,7569,0,7790,7790,11875.7737825719,1781.36606738579,1765.9844938843,-778666.302198646,100.957163311765,100.957163311765,2000,4000,-2363368.90659594,0.0083117,20365348
2,lap_fixed_increase,10000,0.5,0.05,0.45,1e-06,100,2,0.2,2000,0,2,7569,7569,0,7790,7790,11861.2651865741,1779.18977798611,1520.3604913903,-87431.9338914529,12.2236115393393,12.2236115393393,2000,4000,-289665.801674359,0.007650601,20470077
3,lap_fixed_increase,10000,0.5,0.05,0.45,1e-06,100,2,0.2,2000,0,2,7569,7569,0,7790,7790,11904.4585929591,1785.66878894386,1585.14422353682,-592195.757406962,77.0199945323443,77.0199945323443,2000,4000,-1803957.27222088,0.0078234,20574806
4,lap_fixed_increase,10000,0.5,0.05,0.45,1e-06,100,2,0.2,2000,0,2,7569,7569,0,7790,7790,11922.3861499238,1788.35792248857,1524.19821684096,-633868.100520583,82.3694609140672,82.3694609140672,2000,4000,-1928974.30156175,0.0096316,20679535
0,lap_fixed_decrease,10000,0.5,0.05,0.45,1e-06,100,2,0.2,2000,0,2,7569,7569,0,7790,7790,11994.2118209498,1799.13177314247,1515.01922487635,-411696.894005253,53.8494087298142,53.8494087298142,2000,-4000,-1254460.68201576,0.010155901,20260619
1,lap_fixed_decrease,10000,0.5,0.05,0.45,1e-06,100,2,0.2,2000,0,2,7569,7569,0,7790,7790,11875.7737825719,1781.36606738579,1765.9844938843,-781332.968865312,101.29948252443,101.29948252443,2000,-4000,-2363368.90659594,0.0071221,20365348
2,lap_fixed_decrease,10000,0.5,0.05,0.45,1e-06,100,2,0.2,2000,0,2,7569,7569,0,7790,7790,11861.2651865741,1779.18977798611,1520.3604913903,-90098.6005581194,12.5659307520051,12.5659307520051,2000,-4000,-289665.801674359,0.0082718,20470077
3,lap_fixed_decrease,10000,0.5,0.05,0.45,1e-06,100,2,0.2,2000,0,2,7569,7569,0,7790,7790,11904.4585929591,1785.66878894386,1585.14422353682,-594862.424073629,77.3623137450102,77.3623137450102,2000,-4000,-1803957.27222088,0.007013101,20574806
4,lap_fixed_decrease,10000,0.5,0.05,0.45,1e-06,100,2,0.2,2000,0,2,7569,7569,0,7790,7790,11922.3861499238,1788.35792248857,1524.19821684096,-636534.76718725,82.711780126733,82.711780126733,2000,-4000,-1928974.30156175,0.0079948,20679535
0,lap_scale_increase,10000,0.5,0.05,0.45,1e-06,100,2,0.2,2000,0,2,7569,7569,0,7790,7790,11994.2118209498,1799.13177314247,1515.01922487635,15581918.8672611,1999.24632442376,1999.24632442376,2000,47976847.2837968,-1254460.68201576,0.0081079,20260619
1,lap_scale_increase,10000,0.5,0.05,0.45,1e-06,100,2,0.2,2000,0,2,7569,7569,0,7790,7790,11875.7737825719,1781.36606738579,1765.9844938843,15054365.4078972,1931.52444260555,1931.52444260555,2000,47503095.1302894,-2363368.90659594,0.0075359,20365348
2,lap_scale_increase,10000,0.5,0.05,0.45,1e-06,100,2,0.2,2000,0,2,7569,7569,0,7790,7790,11861.2651865741,1779.18977798611,1520.3604913903,15726254.9815406,2017.77470879854,2017.77470879854,2000,47445060.746297,-289665.801674359,0.0073212,20470077
3,lap_scale_increase,10000,0.5,0.05,0.45,1e-06,100,2,0.2,2000,0,2,7569,7569,0,7790,7790,11904.4585929591,1785.66878894386,1585.14422353682,15279082.3665385,1960.37129223857,1960.37129223857,2000,47617834.3718353,-1803957.27222088,0.0074971,20574806
4,lap_scale_increase,10000,0.5,0.05,0.45,1e-06,100,2,0.2,2000,0,2,7569,7569,0,7790,7790,11922.3861499238,1788.35792248857,1524.19821684096,15261313.4327112,1958.09029944945,1958.09029944945,2000,47689544.5996967,-1928974.30156175,0.0070541,20679535
0,lap_scale_decrease,10000,0.5,0.05,0.45,1e-06,100,2,0.2,2000,0,2,7569,7569,0,7790,7790,11994.2118209498,1799.13177314247,1515.01922487635,-16402645.9886049,2106.60282267072,2106.60282267072,2000,-47976847.2837968,-1254460.68201576,0.0090226,20260619
1,lap_scale_decrease,10000,0.5,0.05,0.45,1e-06,100,2,0.2,2000,0,2,7569,7569,0,7790,7790,11875.7737825719,1781.36606738579,1765.9844938843,-16614364.6789612,2133.78108844174,2133.78108844174,2000,-47503095.1302894,-2363368.90659594,0.0076704,20365348
2,lap_scale_decrease,10000,0.5,0.05,0.45,1e-06,100,2,0.2,2000,0,2,7569,7569,0,7790,7790,11861.2651865741,1779.18977798611,1520.3604913903,-15903785.5159901,2042.56425108988,2042.56425108988,2000,-47445060.746297,-289665.801674359,0.0078718,20470077
3,lap_scale_decrease,10000,0.5,0.05,0.45,1e-06,100,2,0.2,2000,0,2,7569,7569,0,7790,7790,11904.4585929591,1785.66878894386,1585.14422353682,-16466140.5480191,2114.75360051593,2114.75360051593,2000,-47617834.3718353,-1803957.27222088,0.0075386,20574806
4,lap_scale_decrease,10000,0.5,0.05,0.45,1e-06,100,2,0.2,2000,0,2,7569,7569,0,7790,7790,11922.3861499238,1788.35792248857,1524.19821684096,-16531716.300419,2123.17154049024,2123.17154049024,2000,-47689544.5996967,-1928974.30156175,0.0090599,20679535
0,lap_count_increase,10000,0.5,0.05,0.45,1e-06,100,2,0.2,2000,0,2,7569,7569,0,7790,7790,11994.2118209498,1799.13177314247,1515.01922487635,-406427.56067192,53.1729859655866,53.1729859655866,414,11808,-1254460.68201576,0.0068431,20260619
1,lap_count_increase,10000,0.5,0.05,0.45,1e-06,100,2,0.2,2000,0,2,7569,7569,0,7790,7790,11875.7737825719,1781.36606738579,1765.9844938843,-776182.302198645,100.638292965166,100.638292965166,444,11452,-2363368.90659594,0.006858699,20365348
2,lap_count_increase,10000,0.5,0.05,0.45,1e-06,100,2,0.2,2000,0,2,7569,7569,0,7790,7790,11861.2651865741,1779.18977798611,1520.3604913903,-85743.933891453,12.0069234777218,12.0069234777218,416,9064,-289665.801674359,0.0074629,20470077
3,lap_count_increase,10000,0.5,0.05,0.45,1e-06,100,2,0.2,2000,0,2,7569,7569,0,7790,7790,11904.4585929591,1785.66878894386,1585.14422353682,-590657.757406962,76.8225619264393,76.8225619264393,416,8614,-1803957.27222088,0.007647,20574806
4,lap_count_increase,10000,0.5,0.05,0.45,1e-06,100,2,0.2,2000,0,2,7569,7569,0,7790,7790,11922.3861499238,1788.35792248857,1524.19821684096,-631956.100520583,82.1240180385858,82.1240180385858,422,9736,-1928974.30156175,0.0091663,20679535
0,lap_count_decrease,10000,0.5,0.05,0.45,1e-06,100,2,0.2,2000,0,2,7569,7569,0,7790,7790,11994.2118209498,1799.13177314247,1515.01922487635,-414299.560671919,54.183512281376,54.183512281376,414,-11808,-1254460.68201576,0.0087773,20260619
1,lap_count_decrease,10000,0.5,0.05,0.45,1e-06,100,2,0.2,2000,0,2,7569,7569,0,7790,7790,11875.7737825719,1781.36606738579,1765.9844938843,-783816.968865312,101.618352871029,101.618352871029,444,-11452,-2363368.90659594,0.0072069,20365348
2,lap_count_decrease,10000,0.5,0.05,0.45,1e-06,100,2,0.2,2000,0,2,7569,7569,0,7790,7790,11861.2651865741,1779.18977798611,1520.3604913903,-91786.6005581196,12.7826188136225,12.7826188136225,416,-9064,-289665.801674359,0.0073435,20470077
3,lap_count_decrease,10000,0.5,0.05,0.45,1e-06,100,2,0.2,2000,0,2,7569,7569,0,7790,7790,11904.4585929591,1785.66878894386,1585.14422353682,-596400.424073629,77.5597463509151,77.5597463509151,416,-8614,-1803957.27222088,0.0079427,20574806
4,lap_count_decrease,10000,0.5,0.05,0.45,1e-06,100,2,0.2,2000,0,2,7569,7569,0,7790,7790,11922.3861499238,1788.35792248857,1524.19821684096,-638446.76718725,82.9572230022144,82.9572230022144,422,-9736,-1928974.30156175,0.0081386,20679535
0,lap_fixed_increase,10000,1,0.1,0.9,1e-06,100,2,0.05,500,0,0.25,7569,7569,0,7790,7790,3000.21962190411,900.065886571234,757.509612438177,-96764.8284115426,13.4216724533431,13.4216724533431,500,125,-313789.485234628,0.007135299,20260619
1,lap_fixed_increase,10000,1,0.1,0.9,1e-06,100,2,0.05,500,0,0.25,7569,7569,0,7790,7790,2970.38834355701,891.116503067104,882.992246942148,-189211.590758236,25.2890360408518,25.2890360408518,500,125,-591129.772274707,0.0079572,20365348
2,lap_fixed_increase,10000,1,0.1,0.9,1e-06,100,2,0.05,500,0,0.25,7569,7569,0,7790,7790,2969.08659936699,890.725979810098,760.680245695149,-16337.8418559074,3.09728393528978,3.09728393528978,500,125,-72508.5255677229,0.0070912,20470077
3,lap_fixed_increase,10000,1,0.1,0.9,1e-06,100,2,0.05,500,0,0.25,7569,7569,0,7790,7790,2976.11464823977,892.834394471932,792.572111768409,-142498.106018407,19.2924397969714,19.2924397969714,500,125,-450989.318055221,0.007679301,20574806
4,lap_fixed_increase,10000,1,0.1,0.9,1e-06,100,2,0.05,500,0,0.25,7569,7569,0,7790,7790,2983.7204245251,895.11612735753,762.099108420481,-153084.667518405,20.6514335710405,20.6514335710405,500,125,-482749.002555216,0.007416599,20679535
0,lap_fixed_decrease,10000,1,0.1,0.9,1e-06,100,2,0.05,500,0,0.25,7569,7569,0,7790,7790,3000.21962190411,900.065886571234,757.509612438177,-96848.1617448759,13.4323699287389,13.4323699287389,500,-125,-313789.485234628,0.0072733,20260619
1,lap_fixed_decrease,10000,1,0.1,0.9,1e-06,100,2,0.05,500,0,0.25,7569,7569,0,7790,7790,2970.38834355701,891.116503067104,882.992246942148,-189294.924091569,25.2997335162476,25.2997335162476,500,-125,-591129.772274707,0.0068102,20365348
2,lap_fixed_decrease,10000,1,0.1,0.9,1e-06,100,2,0.05,500,0,0.25,7569,7569,0,7790,7790,2969.08659936699,890.725979810098,760.680245695149,-16421.1751892407,3.10798141068558,3.10798141068558,500,-125,-72508.5255677229,0.0084209,20470077
3,lap_fixed_decrease,10000,1,0.1,0.9,1e-06,100,2,0.05,500,0,0.25,7569,7569,0,7790,7790,2976.11464823977,892.834394471932,792.572111768409,-142581.439351741,19.3031372723672,19.3031372723672,500,-125,-450989.318055221,0.0074665,20574806
4,lap_fixed_decrease,10000,1,0.1,0.9,1e-06,100,2,0.05,500,0,0.25,7569,7569,0,7790,7790,2983.7204245251,895.11612735753,762.099108420481,-153168.000851739,20.6621310464363,20.6621310464363,500,-125,-482749.002555216,0.0088695,20679535
0,lap_scale_increase,10000,1,0.1,0.9,1e-06,100,2,0.05,500,0,0.25,7569,7569,0,7790,7790,3000.21962190411,900.065886571234,757.509612438177,28202.6558344624,2.62036660262676,2.62036660262676,500,375027.452738016,-313789.485234628,0.0081879,20260619
1,lap_scale_increase,10000,1,0.1,0.9,1e-06,100,2,0.05,500,0,0.25,7569,7569,0,7790,7790,2970.38834355701,891.116503067104,882.992246942148,-65487.0764433613,9.40655666795395,9.40655666795395,500,371298.542944627,-591129.772274707,0.0070395,20365348
2,lap_scale_increase,10000,1,0.1,0.9,1e-06,100,2,0.05,500,0,0.25,7569,7569,0,7790,7790,2969.08659936699,890.725979810098,760.680245695149,107332.433117717,12.778232749386,12.778232749386,500,371135.824920872,-72508.5255677229,0.0071876,20470077
3,lap_scale_increase,10000,1,0.1,0.9,1e-06,100,2,0.05,500,0,0.25,7569,7569,0,7790,7790,2976.11464823977,892.834394471932,792.572111768409,-18534.9956750835,3.37933192234705,3.37933192234705,500,372014.33102997,-450989.318055221,0.0075878,20574806
4,lap_scale_increase,10000,1,0.1,0.9,1e-06,100,2,0.05,500,0,0.25,7569,7569,0,7790,7790,2983.7204245251,895.11612735753,762.099108420481,-28804.6498298592,4.69764439407692,4.69764439407692,500,372965.053065641,-482749.002555216,0.007184,20679535
0,lap_scale_decrease,10000,1,0.1,0.9,1e-06,100,2,0.05,500,0,0.25,7569,7569,0,7790,7790,3000.21962190411,900.065886571234,757.509612438177,-221815.64599088,29.4744089847086,29.4744089847086,500,-375027.452738016,-313789.485234628,0.0070412,20260619
1,lap_scale_decrease,10000,1,0.1,0.9,1e-06,100,2,0.05,500,0,0.25,7569,7569,0,7790,7790,2970.38834355701,891.116503067104,882.992246942148,-313019.438406444,41.1822128891456,41.1822128891456,500,-371298.542944627,-591129.772274707,0.0074799,20365348
2,lap_scale_decrease,10000,1,0.1,0.9,1e-06,100,2,0.05,500,0,0.25,7569,7569,0,7790,7790,2969.08659936699,890.725979810098,760.680245695149,-140091.450162866,18.9834980953615,18.9834980953615,500,-371135.824920872,-72508.5255677229,0.0071625,20470077
3,lap_scale_decrease,10000,1,0.1,0.9,1e-06,100,2,0.05,500,0,0.25,7569,7569,0,7790,7790,2976.11464823977,892.834394471932,792.572111768409,-266544.549695065,35.2162451469916,35.2162451469916,500,-372014.33102997,-450989.318055221,0.008941399,20574806
4,lap_scale_decrease,10000,1,0.1,0.9,1e-06,100,2,0.05,500,0,0.25,7569,7569,0,7790,7790,2983.7204245251,895.11612735753,762.099108420481,-277448.018540283,36.6159202233996,36.6159202233996,500,-372965.053065641,-482749.002555216,0.0079165,20679535
0,lap_count_increase,10000,1,0.1,0.9,1e-06,100,2,0.05,500,0,0.25,7569,7569,0,7790,7790,3000.21962190411,900.065886571234,757.509612438177,-96660.7450782092,13.4083113065737,13.4083113065737,109,437.25,-313789.485234628,0.0108839,20260619
1,lap_count_increase,10000,1,0.1,0.9,1e-06,100,2,0.05,500,0,0.25,7569,7569,0,7790,7790,2970.38834355701,891.116503067104,882.992246942148,-189128.007424902,25.2783064730298,25.2783064730298,96,375.75,-591129.772274707,0.006900301,20365348
2,lap_count_increase,10000,1,0.1,0.9,1e-06,100,2,0.05,500,0,0.25,7569,7569,0,7790,7790,2969.08659936699,890.725979810098,760.680245695149,-16294.8418559074,3.09176403798554,3.09176403798554,128,254,-72508.5255677229,0.008675,20470077
3,lap_count_increase,10000,1,0.1,0.9,1e-06,100,2,0.05,500,0,0.25,7569,7569,0,7790,7790,2976.11464823977,892.834394471932,792.572111768409,-142436.939351741,19.2845878500309,19.2845878500309,114,308.5,-450989.318055221,0.0083367,20574806
4,lap_count_increase,10000,1,0.1,0.9,1e-06,100,2,0.05,500,0,0.25,7569,7569,0,7790,7790,2983.7204245251,895.11612735753,762.099108420481,-153036.000851739,20.6451862454093,20.6451862454093,110,271,-482749.002555216,0.008257499,20679535
0,lap_count_decrease,10000,1,0.1,0.9,1e-06,100,2,0.05,500,0,0.25,7569,7569,0,7790,7790,3000.21962190411,900.065886571234,757.509612438177,-96952.2450782092,13.4457310755082,13.4457310755082,109,-437.25,-313789.485234628,0.011666301,20260619
1,lap_count_decrease,10000,1,0.1,0.9,1e-06,100,2,0.05,500,0,0.25,7569,7569,0,7790,7790,2970.38834355701,891.116503067104,882.992246942148,-189378.507424902,25.3104630840696,25.3104630840696,96,-375.75,-591129.772274707,0.0089224,20365348
2,lap_count_decrease,10000,1,0.1,0.9,1e-06,100,2,0.05,500,0,0.25,7569,7569,0,7790,7790,2969.08659936699,890.725979810098,760.680245695149,-16464.1751892407,3.11350130798982,3.11350130798982,128,-254,-72508.5255677229,0.0076955,20470077
3,lap_count_decrease,10000,1,0.1,0.9,1e-06,100,2,0.05,500,0,0.25,7569,7569,0,7790,7790,2976.11464823977,892.834394471932,792.572111768409,-142642.606018407,19.3109892193077,19.3109892193077,114,-308.5,-450989.318055221,0.007012701,20574806
4,lap_count_decrease,10000,1,0.1,0.9,1e-06,100,2,0.05,500,0,0.25,7569,7569,0,7790,7790,2983.7204245251,895.11612735753,762.099108420481,-153216.667518405,20.6683783720674,20.6683783720674,110,-271,-482749.002555216,0.0083025,20679535
0,lap_fixed_increase,10000,1,0.1,0.9,1e-06,100,2,0.05,500,0,0.5,7569,7569,0,7790,7790,3000.21962190411,900.065886571234,757.509612438177,-96723.1617448758,13.4163237156452,13.4163237156452,500,250,-313789.485234628,0.0071651,20260619
1,lap_fixed_increase,10000,1,0.1,0.9,1e-06,100,2,0.05,500,0,0.5,7569,7569,0,7790,7790,2970.38834355701,891.116503067104,882.992246942148,-189169.924091569,25.2836873031539,25.2836873031539,500,250,-591129.772274707,0.0059461,20365348
2,lap_fixed_increase,10000,1,0.1,0.9,1e-06,100,2,0.05,500,0,0.5,7569,7569,0,7790,7790,2969.08659936699,890.725979810098,760.680245695149,-16296.1751892407,3.09193519759188,3.09193519759188,500,250,-72508.5255677229,0.0082816,20470077
3,lap_fixed_increase,10000,1,0.1,0.9,1e-06,100,2,0.05,500,0,0.5,7569,7569,0,7790,7790,2976.11464823977,892.834394471932,792.572111768409,-142456.439351741,19.2870910592735,19.2870910592735,500,250,-450989.318055221,0.0083702,20574806
4,lap_fixed_increase,10000,1,0.1,0.9,1e-06,100,2,0.05,500,0,0.5,7569,7569,0,7790,7790,2983.7204245251,895.11612735753,762.099108420481,-153043.000851739,20.6460848333426,20.6460848333426,500,250,-482749.002555216,0.007612999,20679535
0,lap_fixed_decrease,10000,1,0.1,0.9,1e-06,100,2,0.05,500,0,0.5,7569,7569,0,7790,7790,3000.21962190411,900.065886571234,757.509612438177,-96889.8284115426,13.4377186664368,13.4377186664368,500,-250,-313789.485234628,0.007364,20260619
1,lap_fixed_decrease,10000,1,0.1,0.9,1e-06,100,2,0.05,500,0,0.5,7569,7569,0,7790,7790,2970.38834355701,891.116503067104,882.992246942148,-189336.590758236,25.3050822539455,25.3050822539455,500,-250,-591129.772274707,0.007212801,20365348
2,lap_fixed_decrease,10000,1,0.1,0.9,1e-06,100,2,0.05,500,0,0.5,7569,7569,0,7790,7790,2969.08659936699,890.725979810098,760.680245695149,-16462.8418559073,3.11333014838348,3.11333014838348,500,-250,-72508.5255677229,0.0075379,20470077
3,lap_fixed_decrease,10000,1,0.1,0.9,1e-06,100,2,0.05,500,0,0.5,7569,7569,0,7790,7790,2976.11464823977,892.834394471932,792.572111768409,-142623.106018407,19.3084860100651,19.3084860100651,500,-250,-450989.318055221,0.0080453,20574806
4,lap_fixed_decrease,10000,1,0.1,0.9,1e-06,100,2,0.05,500,0,0.5,7569,7569,0,7790,7790,2983.7204245251,895.11612735753,762.099108420481,-153209.667518405,20.6674797841342,20.6674797841342,500,-250,-482749.002555216,0.007387401,20679535
0,lap_scale_increase,10000,1,0.1,0.9,1e-06,100,2,0.05,500,0,0.5,7569,7569,0,7790,7790,3000.21962190411,900.065886571234,757.509612438177,153211.806747133,18.6677543962944,18.6677543962944,500,750054.905476032,-313789.485234628,0.0074466,20260619
1,lap_scale_increase,10000,1,0.1,0.9,1e-06,100,2,0.05,500,0,0.5,7569,7569,0,7790,7790,2970.38834355701,891.116503067104,882.992246942148,58279.1045381813,6.48127144264201,6.48127144264201,500,742597.085889254,-591129.772274707,0.009075999,20365348
2,lap_scale_increase,10000,1,0.1,0.9,1e-06,100,2,0.05,500,0,0.5,7569,7569,0,7790,7790,2969.08659936699,890.725979810098,760.680245695149,231044.374758009,28.6590981717599,28.6590981717599,500,742271.649841744,-72508.5255677229,0.0078284,20470077
3,lap_scale_increase,10000,1,0.1,0.9,1e-06,100,2,0.05,500,0,0.5,7569,7569,0,7790,7790,2976.11464823977,892.834394471932,792.572111768409,105469.781334907,12.5391246899753,12.5391246899753,500,744028.662059941,-450989.318055221,0.0079624,20574806
4,lap_scale_increase,10000,1,0.1,0.9,1e-06,100,2,0.05,500,0,0.5,7569,7569,0,7790,7790,2983.7204245251,895.11612735753,762.099108420481,95517.0345253536,11.2614935205845,11.2614935205845,500,745930.106131282,-482749.002555216,0.0082022,20679535
0,lap_scale_decrease,10000,1,0.1,0.9,1e-06,100,2,0.05,500,0,0.5,7569,7569,0,7790,7790,3000.21962190411,900.065886571234,757.509612438177,-346824.796903552,45.5217967783764,45.5217967783764,500,-750054.905476032,-313789.485234628,0.0066264,20260619
1,lap_scale_decrease,10000,1,0.1,0.9,1e-06,100,2,0.05,500,0,0.5,7569,7569,0,7790,7790,2970.38834355701,891.116503067104,882.992246942148,-436785.619387988,57.0700409997417,57.0700409997417,500,-742597.085889254,-591129.772274707,0.0067564,20365348
2,lap_scale_decrease,10000,1,0.1,0.9,1e-06,100,2,0.05,500,0,0.5,7569,7569,0,7790,7790,2969.08659936699,890.725979810098,760.680245695149,-263803.391803157,34.8643635177352,34.8643635177352,500,-742271.649841744,-72508.5255677229,0.008900701,20470077
3,lap_scale_decrease,10000,1,0.1,0.9,1e-06,100,2,0.05,500,0,0.5,7569,7569,0,7790,7790,2976.11464823977,892.834394471932,792.572111768409,-390549.326705056,51.134701759314,51.134701759314,500,-744028.662059941,-450989.318055221,0.0080784,20574806
4,lap_scale_decrease,10000,1,0.1,0.9,1e-06,100,2,0.05,500,0,0.5,7569,7569,0,7790,7790,2983.7204245251,895.11612735753,762.099108420481,-401769.702895495,52.575058138061,52.575058138061,500,-745930.106131282,-482749.002555216,0.0072197,20679535
0,lap_count_increase,10000,1,0.1,0.9,1e-06,100,2,0.05,500,0,0.5,7569,7569,0,7790,7790,3000.21962190411,900.065886571234,757.509612438177,-96514.9950782092,13.3896014221064,13.3896014221064,109,874.5,-313789.485234628,0.0064538,20260619
1,lap_count_increase,10000,1,0.1,0.9,1e-06,100,2,0.05,500,0,0.5,7569,7569,0,7790,7790,2970.38834355701,891.116503067104,882.992246942148,-189002.757424902,25.2622281675099,25.2622281675099,96,751.5,-591129.772274707,0.0068151,20365348
2,lap_count_increase,10000,1,0.1,0.9,1e-06,100,2,0.05,500,0,0.5,7569,7569,0,7790,7790,2969.08659936699,890.725979810098,760.680245695149,-16210.1751892407,3.08089540298341,3.08089540298341,128,508,-72508.5255677229,0.0078381,20470077
3,lap_count_increase,10000,1,0.1,0.9,1e-06,100,2,0.05,500,0,0.5,7569,7569,0,7790,7790,2976.11464823977,892.834394471932,792.572111768409,-142334.106018407,19.2713871653925,19.2713871653925,114,617,-450989.318055221,0.0079404,20574806
4,lap_count_increase,10000,1,0.1,0.9,1e-06,100,2,0.05,500,0,0.5,7569,7569,0,7790,7790,2983.7204245251,895.11612735753,762.099108420481,-152945.667518405,20.6335901820803,20.6335901820803,110,542,-482749.002555216,0.0090939,20679535
0,lap_count_decrease,10000,1,0.1,0.9,1e-06,100,2,0.05,500,0,0.5,7569,7569,0,7790,7790,3000.21962190411,900.065886571234,757.509612438177,-97097.9950782092,13.4644409599755,13.4644409599755,109,-874.5,-313789.485234628,0.012051901,20260619
1,lap_count_decrease,10000,1,0.1,0.9,1e-06,100,2,0.05,500,0,0.5,7569,7569,0,7790,7790,2970.38834355701,891.116503067104,882.992246942148,-189503.757424902,25.3265413895895,25.3265413895895,96,-751.5,-591129.772274707,0.0061759,20365348
2,lap_count_decrease,10000,1,0.1,0.9,1e-06,100,2,0.05,500,0,0.5,7569,7569,0,7790,7790,2969.08659936699,890.725979810098,760.680245695149,-16548.8418559073,3.12436994299196,3.12436994299196,128,-508,-72508.5255677229,0.0076363,20470077
3,lap_count_decrease,10000,1,0.1,0.9,1e-06,100,2,0.05,500,0,0.5,7569,7569,0,7790,7790,2976.11464823977,892.834394471932,792.572111768409,-142745.439351741,19.3241899039462,19.3241899039462,114,-617,-450989.318055221,0.0072182,20574806
4,lap_count_decrease,10000,1,0.1,0.9,1e-06,100,2,0.05,500,0,0.5,7569,7569,0,7790,7790,2983.7204245251,895.11612735753,762.099108420481,-153307.000851739,20.6799744353965,20.6799744353965,110,-542,-482749.002555216,0.0075298,20679535
0,lap_fixed_increase,10000,1,0.1,0.9,1e-06,100,2,0.05,500,0,1,7569,7569,0,7790,7790,3000.21962190411,900.065886571234,757.509612438177,-96639.8284115425,13.4056262402494,13.4056262402494,500,500,-313789.485234628,0.0116152,20260619
1,lap_fixed_increase,10000,1,0.1,0.9,1e-06,100,2,0.05,500,0,1,7569,7569,0,7790,7790,2970.38834355701,891.116503067104,882.992246942148,-189086.590758236,25.2729898277581,25.2729898277581,500,500,-591129.772274707,0.0093598,20365348
2,lap_fixed_increase,10000,1,0.1,0.9,1e-06,100,2,0.05,500,0,1,7569,7569,0,7790,7790,2969.08659936699,890.725979810098,760.680245695149,-16212.8418559074,3.08123772219607,3.08123772219607,500,500,-72508.5255677229,0.0075663,20470077
3,lap_fixed_increase,10000,1,0.1,0.9,1e-06,100,2,0.05,500,0,1,7569,7569,0,7790,7790,2976.11464823977,892.834394471932,792.572111768409,-142373.106018407,19.2763935838777,19.2763935838777,500,500,-450989.318055221,0.0073763,20574806
4,lap_fixed_increase,10000,1,0.1,0.9,1e-06,100,2,0.05,500,0,1,7569,7569,0,7790,7790,2983.7204245251,895.11612735753,762.099108420481,-152959.667518405,20.6353873579468,20.6353873579468,500,500,-482749.002555216,0.0099613,20679535
0,lap_fixed_decrease,10000,1,0.1,0.9,1e-06,100,2,0.05,500,0,1,7569,7569,0,7790,7790,3000.21962190411,900.065886571234,757.509612438177,-96973.1617448759,13.4484161418326,13.4484161418326,500,-500,-313789.485234628,0.0110056,20260619
1,lap_fixed_decrease,10000,1,0.1,0.9,1e-06,100,2,0.05,500,0,1,7569,7569,0,7790,7790,2970.38834355701,891.116503067104,882.992246942148,-189419.924091569,25.3157797293413,25.3157797293413,500,-500,-591129.772274707,0.0068976,20365348
2,lap_fixed_decrease,10000,1,0.1,0.9,1e-06,100,2,0.05,500,0,1,7569,7569,0,7790,7790,2969.08659936699,890.725979810098,760.680245695149,-16546.1751892407,3.1240276237793,3.1240276237793,500,-500,-72508.5255677229,0.0084833,20470077
3,lap_fixed_decrease,10000,1,0.1,0.9,1e-06,100,2,0.05,500,0,1,7569,7569,0,7790,7790,2976.11464823977,892.834394471932,792.572111768409,-142706.439351741,19.3191834854609,19.3191834854609,500,-500,-450989.318055221,0.0074928,20574806
4,lap_fixed_decrease,10000,1,0.1,0.9,1e-06,100,2,0.05,500,0,1,7569,7569,0,7790,7790,2983.7204245251,895.11612735753,762.099108420481,-153293.000851739,20.67817725953,20.67817725953,500,-500,-482749.002555216,0.007581,20679535
0,lap_scale_increase,10000,1,0.1,0.9,1e-06,100,2,0.05,500,0,1,7569,7569,0,7790,7790,3000.21962190411,900.065886571234,757.509612438177,403230.108572474,50.7625299836296,50.7625299836296,500,1500109.81095206,-313789.485234628,0.0073124,20260619
1,lap_scale_increase,10000,1,0.1,0.9,1e-06,100,2,0.05,500,0,1,7569,7569,0,7790,7790,2970.38834355701,891.116503067104,882.992246942148,305811.466501265,38.2569276638338,38.2569276638338,500,1485194.17177851,-591129.772274707,0.0075494,20365348
2,lap_scale_increase,10000,1,0.1,0.9,1e-06,100,2,0.05,500,0,1,7569,7569,0,7790,7790,2969.08659936699,890.725979810098,760.680245695149,478468.258038593,60.4208290165074,60.4208290165074,500,1484543.29968349,-72508.5255677229,0.007467,20470077
3,lap_scale_increase,10000,1,0.1,0.9,1e-06,100,2,0.05,500,0,1,7569,7569,0,7790,7790,2976.11464823977,892.834394471932,792.572111768409,353479.335354886,44.3760379146195,44.3760379146195,500,1488057.32411988,-450989.318055221,0.008813701,20574806
4,lap_scale_increase,10000,1,0.1,0.9,1e-06,100,2,0.05,500,0,1,7569,7569,0,7790,7790,2983.7204245251,895.11612735753,762.099108420481,344160.403235779,43.1797693499074,43.1797693499074,500,1491860.21226256,-482749.002555216,0.009228,20679535
0,lap_scale_decrease,10000,1,0.1,0.9,1e-06,100,2,0.05,500,0,1,7569,7569,0,7790,7790,3000.21962190411,900.065886571234,757.509612438177,-596843.098728895,77.6165723657118,77.6165723657118,500,-1500109.81095206,-313789.485234628,0.007610701,20260619
1,lap_scale_decrease,10000,1,0.1,0.9,1e-06,100,2,0.05,500,0,1,7569,7569,0,7790,7790,2970.38834355701,891.116503067104,882.992246942148,-684317.981351072,88.8456972209335,88.8456972209335,500,-1485194.17177851,-591129.772274707,0.0070303,20365348
2,lap_scale_decrease,10000,1,0.1,0.9,1e-06,100,2,0.05,500,0,1,7569,7569,0,7790,7790,2969.08659936699,890.725979810098,760.680245695149,-511227.27508374,66.6260943624827,66.6260943624827,500,-1484543.29968349,-72508.5255677229,0.0078278,20470077
3,lap_scale_decrease,10000,1,0.1,0.9,1e-06,100,2,0.05,500,0,1,7569,7569,0,7790,7790,2976.11464823977,892.834394471932,792.572111768409,-638558.880725037,82.9716149839585,82.9716149839585,500,-1488057.32411988,-450989.318055221,0.0071012,20574806
4,lap_scale_decrease,10000,1,0.1,0.9,1e-06,100,2,0.05,500,0,1,7569,7569,0,7790,7790,2983.7204245251,895.11612735753,762.099108420481,-650413.071605921,84.493333967384,84.493333967384,500,-1491860.21226256,-482749.002555216,0.007040099,20679535
0,lap_count_increase,10000,1,0.1,0.9,1e-06,100,2,0.05,500,0,1,7569,7569,0,7790,7790,3000.21962190411,900.065886571234,757.509612438177,-96223.4950782091,13.3521816531719,13.3521816531719,109,1749,-313789.485234628,0.007768799,20260619
1,lap_count_increase,10000,1,0.1,0.9,1e-06,100,2,0.05,500,0,1,7569,7569,0,7790,7790,2970.38834355701,891.116503067104,882.992246942148,-188752.257424902,25.2300715564701,25.2300715564701,96,1503,-591129.772274707,0.0072455,20365348
2,lap_count_increase,10000,1,0.1,0.9,1e-06,100,2,0.05,500,0,1,7569,7569,0,7790,7790,2969.08659936699,890.725979810098,760.680245695149,-16040.8418559074,3.05915813297913,3.05915813297913,128,1016,-72508.5255677229,0.0070919,20470077
3,lap_count_increase,10000,1,0.1,0.9,1e-06,100,2,0.05,500,0,1,7569,7569,0,7790,7790,2976.11464823977,892.834394471932,792.572111768409,-142128.439351741,19.2449857961156,19.2449857961156,114,1234,-450989.318055221,0.0070744,20574806
4,lap_count_increase,10000,1,0.1,0.9,1e-06,100,2,0.05,500,0,1,7569,7569,0,7790,7790,2983.7204245251,895.11612735753,762.099108420481,-152765.000851738,20.6103980554221,20.6103980554221,110,1084,-482749.002555216,0.0070547,20679535
0,lap_count_decrease,10000,1,0.1,0.9,1e-06,100,2,0.05,500,0,1,7569,7569,0,7790,7790,3000.21962190411,900.065886571234,757.509612438177,-97389.4950782093,13.50186072891,13.50186072891,109,-1749,-313789.485234628,0.011238801,20260619
1,lap_count_decrease,10000,1,0.1,0.9,1e-06,100,2,0.05,500,0,1,7569,7569,0,7790,7790,2970.38834355701,891.116503067104,882.992246942148,-189754.257424902,25.3586980006293,25.3586980006293,96,-1503,-591129.772274707,0.0077773,20365348
2,lap_count_decrease,10000,1,0.1,0.9,1e-06,100,2,0.05,500,0,1,7569,7569,0,7790,7790,2969.08659936699,890.725979810098,760.680245695149,-16718.1751892407,3.14610721299624,3.14610721299624,128,-1016,-72508.5255677229,0.0076205,20470077
3,lap_count_decrease,10000,1,0.1,0.9,1e-06,100,2,0.05,500,0,1,7569,7569,0,7790,7790,2976.11464823977,892.834394471932,792.572111768409,-142951.106018407,19.350591273223,19.350591273223,114,-1234,-450989.318055221,0.0063758,20574806
4,lap_count_decrease,10000,1,0.1,0.9,1e-06,100,2,0.05,500,0,1,7569,7569,0,7790,7790,2983.7204245251,895.11612735753,762.099108420481,-153487.667518405,20.7031665620546,20.7031665620546,110,-1084,-482749.002555216,0.006856099,20679535
0,lap_fixed_increase,10000,1,0.1,0.9,1e-06,100,2,0.05,500,0,2,7569,7569,0,7790,7790,3000.21962190411,900.065886571234,757.509612438177,-96473.1617448758,13.3842312894577,13.3842312894577,500,1000,-313789.485234628,0.0070153,20260619
1,lap_fixed_increase,10000,1,0.1,0.9,1e-06,100,2,0.05,500,0,2,7569,7569,0,7790,7790,2970.38834355701,891.116503067104,882.992246942148,-188919.924091569,25.2515948769665,25.2515948769665,500,1000,-591129.772274707,0.0066208,20365348
2,lap_fixed_increase,10000,1,0.1,0.9,1e-06,100,2,0.05,500,0,2,7569,7569,0,7790,7790,2969.08659936699,890.725979810098,760.680245695149,-16046.1751892408,3.05984277140446,3.05984277140446,500,1000,-72508.5255677229,0.0078743,20470077
3,lap_fixed_increase,10000,1,0.1,0.9,1e-06,100,2,0.05,500,0,2,7569,7569,0,7790,7790,2976.11464823977,892.834394471932,792.572111768409,-142206.439351741,19.2549986330861,19.2549986330861,500,1000,-450989.318055221,0.0078917,20574806
4,lap_fixed_increase,10000,1,0.1,0.9,1e-06,100,2,0.05,500,0,2,7569,7569,0,7790,7790,2983.7204245251,895.11612735753,762.099108420481,-152793.000851738,20.6139924071551,20.6139924071551,500,1000,-482749.002555216,0.0075434,20679535
0,lap_fixed_decrease,10000,1,0.1,0.9,1e-06,100,2,0.05,500,0,2,7569,7569,0,7790,7790,3000.21962190411,900.065886571234,757.509612438177,-97139.8284115426,13.4698110926242,13.4698110926242,500,-1000,-313789.485234628,0.0095719,20260619
1,lap_fixed_decrease,10000,1,0.1,0.9,1e-06,100,2,0.05,500,0,2,7569,7569,0,7790,7790,2970.38834355701,891.116503067104,882.992246942148,-189586.590758236,25.337174680133,25.337174680133,500,-1000,-591129.772274707,0.0074118,20365348
2,lap_fixed_decrease,10000,1,0.1,0.9,1e-06,100,2,0.05,500,0,2,7569,7569,0,7790,7790,2969.08659936699,890.725979810098,760.680245695149,-16712.8418559074,3.14542257457091,3.14542257457091,500,-1000,-72508.5255677229,0.0076785,20470077
3,lap_fixed_decrease,10000,1,0.1,0.9,1e-06,100,2,0.05,500,0,2,7569,7569,0,7790,7790,2976.11464823977,892.834394471932,792.572111768409,-142873.106018407,19.3405784362525,19.3405784362525,500,-1000,-450989.318055221,0.0071977,20574806
4,lap_fixed_decrease,10000,1,0.1,0.9,1e-06,100,2,0.05,500,0,2,7569,7569,0,7790,7790,2983.7204245251,895.11612735753,762.099108420481,-153459.667518405,20.6995722103216,20.6995722103216,500,-1000,-482749.002555216,0.0075729,20679535
0,lap_scale_increase,10000,1,0.1,0.9,1e-06,100,2,0.05,500,0,2,7569,7569,0,7790,7790,3000.21962190411,900.065886571234,757.509612438177,903266.712223166,114.952081158301,114.952081158301,500,3000219.62190413,-313789.485234628,0.006835601,20260619
1,lap_scale_increase,10000,1,0.1,0.9,1e-06,100,2,0.05,500,0,2,7569,7569,0,7790,7790,2970.38834355701,891.116503067104,882.992246942148,800876.190427435,101.808240106218,101.808240106218,500,2970388.34355702,-591129.772274707,0.0067882,20365348
2,lap_scale_increase,10000,1,0.1,0.9,1e-06,100,2,0.05,500,0,2,7569,7569,0,7790,7790,2969.08659936699,890.725979810098,760.680245695149,973316.024599757,123.944290706002,123.944290706002,500,2969086.59936698,-72508.5255677229,0.0077523,20470077
3,lap_scale_increase,10000,1,0.1,0.9,1e-06,100,2,0.05,500,0,2,7569,7569,0,7790,7790,2976.11464823977,892.834394471932,792.572111768409,849498.44339485,108.049864363909,108.049864363909,500,2976114.64823976,-450989.318055221,0.008690301,20574806
4,lap_scale_increase,10000,1,0.1,0.9,1e-06,100,2,0.05,500,0,2,7569,7569,0,7790,7790,2983.7204245251,895.11612735753,762.099108420481,841447.140656628,107.016321008553,107.016321008553,500,2983720.42452513,-482749.002555216,0.008941,20679535
0,lap_scale_decrease,10000,1,0.1,0.9,1e-06,100,2,0.05,500,0,2,7569,7569,0,7790,7790,3000.21962190411,900.065886571234,757.509612438177,-1096879.70237958,141.806123540383,141.806123540383,500,-3000219.62190413,-313789.485234628,0.0083503,20260619
1,lap_scale_decrease,10000,1,0.1,0.9,1e-06,100,2,0.05,500,0,2,7569,7569,0,7790,7790,2970.38834355701,891.116503067104,882.992246942148,-1179382.70527724,152.397009663317,152.397009663317,500,-2970388.34355702,-591129.772274707,0.0076693,20365348
2,lap_scale_decrease,10000,1,0.1,0.9,1e-06,100,2,0.05,500,0,2,7569,7569,0,7790,7790,2969.08659936699,890.725979810098,760.680245695149,-1006075.0416449,130.149556051977,130.149556051977,500,-2969086.59936698,-72508.5255677229,0.0075994,20470077
3,lap_scale_decrease,10000,1,0.1,0.9,1e-06,100,2,0.05,500,0,2,7569,7569,0,7790,7790,2976.11464823977,892.834394471932,792.572111768409,-1134577.988765,146.645441433248,146.645441433248,500,-2976114.64823976,-450989.318055221,0.0074896,20574806
4,lap_scale_decrease,10000,1,0.1,0.9,1e-06,100,2,0.05,500,0,2,7569,7569,0,7790,7790,2983.7204245251,895.11612735753,762.099108420481,-1147699.80902677,148.32988562603,148.32988562603,500,-2983720.42452513,-482749.002555216,0.0087939,20679535
0,lap_count_increase,10000,1,0.1,0.9,1e-06,100,2,0.05,500,0,2,7569,7569,0,7790,7790,3000.21962190411,900.065886571234,757.509612438177,-95640.4950782092,13.2773421153029,13.2773421153029,109,3498,-313789.485234628,0.0066864,20260619
1,lap_count_increase,10000,1,0.1,0.9,1e-06,100,2,0.05,500,0,2,7569,7569,0,7790,7790,2970.38834355701,891.116503067104,882.992246942148,-188251.257424902,25.1657583343905,25.1657583343905,96,3006,-591129.772274707,0.0073248,20365348
2,lap_count_increase,10000,1,0.1,0.9,1e-06,100,2,0.05,500,0,2,7569,7569,0,7790,7790,2969.08659936699,890.725979810098,760.680245695149,-15702.1751892407,3.01568359297056,3.01568359297056,128,2032,-72508.5255677229,0.006518501,20470077
3,lap_count_increase,10000,1,0.1,0.9,1e-06,100,2,0.05,500,0,2,7569,7569,0,7790,7790,2976.11464823977,892.834394471932,792.572111768409,-141717.106018407,19.1921830575619,19.1921830575619,114,2468,-450989.318055221,0.0072888,20574806
4,lap_count_increase,10000,1,0.1,0.9,1e-06,100,2,0.05,500,0,2,7569,7569,0,7790,7790,2983.7204245251,895.11612735753,762.099108420481,-152403.667518405,20.5640138021059,20.5640138021059,110,2168,-482749.002555216,0.0062373,20679535
0,lap_count_decrease,10000,1,0.1,0.9,1e-06,100,2,0.05,500,0,2,7569,7569,0,7790,7790,3000.21962190411,900.065886571234,757.509612438177,-97972.4950782093,13.5767002667791,13.5767002667791,109,-3498,-313789.485234628,0.0079554,20260619
1,lap_count_decrease,10000,1,0.1,0.9,1e-06,100,2,0.05,500,0,2,7569,7569,0,7790,7790,2970.38834355701,891.116503067104,882.992246942148,-190255.257424902,25.4230112227089,25.4230112227089,96,-3006,-591129.772274707,0.0071937,20365348
2,lap_count_decrease,10000,1,0.1,0.9,1e-06,100,2,0.05,500,0,2,7569,7569,0,7790,7790,2969.08659936699,890.725979810098,760.680245695149,-17056.8418559074,3.1895817530048,3.1895817530048,128,-2032,-72508.5255677229,0.0067112,20470077
3,lap_count_decrease,10000,1,0.1,0.9,1e-06,100,2,0.05,500,0,2,7569,7569,0,7790,7790,2976.11464823977,892.834394471932,792.572111768409,-143362.439351741,19.4033940117767,19.4033940117767,114,-2468,-450989.318055221,0.007504201,20574806
4,lap_count_decrease,10000,1,0.1,0.9,1e-06,100,2,0.05,500,0,2,7569,7569,0,7790,7790,2983.7204245251,895.11612735753,762.099108420481,-153849.000851738,20.7495508153708,20.7495508153708,110,-2168,-482749.002555216,0.006789401,20679535
0,lap_fixed_increase,10000,1,0.1,0.9,1e-06,100,2,0.1,1000,0,0.25,7569,7569,0,7790,7790,3000.21962190411,900.065886571234,757.509612438177,-96723.1617448758,13.4163237156452,13.4163237156452,1000,250,-313789.485234628,0.0082443,20260619
1,lap_fixed_increase,10000,1,0.1,0.9,1e-06,100,2,0.1,1000,0,0.25,7569,7569,0,7790,7790,2970.38834355701,891.116503067104,882.992246942148,-189169.924091569,25.2836873031539,25.2836873031539,1000,250,-591129.772274707,0.0088343,20365348
2,lap_fixed_increase,10000,1,0.1,0.9,1e-06,100,2,0.1,1000,0,0.25,7569,7569,0,7790,7790,2969.08659936699,890.725979810098,760.680245695149,-16296.1751892407,3.09193519759188,3.09193519759188,1000,250,-72508.5255677229,0.007397201,20470077
3,lap_fixed_increase,10000,1,0.1,0.9,1e-06,100,2,0.1,1000,0,0.25,7569,7569,0,7790,7790,2976.11464823977,892.834394471932,792.572111768409,-142456.439351741,19.2870910592735,19.2870910592735,1000,250,-450989.318055221,0.0072455,20574806
4,lap_fixed_increase,10000,1,0.1,0.9,1e-06,100,2,0.1,1000,0,0.25,7569,7569,0,7790,7790,2983.7204245251,895.11612735753,762.099108420481,-153043.000851739,20.6460848333426,20.6460848333426,1000,250,-482749.002555216,0.0077986,20679535
0,lap_fixed_decrease,10000,1,0.1,0.9,1e-06,100,2,0.1,1000,0,0.25,7569,7569,0,7790,7790,3000.21962190411,900.065886571234,757.509612438177,-96889.8284115426,13.4377186664368,13.4377186664368,1000,-250,-313789.485234628,0.0081483,20260619
1,lap_fixed_decrease,10000,1,0.1,0.9,1e-06,100,2,0.1,1000,0,0.25,7569,7569,0,7790,7790,2970.38834355701,891.116503067104,882.992246942148,-189336.590758236,25.3050822539455,25.3050822539455,1000,-250,-591129.772274707,0.0038098,20365348
2,lap_fixed_decrease,10000,1,0.1,0.9,1e-06,100,2,0.1,1000,0,0.25,7569,7569,0,7790,7790,2969.08659936699,890.725979810098,760.680245695149,-16462.8418559073,3.11333014838348,3.11333014838348,1000,-250,-72508.5255677229,0.0060102,20470077
3,lap_fixed_decrease,10000,1,0.1,0.9,1e-06,100,2,0.1,1000,0,0.25,7569,7569,0,7790,7790,2976.11464823977,892.834394471932,792.572111768409,-142623.106018407,19.3084860100651,19.3084860100651,1000,-250,-450989.318055221,0.0069482,20574806
4,lap_fixed_decrease,10000,1,0.1,0.9,1e-06,100,2,0.1,1000,0,0.25,7569,7569,0,7790,7790,2983.7204245251,895.11612735753,762.099108420481,-153209.667518405,20.6674797841342,20.6674797841342,1000,-250,-482749.002555216,0.007734301,20679535
0,lap_scale_increase,10000,1,0.1,0.9,1e-06,100,2,0.1,1000,0,0.25,7569,7569,0,7790,7790,3000.21962190411,900.065886571234,757.509612438177,153211.806747134,18.6677543962945,18.6677543962945,1000,750054.90547604,-313789.485234628,0.0080651,20260619
1,lap_scale_increase,10000,1,0.1,0.9,1e-06,100,2,0.1,1000,0,0.25,7569,7569,0,7790,7790,2970.38834355701,891.116503067104,882.992246942148,58279.1045381813,6.48127144264202,6.48127144264202,1000,742597.085889237,-591129.772274707,0.007152,20365348
2,lap_scale_increase,10000,1,0.1,0.9,1e-06,100,2,0.1,1000,0,0.25,7569,7569,0,7790,7790,2969.08659936699,890.725979810098,760.680245695149,231044.374758009,28.6590981717598,28.6590981717598,1000,742271.649841761,-72508.5255677229,0.0070919,20470077
3,lap_scale_increase,10000,1,0.1,0.9,1e-06,100,2,0.1,1000,0,0.25,7569,7569,0,7790,7790,2976.11464823977,892.834394471932,792.572111768409,105469.781334907,12.5391246899752,12.5391246899752,1000,744028.662059931,-450989.318055221,0.007845399,20574806
4,lap_scale_increase,10000,1,0.1,0.9,1e-06,100,2,0.1,1000,0,0.25,7569,7569,0,7790,7790,2983.7204245251,895.11612735753,762.099108420481,95517.0345253536,11.2614935205845,11.2614935205845,1000,745930.106131274,-482749.002555216,0.006732899,20679535
0,lap_scale_decrease,10000,1,0.1,0.9,1e-06,100,2,0.1,1000,0,0.25,7569,7569,0,7790,7790,3000.21962190411,900.065886571234,757.509612438177,-346824.796903552,45.5217967783764,45.5217967783764,1000,-750054.90547604,-313789.485234628,0.007627,20260619
1,lap_scale_decrease,10000,1,0.1,0.9,1e-06,100,2,0.1,1000,0,0.25,7569,7569,0,7790,7790,2970.38834355701,891.116503067104,882.992246942148,-436785.619387989,57.0700409997419,57.0700409997419,1000,-742597.085889237,-591129.772274707,0.0079842,20365348
2,lap_scale_decrease,10000,1,0.1,0.9,1e-06,100,2,0.1,1000,0,0.25,7569,7569,0,7790,7790,2969.08659936699,890.725979810098,760.680245695149,-263803.391803157,34.8643635177351,34.8643635177351,1000,-742271.649841761,-72508.5255677229,0.0073036,20470077
3,lap_scale_decrease,10000,1,0.1,0.9,1e-06,100,2,0.1,1000,0,0.25,7569,7569,0,7790,7790,2976.11464823977,892.834394471932,792.572111768409,-390549.326705056,51.1347017593141,51.1347017593141,1000,-744028.662059931,-450989.318055221,0.0070815,20574806
4,lap_scale_decrease,10000,1,0.1,0.9,1e-06,100,2,0.1,1000,0,0.25,7569,7569,0,7790,7790,2983.7204245251,895.11612735753,762.099108420481,-401769.702895495,52.575058138061,52.575058138061,1000,-745930.106131274,-482749.002555216,0.007114,20679535
0,lap_count_increase,10000,1,0.1,0.9,1e-06,100,2,0.1,1000,0,0.25,7569,7569,0,7790,7790,3000.21962190411,900.065886571234,757.509612438177,-96551.5784115425,13.3942976138052,13.3942976138052,210,764.75,-313789.485234628,0.007925,20260619
1,lap_count_increase,10000,1,0.1,0.9,1e-06,100,2,0.1,1000,0,0.25,7569,7569,0,7790,7790,2970.38834355701,891.116503067104,882.992246942148,-188979.674091569,25.2592649668253,25.2592649668253,225,820.75,-591129.772274707,0.0073863,20365348
2,lap_count_increase,10000,1,0.1,0.9,1e-06,100,2,0.1,1000,0,0.25,7569,7569,0,7790,7790,2969.08659936699,890.725979810098,760.680245695149,-16174.8418559074,3.07635967341558,3.07635967341558,225,614,-72508.5255677229,0.0072886,20470077
3,lap_count_increase,10000,1,0.1,0.9,1e-06,100,2,0.1,1000,0,0.25,7569,7569,0,7790,7790,2976.11464823977,892.834394471932,792.572111768409,-142349.272685074,19.2733341059145,19.2733341059145,207,571.5,-450989.318055221,0.0072674,20574806
4,lap_count_increase,10000,1,0.1,0.9,1e-06,100,2,0.1,1000,0,0.25,7569,7569,0,7790,7790,2983.7204245251,895.11612735753,762.099108420481,-152934.584185072,20.6321674178526,20.6321674178526,206,575.25,-482749.002555216,0.007233801,20679535
0,lap_count_decrease,10000,1,0.1,0.9,1e-06,100,2,0.1,1000,0,0.25,7569,7569,0,7790,7790,3000.21962190411,900.065886571234,757.509612438177,-97061.4117448759,13.4597447682768,13.4597447682768,210,-764.75,-313789.485234628,0.0070998,20260619
1,lap_count_decrease,10000,1,0.1,0.9,1e-06,100,2,0.1,1000,0,0.25,7569,7569,0,7790,7790,2970.38834355701,891.116503067104,882.992246942148,-189526.840758236,25.3295045902742,25.3295045902742,225,-820.75,-591129.772274707,0.0078293,20365348
2,lap_count_decrease,10000,1,0.1,0.9,1e-06,100,2,0.1,1000,0,0.25,7569,7569,0,7790,7790,2969.08659936699,890.725979810098,760.680245695149,-16584.1751892407,3.12890567255978,3.12890567255978,225,-614,-72508.5255677229,0.007807801,20470077
3,lap_count_decrease,10000,1,0.1,0.9,1e-06,100,2,0.1,1000,0,0.25,7569,7569,0,7790,7790,2976.11464823977,892.834394471932,792.572111768409,-142730.272685074,19.3222429634241,19.3222429634241,207,-571.5,-450989.318055221,0.0087247,20574806
4,lap_count_decrease,10000,1,0.1,0.9,1e-06,100,2,0.1,1000,0,0.25,7569,7569,0,7790,7790,2983.7204245251,895.11612735753,762.099108420481,-153318.084185072,20.6813971996241,20.6813971996241,206,-575.25,-482749.002555216,0.0068617,20679535
0,lap_fixed_increase,10000,1,0.1,0.9,1e-06,100,2,0.1,1000,0,0.5,7569,7569,0,7790,7790,3000.21962190411,900.065886571234,757.509612438177,-96639.8284115425,13.4056262402494,13.4056262402494,1000,500,-313789.485234628,0.007517,20260619
1,lap_fixed_increase,10000,1,0.1,0.9,1e-06,100,2,0.1,1000,0,0.5,7569,7569,0,7790,7790,2970.38834355701,891.116503067104,882.992246942148,-189086.590758236,25.2729898277581,25.2729898277581,1000,500,-591129.772274707,0.0073253,20365348
2,lap_fixed_increase,10000,1,0.1,0.9,1e-06,100,2,0.1,1000,0,0.5,7569,7569,0,7790,7790,2969.08659936699,890.725979810098,760.680245695149,-16212.8418559074,3.08123772219607,3.08123772219607,1000,500,-72508.5255677229,0.006866,20470077
3,lap_fixed_increase,10000,1,0.1,0.9,1e-06,100,2,0.1,1000,0,0.5,7569,7569,0,7790,7790,2976.11464823977,892.834394471932,792.572111768409,-142373.106018407,19.2763935838777,19.2763935838777,1000,500,-450989.318055221,0.007704,20574806
4,lap_fixed_increase,10000,1,0.1,0.9,1e-06,100,2,0.1,1000,0,0.5,7569,7569,0,7790,7790,2983.7204245251,895.11612735753,762.099108420481,-152959.667518405,20.6353873579468,20.6353873579468,1000,500,-482749.002555216,0.0087749,20679535
0,lap_fixed_decrease,10000,1,0.1,0.9,1e-06,100,2,0.1,1000,0,0.5,7569,7569,0,7790,7790,3000.21962190411,900.065886571234,757.509612438177,-96973.1617448759,13.4484161418326,13.4484161418326,1000,-500,-313789.485234628,0.0071852,20260619
1,lap_fixed_decrease,10000,1,0.1,0.9,1e-06,100,2,0.1,1000,0,0.5,7569,7569,0,7790,7790,2970.38834355701,891.116503067104,882.992246942148,-189419.924091569,25.3157797293413,25.3157797293413,1000,-500,-591129.772274707,0.006865,20365348
2,lap_fixed_decrease,10000,1,0.1,0.9,1e-06,100,2,0.1,1000,0,0.5,7569,7569,0,7790,7790,2969.08659936699,890.725979810098,760.680245695149,-16546.1751892407,3.1240276237793,3.1240276237793,1000,-500,-72508.5255677229,0.0071696,20470077
3,lap_fixed_decrease,10000,1,0.1,0.9,1e-06,100,2,0.1,1000,0,0.5,7569,7569,0,7790,7790,2976.11464823977,892.834394471932,792.572111768409,-142706.439351741,19.3191834854609,19.3191834854609,1000,-500,-450989.318055221,0.0072797,20574806
4,lap_fixed_decrease,10000,1,0.1,0.9,1e-06,100,2,0.1,1000,0,0.5,7569,7569,0,7790,7790,2983.7204245251,895.11612735753,762.099108420481,-153293.000851739,20.67817725953,20.67817725953,1000,-500,-482749.002555216,0.0074287,20679535
0,lap_scale_increase,10000,1,0.1,0.9,1e-06,100,2,0.1,1000,0,0.5,7569,7569,0,7790,7790,3000.21962190411,900.065886571234,757.509612438177,403230.108572475,50.7625299836296,50.7625299836296,1000,1500109.81095208,-313789.485234628,0.0079449,20260619
1,lap_scale_increase,10000,1,0.1,0.9,1e-06,100,2,0.1,1000,0,0.5,7569,7569,0,7790,7790,2970.38834355701,891.116503067104,882.992246942148,305811.466501266,38.2569276638339,38.2569276638339,1000,1485194.17177847,-591129.772274707,0.0097415,20365348
2,lap_scale_increase,10000,1,0.1,0.9,1e-06,100,2,0.1,1000,0,0.5,7569,7569,0,7790,7790,2969.08659936699,890.725979810098,760.680245695149,478468.258038591,60.4208290165071,60.4208290165071,1000,1484543.29968352,-72508.5255677229,0.0073567,20470077
3,lap_scale_increase,10000,1,0.1,0.9,1e-06,100,2,0.1,1000,0,0.5,7569,7569,0,7790,7790,2976.11464823977,892.834394471932,792.572111768409,353479.335354887,44.3760379146196,44.3760379146196,1000,1488057.32411986,-450989.318055221,0.0071945,20574806
4,lap_scale_increase,10000,1,0.1,0.9,1e-06,100,2,0.1,1000,0,0.5,7569,7569,0,7790,7790,2983.7204245251,895.11612735753,762.099108420481,344160.403235779,43.1797693499074,43.1797693499074,1000,1491860.21226255,-482749.002555216,0.0097619,20679535
0,lap_scale_decrease,10000,1,0.1,0.9,1e-06,100,2,0.1,1000,0,0.5,7569,7569,0,7790,7790,3000.21962190411,900.065886571234,757.509612438177,-596843.098728895,77.6165723657118,77.6165723657118,1000,-1500109.81095208,-313789.485234628,0.0076965,20260619
1,lap_scale_decrease,10000,1,0.1,0.9,1e-06,100,2,0.1,1000,0,0.5,7569,7569,0,7790,7790,2970.38834355701,891.116503067104,882.992246942148,-684317.981351074,88.8456972209337,88.8456972209337,1000,-1485194.17177847,-591129.772274707,0.0084324,20365348
2,lap_scale_decrease,10000,1,0.1,0.9,1e-06,100,2,0.1,1000,0,0.5,7569,7569,0,7790,7790,2969.08659936699,890.725979810098,760.680245695149,-511227.27508374,66.6260943624827,66.6260943624827,1000,-1484543.29968352,-72508.5255677229,0.008125901,20470077
3,lap_scale_decrease,10000,1,0.1,0.9,1e-06,100,2,0.1,1000,0,0.5,7569,7569,0,7790,7790,2976.11464823977,892.834394471932,792.572111768409,-638558.880725037,82.9716149839586,82.9716149839586,1000,-1488057.32411986,-450989.318055221,0.007443,20574806
4,lap_scale_decrease,10000,1,0.1,0.9,1e-06,100,2,0.1,1000,0,0.5,7569,7569,0,7790,7790,2983.7204245251,895.11612735753,762.099108420481,-650413.071605921,84.493333967384,84.493333967384,1000,-1491860.21226255,-482749.002555216,0.0073983,20679535
0,lap_count_increase,10000,1,0.1,0.9,1e-06,100,2,0.1,1000,0,0.5,7569,7569,0,7790,7790,3000.21962190411,900.065886571234,757.509612438177,-96296.6617448758,13.3615740365694,13.3615740365694,210,1529.5,-313789.485234628,0.0064074,20260619
1,lap_count_increase,10000,1,0.1,0.9,1e-06,100,2,0.1,1000,0,0.5,7569,7569,0,7790,7790,2970.38834355701,891.116503067104,882.992246942148,-188706.090758236,25.2241451551009,25.2241451551009,225,1641.5,-591129.772274707,0.0076428,20365348
2,lap_count_increase,10000,1,0.1,0.9,1e-06,100,2,0.1,1000,0,0.5,7569,7569,0,7790,7790,2969.08659936699,890.725979810098,760.680245695149,-15970.1751892408,3.05008667384349,3.05008667384349,225,1228,-72508.5255677229,0.0085805,20470077
3,lap_count_increase,10000,1,0.1,0.9,1e-06,100,2,0.1,1000,0,0.5,7569,7569,0,7790,7790,2976.11464823977,892.834394471932,792.572111768409,-142158.772685074,19.2488796771597,19.2488796771597,207,1143,-450989.318055221,0.008009101,20574806
4,lap_count_increase,10000,1,0.1,0.9,1e-06,100,2,0.1,1000,0,0.5,7569,7569,0,7790,7790,2983.7204245251,895.11612735753,762.099108420481,-152742.834185072,20.6075525269669,20.6075525269669,206,1150.5,-482749.002555216,0.0081175,20679535
0,lap_count_decrease,10000,1,0.1,0.9,1e-06,100,2,0.1,1000,0,0.5,7569,7569,0,7790,7790,3000.21962190411,900.065886571234,757.509612438177,-97316.3284115426,13.4924683455125,13.4924683455125,210,-1529.5,-313789.485234628,0.0075362,20260619
1,lap_count_decrease,10000,1,0.1,0.9,1e-06,100,2,0.1,1000,0,0.5,7569,7569,0,7790,7790,2970.38834355701,891.116503067104,882.992246942148,-189800.424091569,25.3646244019986,25.3646244019986,225,-1641.5,-591129.772274707,0.0060304,20365348
2,lap_count_decrease,10000,1,0.1,0.9,1e-06,100,2,0.1,1000,0,0.5,7569,7569,0,7790,7790,2969.08659936699,890.725979810098,760.680245695149,-16788.8418559074,3.15517867213189,3.15517867213189,225,-1228,-72508.5255677229,0.0076041,20470077
3,lap_count_decrease,10000,1,0.1,0.9,1e-06,100,2,0.1,1000,0,0.5,7569,7569,0,7790,7790,2976.11464823977,892.834394471932,792.572111768409,-142920.772685074,19.3466973921789,19.3466973921789,207,-1143,-450989.318055221,0.009585,20574806
4,lap_count_decrease,10000,1,0.1,0.9,1e-06,100,2,0.1,1000,0,0.5,7569,7569,0,7790,7790,2983.7204245251,895.11612735753,762.099108420481,-153509.834185072,20.7060120905099,20.7060120905099,206,-1150.5,-482749.002555216,0.0081497,20679535
0,lap_fixed_increase,10000,1,0.1,0.9,1e-06,100,2,0.1,1000,0,1,7569,7569,0,7790,7790,3000.21962190411,900.065886571234,757.509612438177,-96473.1617448758,13.3842312894577,13.3842312894577,1000,1000,-313789.485234628,0.00954,20260619
1,lap_fixed_increase,10000,1,0.1,0.9,1e-06,100,2,0.1,1000,0,1,7569,7569,0,7790,7790,2970.38834355701,891.116503067104,882.992246942148,-188919.924091569,25.2515948769665,25.2515948769665,1000,1000,-591129.772274707,0.012012101,20365348
2,lap_fixed_increase,10000,1,0.1,0.9,1e-06,100,2,0.1,1000,0,1,7569,7569,0,7790,7790,2969.08659936699,890.725979810098,760.680245695149,-16046.1751892408,3.05984277140446,3.05984277140446,1000,1000,-72508.5255677229,0.007463101,20470077
3,lap_fixed_increase,10000,1,0.1,0.9,1e-06,100,2,0.1,1000,0,1,7569,7569,0,7790,7790,2976.11464823977,892.834394471932,792.572111768409,-142206.439351741,19.2549986330861,19.2549986330861,1000,1000,-450989.318055221,0.0076813,20574806
4,lap_fixed_increase,10000,1,0.1,0.9,1e-06,100,2,0.1,1000,0,1,7569,7569,0,7790,7790,2983.7204245251,895.11612735753,762.099108420481,-152793.000851738,20.6139924071551,20.6139924071551,1000,1000,-482749.002555216,0.0072146,20679535
0,lap_fixed_decrease,10000,1,0.1,0.9,1e-06,100,2,0.1,1000,0,1,7569,7569,0,7790,7790,3000.21962190411,900.065886571234,757.509612438177,-97139.8284115426,13.4698110926242,13.4698110926242,1000,-1000,-313789.485234628,0.0115607,20260619
1,lap_fixed_decrease,10000,1,0.1,0.9,1e-06,100,2,0.1,1000,0,1,7569,7569,0,7790,7790,2970.38834355701,891.116503067104,882.992246942148,-189586.590758236,25.337174680133,25.337174680133,1000,-1000,-591129.772274707,0.0070348,20365348
2,lap_fixed_decrease,10000,1,0.1,0.9,1e-06,100,2,0.1,1000,0,1,7569,7569,0,7790,7790,2969.08659936699,890.725979810098,760.680245695149,-16712.8418559074,3.14542257457091,3.14542257457091,1000,-1000,-72508.5255677229,0.0075052,20470077
3,lap_fixed_decrease,10000,1,0.1,0.9,1e-06,100,2,0.1,1000,0,1,7569,7569,0,7790,7790,2976.11464823977,892.834394471932,792.572111768409,-142873.106018407,19.3405784362525,19.3405784362525,1000,-1000,-450989.318055221,0.0071923,20574806
4,lap_fixed_decrease,10000,1,0.1,0.9,1e-06,100,2,0.1,1000,0,1,7569,7569,0,7790,7790,2983.7204245251,895.11612735753,762.099108420481,-153459.667518405,20.6995722103216,20.6995722103216,1000,-1000,-482749.002555216,0.007687,20679535
0,lap_scale_increase,10000,1,0.1,0.9,1e-06,100,2,0.1,1000,0,1,7569,7569,0,7790,7790,3000.21962190411,900.065886571234,757.509612438177,903266.712223166,114.952081158301,114.952081158301,1000,3000219.62190416,-313789.485234628,0.007710201,20260619
1,lap_scale_increase,10000,1,0.1,0.9,1e-06,100,2,0.1,1000,0,1,7569,7569,0,7790,7790,2970.38834355701,891.116503067104,882.992246942148,800876.190427434,101.808240106217,101.808240106217,1000,2970388.34355695,-591129.772274707,0.0091076,20365348
2,lap_scale_increase,10000,1,0.1,0.9,1e-06,100,2,0.1,1000,0,1,7569,7569,0,7790,7790,2969.08659936699,890.725979810098,760.680245695149,973316.024599756,123.944290706002,123.944290706002,1000,2969086.59936704,-72508.5255677229,0.0081113,20470077
3,lap_scale_increase,10000,1,0.1,0.9,1e-06,100,2,0.1,1000,0,1,7569,7569,0,7790,7790,2976.11464823977,892.834394471932,792.572111768409,849498.44339485,108.049864363909,108.049864363909,1000,2976114.64823973,-450989.318055221,0.007356799,20574806
4,lap_scale_increase,10000,1,0.1,0.9,1e-06,100,2,0.1,1000,0,1,7569,7569,0,7790,7790,2983.7204245251,895.11612735753,762.099108420481,841447.140656628,107.016321008553,107.016321008553,1000,2983720.4245251,-482749.002555216,0.007696201,20679535
0,lap_scale_decrease,10000,1,0.1,0.9,1e-06,100,2,0.1,1000,0,1,7569,7569,0,7790,7790,3000.21962190411,900.065886571234,757.509612438177,-1096879.70237958,141.806123540383,141.806123540383,1000,-3000219.62190416,-313789.485234628,0.0073136,20260619
1,lap_scale_decrease,10000,1,0.1,0.9,1e-06,100,2,0.1,1000,0,1,7569,7569,0,7790,7790,2970.38834355701,891.116503067104,882.992246942148,-1179382.70527724,152.397009663317,152.397009663317,1000,-2970388.34355695,-591129.772274707,0.0075474,20365348
2,lap_scale_decrease,10000,1,0.1,0.9,1e-06,100,2,0.1,1000,0,1,7569,7569,0,7790,7790,2969.08659936699,890.725979810098,760.680245695149,-1006075.04164491,130.149556051978,130.149556051978,1000,-2969086.59936704,-72508.5255677229,0.007650801,20470077
3,lap_scale_decrease,10000,1,0.1,0.9,1e-06,100,2,0.1,1000,0,1,7569,7569,0,7790,7790,2976.11464823977,892.834394471932,792.572111768409,-1134577.988765,146.645441433248,146.645441433248,1000,-2976114.64823973,-450989.318055221,0.0074589,20574806
4,lap_scale_decrease,10000,1,0.1,0.9,1e-06,100,2,0.1,1000,0,1,7569,7569,0,7790,7790,2983.7204245251,895.11612735753,762.099108420481,-1147699.80902677,148.32988562603,148.32988562603,1000,-2983720.4245251,-482749.002555216,0.0098454,20679535
0,lap_count_increase,10000,1,0.1,0.9,1e-06,100,2,0.1,1000,0,1,7569,7569,0,7790,7790,3000.21962190411,900.065886571234,757.509612438177,-95786.8284115425,13.2961268820979,13.2961268820979,210,3059,-313789.485234628,0.0071945,20260619
1,lap_count_increase,10000,1,0.1,0.9,1e-06,100,2,0.1,1000,0,1,7569,7569,0,7790,7790,2970.38834355701,891.116503067104,882.992246942148,-188158.924091569,25.153905531652,25.153905531652,225,3283,-591129.772274707,0.0072372,20365348
2,lap_count_increase,10000,1,0.1,0.9,1e-06,100,2,0.1,1000,0,1,7569,7569,0,7790,7790,2969.08659936699,890.725979810098,760.680245695149,-15560.8418559073,2.99754067469927,2.99754067469927,225,2456,-72508.5255677229,0.0073113,20470077
3,lap_count_increase,10000,1,0.1,0.9,1e-06,100,2,0.1,1000,0,1,7569,7569,0,7790,7790,2976.11464823977,892.834394471932,792.572111768409,-141777.772685074,19.19997081965,19.19997081965,207,2286,-450989.318055221,0.0086401,20574806
4,lap_count_increase,10000,1,0.1,0.9,1e-06,100,2,0.1,1000,0,1,7569,7569,0,7790,7790,2983.7204245251,895.11612735753,762.099108420481,-152359.334185072,20.5583227451954,20.5583227451954,206,2301,-482749.002555216,0.0075739,20679535
0,lap_count_decrease,10000,1,0.1,0.9,1e-06,100,2,0.1,1000,0,1,7569,7569,0,7790,7790,3000.21962190411,900.065886571234,757.509612438177,-97826.161744876,13.5579154999841,13.5579154999841,210,-3059,-313789.485234628,0.0076377,20260619
1,lap_count_decrease,10000,1,0.1,0.9,1e-06,100,2,0.1,1000,0,1,7569,7569,0,7790,7790,2970.38834355701,891.116503067104,882.992246942148,-190347.590758236,25.4348640254475,25.4348640254475,225,-3283,-591129.772274707,0.007225,20365348
2,lap_count_decrease,10000,1,0.1,0.9,1e-06,100,2,0.1,1000,0,1,7569,7569,0,7790,7790,2969.08659936699,890.725979810098,760.680245695149,-17198.1751892407,3.20772467127609,3.20772467127609,225,-2456,-72508.5255677229,0.0076457,20470077
3,lap_count_decrease,10000,1,0.1,0.9,1e-06,100,2,0.1,1000,0,1,7569,7569,0,7790,7790,2976.11464823977,892.834394471932,792.572111768409,-143301.772685074,19.3956062496886,19.3956062496886,207,-2286,-450989.318055221,0.0070514,20574806
4,lap_count_decrease,10000,1,0.1,0.9,1e-06,100,2,0.1,1000,0,1,7569,7569,0,7790,7790,2983.7204245251,895.11612735753,762.099108420481,-153893.334185072,20.7552418722814,20.7552418722814,206,-2301,-482749.002555216,0.008306,20679535
0,lap_fixed_increase,10000,1,0.1,0.9,1e-06,100,2,0.1,1000,0,2,7569,7569,0,7790,7790,3000.21962190411,900.065886571234,757.509612438177,-96139.8284115425,13.3414413878745,13.3414413878745,1000,2000,-313789.485234628,0.0070986,20260619
1,lap_fixed_increase,10000,1,0.1,0.9,1e-06,100,2,0.1,1000,0,2,7569,7569,0,7790,7790,2970.38834355701,891.116503067104,882.992246942148,-188586.590758236,25.2088049753833,25.2088049753833,1000,2000,-591129.772274707,0.00864,20365348
2,lap_fixed_increase,10000,1,0.1,0.9,1e-06,100,2,0.1,1000,0,2,7569,7569,0,7790,7790,2969.08659936699,890.725979810098,760.680245695149,-15712.8418559073,3.01705286982122,3.01705286982122,1000,2000,-72508.5255677229,0.0085112,20470077
3,lap_fixed_increase,10000,1,0.1,0.9,1e-06,100,2,0.1,1000,0,2,7569,7569,0,7790,7790,2976.11464823977,892.834394471932,792.572111768409,-141873.106018407,19.2122087315028,19.2122087315028,1000,2000,-450989.318055221,0.007005,20574806
4,lap_fixed_increase,10000,1,0.1,0.9,1e-06,100,2,0.1,1000,0,2,7569,7569,0,7790,7790,2983.7204245251,895.11612735753,762.099108420481,-152459.667518405,20.5712025055719,20.5712025055719,1000,2000,-482749.002555216,0.0069438,20679535
0,lap_fixed_decrease,10000,1,0.1,0.9,1e-06,100,2,0.1,1000,0,2,7569,7569,0,7790,7790,3000.21962190411,900.065886571234,757.509612438177,-97473.161744876,13.5126009942074,13.5126009942074,1000,-2000,-313789.485234628,0.0079621,20260619
1,lap_fixed_decrease,10000,1,0.1,0.9,1e-06,100,2,0.1,1000,0,2,7569,7569,0,7790,7790,2970.38834355701,891.116503067104,882.992246942148,-189919.924091569,25.3799645817162,25.3799645817162,1000,-2000,-591129.772274707,0.0084656,20365348
2,lap_fixed_decrease,10000,1,0.1,0.9,1e-06,100,2,0.1,1000,0,2,7569,7569,0,7790,7790,2969.08659936699,890.725979810098,760.680245695149,-17046.1751892407,3.18821247615413,3.18821247615413,1000,-2000,-72508.5255677229,0.007598401,20470077
3,lap_fixed_decrease,10000,1,0.1,0.9,1e-06,100,2,0.1,1000,0,2,7569,7569,0,7790,7790,2976.11464823977,892.834394471932,792.572111768409,-143206.439351741,19.3833683378358,19.3833683378358,1000,-2000,-450989.318055221,0.0072031,20574806
4,lap_fixed_decrease,10000,1,0.1,0.9,1e-06,100,2,0.1,1000,0,2,7569,7569,0,7790,7790,2983.7204245251,895.11612735753,762.099108420481,-153793.000851738,20.7423621119048,20.7423621119048,1000,-2000,-482749.002555216,0.0084826,20679535
0,lap_scale_increase,10000,1,0.1,0.9,1e-06,100,2,0.1,1000,0,2,7569,7569,0,7790,7790,3000.21962190411,900.065886571234,757.509612438177,1903339.91952453,243.331183507642,243.331183507642,1000,6000439.24380832,-313789.485234628,0.0068871,20260619
1,lap_scale_increase,10000,1,0.1,0.9,1e-06,100,2,0.1,1000,0,2,7569,7569,0,7790,7790,2970.38834355701,891.116503067104,882.992246942148,1791005.63827977,228.910864990984,228.910864990984,1000,5940776.6871139,-591129.772274707,0.0072521,20365348
2,lap_scale_increase,10000,1,0.1,0.9,1e-06,100,2,0.1,1000,0,2,7569,7569,0,7790,7790,2969.08659936699,890.725979810098,760.680245695149,1963011.55772209,250.991214084992,250.991214084992,1000,5938173.19873409,-72508.5255677229,0.008217201,20470077
3,lap_scale_increase,10000,1,0.1,0.9,1e-06,100,2,0.1,1000,0,2,7569,7569,0,7790,7790,2976.11464823977,892.834394471932,792.572111768409,1841536.65947477,235.397517262487,235.397517262487,1000,5952229.29647945,-450989.318055221,0.0076621,20574806
4,lap_scale_increase,10000,1,0.1,0.9,1e-06,100,2,0.1,1000,0,2,7569,7569,0,7790,7790,2983.7204245251,895.11612735753,762.099108420481,1836020.61549833,234.689424325845,234.689424325845,1000,5967440.84905019,-482749.002555216,0.0078913,20679535
0,lap_scale_decrease,10000,1,0.1,0.9,1e-06,100,2,0.1,1000,0,2,7569,7569,0,7790,7790,3000.21962190411,900.065886571234,757.509612438177,-2096952.90968095,270.185225889724,270.185225889724,1000,-6000439.24380832,-313789.485234628,0.013629101,20260619
1,lap_scale_decrease,10000,1,0.1,0.9,1e-06,100,2,0.1,1000,0,2,7569,7569,0,7790,7790,2970.38834355701,891.116503067104,882.992246942148,-2169512.15312958,279.499634548084,279.499634548084,1000,-5940776.6871139,-591129.772274707,0.0071805,20365348
2,lap_scale_decrease,10000,1,0.1,0.9,1e-06,100,2,0.1,1000,0,2,7569,7569,0,7790,7790,2969.08659936699,890.725979810098,760.680245695149,-1995770.57476724,257.196479430967,257.196479430967,1000,-5938173.19873409,-72508.5255677229,0.0076047,20470077
3,lap_scale_decrease,10000,1,0.1,0.9,1e-06,100,2,0.1,1000,0,2,7569,7569,0,7790,7790,2976.11464823977,892.834394471932,792.572111768409,-2126616.20484492,273.993094331825,273.993094331825,1000,-5952229.29647945,-450989.318055221,0.007711201,20574806
4,lap_scale_decrease,10000,1,0.1,0.9,1e-06,100,2,0.1,1000,0,2,7569,7569,0,7790,7790,2983.7204245251,895.11612735753,762.099108420481,-2142273.28386847,276.002988943321,276.002988943321,1000,-5967440.84905019,-482749.002555216,0.0093584,20679535
0,lap_count_increase,10000,1,0.1,0.9,1e-06,100,2,0.1,1000,0,2,7569,7569,0,7790,7790,3000.21962190411,900.065886571234,757.509612438177,-94767.1617448758,13.1652325731548,13.1652325731548,210,6118,-313789.485234628,0.0073864,20260619
1,lap_count_increase,10000,1,0.1,0.9,1e-06,100,2,0.1,1000,0,2,7569,7569,0,7790,7790,2970.38834355701,891.116503067104,882.992246942148,-187064.590758236,25.0134262847543,25.0134262847543,225,6566,-591129.772274707,0.0099876,20365348
2,lap_count_increase,10000,1,0.1,0.9,1e-06,100,2,0.1,1000,0,2,7569,7569,0,7790,7790,2969.08659936699,890.725979810098,760.680245695149,-14742.1751892407,2.89244867641087,2.89244867641087,225,4912,-72508.5255677229,0.0074118,20470077
3,lap_count_increase,10000,1,0.1,0.9,1e-06,100,2,0.1,1000,0,2,7569,7569,0,7790,7790,2976.11464823977,892.834394471932,792.572111768409,-141015.772685074,19.1021531046308,19.1021531046308,207,4572,-450989.318055221,0.0072938,20574806
4,lap_count_increase,10000,1,0.1,0.9,1e-06,100,2,0.1,1000,0,2,7569,7569,0,7790,7790,2983.7204245251,895.11612735753,762.099108420481,-151592.334185072,20.4598631816523,20.4598631816523,206,4602,-482749.002555216,0.007856,20679535
0,lap_count_decrease,10000,1,0.1,0.9,1e-06,100,2,0.1,1000,0,2,7569,7569,0,7790,7790,3000.21962190411,900.065886571234,757.509612438177,-98845.8284115426,13.6888098089272,13.6888098089272,210,-6118,-313789.485234628,0.0102154,20260619
1,lap_count_decrease,10000,1,0.1,0.9,1e-06,100,2,0.1,1000,0,2,7569,7569,0,7790,7790,2970.38834355701,891.116503067104,882.992246942148,-191441.924091569,25.5753432723452,25.5753432723452,225,-6566,-591129.772274707,0.0070414,20365348
2,lap_count_decrease,10000,1,0.1,0.9,1e-06,100,2,0.1,1000,0,2,7569,7569,0,7790,7790,2969.08659936699,890.725979810098,760.680245695149,-18016.8418559073,3.31281666956449,3.31281666956449,225,-4912,-72508.5255677229,0.0079236,20470077
3,lap_count_decrease,10000,1,0.1,0.9,1e-06,100,2,0.1,1000,0,2,7569,7569,0,7790,7790,2976.11464823977,892.834394471932,792.572111768409,-144063.772685074,19.4934239647078,19.4934239647078,207,-4572,-450989.318055221,0.008377,20574806
4,lap_count_decrease,10000,1,0.1,0.9,1e-06,100,2,0.1,1000,0,2,7569,7569,0,7790,7790,2983.7204245251,895.11612735753,762.099108420481,-154660.334185072,20.8537014358244,20.8537014358244,206,-4602,-482749.002555216,0.009931,20679535
0,lap_fixed_increase,10000,1,0.1,0.9,1e-06,100,2,0.15,1500,0,0.25,7569,7569,0,7790,7790,3000.21962190411,900.065886571234,757.509612438177,-96681.4950782091,13.4109749779473,13.4109749779473,1500,375,-313789.485234628,0.007394499,20260619
1,lap_fixed_increase,10000,1,0.1,0.9,1e-06,100,2,0.15,1500,0,0.25,7569,7569,0,7790,7790,2970.38834355701,891.116503067104,882.992246942148,-189128.257424902,25.278338565456,25.278338565456,1500,375,-591129.772274707,0.006356099,20365348
2,lap_fixed_increase,10000,1,0.1,0.9,1e-06,100,2,0.15,1500,0,0.25,7569,7569,0,7790,7790,2969.08659936699,890.725979810098,760.680245695149,-16254.5085225741,3.08658645989397,3.08658645989397,1500,375,-72508.5255677229,0.007971,20470077
3,lap_fixed_increase,10000,1,0.1,0.9,1e-06,100,2,0.15,1500,0,0.25,7569,7569,0,7790,7790,2976.11464823977,892.834394471932,792.572111768409,-142414.772685074,19.2817423215756,19.2817423215756,1500,375,-450989.318055221,0.0069321,20574806
4,lap_fixed_increase,10000,1,0.1,0.9,1e-06,100,2,0.15,1500,0,0.25,7569,7569,0,7790,7790,2983.7204245251,895.11612735753,762.099108420481,-153001.334185072,20.6407360956447,20.6407360956447,1500,375,-482749.002555216,0.007187299,20679535
0,lap_fixed_decrease,10000,1,0.1,0.9,1e-06,100,2,0.15,1500,0,0.25,7569,7569,0,7790,7790,3000.21962190411,900.065886571234,757.509612438177,-96931.4950782092,13.4430674041347,13.4430674041347,1500,-375,-313789.485234628,0.0108553,20260619
1,lap_fixed_decrease,10000,1,0.1,0.9,1e-06,100,2,0.15,1500,0,0.25,7569,7569,0,7790,7790,2970.38834355701,891.116503067104,882.992246942148,-189378.257424902,25.3104309916434,25.3104309916434,1500,-375,-591129.772274707,0.007927001,20365348
2,lap_fixed_decrease,10000,1,0.1,0.9,1e-06,100,2,0.15,1500,0,0.25,7569,7569,0,7790,7790,2969.08659936699,890.725979810098,760.680245695149,-16504.508522574,3.11867888608139,3.11867888608139,1500,-375,-72508.5255677229,0.0075761,20470077
3,lap_fixed_decrease,10000,1,0.1,0.9,1e-06,100,2,0.15,1500,0,0.25,7569,7569,0,7790,7790,2976.11464823977,892.834394471932,792.572111768409,-142664.772685074,19.313834747763,19.313834747763,1500,-375,-450989.318055221,0.0092406,20574806
4,lap_fixed_decrease,10000,1,0.1,0.9,1e-06,100,2,0.15,1500,0,0.25,7569,7569,0,7790,7790,2983.7204245251,895.11612735753,762.099108420481,-153251.334185072,20.6728285218321,20.6728285218321,1500,-375,-482749.002555216,0.0076312,20679535
0,lap_scale_increase,10000,1,0.1,0.9,1e-06,100,2,0.15,1500,0,0.25,7569,7569,0,7790,7790,3000.21962190411,900.065886571234,757.509612438177,278220.957659804,34.715142189962,34.715142189962,1500,1125082.35821406,-313789.485234628,0.0067651,20260619
1,lap_scale_increase,10000,1,0.1,0.9,1e-06,100,2,0.15,1500,0,0.25,7569,7569,0,7790,7790,2970.38834355701,891.116503067104,882.992246942148,182045.285519724,22.3690995532379,22.3690995532379,1500,1113895.62883384,-591129.772274707,0.0064423,20365348
2,lap_scale_increase,10000,1,0.1,0.9,1e-06,100,2,0.15,1500,0,0.25,7569,7569,0,7790,7790,2969.08659936699,890.725979810098,760.680245695149,354756.316398302,44.5399635941337,44.5399635941337,1500,1113407.47476265,-72508.5255677229,0.0090971,20470077
3,lap_scale_increase,10000,1,0.1,0.9,1e-06,100,2,0.15,1500,0,0.25,7569,7569,0,7790,7790,2976.11464823977,892.834394471932,792.572111768409,229474.558344897,28.4575813022975,28.4575813022975,1500,1116042.99308989,-450989.318055221,0.008136499,20574806
4,lap_scale_increase,10000,1,0.1,0.9,1e-06,100,2,0.15,1500,0,0.25,7569,7569,0,7790,7790,2983.7204245251,895.11612735753,762.099108420481,219838.718880566,27.220631435246,27.220631435246,1500,1118895.15919691,-482749.002555216,0.0098286,20679535
0,lap_scale_decrease,10000,1,0.1,0.9,1e-06,100,2,0.15,1500,0,0.25,7569,7569,0,7790,7790,3000.21962190411,900.065886571234,757.509612438177,-471833.947816224,61.5691845720442,61.5691845720442,1500,-1125082.35821406,-313789.485234628,0.0121045,20260619
1,lap_scale_decrease,10000,1,0.1,0.9,1e-06,100,2,0.15,1500,0,0.25,7569,7569,0,7790,7790,2970.38834355701,891.116503067104,882.992246942148,-560551.800369531,72.9578691103378,72.9578691103378,1500,-1113895.62883384,-591129.772274707,0.0074864,20365348
2,lap_scale_decrease,10000,1,0.1,0.9,1e-06,100,2,0.15,1500,0,0.25,7569,7569,0,7790,7790,2969.08659936699,890.725979810098,760.680245695149,-387515.333443449,50.745228940109,50.745228940109,1500,-1113407.47476265,-72508.5255677229,0.0075147,20470077
3,lap_scale_decrease,10000,1,0.1,0.9,1e-06,100,2,0.15,1500,0,0.25,7569,7569,0,7790,7790,2976.11464823977,892.834394471932,792.572111768409,-514554.103715046,67.0531583716362,67.0531583716362,1500,-1116042.99308989,-450989.318055221,0.008721001,20574806
4,lap_scale_decrease,10000,1,0.1,0.9,1e-06,100,2,0.15,1500,0,0.25,7569,7569,0,7790,7790,2983.7204245251,895.11612735753,762.099108420481,-526091.38725071,68.5341960527227,68.5341960527227,1500,-1118895.15919691,-482749.002555216,0.0093807,20679535
0,lap_count_increase,10000,1,0.1,0.9,1e-06,100,2,0.15,1500,0,0.25,7569,7569,0,7790,7790,3000.21962190411,900.065886571234,757.509612438177,-96410.5784115425,13.3761974854355,13.3761974854355,309,1187.75,-313789.485234628,0.010205,20260619
1,lap_count_increase,10000,1,0.1,0.9,1e-06,100,2,0.15,1500,0,0.25,7569,7569,0,7790,7790,2970.38834355701,891.116503067104,882.992246942148,-188907.840758236,25.2500437430341,25.2500437430341,337,1036.25,-591129.772274707,0.0081043,20365348
2,lap_count_increase,10000,1,0.1,0.9,1e-06,100,2,0.15,1500,0,0.25,7569,7569,0,7790,7790,2969.08659936699,890.725979810098,760.680245695149,-16111.2585225741,3.06819749968859,3.06819749968859,326,804.75,-72508.5255677229,0.0069231,20470077
3,lap_count_increase,10000,1,0.1,0.9,1e-06,100,2,0.15,1500,0,0.25,7569,7569,0,7790,7790,2976.11464823977,892.834394471932,792.572111768409,-142236.272685074,19.2588283292778,19.2588283292778,312,910.5,-450989.318055221,0.006974601,20574806
4,lap_count_increase,10000,1,0.1,0.9,1e-06,100,2,0.15,1500,0,0.25,7569,7569,0,7790,7790,2983.7204245251,895.11612735753,762.099108420481,-152819.167518405,20.6173514144294,20.6173514144294,318,921.5,-482749.002555216,0.0074062,20679535
0,lap_count_decrease,10000,1,0.1,0.9,1e-06,100,2,0.15,1500,0,0.25,7569,7569,0,7790,7790,3000.21962190411,900.065886571234,757.509612438177,-97202.4117448759,13.4778448966465,13.4778448966465,309,-1187.75,-313789.485234628,0.0068179,20260619
1,lap_count_decrease,10000,1,0.1,0.9,1e-06,100,2,0.15,1500,0,0.25,7569,7569,0,7790,7790,2970.38834355701,891.116503067104,882.992246942148,-189598.674091569,25.3387258140653,25.3387258140653,337,-1036.25,-591129.772274707,0.007469501,20365348
2,lap_count_decrease,10000,1,0.1,0.9,1e-06,100,2,0.15,1500,0,0.25,7569,7569,0,7790,7790,2969.08659936699,890.725979810098,760.680245695149,-16647.7585225741,3.13706784628679,3.13706784628679,326,-804.75,-72508.5255677229,0.007454801,20470077
3,lap_count_decrease,10000,1,0.1,0.9,1e-06,100,2,0.15,1500,0,0.25,7569,7569,0,7790,7790,2976.11464823977,892.834394471932,792.572111768409,-142843.272685074,19.3367487400608,19.3367487400608,312,-910.5,-450989.318055221,0.0083059,20574806
4,lap_count_decrease,10000,1,0.1,0.9,1e-06,100,2,0.15,1500,0,0.25,7569,7569,0,7790,7790,2983.7204245251,895.11612735753,762.099108420481,-153433.500851739,20.6962132030473,20.6962132030473,318,-921.5,-482749.002555216,0.0080138,20679535
0,lap_fixed_increase,10000,1,0.1,0.9,1e-06,100,2,0.15,1500,0,0.5,7569,7569,0,7790,7790,3000.21962190411,900.065886571234,757.509612438177,-96556.4950782092,13.3949287648536,13.3949287648536,1500,750,-313789.485234628,0.007458001,20260619
1,lap_fixed_increase,10000,1,0.1,0.9,1e-06,100,2,0.15,1500,0,0.5,7569,7569,0,7790,7790,2970.38834355701,891.116503067104,882.992246942148,-189003.257424902,25.2622923523623,25.2622923523623,1500,750,-591129.772274707,0.0085006,20365348
2,lap_fixed_increase,10000,1,0.1,0.9,1e-06,100,2,0.15,1500,0,0.5,7569,7569,0,7790,7790,2969.08659936699,890.725979810098,760.680245695149,-16129.5085225741,3.07054024680027,3.07054024680027,1500,750,-72508.5255677229,0.0090323,20470077
3,lap_fixed_increase,10000,1,0.1,0.9,1e-06,100,2,0.15,1500,0,0.5,7569,7569,0,7790,7790,2976.11464823977,892.834394471932,792.572111768409,-142289.772685074,19.2656961084819,19.2656961084819,1500,750,-450989.318055221,0.007117501,20574806
4,lap_fixed_increase,10000,1,0.1,0.9,1e-06,100,2,0.15,1500,0,0.5,7569,7569,0,7790,7790,2983.7204245251,895.11612735753,762.099108420481,-152876.334185072,20.6246898825509,20.6246898825509,1500,750,-482749.002555216,0.008217001,20679535
0,lap_fixed_decrease,10000,1,0.1,0.9,1e-06,100,2,0.15,1500,0,0.5,7569,7569,0,7790,7790,3000.21962190411,900.065886571234,757.509612438177,-97056.4950782092,13.4591136172284,13.4591136172284,1500,-750,-313789.485234628,0.0070322,20260619
1,lap_fixed_decrease,10000,1,0.1,0.9,1e-06,100,2,0.15,1500,0,0.5,7569,7569,0,7790,7790,2970.38834355701,891.116503067104,882.992246942148,-189503.257424902,25.3264772047371,25.3264772047371,1500,-750,-591129.772274707,0.0059685,20365348
2,lap_fixed_decrease,10000,1,0.1,0.9,1e-06,100,2,0.15,1500,0,0.5,7569,7569,0,7790,7790,2969.08659936699,890.725979810098,760.680245695149,-16629.5085225741,3.13472509917511,3.13472509917511,1500,-750,-72508.5255677229,0.004206,20470077
3,lap_fixed_decrease,10000,1,0.1,0.9,1e-06,100,2,0.15,1500,0,0.5,7569,7569,0,7790,7790,2976.11464823977,892.834394471932,792.572111768409,-142789.772685074,19.3298809608567,19.3298809608567,1500,-750,-450989.318055221,0.005271701,20574806
4,lap_fixed_decrease,10000,1,0.1,0.9,1e-06,100,2,0.15,1500,0,0.5,7569,7569,0,7790,7790,2983.7204245251,895.11612735753,762.099108420481,-153376.334185072,20.6888747349258,20.6888747349258,1500,-750,-482749.002555216,0.004551601,20679535
0,lap_scale_increase,10000,1,0.1,0.9,1e-06,100,2,0.15,1500,0,0.5,7569,7569,0,7790,7790,3000.21962190411,900.065886571234,757.509612438177,653248.410397821,82.8573055709654,82.8573055709654,1500,2250164.71642813,-313789.485234628,0.007164,20260619
1,lap_scale_increase,10000,1,0.1,0.9,1e-06,100,2,0.15,1500,0,0.5,7569,7569,0,7790,7790,2970.38834355701,891.116503067104,882.992246942148,553343.82846435,70.0325838850256,70.0325838850256,1500,2227791.25766767,-591129.772274707,0.0093286,20365348
2,lap_scale_increase,10000,1,0.1,0.9,1e-06,100,2,0.15,1500,0,0.5,7569,7569,0,7790,7790,2969.08659936699,890.725979810098,760.680245695149,725892.141319175,92.1825598612548,92.1825598612548,1500,2226814.9495253,-72508.5255677229,0.0079341,20470077
3,lap_scale_increase,10000,1,0.1,0.9,1e-06,100,2,0.15,1500,0,0.5,7569,7569,0,7790,7790,2976.11464823977,892.834394471932,792.572111768409,601488.88937487,76.2129511392644,76.2129511392644,1500,2232085.98617978,-450989.318055221,0.006684601,20574806
4,lap_scale_increase,10000,1,0.1,0.9,1e-06,100,2,0.15,1500,0,0.5,7569,7569,0,7790,7790,2983.7204245251,895.11612735753,762.099108420481,592803.771946202,75.09804517923,75.09804517923,1500,2237790.31839381,-482749.002555216,0.0147172,20679535
0,lap_scale_decrease,10000,1,0.1,0.9,1e-06,100,2,0.15,1500,0,0.5,7569,7569,0,7790,7790,3000.21962190411,900.065886571234,757.509612438177,-846861.400554236,109.711347953047,109.711347953047,1500,-2250164.71642813,-313789.485234628,0.00982,20260619
1,lap_scale_decrease,10000,1,0.1,0.9,1e-06,100,2,0.15,1500,0,0.5,7569,7569,0,7790,7790,2970.38834355701,891.116503067104,882.992246942148,-931850.343314156,120.621353442125,120.621353442125,1500,-2227791.25766767,-591129.772274707,0.007996,20365348
2,lap_scale_decrease,10000,1,0.1,0.9,1e-06,100,2,0.15,1500,0,0.5,7569,7569,0,7790,7790,2969.08659936699,890.725979810098,760.680245695149,-758651.158364322,98.3878252072301,98.3878252072301,1500,-2226814.9495253,-72508.5255677229,0.0068934,20470077
3,lap_scale_decrease,10000,1,0.1,0.9,1e-06,100,2,0.15,1500,0,0.5,7569,7569,0,7790,7790,2976.11464823977,892.834394471932,792.572111768409,-886568.434745016,114.808528208603,114.808528208603,1500,-2232085.98617978,-450989.318055221,0.0069499,20574806
4,lap_scale_decrease,10000,1,0.1,0.9,1e-06,100,2,0.15,1500,0,0.5,7569,7569,0,7790,7790,2983.7204245251,895.11612735753,762.099108420481,-899056.440316346,116.411609796707,116.411609796707,1500,-2237790.31839381,-482749.002555216,0.0069845,20679535
0,lap_count_increase,10000,1,0.1,0.9,1e-06,100,2,0.15,1500,0,0.5,7569,7569,0,7790,7790,3000.21962190411,900.065886571234,757.509612438177,-96014.6617448758,13.32537377983,13.32537377983,309,2375.5,-313789.485234628,0.007405,20260619
1,lap_count_increase,10000,1,0.1,0.9,1e-06,100,2,0.15,1500,0,0.5,7569,7569,0,7790,7790,2970.38834355701,891.116503067104,882.992246942148,-188562.424091569,25.2057027075185,25.2057027075185,337,2072.5,-591129.772274707,0.0070918,20365348
2,lap_count_increase,10000,1,0.1,0.9,1e-06,100,2,0.15,1500,0,0.5,7569,7569,0,7790,7790,2969.08659936699,890.725979810098,760.680245695149,-15843.0085225741,3.03376232638948,3.03376232638948,326,1609.5,-72508.5255677229,0.008824901,20470077
3,lap_count_increase,10000,1,0.1,0.9,1e-06,100,2,0.15,1500,0,0.5,7569,7569,0,7790,7790,2976.11464823977,892.834394471932,792.572111768409,-141932.772685074,19.2198681238863,19.2198681238863,312,1821,-450989.318055221,0.0109322,20574806
4,lap_count_increase,10000,1,0.1,0.9,1e-06,100,2,0.15,1500,0,0.5,7569,7569,0,7790,7790,2983.7204245251,895.11612735753,762.099108420481,-152512.000851738,20.5779205201205,20.5779205201205,318,1843,-482749.002555216,0.0076075,20679535
0,lap_count_decrease,10000,1,0.1,0.9,1e-06,100,2,0.15,1500,0,0.5,7569,7569,0,7790,7790,3000.21962190411,900.065886571234,757.509612438177,-97598.3284115426,13.5286686022519,13.5286686022519,309,-2375.5,-313789.485234628,0.0077479,20260619
1,lap_count_decrease,10000,1,0.1,0.9,1e-06,100,2,0.15,1500,0,0.5,7569,7569,0,7790,7790,2970.38834355701,891.116503067104,882.992246942148,-189944.090758236,25.383066849581,25.383066849581,337,-2072.5,-591129.772274707,0.0073531,20365348
2,lap_count_decrease,10000,1,0.1,0.9,1e-06,100,2,0.15,1500,0,0.5,7569,7569,0,7790,7790,2969.08659936699,890.725979810098,760.680245695149,-16916.0085225741,3.17150301958589,3.17150301958589,326,-1609.5,-72508.5255677229,0.0069855,20470077
3,lap_count_decrease,10000,1,0.1,0.9,1e-06,100,2,0.15,1500,0,0.5,7569,7569,0,7790,7790,2976.11464823977,892.834394471932,792.572111768409,-143146.772685074,19.3757089454524,19.3757089454524,312,-1821,-450989.318055221,0.008154,20574806
4,lap_count_decrease,10000,1,0.1,0.9,1e-06,100,2,0.15,1500,0,0.5,7569,7569,0,7790,7790,2983.7204245251,895.11612735753,762.099108420481,-153740.667518405,20.7356440973563,20.7356440973563,318,-1843,-482749.002555216,0.0082101,20679535
0,lap_fixed_increase,10000,1,0.1,0.9,1e-06,100,2,0.15,1500,0,1,7569,7569,0,7790,7790,3000.21962190411,900.065886571234,757.509612438177,-96306.4950782091,13.3628363386661,13.3628363386661,1500,1500,-313789.485234628,0.0105006,20260619
1,lap_fixed_increase,10000,1,0.1,0.9,1e-06,100,2,0.15,1500,0,1,7569,7569,0,7790,7790,2970.38834355701,891.116503067104,882.992246942148,-188753.257424902,25.2301999261749,25.2301999261749,1500,1500,-591129.772274707,0.006464901,20365348
2,lap_fixed_increase,10000,1,0.1,0.9,1e-06,100,2,0.15,1500,0,1,7569,7569,0,7790,7790,2969.08659936699,890.725979810098,760.680245695149,-15879.508522574,3.03844782061284,3.03844782061284,1500,1500,-72508.5255677229,0.008253401,20470077
3,lap_fixed_increase,10000,1,0.1,0.9,1e-06,100,2,0.15,1500,0,1,7569,7569,0,7790,7790,2976.11464823977,892.834394471932,792.572111768409,-142039.772685074,19.2336036822945,19.2336036822945,1500,1500,-450989.318055221,0.0074626,20574806
4,lap_fixed_increase,10000,1,0.1,0.9,1e-06,100,2,0.15,1500,0,1,7569,7569,0,7790,7790,2983.7204245251,895.11612735753,762.099108420481,-152626.334185072,20.5925974563635,20.5925974563635,1500,1500,-482749.002555216,0.0099478,20679535
0,lap_fixed_decrease,10000,1,0.1,0.9,1e-06,100,2,0.15,1500,0,1,7569,7569,0,7790,7790,3000.21962190411,900.065886571234,757.509612438177,-97306.4950782092,13.4912060434158,13.4912060434158,1500,-1500,-313789.485234628,0.0077044,20260619
1,lap_fixed_decrease,10000,1,0.1,0.9,1e-06,100,2,0.15,1500,0,1,7569,7569,0,7790,7790,2970.38834355701,891.116503067104,882.992246942148,-189753.257424902,25.3585696309246,25.3585696309246,1500,-1500,-591129.772274707,0.0084471,20365348
2,lap_fixed_decrease,10000,1,0.1,0.9,1e-06,100,2,0.15,1500,0,1,7569,7569,0,7790,7790,2969.08659936699,890.725979810098,760.680245695149,-16879.5085225741,3.16681752536253,3.16681752536253,1500,-1500,-72508.5255677229,0.0075677,20470077
3,lap_fixed_decrease,10000,1,0.1,0.9,1e-06,100,2,0.15,1500,0,1,7569,7569,0,7790,7790,2976.11464823977,892.834394471932,792.572111768409,-143039.772685074,19.3619733870441,19.3619733870441,1500,-1500,-450989.318055221,0.009334801,20574806
4,lap_fixed_decrease,10000,1,0.1,0.9,1e-06,100,2,0.15,1500,0,1,7569,7569,0,7790,7790,2983.7204245251,895.11612735753,762.099108420481,-153626.334185072,20.7209671611132,20.7209671611132,1500,-1500,-482749.002555216,0.0081885,20679535
0,lap_scale_increase,10000,1,0.1,0.9,1e-06,100,2,0.15,1500,0,1,7569,7569,0,7790,7790,3000.21962190411,900.065886571234,757.509612438177,1403303.31587385,179.141632332971,179.141632332971,1500,4500329.43285626,-313789.485234628,0.009558901,20260619
1,lap_scale_increase,10000,1,0.1,0.9,1e-06,100,2,0.15,1500,0,1,7569,7569,0,7790,7790,2970.38834355701,891.116503067104,882.992246942148,1295940.9143536,165.359552548601,165.359552548601,1500,4455582.51533534,-591129.772274707,0.0090899,20365348
2,lap_scale_increase,10000,1,0.1,0.9,1e-06,100,2,0.15,1500,0,1,7569,7569,0,7790,7790,2969.08659936699,890.725979810098,760.680245695149,1468163.79116092,187.467752395497,187.467752395497,1500,4453629.8990506,-72508.5255677229,0.0076593,20470077
3,lap_scale_increase,10000,1,0.1,0.9,1e-06,100,2,0.15,1500,0,1,7569,7569,0,7790,7790,2976.11464823977,892.834394471932,792.572111768409,1345517.55143481,171.723690813198,171.723690813198,1500,4464171.97235957,-450989.318055221,0.007039801,20574806
4,lap_scale_increase,10000,1,0.1,0.9,1e-06,100,2,0.15,1500,0,1,7569,7569,0,7790,7790,2983.7204245251,895.11612735753,762.099108420481,1338733.87807748,170.852872667199,170.852872667199,1500,4475580.63678763,-482749.002555216,0.0070901,20679535
0,lap_scale_decrease,10000,1,0.1,0.9,1e-06,100,2,0.15,1500,0,1,7569,7569,0,7790,7790,3000.21962190411,900.065886571234,757.509612438177,-1596916.30603027,205.995674715054,205.995674715054,1500,-4500329.43285626,-313789.485234628,0.007690301,20260619
1,lap_scale_decrease,10000,1,0.1,0.9,1e-06,100,2,0.15,1500,0,1,7569,7569,0,7790,7790,2970.38834355701,891.116503067104,882.992246942148,-1674447.42920342,215.948322105702,215.948322105702,1500,-4455582.51533534,-591129.772274707,0.0069102,20365348
2,lap_scale_decrease,10000,1,0.1,0.9,1e-06,100,2,0.15,1500,0,1,7569,7569,0,7790,7790,2969.08659936699,890.725979810098,760.680245695149,-1500922.80820608,193.673017741473,193.673017741473,1500,-4453629.8990506,-72508.5255677229,0.0061053,20470077
3,lap_scale_decrease,10000,1,0.1,0.9,1e-06,100,2,0.15,1500,0,1,7569,7569,0,7790,7790,2976.11464823977,892.834394471932,792.572111768409,-1630597.09680497,210.319267882538,210.319267882538,1500,-4464171.97235957,-450989.318055221,0.0082475,20574806
4,lap_scale_decrease,10000,1,0.1,0.9,1e-06,100,2,0.15,1500,0,1,7569,7569,0,7790,7790,2983.7204245251,895.11612735753,762.099108420481,-1644986.54644762,212.166437284676,212.166437284676,1500,-4475580.63678763,-482749.002555216,0.0081253,20679535
0,lap_count_increase,10000,1,0.1,0.9,1e-06,100,2,0.15,1500,0,1,7569,7569,0,7790,7790,3000.21962190411,900.065886571234,757.509612438177,-95222.8284115425,13.2237263686191,13.2237263686191,309,4751,-313789.485234628,0.0089659,20260619
1,lap_count_increase,10000,1,0.1,0.9,1e-06,100,2,0.15,1500,0,1,7569,7569,0,7790,7790,2970.38834355701,891.116503067104,882.992246942148,-187871.590758236,25.1170206364872,25.1170206364872,337,4145,-591129.772274707,0.0078863,20365348
2,lap_count_increase,10000,1,0.1,0.9,1e-06,100,2,0.15,1500,0,1,7569,7569,0,7790,7790,2969.08659936699,890.725979810098,760.680245695149,-15306.508522574,2.96489197979127,2.96489197979127,326,3219,-72508.5255677229,0.0077996,20470077
3,lap_count_increase,10000,1,0.1,0.9,1e-06,100,2,0.15,1500,0,1,7569,7569,0,7790,7790,2976.11464823977,892.834394471932,792.572111768409,-141325.772685074,19.1419477131032,19.1419477131032,312,3642,-450989.318055221,0.007940501,20574806
4,lap_count_increase,10000,1,0.1,0.9,1e-06,100,2,0.15,1500,0,1,7569,7569,0,7790,7790,2983.7204245251,895.11612735753,762.099108420481,-151897.667518405,20.4990587315026,20.4990587315026,318,3686,-482749.002555216,0.0071967,20679535
0,lap_count_decrease,10000,1,0.1,0.9,1e-06,100,2,0.15,1500,0,1,7569,7569,0,7790,7790,3000.21962190411,900.065886571234,757.509612438177,-98390.161744876,13.6303160134629,13.6303160134629,309,-4751,-313789.485234628,0.0076028,20260619
1,lap_count_decrease,10000,1,0.1,0.9,1e-06,100,2,0.15,1500,0,1,7569,7569,0,7790,7790,2970.38834355701,891.116503067104,882.992246942148,-190634.924091569,25.4717489206122,25.4717489206122,337,-4145,-591129.772274707,0.0068427,20365348
2,lap_count_decrease,10000,1,0.1,0.9,1e-06,100,2,0.15,1500,0,1,7569,7569,0,7790,7790,2969.08659936699,890.725979810098,760.680245695149,-17452.5085225741,3.24037336618409,3.24037336618409,326,-3219,-72508.5255677229,0.007007101,20470077
3,lap_count_decrease,10000,1,0.1,0.9,1e-06,100,2,0.15,1500,0,1,7569,7569,0,7790,7790,2976.11464823977,892.834394471932,792.572111768409,-143753.772685074,19.4536293562354,19.4536293562354,312,-3642,-450989.318055221,0.0081011,20574806
4,lap_count_decrease,10000,1,0.1,0.9,1e-06,100,2,0.15,1500,0,1,7569,7569,0,7790,7790,2983.7204245251,895.11612735753,762.099108420481,-154355.000851739,20.8145058859741,20.8145058859741,318,-3686,-482749.002555216,0.0068827,20679535
0,lap_fixed_increase,10000,1,0.1,0.9,1e-06,100,2,0.15,1500,0,2,7569,7569,0,7790,7790,3000.21962190411,900.065886571234,757.509612438177,-95806.4950782092,13.2986514862913,13.2986514862913,1500,3000,-313789.485234628,0.007480301,20260619
1,lap_fixed_increase,10000,1,0.1,0.9,1e-06,100,2,0.15,1500,0,2,7569,7569,0,7790,7790,2970.38834355701,891.116503067104,882.992246942148,-188253.257424902,25.1660150738,25.1660150738,1500,3000,-591129.772274707,0.0075375,20365348
2,lap_fixed_increase,10000,1,0.1,0.9,1e-06,100,2,0.15,1500,0,2,7569,7569,0,7790,7790,2969.08659936699,890.725979810098,760.680245695149,-15379.508522574,2.974262968238,2.974262968238,1500,3000,-72508.5255677229,0.007723,20470077
3,lap_fixed_increase,10000,1,0.1,0.9,1e-06,100,2,0.15,1500,0,2,7569,7569,0,7790,7790,2976.11464823977,892.834394471932,792.572111768409,-141539.772685074,19.1694188299196,19.1694188299196,1500,3000,-450989.318055221,0.0092579,20574806
4,lap_fixed_increase,10000,1,0.1,0.9,1e-06,100,2,0.15,1500,0,2,7569,7569,0,7790,7790,2983.7204245251,895.11612735753,762.099108420481,-152126.334185072,20.5284126039887,20.5284126039887,1500,3000,-482749.002555216,0.007174901,20679535
0,lap_fixed_decrease,10000,1,0.1,0.9,1e-06,100,2,0.15,1500,0,2,7569,7569,0,7790,7790,3000.21962190411,900.065886571234,757.509612438177,-97806.4950782093,13.5553908957907,13.5553908957907,1500,-3000,-313789.485234628,0.0118062,20260619
1,lap_fixed_decrease,10000,1,0.1,0.9,1e-06,100,2,0.15,1500,0,2,7569,7569,0,7790,7790,2970.38834355701,891.116503067104,882.992246942148,-190253.257424902,25.4227544832994,25.4227544832994,1500,-3000,-591129.772274707,0.008514801,20365348
2,lap_fixed_decrease,10000,1,0.1,0.9,1e-06,100,2,0.15,1500,0,2,7569,7569,0,7790,7790,2969.08659936699,890.725979810098,760.680245695149,-17379.508522574,3.23100237773736,3.23100237773736,1500,-3000,-72508.5255677229,0.0070714,20470077
3,lap_fixed_decrease,10000,1,0.1,0.9,1e-06,100,2,0.15,1500,0,2,7569,7569,0,7790,7790,2976.11464823977,892.834394471932,792.572111768409,-143539.772685074,19.426158239419,19.426158239419,1500,-3000,-450989.318055221,0.0067737,20574806
4,lap_fixed_decrease,10000,1,0.1,0.9,1e-06,100,2,0.15,1500,0,2,7569,7569,0,7790,7790,2983.7204245251,895.11612735753,762.099108420481,-154126.334185072,20.785152013488,20.785152013488,1500,-3000,-482749.002555216,0.007412201,20679535
0,lap_scale_increase,10000,1,0.1,0.9,1e-06,100,2,0.15,1500,0,2,7569,7569,0,7790,7790,3000.21962190411,900.065886571234,757.509612438177,2903413.1268259,371.710285856984,371.710285856984,1500,9000658.86571252,-313789.485234628,0.0077475,20260619
1,lap_scale_increase,10000,1,0.1,0.9,1e-06,100,2,0.15,1500,0,2,7569,7569,0,7790,7790,2970.38834355701,891.116503067104,882.992246942148,2781135.08613211,356.013489875753,356.013489875753,1500,8911165.03067068,-591129.772274707,0.0090098,20365348
2,lap_scale_increase,10000,1,0.1,0.9,1e-06,100,2,0.15,1500,0,2,7569,7569,0,7790,7790,2969.08659936699,890.725979810098,760.680245695149,2952707.09084442,378.038137463982,378.038137463982,1500,8907259.79810121,-72508.5255677229,0.006910201,20470077
3,lap_scale_increase,10000,1,0.1,0.9,1e-06,100,2,0.15,1500,0,2,7569,7569,0,7790,7790,2976.11464823977,892.834394471932,792.572111768409,2833574.8755547,362.745170161065,362.745170161065,1500,8928343.94471914,-450989.318055221,0.0080078,20574806
4,lap_scale_increase,10000,1,0.1,0.9,1e-06,100,2,0.15,1500,0,2,7569,7569,0,7790,7790,2983.7204245251,895.11612735753,762.099108420481,2830594.09034003,362.362527643136,362.362527643136,1500,8951161.27357526,-482749.002555216,0.0083929,20679535
0,lap_scale_decrease,10000,1,0.1,0.9,1e-06,100,2,0.15,1500,0,2,7569,7569,0,7790,7790,3000.21962190411,900.065886571234,757.509612438177,-3097026.11698232,398.564328239066,398.564328239066,1500,-9000658.86571252,-313789.485234628,0.0086809,20260619
1,lap_scale_decrease,10000,1,0.1,0.9,1e-06,100,2,0.15,1500,0,2,7569,7569,0,7790,7790,2970.38834355701,891.116503067104,882.992246942148,-3159641.60098191,406.602259432851,406.602259432851,1500,-8911165.03067068,-591129.772274707,0.0075726,20365348
2,lap_scale_decrease,10000,1,0.1,0.9,1e-06,100,2,0.15,1500,0,2,7569,7569,0,7790,7790,2969.08659936699,890.725979810098,760.680245695149,-2985466.10788957,384.243402809957,384.243402809957,1500,-8907259.79810121,-72508.5255677229,0.0093663,20470077
3,lap_scale_decrease,10000,1,0.1,0.9,1e-06,100,2,0.15,1500,0,2,7569,7569,0,7790,7790,2976.11464823977,892.834394471932,792.572111768409,-3118654.42092485,401.340747230405,401.340747230405,1500,-8928343.94471914,-450989.318055221,0.0071159,20574806
4,lap_scale_decrease,10000,1,0.1,0.9,1e-06,100,2,0.15,1500,0,2,7569,7569,0,7790,7790,2983.7204245251,895.11612735753,762.099108420481,-3136846.75871017,403.676092260612,403.676092260612,1500,-8951161.27357526,-482749.002555216,0.0071918,20679535
0,lap_count_increase,10000,1,0.1,0.9,1e-06,100,2,0.15,1500,0,2,7569,7569,0,7790,7790,3000.21962190411,900.065886571234,757.509612438177,-93639.1617448758,13.0204315461972,13.0204315461972,309,9502,-313789.485234628,0.0078427,20260619
1,lap_count_increase,10000,1,0.1,0.9,1e-06,100,2,0.15,1500,0,2,7569,7569,0,7790,7790,2970.38834355701,891.116503067104,882.992246942148,-186489.924091569,24.9396564944248,24.9396564944248,337,8290,-591129.772274707,0.0083967,20365348
2,lap_count_increase,10000,1,0.1,0.9,1e-06,100,2,0.15,1500,0,2,7569,7569,0,7790,7790,2969.08659936699,890.725979810098,760.680245695149,-14233.5085225741,2.82715128659488,2.82715128659488,326,6438,-72508.5255677229,0.0068334,20470077
3,lap_count_increase,10000,1,0.1,0.9,1e-06,100,2,0.15,1500,0,2,7569,7569,0,7790,7790,2976.11464823977,892.834394471932,792.572111768409,-140111.772685074,18.9861068915371,18.9861068915371,312,7284,-450989.318055221,0.011294001,20574806
4,lap_count_increase,10000,1,0.1,0.9,1e-06,100,2,0.15,1500,0,2,7569,7569,0,7790,7790,2983.7204245251,895.11612735753,762.099108420481,-150669.000851738,20.3413351542668,20.3413351542668,318,7372,-482749.002555216,0.0073425,20679535
0,lap_count_decrease,10000,1,0.1,0.9,1e-06,100,2,0.15,1500,0,2,7569,7569,0,7790,7790,3000.21962190411,900.065886571234,757.509612438177,-99973.8284115426,13.8336108358848,13.8336108358848,309,-9502,-313789.485234628,0.007916,20260619
1,lap_count_decrease,10000,1,0.1,0.9,1e-06,100,2,0.15,1500,0,2,7569,7569,0,7790,7790,2970.38834355701,891.116503067104,882.992246942148,-192016.590758236,25.6491130626747,25.6491130626747,337,-8290,-591129.772274707,0.0089313,20365348
2,lap_count_decrease,10000,1,0.1,0.9,1e-06,100,2,0.15,1500,0,2,7569,7569,0,7790,7790,2969.08659936699,890.725979810098,760.680245695149,-18525.5085225741,3.3781140593805,3.3781140593805,326,-6438,-72508.5255677229,0.00773,20470077
3,lap_count_decrease,10000,1,0.1,0.9,1e-06,100,2,0.15,1500,0,2,7569,7569,0,7790,7790,2976.11464823977,892.834394471932,792.572111768409,-144967.772685074,19.6094701778015,19.6094701778015,312,-7284,-450989.318055221,0.0078898,20574806
4,lap_count_decrease,10000,1,0.1,0.9,1e-06,100,2,0.15,1500,0,2,7569,7569,0,7790,7790,2983.7204245251,895.11612735753,762.099108420481,-155583.667518405,20.9722294632099,20.9722294632099,318,-7372,-482749.002555216,0.0085995,20679535
0,lap_fixed_increase,10000,1,0.1,0.9,1e-06,100,2,0.2,2000,0,0.25,7569,7569,0,7790,7790,3000.21962190411,900.065886571234,757.509612438177,-96639.8284115425,13.4056262402494,13.4056262402494,2000,500,-313789.485234628,0.0072968,20260619
1,lap_fixed_increase,10000,1,0.1,0.9,1e-06,100,2,0.2,2000,0,0.25,7569,7569,0,7790,7790,2970.38834355701,891.116503067104,882.992246942148,-189086.590758236,25.2729898277581,25.2729898277581,2000,500,-591129.772274707,0.007518201,20365348
2,lap_fixed_increase,10000,1,0.1,0.9,1e-06,100,2,0.2,2000,0,0.25,7569,7569,0,7790,7790,2969.08659936699,890.725979810098,760.680245695149,-16212.8418559074,3.08123772219607,3.08123772219607,2000,500,-72508.5255677229,0.0070113,20470077
3,lap_fixed_increase,10000,1,0.1,0.9,1e-06,100,2,0.2,2000,0,0.25,7569,7569,0,7790,7790,2976.11464823977,892.834394471932,792.572111768409,-142373.106018407,19.2763935838777,19.2763935838777,2000,500,-450989.318055221,0.008146,20574806
4,lap_fixed_increase,10000,1,0.1,0.9,1e-06,100,2,0.2,2000,0,0.25,7569,7569,0,7790,7790,2983.7204245251,895.11612735753,762.099108420481,-152959.667518405,20.6353873579468,20.6353873579468,2000,500,-482749.002555216,0.007634801,20679535
0,lap_fixed_decrease,10000,1,0.1,0.9,1e-06,100,2,0.2,2000,0,0.25,7569,7569,0,7790,7790,3000.21962190411,900.065886571234,757.509612438177,-96973.1617448759,13.4484161418326,13.4484161418326,2000,-500,-313789.485234628,0.0072193,20260619
1,lap_fixed_decrease,10000,1,0.1,0.9,1e-06,100,2,0.2,2000,0,0.25,7569,7569,0,7790,7790,2970.38834355701,891.116503067104,882.992246942148,-189419.924091569,25.3157797293413,25.3157797293413,2000,-500,-591129.772274707,0.0083673,20365348
2,lap_fixed_decrease,10000,1,0.1,0.9,1e-06,100,2,0.2,2000,0,0.25,7569,7569,0,7790,7790,2969.08659936699,890.725979810098,760.680245695149,-16546.1751892407,3.1240276237793,3.1240276237793,2000,-500,-72508.5255677229,0.0068646,20470077
3,lap_fixed_decrease,10000,1,0.1,0.9,1e-06,100,2,0.2,2000,0,0.25,7569,7569,0,7790,7790,2976.11464823977,892.834394471932,792.572111768409,-142706.439351741,19.3191834854609,19.3191834854609,2000,-500,-450989.318055221,0.012401301,20574806
4,lap_fixed_decrease,10000,1,0.1,0.9,1e-06,100,2,0.2,2000,0,0.25,7569,7569,0,7790,7790,2983.7204245251,895.11612735753,762.099108420481,-153293.000851739,20.67817725953,20.67817725953,2000,-500,-482749.002555216,0.0077818,20679535
0,lap_scale_increase,10000,1,0.1,0.9,1e-06,100,2,0.2,2000,0,0.25,7569,7569,0,7790,7790,3000.21962190411,900.065886571234,757.509612438177,403230.108572475,50.7625299836297,50.7625299836297,2000,1500109.81095209,-313789.485234628,0.0042661,20260619
1,lap_scale_increase,10000,1,0.1,0.9,1e-06,100,2,0.2,2000,0,0.25,7569,7569,0,7790,7790,2970.38834355701,891.116503067104,882.992246942148,305811.466501266,38.2569276638339,38.2569276638339,2000,1485194.17177843,-591129.772274707,0.0060715,20365348
2,lap_scale_increase,10000,1,0.1,0.9,1e-06,100,2,0.2,2000,0,0.25,7569,7569,0,7790,7790,2969.08659936699,890.725979810098,760.680245695149,478468.258038592,60.4208290165073,60.4208290165073,2000,1484543.29968349,-72508.5255677229,0.006294,20470077
3,lap_scale_increase,10000,1,0.1,0.9,1e-06,100,2,0.2,2000,0,0.25,7569,7569,0,7790,7790,2976.11464823977,892.834394471932,792.572111768409,353479.335354887,44.3760379146197,44.3760379146197,2000,1488057.32411985,-450989.318055221,0.005125501,20574806
4,lap_scale_increase,10000,1,0.1,0.9,1e-06,100,2,0.2,2000,0,0.25,7569,7569,0,7790,7790,2983.7204245251,895.11612735753,762.099108420481,344160.403235779,43.1797693499074,43.1797693499074,2000,1491860.21226259,-482749.002555216,0.0081012,20679535
0,lap_scale_decrease,10000,1,0.1,0.9,1e-06,100,2,0.2,2000,0,0.25,7569,7569,0,7790,7790,3000.21962190411,900.065886571234,757.509612438177,-596843.098728895,77.6165723657118,77.6165723657118,2000,-1500109.81095209,-313789.485234628,0.013877301,20260619
1,lap_scale_decrease,10000,1,0.1,0.9,1e-06,100,2,0.2,2000,0,0.25,7569,7569,0,7790,7790,2970.38834355701,891.116503067104,882.992246942148,-684317.981351072,88.8456972209335,88.8456972209335,2000,-1485194.17177843,-591129.772274707,0.0077311,20365348
2,lap_scale_decrease,10000,1,0.1,0.9,1e-06,100,2,0.2,2000,0,0.25,7569,7569,0,7790,7790,2969.08659936699,890.725979810098,760.680245695149,-511227.27508374,66.6260943624827,66.6260943624827,2000,-1484543.29968349,-72508.5255677229,0.007386801,20470077
3,lap_scale_decrease,10000,1,0.1,0.9,1e-06,100,2,0.2,2000,0,0.25,7569,7569,0,7790,7790,2976.11464823977,892.834394471932,792.572111768409,-638558.880725037,82.9716149839585,82.9716149839585,2000,-1488057.32411985,-450989.318055221,0.0073997,20574806
4,lap_scale_decrease,10000,1,0.1,0.9,1e-06,100,2,0.2,2000,0,0.25,7569,7569,0,7790,7790,2983.7204245251,895.11612735753,762.099108420481,-650413.071605922,84.4933339673841,84.4933339673841,2000,-1491860.21226259,-482749.002555216,0.0080307,20679535
0,lap_count_increase,10000,1,0.1,0.9,1e-06,100,2,0.2,2000,0,0.25,7569,7569,0,7790,7790,3000.21962190411,900.065886571234,757.509612438177,-96314.4950782092,13.3638632963041,13.3638632963041,414,1476,-313789.485234628,0.0086487,20260619
1,lap_count_increase,10000,1,0.1,0.9,1e-06,100,2,0.2,2000,0,0.25,7569,7569,0,7790,7790,2970.38834355701,891.116503067104,882.992246942148,-188776.090758236,25.2331310344333,25.2331310344333,444,1431.5,-591129.772274707,0.0076159,20365348
2,lap_count_increase,10000,1,0.1,0.9,1e-06,100,2,0.2,2000,0,0.25,7569,7569,0,7790,7790,2969.08659936699,890.725979810098,760.680245695149,-16001.8418559074,3.05415171449389,3.05415171449389,416,1133,-72508.5255677229,0.0076902,20470077
3,lap_count_increase,10000,1,0.1,0.9,1e-06,100,2,0.2,2000,0,0.25,7569,7569,0,7790,7790,2976.11464823977,892.834394471932,792.572111768409,-142180.856018407,19.2517145081396,19.2517145081396,416,1076.75,-450989.318055221,0.0076122,20574806
4,lap_count_increase,10000,1,0.1,0.9,1e-06,100,2,0.2,2000,0,0.25,7569,7569,0,7790,7790,2983.7204245251,895.11612735753,762.099108420481,-152720.667518405,20.6047069985116,20.6047069985116,422,1217,-482749.002555216,0.0073669,20679535
0,lap_count_decrease,10000,1,0.1,0.9,1e-06,100,2,0.2,2000,0,0.25,7569,7569,0,7790,7790,3000.21962190411,900.065886571234,757.509612438177,-97298.4950782092,13.4901790857778,13.4901790857778,414,-1476,-313789.485234628,0.0074791,20260619
1,lap_count_decrease,10000,1,0.1,0.9,1e-06,100,2,0.2,2000,0,0.25,7569,7569,0,7790,7790,2970.38834355701,891.116503067104,882.992246942148,-189730.424091569,25.3556385226661,25.3556385226661,444,-1431.5,-591129.772274707,0.0070323,20365348
2,lap_count_decrease,10000,1,0.1,0.9,1e-06,100,2,0.2,2000,0,0.25,7569,7569,0,7790,7790,2969.08659936699,890.725979810098,760.680245695149,-16757.1751892407,3.15111363148148,3.15111363148148,416,-1133,-72508.5255677229,0.0085527,20470077
3,lap_count_decrease,10000,1,0.1,0.9,1e-06,100,2,0.2,2000,0,0.25,7569,7569,0,7790,7790,2976.11464823977,892.834394471932,792.572111768409,-142898.689351741,19.343862561199,19.343862561199,416,-1076.75,-450989.318055221,0.0086833,20574806
4,lap_count_decrease,10000,1,0.1,0.9,1e-06,100,2,0.2,2000,0,0.25,7569,7569,0,7790,7790,2983.7204245251,895.11612735753,762.099108420481,-153532.000851739,20.7088576189652,20.7088576189652,422,-1217,-482749.002555216,0.007905601,20679535
0,lap_fixed_increase,10000,1,0.1,0.9,1e-06,100,2,0.2,2000,0,0.5,7569,7569,0,7790,7790,3000.21962190411,900.065886571234,757.509612438177,-96473.1617448758,13.3842312894577,13.3842312894577,2000,1000,-313789.485234628,0.006994899,20260619
1,lap_fixed_increase,10000,1,0.1,0.9,1e-06,100,2,0.2,2000,0,0.5,7569,7569,0,7790,7790,2970.38834355701,891.116503067104,882.992246942148,-188919.924091569,25.2515948769665,25.2515948769665,2000,1000,-591129.772274707,0.0066316,20365348
2,lap_fixed_increase,10000,1,0.1,0.9,1e-06,100,2,0.2,2000,0,0.5,7569,7569,0,7790,7790,2969.08659936699,890.725979810098,760.680245695149,-16046.1751892408,3.05984277140446,3.05984277140446,2000,1000,-72508.5255677229,0.0084918,20470077
3,lap_fixed_increase,10000,1,0.1,0.9,1e-06,100,2,0.2,2000,0,0.5,7569,7569,0,7790,7790,2976.11464823977,892.834394471932,792.572111768409,-142206.439351741,19.2549986330861,19.2549986330861,2000,1000,-450989.318055221,0.0078669,20574806
4,lap_fixed_increase,10000,1,0.1,0.9,1e-06,100,2,0.2,2000,0,0.5,7569,7569,0,7790,7790,2983.7204245251,895.11612735753,762.099108420481,-152793.000851738,20.6139924071551,20.6139924071551,2000,1000,-482749.002555216,0.0070794,20679535
0,lap_fixed_decrease,10000,1,0.1,0.9,1e-06,100,2,0.2,2000,0,0.5,7569,7569,0,7790,7790,3000.21962190411,900.065886571234,757.509612438177,-97139.8284115426,13.4698110926242,13.4698110926242,2000,-1000,-313789.485234628,0.007573901,20260619
1,lap_fixed_decrease,10000,1,0.1,0.9,1e-06,100,2,0.2,2000,0,0.5,7569,7569,0,7790,7790,2970.38834355701,891.116503067104,882.992246942148,-189586.590758236,25.337174680133,25.337174680133,2000,-1000,-591129.772274707,0.0068791,20365348
2,lap_fixed_decrease,10000,1,0.1,0.9,1e-06,100,2,0.2,2000,0,0.5,7569,7569,0,7790,7790,2969.08659936699,890.725979810098,760.680245695149,-16712.8418559074,3.14542257457091,3.14542257457091,2000,-1000,-72508.5255677229,0.0071798,20470077
3,lap_fixed_decrease,10000,1,0.1,0.9,1e-06,100,2,0.2,2000,0,0.5,7569,7569,0,7790,7790,2976.11464823977,892.834394471932,792.572111768409,-142873.106018407,19.3405784362525,19.3405784362525,2000,-1000,-450989.318055221,0.0076578,20574806
4,lap_fixed_decrease,10000,1,0.1,0.9,1e-06,100,2,0.2,2000,0,0.5,7569,7569,0,7790,7790,2983.7204245251,895.11612735753,762.099108420481,-153459.667518405,20.6995722103216,20.6995722103216,2000,-1000,-482749.002555216,0.010579801,20679535
0,lap_scale_increase,10000,1,0.1,0.9,1e-06,100,2,0.2,2000,0,0.5,7569,7569,0,7790,7790,3000.21962190411,900.065886571234,757.509612438177,903266.712223163,114.952081158301,114.952081158301,2000,3000219.62190418,-313789.485234628,0.0069143,20260619
1,lap_scale_increase,10000,1,0.1,0.9,1e-06,100,2,0.2,2000,0,0.5,7569,7569,0,7790,7790,2970.38834355701,891.116503067104,882.992246942148,800876.190427433,101.808240106217,101.808240106217,2000,2970388.34355687,-591129.772274707,0.0070191,20365348
2,lap_scale_increase,10000,1,0.1,0.9,1e-06,100,2,0.2,2000,0,0.5,7569,7569,0,7790,7790,2969.08659936699,890.725979810098,760.680245695149,973316.024599755,123.944290706002,123.944290706002,2000,2969086.59936699,-72508.5255677229,0.0069228,20470077
3,lap_scale_increase,10000,1,0.1,0.9,1e-06,100,2,0.2,2000,0,0.5,7569,7569,0,7790,7790,2976.11464823977,892.834394471932,792.572111768409,849498.44339485,108.049864363909,108.049864363909,2000,2976114.64823971,-450989.318055221,0.0076502,20574806
4,lap_scale_increase,10000,1,0.1,0.9,1e-06,100,2,0.2,2000,0,0.5,7569,7569,0,7790,7790,2983.7204245251,895.11612735753,762.099108420481,841447.140656627,107.016321008553,107.016321008553,2000,2983720.42452517,-482749.002555216,0.0084038,20679535
0,lap_scale_decrease,10000,1,0.1,0.9,1e-06,100,2,0.2,2000,0,0.5,7569,7569,0,7790,7790,3000.21962190411,900.065886571234,757.509612438177,-1096879.70237958,141.806123540383,141.806123540383,2000,-3000219.62190418,-313789.485234628,0.010406301,20260619
1,lap_scale_decrease,10000,1,0.1,0.9,1e-06,100,2,0.2,2000,0,0.5,7569,7569,0,7790,7790,2970.38834355701,891.116503067104,882.992246942148,-1179382.70527724,152.397009663317,152.397009663317,2000,-2970388.34355687,-591129.772274707,0.010122401,20365348
2,lap_scale_decrease,10000,1,0.1,0.9,1e-06,100,2,0.2,2000,0,0.5,7569,7569,0,7790,7790,2969.08659936699,890.725979810098,760.680245695149,-1006075.04164491,130.149556051978,130.149556051978,2000,-2969086.59936699,-72508.5255677229,0.0071573,20470077
3,lap_scale_decrease,10000,1,0.1,0.9,1e-06,100,2,0.2,2000,0,0.5,7569,7569,0,7790,7790,2976.11464823977,892.834394471932,792.572111768409,-1134577.988765,146.645441433248,146.645441433248,2000,-2976114.64823971,-450989.318055221,0.0081403,20574806
4,lap_scale_decrease,10000,1,0.1,0.9,1e-06,100,2,0.2,2000,0,0.5,7569,7569,0,7790,7790,2983.7204245251,895.11612735753,762.099108420481,-1147699.80902677,148.32988562603,148.32988562603,2000,-2983720.42452517,-482749.002555216,0.006892101,20679535
0,lap_count_increase,10000,1,0.1,0.9,1e-06,100,2,0.2,2000,0,0.5,7569,7569,0,7790,7790,3000.21962190411,900.065886571234,757.509612438177,-95822.4950782091,13.3007054015673,13.3007054015673,414,2952,-313789.485234628,0.0100411,20260619
1,lap_count_increase,10000,1,0.1,0.9,1e-06,100,2,0.2,2000,0,0.5,7569,7569,0,7790,7790,2970.38834355701,891.116503067104,882.992246942148,-188298.924091569,25.1718772903169,25.1718772903169,444,2863,-591129.772274707,0.006584,20365348
2,lap_count_increase,10000,1,0.1,0.9,1e-06,100,2,0.2,2000,0,0.5,7569,7569,0,7790,7790,2969.08659936699,890.725979810098,760.680245695149,-15624.1751892406,3.00567075600008,3.00567075600008,416,2266,-72508.5255677229,0.0068109,20470077
3,lap_count_increase,10000,1,0.1,0.9,1e-06,100,2,0.2,2000,0,0.5,7569,7569,0,7790,7790,2976.11464823977,892.834394471932,792.572111768409,-141821.939351741,19.2056404816098,19.2056404816098,416,2153.5,-450989.318055221,0.0077221,20574806
4,lap_count_increase,10000,1,0.1,0.9,1e-06,100,2,0.2,2000,0,0.5,7569,7569,0,7790,7790,2983.7204245251,895.11612735753,762.099108420481,-152315.000851738,20.5526316882848,20.5526316882848,422,2434,-482749.002555216,0.007856,20679535
0,lap_count_decrease,10000,1,0.1,0.9,1e-06,100,2,0.2,2000,0,0.5,7569,7569,0,7790,7790,3000.21962190411,900.065886571234,757.509612438177,-97790.4950782093,13.5533369805147,13.5533369805147,414,-2952,-313789.485234628,0.0096813,20260619
1,lap_count_decrease,10000,1,0.1,0.9,1e-06,100,2,0.2,2000,0,0.5,7569,7569,0,7790,7790,2970.38834355701,891.116503067104,882.992246942148,-190207.590758236,25.4168922667825,25.4168922667825,444,-2863,-591129.772274707,0.0071973,20365348
2,lap_count_decrease,10000,1,0.1,0.9,1e-06,100,2,0.2,2000,0,0.5,7569,7569,0,7790,7790,2969.08659936699,890.725979810098,760.680245695149,-17134.8418559074,3.19959458997528,3.19959458997528,416,-2266,-72508.5255677229,0.008074,20470077
3,lap_count_decrease,10000,1,0.1,0.9,1e-06,100,2,0.2,2000,0,0.5,7569,7569,0,7790,7790,2976.11464823977,892.834394471932,792.572111768409,-143257.606018407,19.3899365877288,19.3899365877288,416,-2153.5,-450989.318055221,0.006542,20574806
4,lap_count_decrease,10000,1,0.1,0.9,1e-06,100,2,0.2,2000,0,0.5,7569,7569,0,7790,7790,2983.7204245251,895.11612735753,762.099108420481,-153937.667518405,20.7609329291919,20.7609329291919,422,-2434,-482749.002555216,0.007310401,20679535
0,lap_fixed_increase,10000,1,0.1,0.9,1e-06,100,2,0.2,2000,0,1,7569,7569,0,7790,7790,3000.21962190411,900.065886571234,757.509612438177,-96139.8284115425,13.3414413878745,13.3414413878745,2000,2000,-313789.485234628,0.007528,20260619
1,lap_fixed_increase,10000,1,0.1,0.9,1e-06,100,2,0.2,2000,0,1,7569,7569,0,7790,7790,2970.38834355701,891.116503067104,882.992246942148,-188586.590758236,25.2088049753833,25.2088049753833,2000,2000,-591129.772274707,0.0069689,20365348
2,lap_fixed_increase,10000,1,0.1,0.9,1e-06,100,2,0.2,2000,0,1,7569,7569,0,7790,7790,2969.08659936699,890.725979810098,760.680245695149,-15712.8418559073,3.01705286982122,3.01705286982122,2000,2000,-72508.5255677229,0.008719099,20470077
3,lap_fixed_increase,10000,1,0.1,0.9,1e-06,100,2,0.2,2000,0,1,7569,7569,0,7790,7790,2976.11464823977,892.834394471932,792.572111768409,-141873.106018407,19.2122087315028,19.2122087315028,2000,2000,-450989.318055221,0.0097728,20574806
4,lap_fixed_increase,10000,1,0.1,0.9,1e-06,100,2,0.2,2000,0,1,7569,7569,0,7790,7790,2983.7204245251,895.11612735753,762.099108420481,-152459.667518405,20.5712025055719,20.5712025055719,2000,2000,-482749.002555216,0.009329301,20679535
0,lap_fixed_decrease,10000,1,0.1,0.9,1e-06,100,2,0.2,2000,0,1,7569,7569,0,7790,7790,3000.21962190411,900.065886571234,757.509612438177,-97473.161744876,13.5126009942074,13.5126009942074,2000,-2000,-313789.485234628,0.0070944,20260619
1,lap_fixed_decrease,10000,1,0.1,0.9,1e-06,100,2,0.2,2000,0,1,7569,7569,0,7790,7790,2970.38834355701,891.116503067104,882.992246942148,-189919.924091569,25.3799645817162,25.3799645817162,2000,-2000,-591129.772274707,0.006827999,20365348
2,lap_fixed_decrease,10000,1,0.1,0.9,1e-06,100,2,0.2,2000,0,1,7569,7569,0,7790,7790,2969.08659936699,890.725979810098,760.680245695149,-17046.1751892407,3.18821247615413,3.18821247615413,2000,-2000,-72508.5255677229,0.0074834,20470077
3,lap_fixed_decrease,10000,1,0.1,0.9,1e-06,100,2,0.2,2000,0,1,7569,7569,0,7790,7790,2976.11464823977,892.834394471932,792.572111768409,-143206.439351741,19.3833683378358,19.3833683378358,2000,-2000,-450989.318055221,0.0070893,20574806
4,lap_fixed_decrease,10000,1,0.1,0.9,1e-06,100,2,0.2,2000,0,1,7569,7569,0,7790,7790,2983.7204245251,895.11612735753,762.099108420481,-153793.000851738,20.7423621119048,20.7423621119048,2000,-2000,-482749.002555216,0.0077145,20679535
0,lap_scale_increase,10000,1,0.1,0.9,1e-06,100,2,0.2,2000,0,1,7569,7569,0,7790,7790,3000.21962190411,900.065886571234,757.509612438177,1903339.91952453,243.331183507642,243.331183507642,2000,6000439.24380836,-313789.485234628,0.0152953,20260619
1,lap_scale_increase,10000,1,0.1,0.9,1e-06,100,2,0.2,2000,0,1,7569,7569,0,7790,7790,2970.38834355701,891.116503067104,882.992246942148,1791005.63827977,228.910864990984,228.910864990984,2000,5940776.68711373,-591129.772274707,0.0071268,20365348
2,lap_scale_increase,10000,1,0.1,0.9,1e-06,100,2,0.2,2000,0,1,7569,7569,0,7790,7790,2969.08659936699,890.725979810098,760.680245695149,1963011.55772209,250.991214084992,250.991214084992,2000,5938173.19873397,-72508.5255677229,0.0071015,20470077
3,lap_scale_increase,10000,1,0.1,0.9,1e-06,100,2,0.2,2000,0,1,7569,7569,0,7790,7790,2976.11464823977,892.834394471932,792.572111768409,1841536.65947477,235.397517262487,235.397517262487,2000,5952229.29647941,-450989.318055221,0.0069662,20574806
4,lap_scale_increase,10000,1,0.1,0.9,1e-06,100,2,0.2,2000,0,1,7569,7569,0,7790,7790,2983.7204245251,895.11612735753,762.099108420481,1836020.61549832,234.689424325844,234.689424325844,2000,5967440.84905035,-482749.002555216,0.0070193,20679535
0,lap_scale_decrease,10000,1,0.1,0.9,1e-06,100,2,0.2,2000,0,1,7569,7569,0,7790,7790,3000.21962190411,900.065886571234,757.509612438177,-2096952.90968095,270.185225889724,270.185225889724,2000,-6000439.24380836,-313789.485234628,0.0064756,20260619
1,lap_scale_decrease,10000,1,0.1,0.9,1e-06,100,2,0.2,2000,0,1,7569,7569,0,7790,7790,2970.38834355701,891.116503067104,882.992246942148,-2169512.15312958,279.499634548085,279.499634548085,2000,-5940776.68711373,-591129.772274707,0.0066033,20365348
2,lap_scale_decrease,10000,1,0.1,0.9,1e-06,100,2,0.2,2000,0,1,7569,7569,0,7790,7790,2969.08659936699,890.725979810098,760.680245695149,-1995770.57476724,257.196479430968,257.196479430968,2000,-5938173.19873397,-72508.5255677229,0.0078098,20470077
3,lap_scale_decrease,10000,1,0.1,0.9,1e-06,100,2,0.2,2000,0,1,7569,7569,0,7790,7790,2976.11464823977,892.834394471932,792.572111768409,-2126616.20484492,273.993094331825,273.993094331825,2000,-5952229.29647941,-450989.318055221,0.0095034,20574806
4,lap_scale_decrease,10000,1,0.1,0.9,1e-06,100,2,0.2,2000,0,1,7569,7569,0,7790,7790,2983.7204245251,895.11612735753,762.099108420481,-2142273.28386847,276.002988943321,276.002988943321,2000,-5967440.84905035,-482749.002555216,0.0089481,20679535
0,lap_count_increase,10000,1,0.1,0.9,1e-06,100,2,0.2,2000,0,1,7569,7569,0,7790,7790,3000.21962190411,900.065886571234,757.509612438177,-94838.4950782092,13.1743896120936,13.1743896120936,414,5904,-313789.485234628,0.0083794,20260619
1,lap_count_increase,10000,1,0.1,0.9,1e-06,100,2,0.2,2000,0,1,7569,7569,0,7790,7790,2970.38834355701,891.116503067104,882.992246942148,-187344.590758236,25.0493698020842,25.0493698020842,444,5726,-591129.772274707,0.0069634,20365348
2,lap_count_increase,10000,1,0.1,0.9,1e-06,100,2,0.2,2000,0,1,7569,7569,0,7790,7790,2969.08659936699,890.725979810098,760.680245695149,-14868.8418559073,2.9087088390125,2.9087088390125,416,4532,-72508.5255677229,0.008331801,20470077
3,lap_count_increase,10000,1,0.1,0.9,1e-06,100,2,0.2,2000,0,1,7569,7569,0,7790,7790,2976.11464823977,892.834394471932,792.572111768409,-141104.106018407,19.1134924285504,19.1134924285504,416,4307,-450989.318055221,0.007527,20574806
4,lap_count_increase,10000,1,0.1,0.9,1e-06,100,2,0.2,2000,0,1,7569,7569,0,7790,7790,2983.7204245251,895.11612735753,762.099108420481,-151503.667518405,20.4484810678312,20.4484810678312,422,4868,-482749.002555216,0.0079814,20679535
0,lap_count_decrease,10000,1,0.1,0.9,1e-06,100,2,0.2,2000,0,1,7569,7569,0,7790,7790,3000.21962190411,900.065886571234,757.509612438177,-98774.4950782092,13.6796527699883,13.6796527699883,414,-5904,-313789.485234628,0.0075102,20260619
1,lap_count_decrease,10000,1,0.1,0.9,1e-06,100,2,0.2,2000,0,1,7569,7569,0,7790,7790,2970.38834355701,891.116503067104,882.992246942148,-191161.924091569,25.5393997550153,25.5393997550153,444,-5726,-591129.772274707,0.0078747,20365348
2,lap_count_decrease,10000,1,0.1,0.9,1e-06,100,2,0.2,2000,0,1,7569,7569,0,7790,7790,2969.08659936699,890.725979810098,760.680245695149,-17890.1751892407,3.29655650696286,3.29655650696286,416,-4532,-72508.5255677229,0.008600401,20470077
3,lap_count_decrease,10000,1,0.1,0.9,1e-06,100,2,0.2,2000,0,1,7569,7569,0,7790,7790,2976.11464823977,892.834394471932,792.572111768409,-143975.439351741,19.4820846407883,19.4820846407883,416,-4307,-450989.318055221,0.0076588,20574806
4,lap_count_decrease,10000,1,0.1,0.9,1e-06,100,2,0.2,2000,0,1,7569,7569,0,7790,7790,2983.7204245251,895.11612735753,762.099108420481,-154749.000851739,20.8650835496455,20.8650835496455,422,-4868,-482749.002555216,0.0088789,20679535
0,lap_fixed_increase,10000,1,0.1,0.9,1e-06,100,2,0.2,2000,0,2,7569,7569,0,7790,7790,3000.21962190411,900.065886571234,757.509612438177,-95473.1617448758,13.2558615847081,13.2558615847081,2000,4000,-313789.485234628,0.0096961,20260619
1,lap_fixed_increase,10000,1,0.1,0.9,1e-06,100,2,0.2,2000,0,2,7569,7569,0,7790,7790,2970.38834355701,891.116503067104,882.992246942148,-187919.924091569,25.1232251722168,25.1232251722168,2000,4000,-591129.772274707,0.0090716,20365348
2,lap_fixed_increase,10000,1,0.1,0.9,1e-06,100,2,0.2,2000,0,2,7569,7569,0,7790,7790,2969.08659936699,890.725979810098,760.680245695149,-15046.1751892406,2.93147306665477,2.93147306665477,2000,4000,-72508.5255677229,0.0084258,20470077
3,lap_fixed_increase,10000,1,0.1,0.9,1e-06,100,2,0.2,2000,0,2,7569,7569,0,7790,7790,2976.11464823977,892.834394471932,792.572111768409,-141206.439351741,19.1266289283364,19.1266289283364,2000,4000,-450989.318055221,0.0077663,20574806
4,lap_fixed_increase,10000,1,0.1,0.9,1e-06,100,2,0.2,2000,0,2,7569,7569,0,7790,7790,2983.7204245251,895.11612735753,762.099108420481,-151793.000851738,20.4856227024054,20.4856227024054,2000,4000,-482749.002555216,0.0082045,20679535
0,lap_fixed_decrease,10000,1,0.1,0.9,1e-06,100,2,0.2,2000,0,2,7569,7569,0,7790,7790,3000.21962190411,900.065886571234,757.509612438177,-98139.8284115427,13.5981807973739,13.5981807973739,2000,-4000,-313789.485234628,0.008164501,20260619
1,lap_fixed_decrease,10000,1,0.1,0.9,1e-06,100,2,0.2,2000,0,2,7569,7569,0,7790,7790,2970.38834355701,891.116503067104,882.992246942148,-190586.590758236,25.4655443848826,25.4655443848826,2000,-4000,-591129.772274707,0.0077252,20365348
2,lap_fixed_decrease,10000,1,0.1,0.9,1e-06,100,2,0.2,2000,0,2,7569,7569,0,7790,7790,2969.08659936699,890.725979810098,760.680245695149,-17712.8418559073,3.27379227932058,3.27379227932058,2000,-4000,-72508.5255677229,0.0080138,20470077
3,lap_fixed_decrease,10000,1,0.1,0.9,1e-06,100,2,0.2,2000,0,2,7569,7569,0,7790,7790,2976.11464823977,892.834394471932,792.572111768409,-143873.106018407,19.4689481410022,19.4689481410022,2000,-4000,-450989.318055221,0.008291801,20574806
4,lap_fixed_decrease,10000,1,0.1,0.9,1e-06,100,2,0.2,2000,0,2,7569,7569,0,7790,7790,2983.7204245251,895.11612735753,762.099108420481,-154459.667518405,20.8279419150713,20.8279419150713,2000,-4000,-482749.002555216,0.0080012,20679535
0,lap_scale_increase,10000,1,0.1,0.9,1e-06,100,2,0.2,2000,0,2,7569,7569,0,7790,7790,3000.21962190411,900.065886571234,757.509612438177,3903486.33412727,500.089388206325,500.089388206325,2000,12000878.4876167,-313789.485234628,0.0068958,20260619
1,lap_scale_increase,10000,1,0.1,0.9,1e-06,100,2,0.2,2000,0,2,7569,7569,0,7790,7790,2970.38834355701,891.116503067104,882.992246942148,3771264.53398447,483.116114760522,483.116114760522,2000,11881553.3742275,-591129.772274707,0.0109611,20365348
2,lap_scale_increase,10000,1,0.1,0.9,1e-06,100,2,0.2,2000,0,2,7569,7569,0,7790,7790,2969.08659936699,890.725979810098,760.680245695149,3942402.62396676,505.085060842973,505.085060842973,2000,11876346.3974679,-72508.5255677229,0.0074055,20470077
3,lap_scale_increase,10000,1,0.1,0.9,1e-06,100,2,0.2,2000,0,2,7569,7569,0,7790,7790,2976.11464823977,892.834394471932,792.572111768409,3825613.09163462,490.092823059643,490.092823059643,2000,11904458.5929588,-450989.318055221,0.0062754,20574806
4,lap_scale_increase,10000,1,0.1,0.9,1e-06,100,2,0.2,2000,0,2,7569,7569,0,7790,7790,2983.7204245251,895.11612735753,762.099108420481,3825167.56518171,490.035630960425,490.035630960425,2000,11934881.6981007,-482749.002555216,0.008465,20679535
0,lap_scale_decrease,10000,1,0.1,0.9,1e-06,100,2,0.2,2000,0,2,7569,7569,0,7790,7790,3000.21962190411,900.065886571234,757.509612438177,-4097099.32428369,526.943430588407,526.943430588407,2000,-12000878.4876167,-313789.485234628,0.008021,20260619
1,lap_scale_decrease,10000,1,0.1,0.9,1e-06,100,2,0.2,2000,0,2,7569,7569,0,7790,7790,2970.38834355701,891.116503067104,882.992246942148,-4149771.04883423,533.704884317616,533.704884317616,2000,-11881553.3742275,-591129.772274707,0.0078129,20365348
2,lap_scale_decrease,10000,1,0.1,0.9,1e-06,100,2,0.2,2000,0,2,7569,7569,0,7790,7790,2969.08659936699,890.725979810098,760.680245695149,-3975161.64101191,511.290326188948,511.290326188948,2000,-11876346.3974679,-72508.5255677229,0.008735501,20470077
3,lap_scale_decrease,10000,1,0.1,0.9,1e-06,100,2,0.2,2000,0,2,7569,7569,0,7790,7790,2976.11464823977,892.834394471932,792.572111768409,-4110692.63700477,528.688400128982,528.688400128982,2000,-11904458.5929588,-450989.318055221,0.007205,20574806
4,lap_scale_decrease,10000,1,0.1,0.9,1e-06,100,2,0.2,2000,0,2,7569,7569,0,7790,7790,2983.7204245251,895.11612735753,762.099108420481,-4131420.23355186,531.349195577902,531.349195577902,2000,-11934881.6981007,-482749.002555216,0.0082175,20679535
0,lap_count_increase,10000,1,0.1,0.9,1e-06,100,2,0.2,2000,0,2,7569,7569,0,7790,7790,3000.21962190411,900.065886571234,757.509612438177,-92870.4950782092,12.9217580331462,12.9217580331462,414,11808,-313789.485234628,0.0074669,20260619
1,lap_count_increase,10000,1,0.1,0.9,1e-06,100,2,0.2,2000,0,2,7569,7569,0,7790,7790,2970.38834355701,891.116503067104,882.992246942148,-185435.924091569,24.8043548256186,24.8043548256186,444,11452,-591129.772274707,0.0071335,20365348
2,lap_count_increase,10000,1,0.1,0.9,1e-06,100,2,0.2,2000,0,2,7569,7569,0,7790,7790,2969.08659936699,890.725979810098,760.680245695149,-13358.1751892407,2.71478500503732,2.71478500503732,416,9064,-72508.5255677229,0.006976,20470077
3,lap_count_increase,10000,1,0.1,0.9,1e-06,100,2,0.2,2000,0,2,7569,7569,0,7790,7790,2976.11464823977,892.834394471932,792.572111768409,-139668.439351741,18.9291963224314,18.9291963224314,416,8614,-450989.318055221,0.0076915,20574806
4,lap_count_increase,10000,1,0.1,0.9,1e-06,100,2,0.2,2000,0,2,7569,7569,0,7790,7790,2983.7204245251,895.11612735753,762.099108420481,-149881.000851738,20.2401798269241,20.2401798269241,422,9736,-482749.002555216,0.0073731,20679535
0,lap_count_decrease,10000,1,0.1,0.9,1e-06,100,2,0.2,2000,0,2,7569,7569,0,7790,7790,3000.21962190411,900.065886571234,757.509612438177,-100742.495078209,13.9322843489357,13.9322843489357,414,-11808,-313789.485234628,0.007237,20260619
1,lap_count_decrease,10000,1,0.1,0.9,1e-06,100,2,0.2,2000,0,2,7569,7569,0,7790,7790,2970.38834355701,891.116503067104,882.992246942148,-193070.590758236,25.7844147314808,25.7844147314808,444,-11452,-591129.772274707,0.0068147,20365348
2,lap_count_decrease,10000,1,0.1,0.9,1e-06,100,2,0.2,2000,0,2,7569,7569,0,7790,7790,2969.08659936699,890.725979810098,760.680245695149,-19400.8418559075,3.49048034093807,3.49048034093807,416,-9064,-72508.5255677229,0.007004101,20470077
3,lap_count_decrease,10000,1,0.1,0.9,1e-06,100,2,0.2,2000,0,2,7569,7569,0,7790,7790,2976.11464823977,892.834394471932,792.572111768409,-145411.106018407,19.6663807469072,19.6663807469072,416,-8614,-450989.318055221,0.0102928,20574806
4,lap_count_decrease,10000,1,0.1,0.9,1e-06,100,2,0.2,2000,0,2,7569,7569,0,7790,7790,2983.7204245251,895.11612735753,762.099108420481,-156371.667518405,21.0733847905527,21.0733847905527,422,-9736,-482749.002555216,0.0072191,20679535
0,lap_fixed_increase,10000,2,0.2,1.8,1e-06,100,2,0.05,500,0,0.25,7569,7569,0,7790,7790,753.548786235113,452.129271741068,378.754806219089,-18439.2640795994,3.36704288569953,3.36704288569953,500,125,-78812.7922387983,0.0078322,20260619
1,lap_fixed_increase,10000,2,0.2,1.8,1e-06,100,2,0.05,500,0,0.25,7569,7569,0,7790,7790,745.794376464635,447.476625878781,441.496123471074,-41641.2427010663,6.34547403094561,6.34547403094561,500,125,-148418.728103199,0.0075929,20365348
2,lap_fixed_increase,10000,2,0.2,1.8,1e-06,100,2,0.05,500,0,0.25,7569,7569,0,7790,7790,744.654373230441,446.792623938265,380.840122847574,1769.89324988522,0.772799326073784,0.772799326073784,500,125,-18185.3202503446,0.0074997,20470077
3,lap_fixed_increase,10000,2,0.2,1.8,1e-06,100,2,0.05,500,0,0.25,7569,7569,0,7790,7790,745.826576626863,447.495945976118,396.286055884205,-29841.5929280591,4.83075647343505,4.83075647343505,500,125,-113019.778784177,0.0066908,20574806
4,lap_fixed_increase,10000,2,0.2,1.8,1e-06,100,2,0.05,500,0,0.25,7569,7569,0,7790,7790,747.992567726444,448.795540635867,381.04955421024,-32508.6484000091,5.17312559692029,5.17312559692029,500,125,-121020.945200027,0.0080351,20679535
0,lap_fixed_decrease,10000,2,0.2,1.8,1e-06,100,2,0.05,500,0,0.25,7569,7569,0,7790,7790,753.548786235113,452.129271741068,378.754806219089,-18522.5974129327,3.37774036109534,3.37774036109534,500,-125,-78812.7922387983,0.007369801,20260619
1,lap_fixed_decrease,10000,2,0.2,1.8,1e-06,100,2,0.05,500,0,0.25,7569,7569,0,7790,7790,745.794376464635,447.476625878781,441.496123471074,-41724.5760343996,6.35617150634142,6.35617150634142,500,-125,-148418.728103199,0.008537,20365348
2,lap_fixed_decrease,10000,2,0.2,1.8,1e-06,100,2,0.05,500,0,0.25,7569,7569,0,7790,7790,744.654373230441,446.792623938265,380.840122847574,1686.5599165519,0.78349680146959,0.78349680146959,500,-125,-18185.3202503446,0.0088257,20470077
3,lap_fixed_decrease,10000,2,0.2,1.8,1e-06,100,2,0.05,500,0,0.25,7569,7569,0,7790,7790,745.826576626863,447.495945976118,396.286055884205,-29924.9262613924,4.84145394883086,4.84145394883086,500,-125,-113019.778784177,0.0080993,20574806
4,lap_fixed_decrease,10000,2,0.2,1.8,1e-06,100,2,0.05,500,0,0.25,7569,7569,0,7790,7790,747.992567726444,448.795540635867,381.04955421024,-32591.9817333424,5.1838230723161,5.1838230723161,500,-125,-121020.945200027,0.0071276,20679535
0,lap_scale_increase,10000,2,0.2,1.8,1e-06,100,2,0.05,500,0,0.25,7569,7569,0,7790,7790,753.548786235113,452.129271741068,378.754806219089,12916.9353468637,0.658143176747591,0.658143176747591,500,94193.5982793881,-78812.7922387983,0.0076324,20260619
1,lap_scale_increase,10000,2,0.2,1.8,1e-06,100,2,0.05,500,0,0.25,7569,7569,0,7790,7790,745.794376464635,447.476625878781,441.496123471074,-10608.1436817064,2.36176427236282,2.36176427236282,500,93224.2970580793,-148418.728103199,0.0071114,20365348
2,lap_scale_increase,10000,2,0.2,1.8,1e-06,100,2,0.05,500,0,0.25,7569,7569,0,7790,7790,744.654373230441,446.792623938265,380.840122847574,32755.4921344869,3.20481285423452,3.20481285423452,500,93081.7966538041,-18185.3202503446,0.0067084,20470077
3,lap_scale_increase,10000,2,0.2,1.8,1e-06,100,2,0.05,500,0,0.25,7569,7569,0,7790,7790,745.826576626863,447.495945976118,396.286055884205,1192.84776472681,0.846874484630704,0.846874484630704,500,93228.3220783575,-113019.778784177,0.0066536,20574806
4,lap_scale_increase,10000,2,0.2,1.8,1e-06,100,2,0.05,500,0,0.25,7569,7569,0,7790,7790,747.992567726444,448.795540635867,381.04955421024,-1383.95807807394,1.17765828986829,1.17765828986829,500,93499.0709658062,-121020.945200027,0.0075011,20679535
0,lap_scale_decrease,10000,2,0.2,1.8,1e-06,100,2,0.05,500,0,0.25,7569,7569,0,7790,7790,753.548786235113,452.129271741068,378.754806219089,-49878.7968393959,7.40292642354247,7.40292642354247,500,-94193.5982793881,-78812.7922387983,0.008549699,20260619
1,lap_scale_decrease,10000,2,0.2,1.8,1e-06,100,2,0.05,500,0,0.25,7569,7569,0,7790,7790,745.794376464635,447.476625878781,441.496123471074,-72757.6750537596,10.3398812649242,10.3398812649242,500,-93224.2970580793,-148418.728103199,0.0069018,20365348
2,lap_scale_decrease,10000,2,0.2,1.8,1e-06,100,2,0.05,500,0,0.25,7569,7569,0,7790,7790,744.654373230441,446.792623938265,380.840122847574,-29299.03896805,4.76110898177792,4.76110898177792,500,-93081.7966538041,-18185.3202503446,0.0073639,20470077
3,lap_scale_decrease,10000,2,0.2,1.8,1e-06,100,2,0.05,500,0,0.25,7569,7569,0,7790,7790,745.826576626863,447.495945976118,396.286055884205,-60959.3669541787,8.82533593763526,8.82533593763526,500,-93228.3220783575,-113019.778784177,0.0071879,20574806
4,lap_scale_decrease,10000,2,0.2,1.8,1e-06,100,2,0.05,500,0,0.25,7569,7569,0,7790,7790,747.992567726444,448.795540635867,381.04955421024,-63716.6720552775,9.1792903793681,9.1792903793681,500,-93499.0709658062,-121020.945200027,0.0070879,20679535
0,lap_count_increase,10000,2,0.2,1.8,1e-06,100,2,0.05,500,0,0.25,7569,7569,0,7790,7790,753.548786235113,452.129271741068,378.754806219089,-18335.180746266,3.35368173893017,3.35368173893017,109,437.25,-78812.7922387983,0.0098478,20260619
1,lap_count_increase,10000,2,0.2,1.8,1e-06,100,2,0.05,500,0,0.25,7569,7569,0,7790,7790,745.794376464635,447.476625878781,441.496123471074,-41557.659367733,6.33474446312362,6.33474446312362,96,375.75,-148418.728103199,0.00798,20365348
2,lap_count_increase,10000,2,0.2,1.8,1e-06,100,2,0.05,500,0,0.25,7569,7569,0,7790,7790,744.654373230441,446.792623938265,380.840122847574,1812.89324988522,0.767279428769549,0.767279428769549,128,254,-18185.3202503446,0.008219701,20470077
3,lap_count_increase,10000,2,0.2,1.8,1e-06,100,2,0.05,500,0,0.25,7569,7569,0,7790,7790,745.826576626863,447.495945976118,396.286055884205,-29780.4262613924,4.82290452649453,4.82290452649453,114,308.5,-113019.778784177,0.0082054,20574806
4,lap_count_increase,10000,2,0.2,1.8,1e-06,100,2,0.05,500,0,0.25,7569,7569,0,7790,7790,747.992567726444,448.795540635867,381.04955421024,-32459.9817333424,5.16687827128914,5.16687827128914,110,271,-121020.945200027,0.0080925,20679535
0,lap_count_decrease,10000,2,0.2,1.8,1e-06,100,2,0.05,500,0,0.25,7569,7569,0,7790,7790,753.548786235113,452.129271741068,378.754806219089,-18626.680746266,3.3911015078647,3.3911015078647,109,-437.25,-78812.7922387983,0.0058844,20260619
1,lap_count_decrease,10000,2,0.2,1.8,1e-06,100,2,0.05,500,0,0.25,7569,7569,0,7790,7790,745.794376464635,447.476625878781,441.496123471074,-41808.159367733,6.36690107416341,6.36690107416341,96,-375.75,-148418.728103199,0.0070946,20365348
2,lap_count_decrease,10000,2,0.2,1.8,1e-06,100,2,0.05,500,0,0.25,7569,7569,0,7790,7790,744.654373230441,446.792623938265,380.840122847574,1643.55991655189,0.789016698773827,0.789016698773827,128,-254,-18185.3202503446,0.0083907,20470077
3,lap_count_decrease,10000,2,0.2,1.8,1e-06,100,2,0.05,500,0,0.25,7569,7569,0,7790,7790,745.826576626863,447.495945976118,396.286055884205,-29986.0929280591,4.84930589577138,4.84930589577138,114,-308.5,-113019.778784177,0.0078563,20574806
4,lap_count_decrease,10000,2,0.2,1.8,1e-06,100,2,0.05,500,0,0.25,7569,7569,0,7790,7790,747.992567726444,448.795540635867,381.04955421024,-32640.6484000091,5.19007039794725,5.19007039794725,110,-271,-121020.945200027,0.0076944,20679535
0,lap_fixed_increase,10000,2,0.2,1.8,1e-06,100,2,0.05,500,0,0.5,7569,7569,0,7790,7790,753.548786235113,452.129271741068,378.754806219089,-18397.5974129327,3.36169414800163,3.36169414800163,500,250,-78812.7922387983,0.0071139,20260619
1,lap_fixed_increase,10000,2,0.2,1.8,1e-06,100,2,0.05,500,0,0.5,7569,7569,0,7790,7790,745.794376464635,447.476625878781,441.496123471074,-41599.5760343996,6.34012529324771,6.34012529324771,500,250,-148418.728103199,0.008687501,20365348
2,lap_fixed_increase,10000,2,0.2,1.8,1e-06,100,2,0.05,500,0,0.5,7569,7569,0,7790,7790,744.654373230441,446.792623938265,380.840122847574,1811.55991655188,0.767450588375882,0.767450588375882,500,250,-18185.3202503446,0.0070937,20470077
3,lap_fixed_increase,10000,2,0.2,1.8,1e-06,100,2,0.05,500,0,0.5,7569,7569,0,7790,7790,745.826576626863,447.495945976118,396.286055884205,-29799.9262613924,4.82540773573715,4.82540773573715,500,250,-113019.778784177,0.006903,20574806
4,lap_fixed_increase,10000,2,0.2,1.8,1e-06,100,2,0.05,500,0,0.5,7569,7569,0,7790,7790,747.992567726444,448.795540635867,381.04955421024,-32466.9817333424,5.16777685922239,5.16777685922239,500,250,-121020.945200027,0.0072531,20679535
0,lap_fixed_decrease,10000,2,0.2,1.8,1e-06,100,2,0.05,500,0,0.5,7569,7569,0,7790,7790,753.548786235113,452.129271741068,378.754806219089,-18564.2640795994,3.38308909879324,3.38308909879324,500,-250,-78812.7922387983,0.0077778,20260619
1,lap_fixed_decrease,10000,2,0.2,1.8,1e-06,100,2,0.05,500,0,0.5,7569,7569,0,7790,7790,745.794376464635,447.476625878781,441.496123471074,-41766.2427010663,6.36152024403932,6.36152024403932,500,-250,-148418.728103199,0.0073674,20365348
2,lap_fixed_decrease,10000,2,0.2,1.8,1e-06,100,2,0.05,500,0,0.5,7569,7569,0,7790,7790,744.654373230441,446.792623938265,380.840122847574,1644.89324988522,0.788845539167494,0.788845539167494,500,-250,-18185.3202503446,0.0076821,20470077
3,lap_fixed_decrease,10000,2,0.2,1.8,1e-06,100,2,0.05,500,0,0.5,7569,7569,0,7790,7790,745.826576626863,447.495945976118,396.286055884205,-29966.5929280591,4.84680268652876,4.84680268652876,500,-250,-113019.778784177,0.008055001,20574806
4,lap_fixed_decrease,10000,2,0.2,1.8,1e-06,100,2,0.05,500,0,0.5,7569,7569,0,7790,7790,747.992567726444,448.795540635867,381.04955421024,-32633.6484000091,5.189171810014,5.189171810014,500,-250,-121020.945200027,0.0090715,20679535
0,lap_scale_increase,10000,2,0.2,1.8,1e-06,100,2,0.05,500,0,0.5,7569,7569,0,7790,7790,753.548786235113,452.129271741068,378.754806219089,44314.8014399933,4.6886779768926,4.6886779768926,500,188387.196558776,-78812.7922387983,0.0074781,20260619
1,lap_scale_increase,10000,2,0.2,1.8,1e-06,100,2,0.05,500,0,0.5,7569,7569,0,7790,7790,745.794376464635,447.476625878781,441.496123471074,20466.6220043201,1.62729422391786,1.62729422391786,500,186448.594116159,-148418.728103199,0.0079013,20365348
2,lap_scale_increase,10000,2,0.2,1.8,1e-06,100,2,0.05,500,0,0.5,7569,7569,0,7790,7790,744.654373230441,446.792623938265,380.840122847574,63782.7576857552,7.18777377224072,7.18777377224072,500,186163.593307608,-18185.3202503446,0.0082953,20470077
3,lap_scale_increase,10000,2,0.2,1.8,1e-06,100,2,0.05,500,0,0.5,7569,7569,0,7790,7790,745.826576626863,447.495945976118,396.286055884205,32268.9551241795,3.14235624187156,3.14235624187156,500,186456.644156715,-113019.778784177,0.0208044,20574806
4,lap_scale_increase,10000,2,0.2,1.8,1e-06,100,2,0.05,500,0,0.5,7569,7569,0,7790,7790,747.992567726444,448.795540635867,381.04955421024,29782.3989105279,2.82315775488162,2.82315775488162,500,186998.141931612,-121020.945200027,0.008146301,20679535
0,lap_scale_decrease,10000,2,0.2,1.8,1e-06,100,2,0.05,500,0,0.5,7569,7569,0,7790,7790,753.548786235113,452.129271741068,378.754806219089,-81276.6629325254,11.4334612236875,11.4334612236875,500,-188387.196558776,-78812.7922387983,0.0082083,20260619
1,lap_scale_decrease,10000,2,0.2,1.8,1e-06,100,2,0.05,500,0,0.5,7569,7569,0,7790,7790,745.794376464635,447.476625878781,441.496123471074,-103832.440739786,14.3289397612048,14.3289397612048,500,-186448.594116159,-148418.728103199,0.0078683,20365348
2,lap_scale_decrease,10000,2,0.2,1.8,1e-06,100,2,0.05,500,0,0.5,7569,7569,0,7790,7790,744.654373230441,446.792623938265,380.840122847574,-60326.3045193181,8.7440698997841,8.7440698997841,500,-186163.593307608,-18185.3202503446,0.0076165,20470077
3,lap_scale_decrease,10000,2,0.2,1.8,1e-06,100,2,0.05,500,0,0.5,7569,7569,0,7790,7790,745.826576626863,447.495945976118,396.286055884205,-92035.4743136314,12.8145666641375,12.8145666641375,500,-186456.644156715,-113019.778784177,0.007602199,20574806
4,lap_scale_decrease,10000,2,0.2,1.8,1e-06,100,2,0.05,500,0,0.5,7569,7569,0,7790,7790,747.992567726444,448.795540635867,381.04955421024,-94883.0290438798,13.1801064241181,13.1801064241181,500,-186998.141931612,-121020.945200027,0.0072086,20679535
0,lap_count_increase,10000,2,0.2,1.8,1e-06,100,2,0.05,500,0,0.5,7569,7569,0,7790,7790,753.548786235113,452.129271741068,378.754806219089,-18189.430746266,3.3349718544629,3.3349718544629,109,874.5,-78812.7922387983,0.0110367,20260619
1,lap_count_increase,10000,2,0.2,1.8,1e-06,100,2,0.05,500,0,0.5,7569,7569,0,7790,7790,745.794376464635,447.476625878781,441.496123471074,-41432.409367733,6.31866615760372,6.31866615760372,96,751.5,-148418.728103199,0.008193701,20365348
2,lap_count_increase,10000,2,0.2,1.8,1e-06,100,2,0.05,500,0,0.5,7569,7569,0,7790,7790,744.654373230441,446.792623938265,380.840122847574,1897.5599165519,0.756410793767407,0.756410793767407,128,508,-18185.3202503446,0.007532,20470077
3,lap_count_increase,10000,2,0.2,1.8,1e-06,100,2,0.05,500,0,0.5,7569,7569,0,7790,7790,745.826576626863,447.495945976118,396.286055884205,-29677.5929280591,4.80970384185611,4.80970384185611,114,617,-113019.778784177,0.0078208,20574806
4,lap_count_increase,10000,2,0.2,1.8,1e-06,100,2,0.05,500,0,0.5,7569,7569,0,7790,7790,747.992567726444,448.795540635867,381.04955421024,-32369.648400009,5.15528220796008,5.15528220796008,110,542,-121020.945200027,0.0064322,20679535
0,lap_count_decrease,10000,2,0.2,1.8,1e-06,100,2,0.05,500,0,0.5,7569,7569,0,7790,7790,753.548786235113,452.129271741068,378.754806219089,-18772.430746266,3.40981139233197,3.40981139233197,109,-874.5,-78812.7922387983,0.0073927,20260619
1,lap_count_decrease,10000,2,0.2,1.8,1e-06,100,2,0.05,500,0,0.5,7569,7569,0,7790,7790,745.794376464635,447.476625878781,441.496123471074,-41933.409367733,6.38297937968331,6.38297937968331,96,-751.5,-148418.728103199,0.0069435,20365348
2,lap_count_decrease,10000,2,0.2,1.8,1e-06,100,2,0.05,500,0,0.5,7569,7569,0,7790,7790,744.654373230441,446.792623938265,380.840122847574,1558.89324988523,0.799885333775965,0.799885333775965,128,-508,-18185.3202503446,0.0081385,20470077
3,lap_count_decrease,10000,2,0.2,1.8,1e-06,100,2,0.05,500,0,0.5,7569,7569,0,7790,7790,745.826576626863,447.495945976118,396.286055884205,-30088.9262613924,4.86250658040981,4.86250658040981,114,-617,-113019.778784177,0.0079611,20574806
4,lap_count_decrease,10000,2,0.2,1.8,1e-06,100,2,0.05,500,0,0.5,7569,7569,0,7790,7790,747.992567726444,448.795540635867,381.04955421024,-32730.9817333424,5.2016664612763,5.2016664612763,110,-542,-121020.945200027,0.0097795,20679535
0,lap_fixed_increase,10000,2,0.2,1.8,1e-06,100,2,0.05,500,0,1,7569,7569,0,7790,7790,753.548786235113,452.129271741068,378.754806219089,-18314.2640795994,3.35099667260582,3.35099667260582,500,500,-78812.7922387983,0.0235714,20260619
1,lap_fixed_increase,10000,2,0.2,1.8,1e-06,100,2,0.05,500,0,1,7569,7569,0,7790,7790,745.794376464635,447.476625878781,441.496123471074,-41516.2427010663,6.3294278178519,6.3294278178519,500,500,-148418.728103199,0.0068314,20365348
2,lap_fixed_increase,10000,2,0.2,1.8,1e-06,100,2,0.05,500,0,1,7569,7569,0,7790,7790,744.654373230441,446.792623938265,380.840122847574,1894.89324988522,0.756753112980075,0.756753112980075,500,500,-18185.3202503446,0.0073001,20470077
3,lap_fixed_increase,10000,2,0.2,1.8,1e-06,100,2,0.05,500,0,1,7569,7569,0,7790,7790,745.826576626863,447.495945976118,396.286055884205,-29716.5929280591,4.81471026034134,4.81471026034134,500,500,-113019.778784177,0.0103707,20574806
4,lap_fixed_increase,10000,2,0.2,1.8,1e-06,100,2,0.05,500,0,1,7569,7569,0,7790,7790,747.992567726444,448.795540635867,381.04955421024,-32383.6484000091,5.15707938382658,5.15707938382658,500,500,-121020.945200027,0.0113699,20679535
0,lap_fixed_decrease,10000,2,0.2,1.8,1e-06,100,2,0.05,500,0,1,7569,7569,0,7790,7790,753.548786235113,452.129271741068,378.754806219089,-18647.5974129327,3.39378657418905,3.39378657418905,500,-500,-78812.7922387983,0.0081332,20260619
1,lap_fixed_decrease,10000,2,0.2,1.8,1e-06,100,2,0.05,500,0,1,7569,7569,0,7790,7790,745.794376464635,447.476625878781,441.496123471074,-41849.5760343997,6.37221771943514,6.37221771943514,500,-500,-148418.728103199,0.008796,20365348
2,lap_fixed_decrease,10000,2,0.2,1.8,1e-06,100,2,0.05,500,0,1,7569,7569,0,7790,7790,744.654373230441,446.792623938265,380.840122847574,1561.55991655191,0.799543014563298,0.799543014563298,500,-500,-18185.3202503446,0.0110173,20470077
3,lap_fixed_decrease,10000,2,0.2,1.8,1e-06,100,2,0.05,500,0,1,7569,7569,0,7790,7790,745.826576626863,447.495945976118,396.286055884205,-30049.9262613924,4.85750016192457,4.85750016192457,500,-500,-113019.778784177,0.0098717,20574806
4,lap_fixed_decrease,10000,2,0.2,1.8,1e-06,100,2,0.05,500,0,1,7569,7569,0,7790,7790,747.992567726444,448.795540635867,381.04955421024,-32716.9817333424,5.19986928540981,5.19986928540981,500,-500,-121020.945200027,0.0111947,20679535
0,lap_scale_increase,10000,2,0.2,1.8,1e-06,100,2,0.05,500,0,1,7569,7569,0,7790,7790,753.548786235113,452.129271741068,378.754806219089,107110.533626252,12.7497475771826,12.7497475771826,500,376774.393117553,-78812.7922387983,0.013756,20260619
1,lap_scale_increase,10000,2,0.2,1.8,1e-06,100,2,0.05,500,0,1,7569,7569,0,7790,7790,745.794376464635,447.476625878781,441.496123471074,82616.1533763728,9.60541121647918,9.60541121647918,500,372897.188232317,-148418.728103199,0.0076134,20365348
2,lap_scale_increase,10000,2,0.2,1.8,1e-06,100,2,0.05,500,0,1,7569,7569,0,7790,7790,744.654373230441,446.792623938265,380.840122847574,125837.288788292,15.1536956082531,15.1536956082531,500,372327.186615217,-18185.3202503446,0.007511001,20470077
3,lap_scale_increase,10000,2,0.2,1.8,1e-06,100,2,0.05,500,0,1,7569,7569,0,7790,7790,745.826576626863,447.495945976118,396.286055884205,94421.1698430846,11.1208176948761,11.1208176948761,500,372913.28831343,-113019.778784177,0.011278,20574806
4,lap_scale_increase,10000,2,0.2,1.8,1e-06,100,2,0.05,500,0,1,7569,7569,0,7790,7790,747.992567726444,448.795540635867,381.04955421024,92115.1128877312,10.8247898443814,10.8247898443814,500,373996.283863225,-121020.945200027,0.0077627,20679535
0,lap_scale_decrease,10000,2,0.2,1.8,1e-06,100,2,0.05,500,0,1,7569,7569,0,7790,7790,753.548786235113,452.129271741068,378.754806219089,-144072.395118785,19.4945308239775,19.4945308239775,500,-376774.393117553,-78812.7922387983,0.0072596,20260619
1,lap_scale_decrease,10000,2,0.2,1.8,1e-06,100,2,0.05,500,0,1,7569,7569,0,7790,7790,745.794376464635,447.476625878781,441.496123471074,-165981.972111839,22.3070567537662,22.3070567537662,500,-372897.188232317,-148418.728103199,0.0065367,20365348
2,lap_scale_decrease,10000,2,0.2,1.8,1e-06,100,2,0.05,500,0,1,7569,7569,0,7790,7790,744.654373230441,446.792623938265,380.840122847574,-122380.835621855,16.7099917357965,16.7099917357965,500,-372327.186615217,-18185.3202503446,0.0068431,20470077
3,lap_scale_decrease,10000,2,0.2,1.8,1e-06,100,2,0.05,500,0,1,7569,7569,0,7790,7790,745.826576626863,447.495945976118,396.286055884205,-154187.689032537,20.7930281171421,20.7930281171421,500,-372913.28831343,-113019.778784177,0.0069733,20574806
4,lap_scale_decrease,10000,2,0.2,1.8,1e-06,100,2,0.05,500,0,1,7569,7569,0,7790,7790,747.992567726444,448.795540635867,381.04955421024,-157215.743021083,21.1817385136178,21.1817385136178,500,-373996.283863225,-121020.945200027,0.0071163,20679535
0,lap_count_increase,10000,2,0.2,1.8,1e-06,100,2,0.05,500,0,1,7569,7569,0,7790,7790,753.548786235113,452.129271741068,378.754806219089,-17897.930746266,3.29755208552837,3.29755208552837,109,1749,-78812.7922387983,0.0072174,20260619
1,lap_count_increase,10000,2,0.2,1.8,1e-06,100,2,0.05,500,0,1,7569,7569,0,7790,7790,745.794376464635,447.476625878781,441.496123471074,-41181.909367733,6.28650954656393,6.28650954656393,96,1503,-148418.728103199,0.0075626,20365348
2,lap_count_increase,10000,2,0.2,1.8,1e-06,100,2,0.05,500,0,1,7569,7569,0,7790,7790,744.654373230441,446.792623938265,380.840122847574,2066.89324988523,0.734673523763129,0.734673523763129,128,1016,-18185.3202503446,0.0097905,20470077
3,lap_count_increase,10000,2,0.2,1.8,1e-06,100,2,0.05,500,0,1,7569,7569,0,7790,7790,745.826576626863,447.495945976118,396.286055884205,-29471.9262613924,4.78330247257926,4.78330247257926,114,1234,-113019.778784177,0.0074615,20574806
4,lap_count_increase,10000,2,0.2,1.8,1e-06,100,2,0.05,500,0,1,7569,7569,0,7790,7790,747.992567726444,448.795540635867,381.04955421024,-32188.9817333424,5.13209008130197,5.13209008130197,110,1084,-121020.945200027,0.0096896,20679535
0,lap_count_decrease,10000,2,0.2,1.8,1e-06,100,2,0.05,500,0,1,7569,7569,0,7790,7790,753.548786235113,452.129271741068,378.754806219089,-19063.930746266,3.4472311612665,3.4472311612665,109,-1749,-78812.7922387983,0.0072346,20260619
1,lap_count_decrease,10000,2,0.2,1.8,1e-06,100,2,0.05,500,0,1,7569,7569,0,7790,7790,745.794376464635,447.476625878781,441.496123471074,-42183.909367733,6.4151359907231,6.4151359907231,96,-1503,-148418.728103199,0.008059201,20365348
2,lap_count_decrease,10000,2,0.2,1.8,1e-06,100,2,0.05,500,0,1,7569,7569,0,7790,7790,744.654373230441,446.792623938265,380.840122847574,1389.5599165519,0.821622603780244,0.821622603780244,128,-1016,-18185.3202503446,0.0067669,20470077
3,lap_count_decrease,10000,2,0.2,1.8,1e-06,100,2,0.05,500,0,1,7569,7569,0,7790,7790,745.826576626863,447.495945976118,396.286055884205,-30294.592928059,4.88890794968666,4.88890794968666,114,-1234,-113019.778784177,0.0070475,20574806
4,lap_count_decrease,10000,2,0.2,1.8,1e-06,100,2,0.05,500,0,1,7569,7569,0,7790,7790,747.992567726444,448.795540635867,381.04955421024,-32911.6484000091,5.22485858793441,5.22485858793441,110,-1084,-121020.945200027,0.0073364,20679535
0,lap_fixed_increase,10000,2,0.2,1.8,1e-06,100,2,0.05,500,0,2,7569,7569,0,7790,7790,753.548786235113,452.129271741068,378.754806219089,-18147.5974129327,3.32960172181421,3.32960172181421,500,1000,-78812.7922387983,0.0070496,20260619
1,lap_fixed_increase,10000,2,0.2,1.8,1e-06,100,2,0.05,500,0,2,7569,7569,0,7790,7790,745.794376464635,447.476625878781,441.496123471074,-41349.5760343997,6.30803286706029,6.30803286706029,500,1000,-148418.728103199,0.0073182,20365348
2,lap_fixed_increase,10000,2,0.2,1.8,1e-06,100,2,0.05,500,0,2,7569,7569,0,7790,7790,744.654373230441,446.792623938265,380.840122847574,2061.55991655188,0.735358162188463,0.735358162188463,500,1000,-18185.3202503446,0.006888101,20470077
3,lap_fixed_increase,10000,2,0.2,1.8,1e-06,100,2,0.05,500,0,2,7569,7569,0,7790,7790,745.826576626863,447.495945976118,396.286055884205,-29549.9262613924,4.79331530954973,4.79331530954973,500,1000,-113019.778784177,0.0062275,20574806
4,lap_fixed_increase,10000,2,0.2,1.8,1e-06,100,2,0.05,500,0,2,7569,7569,0,7790,7790,747.992567726444,448.795540635867,381.04955421024,-32216.9817333424,5.13568443303497,5.13568443303497,500,1000,-121020.945200027,0.007233,20679535
0,lap_fixed_decrease,10000,2,0.2,1.8,1e-06,100,2,0.05,500,0,2,7569,7569,0,7790,7790,753.548786235113,452.129271741068,378.754806219089,-18814.2640795993,3.41518152498066,3.41518152498066,500,-1000,-78812.7922387983,0.007072801,20260619
1,lap_fixed_decrease,10000,2,0.2,1.8,1e-06,100,2,0.05,500,0,2,7569,7569,0,7790,7790,745.794376464635,447.476625878781,441.496123471074,-42016.2427010663,6.39361267022674,6.39361267022674,500,-1000,-148418.728103199,0.0076603,20365348
2,lap_fixed_decrease,10000,2,0.2,1.8,1e-06,100,2,0.05,500,0,2,7569,7569,0,7790,7790,744.654373230441,446.792623938265,380.840122847574,1394.89324988523,0.820937965354913,0.820937965354913,500,-1000,-18185.3202503446,0.007992,20470077
3,lap_fixed_decrease,10000,2,0.2,1.8,1e-06,100,2,0.05,500,0,2,7569,7569,0,7790,7790,745.826576626863,447.495945976118,396.286055884205,-30216.592928059,4.87889511271618,4.87889511271618,500,-1000,-113019.778784177,0.0084296,20574806
4,lap_fixed_decrease,10000,2,0.2,1.8,1e-06,100,2,0.05,500,0,2,7569,7569,0,7790,7790,747.992567726444,448.795540635867,381.04955421024,-32883.6484000091,5.22126423620142,5.22126423620142,500,-1000,-121020.945200027,0.0087065,20679535
0,lap_scale_increase,10000,2,0.2,1.8,1e-06,100,2,0.05,500,0,2,7569,7569,0,7790,7790,753.548786235113,452.129271741068,378.754806219089,232701.997998773,28.8718867777629,28.8718867777629,500,753548.786235105,-78812.7922387983,0.009098101,20260619
1,lap_scale_increase,10000,2,0.2,1.8,1e-06,100,2,0.05,500,0,2,7569,7569,0,7790,7790,745.794376464635,447.476625878781,441.496123471074,206915.216120478,25.5616452016019,25.5616452016019,500,745794.376464634,-148418.728103199,0.0078519,20365348
2,lap_scale_increase,10000,2,0.2,1.8,1e-06,100,2,0.05,500,0,2,7569,7569,0,7790,7790,744.654373230441,446.792623938265,380.840122847574,249946.350993366,31.085539280278,31.085539280278,500,744654.373230433,-18185.3202503446,0.0070126,20470077
3,lap_scale_increase,10000,2,0.2,1.8,1e-06,100,2,0.05,500,0,2,7569,7569,0,7790,7790,745.826576626863,447.495945976118,396.286055884205,218725.599280895,27.0777406008851,27.0777406008851,500,745826.57662686,-113019.778784177,0.009324201,20574806
4,lap_scale_increase,10000,2,0.2,1.8,1e-06,100,2,0.05,500,0,2,7569,7569,0,7790,7790,747.992567726444,448.795540635867,381.04955421024,216780.540842139,26.8280540233811,26.8280540233811,500,747992.56772645,-121020.945200027,0.0091733,20679535
0,lap_scale_decrease,10000,2,0.2,1.8,1e-06,100,2,0.05,500,0,2,7569,7569,0,7790,7790,753.548786235113,452.129271741068,378.754806219089,-269663.859491304,35.6166700245576,35.6166700245576,500,-753548.786235105,-78812.7922387983,0.0079325,20260619
1,lap_scale_decrease,10000,2,0.2,1.8,1e-06,100,2,0.05,500,0,2,7569,7569,0,7790,7790,745.794376464635,447.476625878781,441.496123471074,-290281.034855944,38.2632907388888,38.2632907388888,500,-745794.376464634,-148418.728103199,0.009260101,20365348
2,lap_scale_decrease,10000,2,0.2,1.8,1e-06,100,2,0.05,500,0,2,7569,7569,0,7790,7790,744.654373230441,446.792623938265,380.840122847574,-246489.897826928,32.6418354078213,32.6418354078213,500,-744654.373230433,-18185.3202503446,0.0080802,20470077
3,lap_scale_decrease,10000,2,0.2,1.8,1e-06,100,2,0.05,500,0,2,7569,7569,0,7790,7790,745.826576626863,447.495945976118,396.286055884205,-278492.118470347,36.7499510231511,36.7499510231511,500,-745826.57662686,-113019.778784177,0.006551,20574806
4,lap_scale_decrease,10000,2,0.2,1.8,1e-06,100,2,0.05,500,0,2,7569,7569,0,7790,7790,747.992567726444,448.795540635867,381.04955421024,-281881.170975491,37.1850026926176,37.1850026926176,500,-747992.56772645,-121020.945200027,0.0081364,20679535
0,lap_count_increase,10000,2,0.2,1.8,1e-06,100,2,0.05,500,0,2,7569,7569,0,7790,7790,753.548786235113,452.129271741068,378.754806219089,-17314.930746266,3.22271254765931,3.22271254765931,109,3498,-78812.7922387983,0.0066414,20260619
1,lap_count_increase,10000,2,0.2,1.8,1e-06,100,2,0.05,500,0,2,7569,7569,0,7790,7790,745.794376464635,447.476625878781,441.496123471074,-40680.909367733,6.22219632448434,6.22219632448434,96,3006,-148418.728103199,0.0066207,20365348
2,lap_count_increase,10000,2,0.2,1.8,1e-06,100,2,0.05,500,0,2,7569,7569,0,7790,7790,744.654373230441,446.792623938265,380.840122847574,2405.55991655188,0.691198983754572,0.691198983754572,128,2032,-18185.3202503446,0.0100247,20470077
3,lap_count_increase,10000,2,0.2,1.8,1e-06,100,2,0.05,500,0,2,7569,7569,0,7790,7790,745.826576626863,447.495945976118,396.286055884205,-29060.5929280591,4.73049973402556,4.73049973402556,114,2468,-113019.778784177,0.0073993,20574806
4,lap_count_increase,10000,2,0.2,1.8,1e-06,100,2,0.05,500,0,2,7569,7569,0,7790,7790,747.992567726444,448.795540635867,381.04955421024,-31827.6484000091,5.08570582798576,5.08570582798576,110,2168,-121020.945200027,0.0058205,20679535
0,lap_count_decrease,10000,2,0.2,1.8,1e-06,100,2,0.05,500,0,2,7569,7569,0,7790,7790,753.548786235113,452.129271741068,378.754806219089,-19646.930746266,3.52207069913556,3.52207069913556,109,-3498,-78812.7922387983,0.007937,20260619
1,lap_count_decrease,10000,2,0.2,1.8,1e-06,100,2,0.05,500,0,2,7569,7569,0,7790,7790,745.794376464635,447.476625878781,441.496123471074,-42684.909367733,6.4794492128027,6.4794492128027,96,-3006,-148418.728103199,0.0070047,20365348
2,lap_count_decrease,10000,2,0.2,1.8,1e-06,100,2,0.05,500,0,2,7569,7569,0,7790,7790,744.654373230441,446.792623938265,380.840122847574,1050.8932498852,0.865097143788806,0.865097143788806,128,-2032,-18185.3202503446,0.007042,20470077
3,lap_count_decrease,10000,2,0.2,1.8,1e-06,100,2,0.05,500,0,2,7569,7569,0,7790,7790,745.826576626863,447.495945976118,396.286055884205,-30705.9262613924,4.94171068824036,4.94171068824036,114,-2468,-113019.778784177,0.0076209,20574806
4,lap_count_decrease,10000,2,0.2,1.8,1e-06,100,2,0.05,500,0,2,7569,7569,0,7790,7790,747.992567726444,448.795540635867,381.04955421024,-33272.9817333424,5.27124284125063,5.27124284125063,110,-2168,-121020.945200027,0.0088242,20679535
0,lap_fixed_increase,10000,2,0.2,1.8,1e-06,100,2,0.1,1000,0,0.25,7569,7569,0,7790,7790,753.548786235113,452.129271741068,378.754806219089,-18397.5974129327,3.36169414800163,3.36169414800163,1000,250,-78812.7922387983,0.006892,20260619
1,lap_fixed_increase,10000,2,0.2,1.8,1e-06,100,2,0.1,1000,0,0.25,7569,7569,0,7790,7790,745.794376464635,447.476625878781,441.496123471074,-41599.5760343996,6.34012529324771,6.34012529324771,1000,250,-148418.728103199,0.008396601,20365348
2,lap_fixed_increase,10000,2,0.2,1.8,1e-06,100,2,0.1,1000,0,0.25,7569,7569,0,7790,7790,744.654373230441,446.792623938265,380.840122847574,1811.55991655188,0.767450588375882,0.767450588375882,1000,250,-18185.3202503446,0.0071968,20470077
3,lap_fixed_increase,10000,2,0.2,1.8,1e-06,100,2,0.1,1000,0,0.25,7569,7569,0,7790,7790,745.826576626863,447.495945976118,396.286055884205,-29799.9262613924,4.82540773573715,4.82540773573715,1000,250,-113019.778784177,0.0111033,20574806
4,lap_fixed_increase,10000,2,0.2,1.8,1e-06,100,2,0.1,1000,0,0.25,7569,7569,0,7790,7790,747.992567726444,448.795540635867,381.04955421024,-32466.9817333424,5.16777685922239,5.16777685922239,1000,250,-121020.945200027,0.0096432,20679535
0,lap_fixed_decrease,10000,2,0.2,1.8,1e-06,100,2,0.1,1000,0,0.25,7569,7569,0,7790,7790,753.548786235113,452.129271741068,378.754806219089,-18564.2640795994,3.38308909879324,3.38308909879324,1000,-250,-78812.7922387983,0.0066789,20260619
1,lap_fixed_decrease,10000,2,0.2,1.8,1e-06,100,2,0.1,1000,0,0.25,7569,7569,0,7790,7790,745.794376464635,447.476625878781,441.496123471074,-41766.2427010663,6.36152024403932,6.36152024403932,1000,-250,-148418.728103199,0.0111732,20365348
2,lap_fixed_decrease,10000,2,0.2,1.8,1e-06,100,2,0.1,1000,0,0.25,7569,7569,0,7790,7790,744.654373230441,446.792623938265,380.840122847574,1644.89324988522,0.788845539167494,0.788845539167494,1000,-250,-18185.3202503446,0.007182801,20470077
3,lap_fixed_decrease,10000,2,0.2,1.8,1e-06,100,2,0.1,1000,0,0.25,7569,7569,0,7790,7790,745.826576626863,447.495945976118,396.286055884205,-29966.5929280591,4.84680268652876,4.84680268652876,1000,-250,-113019.778784177,0.0065758,20574806
4,lap_fixed_decrease,10000,2,0.2,1.8,1e-06,100,2,0.1,1000,0,0.25,7569,7569,0,7790,7790,747.992567726444,448.795540635867,381.04955421024,-32633.6484000091,5.189171810014,5.189171810014,1000,-250,-121020.945200027,0.0097377,20679535
0,lap_scale_increase,10000,2,0.2,1.8,1e-06,100,2,0.1,1000,0,0.25,7569,7569,0,7790,7790,753.548786235113,452.129271741068,378.754806219089,44314.8014399933,4.6886779768926,4.6886779768926,1000,188387.19655878,-78812.7922387983,0.0071313,20260619
1,lap_scale_increase,10000,2,0.2,1.8,1e-06,100,2,0.1,1000,0,0.25,7569,7569,0,7790,7790,745.794376464635,447.476625878781,441.496123471074,20466.6220043201,1.62729422391786,1.62729422391786,1000,186448.594116161,-148418.728103199,0.0072868,20365348
2,lap_scale_increase,10000,2,0.2,1.8,1e-06,100,2,0.1,1000,0,0.25,7569,7569,0,7790,7790,744.654373230441,446.792623938265,380.840122847574,63782.7576857552,7.18777377224072,7.18777377224072,1000,186163.593307606,-18185.3202503446,0.006913,20470077
3,lap_scale_increase,10000,2,0.2,1.8,1e-06,100,2,0.1,1000,0,0.25,7569,7569,0,7790,7790,745.826576626863,447.495945976118,396.286055884205,32268.9551241796,3.14235624187157,3.14235624187157,1000,186456.644156715,-113019.778784177,0.0070593,20574806
4,lap_scale_increase,10000,2,0.2,1.8,1e-06,100,2,0.1,1000,0,0.25,7569,7569,0,7790,7790,747.992567726444,448.795540635867,381.04955421024,29782.3989105278,2.82315775488162,2.82315775488162,1000,186998.141931611,-121020.945200027,0.0074104,20679535
0,lap_scale_decrease,10000,2,0.2,1.8,1e-06,100,2,0.1,1000,0,0.25,7569,7569,0,7790,7790,753.548786235113,452.129271741068,378.754806219089,-81276.6629325255,11.4334612236875,11.4334612236875,1000,-188387.19655878,-78812.7922387983,0.0071381,20260619
1,lap_scale_decrease,10000,2,0.2,1.8,1e-06,100,2,0.1,1000,0,0.25,7569,7569,0,7790,7790,745.794376464635,447.476625878781,441.496123471074,-103832.440739786,14.3289397612048,14.3289397612048,1000,-186448.594116161,-148418.728103199,0.0067051,20365348
2,lap_scale_decrease,10000,2,0.2,1.8,1e-06,100,2,0.1,1000,0,0.25,7569,7569,0,7790,7790,744.654373230441,446.792623938265,380.840122847574,-60326.3045193181,8.74406989978409,8.74406989978409,1000,-186163.593307606,-18185.3202503446,0.0069701,20470077
3,lap_scale_decrease,10000,2,0.2,1.8,1e-06,100,2,0.1,1000,0,0.25,7569,7569,0,7790,7790,745.826576626863,447.495945976118,396.286055884205,-92035.4743136314,12.8145666641375,12.8145666641375,1000,-186456.644156715,-113019.778784177,0.006602,20574806
4,lap_scale_decrease,10000,2,0.2,1.8,1e-06,100,2,0.1,1000,0,0.25,7569,7569,0,7790,7790,747.992567726444,448.795540635867,381.04955421024,-94883.0290438798,13.1801064241181,13.1801064241181,1000,-186998.141931611,-121020.945200027,0.0088319,20679535
0,lap_count_increase,10000,2,0.2,1.8,1e-06,100,2,0.1,1000,0,0.25,7569,7569,0,7790,7790,753.548786235113,452.129271741068,378.754806219089,-18226.0140795994,3.33966804616166,3.33966804616166,210,764.75,-78812.7922387983,0.0073716,20260619
1,lap_count_increase,10000,2,0.2,1.8,1e-06,100,2,0.1,1000,0,0.25,7569,7569,0,7790,7790,745.794376464635,447.476625878781,441.496123471074,-41409.3260343996,6.31570295691908,6.31570295691908,225,820.75,-148418.728103199,0.0074874,20365348
2,lap_count_increase,10000,2,0.2,1.8,1e-06,100,2,0.1,1000,0,0.25,7569,7569,0,7790,7790,744.654373230441,446.792623938265,380.840122847574,1932.89324988522,0.751875064199587,0.751875064199587,225,614,-18185.3202503446,0.00654,20470077
3,lap_count_increase,10000,2,0.2,1.8,1e-06,100,2,0.1,1000,0,0.25,7569,7569,0,7790,7790,745.826576626863,447.495945976118,396.286055884205,-29692.7595947257,4.81165078237814,4.81165078237814,207,571.5,-113019.778784177,0.0106262,20574806
4,lap_count_increase,10000,2,0.2,1.8,1e-06,100,2,0.1,1000,0,0.25,7569,7569,0,7790,7790,747.992567726444,448.795540635867,381.04955421024,-32358.5650666757,5.15385944373244,5.15385944373244,206,575.25,-121020.945200027,0.0109676,20679535
0,lap_count_decrease,10000,2,0.2,1.8,1e-06,100,2,0.1,1000,0,0.25,7569,7569,0,7790,7790,753.548786235113,452.129271741068,378.754806219089,-18735.8474129327,3.40511520063321,3.40511520063321,210,-764.75,-78812.7922387983,0.0075754,20260619
1,lap_count_decrease,10000,2,0.2,1.8,1e-06,100,2,0.1,1000,0,0.25,7569,7569,0,7790,7790,745.794376464635,447.476625878781,441.496123471074,-41956.4927010663,6.38594258036795,6.38594258036795,225,-820.75,-148418.728103199,0.0090868,20365348
2,lap_count_decrease,10000,2,0.2,1.8,1e-06,100,2,0.1,1000,0,0.25,7569,7569,0,7790,7790,744.654373230441,446.792623938265,380.840122847574,1523.5599165519,0.804421063343787,0.804421063343787,225,-614,-18185.3202503446,0.0077546,20470077
3,lap_count_decrease,10000,2,0.2,1.8,1e-06,100,2,0.1,1000,0,0.25,7569,7569,0,7790,7790,745.826576626863,447.495945976118,396.286055884205,-30073.7595947257,4.86055963988777,4.86055963988777,207,-571.5,-113019.778784177,0.0074591,20574806
4,lap_count_decrease,10000,2,0.2,1.8,1e-06,100,2,0.1,1000,0,0.25,7569,7569,0,7790,7790,747.992567726444,448.795540635867,381.04955421024,-32742.0650666757,5.20308922550394,5.20308922550394,206,-575.25,-121020.945200027,0.0112623,20679535
0,lap_fixed_increase,10000,2,0.2,1.8,1e-06,100,2,0.1,1000,0,0.5,7569,7569,0,7790,7790,753.548786235113,452.129271741068,378.754806219089,-18314.2640795994,3.35099667260582,3.35099667260582,1000,500,-78812.7922387983,0.011491801,20260619
1,lap_fixed_increase,10000,2,0.2,1.8,1e-06,100,2,0.1,1000,0,0.5,7569,7569,0,7790,7790,745.794376464635,447.476625878781,441.496123471074,-41516.2427010663,6.3294278178519,6.3294278178519,1000,500,-148418.728103199,0.0056752,20365348
2,lap_fixed_increase,10000,2,0.2,1.8,1e-06,100,2,0.1,1000,0,0.5,7569,7569,0,7790,7790,744.654373230441,446.792623938265,380.840122847574,1894.89324988522,0.756753112980075,0.756753112980075,1000,500,-18185.3202503446,0.00941,20470077
3,lap_fixed_increase,10000,2,0.2,1.8,1e-06,100,2,0.1,1000,0,0.5,7569,7569,0,7790,7790,745.826576626863,447.495945976118,396.286055884205,-29716.5929280591,4.81471026034134,4.81471026034134,1000,500,-113019.778784177,0.0070225,20574806
4,lap_fixed_increase,10000,2,0.2,1.8,1e-06,100,2,0.1,1000,0,0.5,7569,7569,0,7790,7790,747.992567726444,448.795540635867,381.04955421024,-32383.6484000091,5.15707938382658,5.15707938382658,1000,500,-121020.945200027,0.008099901,20679535
0,lap_fixed_decrease,10000,2,0.2,1.8,1e-06,100,2,0.1,1000,0,0.5,7569,7569,0,7790,7790,753.548786235113,452.129271741068,378.754806219089,-18647.5974129327,3.39378657418905,3.39378657418905,1000,-500,-78812.7922387983,0.006414899,20260619
1,lap_fixed_decrease,10000,2,0.2,1.8,1e-06,100,2,0.1,1000,0,0.5,7569,7569,0,7790,7790,745.794376464635,447.476625878781,441.496123471074,-41849.5760343997,6.37221771943514,6.37221771943514,1000,-500,-148418.728103199,0.0077091,20365348
2,lap_fixed_decrease,10000,2,0.2,1.8,1e-06,100,2,0.1,1000,0,0.5,7569,7569,0,7790,7790,744.654373230441,446.792623938265,380.840122847574,1561.5599165519,0.799543014563299,0.799543014563299,1000,-500,-18185.3202503446,0.0068578,20470077
3,lap_fixed_decrease,10000,2,0.2,1.8,1e-06,100,2,0.1,1000,0,0.5,7569,7569,0,7790,7790,745.826576626863,447.495945976118,396.286055884205,-30049.9262613924,4.85750016192457,4.85750016192457,1000,-500,-113019.778784177,0.0062176,20574806
4,lap_fixed_decrease,10000,2,0.2,1.8,1e-06,100,2,0.1,1000,0,0.5,7569,7569,0,7790,7790,747.992567726444,448.795540635867,381.04955421024,-32716.9817333424,5.19986928540981,5.19986928540981,1000,-500,-121020.945200027,0.007460399,20679535
0,lap_scale_increase,10000,2,0.2,1.8,1e-06,100,2,0.1,1000,0,0.5,7569,7569,0,7790,7790,753.548786235113,452.129271741068,378.754806219089,107110.533626253,12.7497475771826,12.7497475771826,1000,376774.39311756,-78812.7922387983,0.008301,20260619
1,lap_scale_increase,10000,2,0.2,1.8,1e-06,100,2,0.1,1000,0,0.5,7569,7569,0,7790,7790,745.794376464635,447.476625878781,441.496123471074,82616.1533763729,9.60541121647919,9.60541121647919,1000,372897.188232322,-148418.728103199,0.0089189,20365348
2,lap_scale_increase,10000,2,0.2,1.8,1e-06,100,2,0.1,1000,0,0.5,7569,7569,0,7790,7790,744.654373230441,446.792623938265,380.840122847574,125837.288788292,15.1536956082532,15.1536956082532,1000,372327.186615211,-18185.3202503446,0.007615,20470077
3,lap_scale_increase,10000,2,0.2,1.8,1e-06,100,2,0.1,1000,0,0.5,7569,7569,0,7790,7790,745.826576626863,447.495945976118,396.286055884205,94421.1698430844,11.120817694876,11.120817694876,1000,372913.28831343,-113019.778784177,0.006882801,20574806
4,lap_scale_increase,10000,2,0.2,1.8,1e-06,100,2,0.1,1000,0,0.5,7569,7569,0,7790,7790,747.992567726444,448.795540635867,381.04955421024,92115.1128877312,10.8247898443814,10.8247898443814,1000,373996.283863221,-121020.945200027,0.0071156,20679535
0,lap_scale_decrease,10000,2,0.2,1.8,1e-06,100,2,0.1,1000,0,0.5,7569,7569,0,7790,7790,753.548786235113,452.129271741068,378.754806219089,-144072.395118785,19.4945308239776,19.4945308239776,1000,-376774.39311756,-78812.7922387983,0.007626,20260619
1,lap_scale_decrease,10000,2,0.2,1.8,1e-06,100,2,0.1,1000,0,0.5,7569,7569,0,7790,7790,745.794376464635,447.476625878781,441.496123471074,-165981.972111839,22.3070567537662,22.3070567537662,1000,-372897.188232322,-148418.728103199,0.0064376,20365348
2,lap_scale_decrease,10000,2,0.2,1.8,1e-06,100,2,0.1,1000,0,0.5,7569,7569,0,7790,7790,744.654373230441,446.792623938265,380.840122847574,-122380.835621855,16.7099917357965,16.7099917357965,1000,-372327.186615211,-18185.3202503446,0.0088384,20470077
3,lap_scale_decrease,10000,2,0.2,1.8,1e-06,100,2,0.1,1000,0,0.5,7569,7569,0,7790,7790,745.826576626863,447.495945976118,396.286055884205,-154187.689032537,20.7930281171421,20.7930281171421,1000,-372913.28831343,-113019.778784177,0.0077794,20574806
4,lap_scale_decrease,10000,2,0.2,1.8,1e-06,100,2,0.1,1000,0,0.5,7569,7569,0,7790,7790,747.992567726444,448.795540635867,381.04955421024,-157215.743021083,21.1817385136178,21.1817385136178,1000,-373996.283863221,-121020.945200027,0.0067134,20679535
0,lap_count_increase,10000,2,0.2,1.8,1e-06,100,2,0.1,1000,0,0.5,7569,7569,0,7790,7790,753.548786235113,452.129271741068,378.754806219089,-17971.0974129327,3.30694446892589,3.30694446892589,210,1529.5,-78812.7922387983,0.008209,20260619
1,lap_count_increase,10000,2,0.2,1.8,1e-06,100,2,0.1,1000,0,0.5,7569,7569,0,7790,7790,745.794376464635,447.476625878781,441.496123471074,-41135.7427010664,6.28058314519466,6.28058314519466,225,1641.5,-148418.728103199,0.006760201,20365348
2,lap_count_increase,10000,2,0.2,1.8,1e-06,100,2,0.1,1000,0,0.5,7569,7569,0,7790,7790,744.654373230441,446.792623938265,380.840122847574,2137.55991655189,0.725602064627485,0.725602064627485,225,1228,-18185.3202503446,0.007394799,20470077
3,lap_count_increase,10000,2,0.2,1.8,1e-06,100,2,0.1,1000,0,0.5,7569,7569,0,7790,7790,745.826576626863,447.495945976118,396.286055884205,-29502.2595947258,4.78719635362333,4.78719635362333,207,1143,-113019.778784177,0.0068777,20574806
4,lap_count_increase,10000,2,0.2,1.8,1e-06,100,2,0.1,1000,0,0.5,7569,7569,0,7790,7790,747.992567726444,448.795540635867,381.04955421024,-32166.8150666757,5.12924455284669,5.12924455284669,206,1150.5,-121020.945200027,0.0072293,20679535
0,lap_count_decrease,10000,2,0.2,1.8,1e-06,100,2,0.1,1000,0,0.5,7569,7569,0,7790,7790,753.548786235113,452.129271741068,378.754806219089,-18990.7640795993,3.43783877786898,3.43783877786898,210,-1529.5,-78812.7922387983,0.0117303,20260619
1,lap_count_decrease,10000,2,0.2,1.8,1e-06,100,2,0.1,1000,0,0.5,7569,7569,0,7790,7790,745.794376464635,447.476625878781,441.496123471074,-42230.0760343996,6.42106239209238,6.42106239209238,225,-1641.5,-148418.728103199,0.007356501,20365348
2,lap_count_decrease,10000,2,0.2,1.8,1e-06,100,2,0.1,1000,0,0.5,7569,7569,0,7790,7790,744.654373230441,446.792623938265,380.840122847574,1318.89324988523,0.830694062915888,0.830694062915888,225,-1228,-18185.3202503446,0.0070712,20470077
3,lap_count_decrease,10000,2,0.2,1.8,1e-06,100,2,0.1,1000,0,0.5,7569,7569,0,7790,7790,745.826576626863,447.495945976118,396.286055884205,-30264.2595947257,4.88501406864258,4.88501406864258,207,-1143,-113019.778784177,0.0072992,20574806
4,lap_count_decrease,10000,2,0.2,1.8,1e-06,100,2,0.1,1000,0,0.5,7569,7569,0,7790,7790,747.992567726444,448.795540635867,381.04955421024,-32933.8150666757,5.22770411638969,5.22770411638969,206,-1150.5,-121020.945200027,0.008391701,20679535
0,lap_fixed_increase,10000,2,0.2,1.8,1e-06,100,2,0.1,1000,0,1,7569,7569,0,7790,7790,753.548786235113,452.129271741068,378.754806219089,-18147.5974129327,3.32960172181421,3.32960172181421,1000,1000,-78812.7922387983,0.0065827,20260619
1,lap_fixed_increase,10000,2,0.2,1.8,1e-06,100,2,0.1,1000,0,1,7569,7569,0,7790,7790,745.794376464635,447.476625878781,441.496123471074,-41349.5760343997,6.30803286706029,6.30803286706029,1000,1000,-148418.728103199,0.0083103,20365348
2,lap_fixed_increase,10000,2,0.2,1.8,1e-06,100,2,0.1,1000,0,1,7569,7569,0,7790,7790,744.654373230441,446.792623938265,380.840122847574,2061.55991655188,0.735358162188463,0.735358162188463,1000,1000,-18185.3202503446,0.0086785,20470077
3,lap_fixed_increase,10000,2,0.2,1.8,1e-06,100,2,0.1,1000,0,1,7569,7569,0,7790,7790,745.826576626863,447.495945976118,396.286055884205,-29549.9262613924,4.79331530954973,4.79331530954973,1000,1000,-113019.778784177,0.0098635,20574806
4,lap_fixed_increase,10000,2,0.2,1.8,1e-06,100,2,0.1,1000,0,1,7569,7569,0,7790,7790,747.992567726444,448.795540635867,381.04955421024,-32216.9817333424,5.13568443303497,5.13568443303497,1000,1000,-121020.945200027,0.0066857,20679535
0,lap_fixed_decrease,10000,2,0.2,1.8,1e-06,100,2,0.1,1000,0,1,7569,7569,0,7790,7790,753.548786235113,452.129271741068,378.754806219089,-18814.2640795993,3.41518152498066,3.41518152498066,1000,-1000,-78812.7922387983,0.0081235,20260619
1,lap_fixed_decrease,10000,2,0.2,1.8,1e-06,100,2,0.1,1000,0,1,7569,7569,0,7790,7790,745.794376464635,447.476625878781,441.496123471074,-42016.2427010663,6.39361267022674,6.39361267022674,1000,-1000,-148418.728103199,0.0084659,20365348
2,lap_fixed_decrease,10000,2,0.2,1.8,1e-06,100,2,0.1,1000,0,1,7569,7569,0,7790,7790,744.654373230441,446.792623938265,380.840122847574,1394.89324988522,0.820937965354914,0.820937965354914,1000,-1000,-18185.3202503446,0.008599999,20470077
3,lap_fixed_decrease,10000,2,0.2,1.8,1e-06,100,2,0.1,1000,0,1,7569,7569,0,7790,7790,745.826576626863,447.495945976118,396.286055884205,-30216.592928059,4.87889511271618,4.87889511271618,1000,-1000,-113019.778784177,0.0073525,20574806
4,lap_fixed_decrease,10000,2,0.2,1.8,1e-06,100,2,0.1,1000,0,1,7569,7569,0,7790,7790,747.992567726444,448.795540635867,381.04955421024,-32883.6484000091,5.22126423620142,5.22126423620142,1000,-1000,-121020.945200027,0.0081345,20679535
0,lap_scale_increase,10000,2,0.2,1.8,1e-06,100,2,0.1,1000,0,1,7569,7569,0,7790,7790,753.548786235113,452.129271741068,378.754806219089,232701.997998772,28.8718867777628,28.8718867777628,1000,753548.78623512,-78812.7922387983,0.009680601,20260619
1,lap_scale_increase,10000,2,0.2,1.8,1e-06,100,2,0.1,1000,0,1,7569,7569,0,7790,7790,745.794376464635,447.476625878781,441.496123471074,206915.216120479,25.5616452016019,25.5616452016019,1000,745794.376464644,-148418.728103199,0.0073912,20365348
2,lap_scale_increase,10000,2,0.2,1.8,1e-06,100,2,0.1,1000,0,1,7569,7569,0,7790,7790,744.654373230441,446.792623938265,380.840122847574,249946.350993365,31.0855392802779,31.0855392802779,1000,744654.373230423,-18185.3202503446,0.0072853,20470077
3,lap_scale_increase,10000,2,0.2,1.8,1e-06,100,2,0.1,1000,0,1,7569,7569,0,7790,7790,745.826576626863,447.495945976118,396.286055884205,218725.599280895,27.0777406008851,27.0777406008851,1000,745826.57662686,-113019.778784177,0.007004601,20574806
4,lap_scale_increase,10000,2,0.2,1.8,1e-06,100,2,0.1,1000,0,1,7569,7569,0,7790,7790,747.992567726444,448.795540635867,381.04955421024,216780.540842139,26.8280540233812,26.8280540233812,1000,747992.567726442,-121020.945200027,0.0072682,20679535
0,lap_scale_decrease,10000,2,0.2,1.8,1e-06,100,2,0.1,1000,0,1,7569,7569,0,7790,7790,753.548786235113,452.129271741068,378.754806219089,-269663.859491304,35.6166700245576,35.6166700245576,1000,-753548.78623512,-78812.7922387983,0.0073393,20260619
1,lap_scale_decrease,10000,2,0.2,1.8,1e-06,100,2,0.1,1000,0,1,7569,7569,0,7790,7790,745.794376464635,447.476625878781,441.496123471074,-290281.034855944,38.2632907388888,38.2632907388888,1000,-745794.376464644,-148418.728103199,0.0070488,20365348
2,lap_scale_decrease,10000,2,0.2,1.8,1e-06,100,2,0.1,1000,0,1,7569,7569,0,7790,7790,744.654373230441,446.792623938265,380.840122847574,-246489.897826928,32.6418354078213,32.6418354078213,1000,-744654.373230423,-18185.3202503446,0.0071902,20470077
3,lap_scale_decrease,10000,2,0.2,1.8,1e-06,100,2,0.1,1000,0,1,7569,7569,0,7790,7790,745.826576626863,447.495945976118,396.286055884205,-278492.118470347,36.7499510231511,36.7499510231511,1000,-745826.57662686,-113019.778784177,0.0077606,20574806
4,lap_scale_decrease,10000,2,0.2,1.8,1e-06,100,2,0.1,1000,0,1,7569,7569,0,7790,7790,747.992567726444,448.795540635867,381.04955421024,-281881.170975492,37.1850026926177,37.1850026926177,1000,-747992.567726442,-121020.945200027,0.0069569,20679535
0,lap_count_increase,10000,2,0.2,1.8,1e-06,100,2,0.1,1000,0,1,7569,7569,0,7790,7790,753.548786235113,452.129271741068,378.754806219089,-17461.2640795993,3.24149731445435,3.24149731445435,210,3059,-78812.7922387983,0.012558801,20260619
1,lap_count_increase,10000,2,0.2,1.8,1e-06,100,2,0.1,1000,0,1,7569,7569,0,7790,7790,745.794376464635,447.476625878781,441.496123471074,-40588.5760343997,6.21034352174579,6.21034352174579,225,3283,-148418.728103199,0.0074434,20365348
2,lap_count_increase,10000,2,0.2,1.8,1e-06,100,2,0.1,1000,0,1,7569,7569,0,7790,7790,744.654373230441,446.792623938265,380.840122847574,2546.89324988522,0.673056065483284,0.673056065483284,225,2456,-18185.3202503446,0.0091884,20470077
3,lap_count_increase,10000,2,0.2,1.8,1e-06,100,2,0.1,1000,0,1,7569,7569,0,7790,7790,745.826576626863,447.495945976118,396.286055884205,-29121.2595947258,4.73828749611371,4.73828749611371,207,2286,-113019.778784177,0.0083254,20574806
4,lap_count_increase,10000,2,0.2,1.8,1e-06,100,2,0.1,1000,0,1,7569,7569,0,7790,7790,747.992567726444,448.795540635867,381.04955421024,-31783.3150666757,5.08001477107519,5.08001477107519,206,2301,-121020.945200027,0.0071307,20679535
0,lap_count_decrease,10000,2,0.2,1.8,1e-06,100,2,0.1,1000,0,1,7569,7569,0,7790,7790,753.548786235113,452.129271741068,378.754806219089,-19500.5974129327,3.50328593234052,3.50328593234052,210,-3059,-78812.7922387983,0.0111673,20260619
1,lap_count_decrease,10000,2,0.2,1.8,1e-06,100,2,0.1,1000,0,1,7569,7569,0,7790,7790,745.794376464635,447.476625878781,441.496123471074,-42777.2427010663,6.49130201554125,6.49130201554125,225,-3283,-148418.728103199,0.008461401,20365348
2,lap_count_decrease,10000,2,0.2,1.8,1e-06,100,2,0.1,1000,0,1,7569,7569,0,7790,7790,744.654373230441,446.792623938265,380.840122847574,909.559916551882,0.883240062060092,0.883240062060092,225,-2456,-18185.3202503446,0.0076445,20470077
3,lap_count_decrease,10000,2,0.2,1.8,1e-06,100,2,0.1,1000,0,1,7569,7569,0,7790,7790,745.826576626863,447.495945976118,396.286055884205,-30645.2595947257,4.93392292615221,4.93392292615221,207,-2286,-113019.778784177,0.0079636,20574806
4,lap_count_decrease,10000,2,0.2,1.8,1e-06,100,2,0.1,1000,0,1,7569,7569,0,7790,7790,747.992567726444,448.795540635867,381.04955421024,-33317.3150666757,5.2769338981612,5.2769338981612,206,-2301,-121020.945200027,0.007422501,20679535
0,lap_fixed_increase,10000,2,0.2,1.8,1e-06,100,2,0.1,1000,0,2,7569,7569,0,7790,7790,753.548786235113,452.129271741068,378.754806219089,-17814.2640795994,3.28681182023098,3.28681182023098,1000,2000,-78812.7922387983,0.008036901,20260619
1,lap_fixed_increase,10000,2,0.2,1.8,1e-06,100,2,0.1,1000,0,2,7569,7569,0,7790,7790,745.794376464635,447.476625878781,441.496123471074,-41016.2427010664,6.26524296547707,6.26524296547707,1000,2000,-148418.728103199,0.007119,20365348
2,lap_fixed_increase,10000,2,0.2,1.8,1e-06,100,2,0.1,1000,0,2,7569,7569,0,7790,7790,744.654373230441,446.792623938265,380.840122847574,2394.89324988522,0.692568260605235,0.692568260605235,1000,2000,-18185.3202503446,0.0073397,20470077
3,lap_fixed_increase,10000,2,0.2,1.8,1e-06,100,2,0.1,1000,0,2,7569,7569,0,7790,7790,745.826576626863,447.495945976118,396.286055884205,-29216.5929280591,4.75052540796651,4.75052540796651,1000,2000,-113019.778784177,0.007724001,20574806
4,lap_fixed_increase,10000,2,0.2,1.8,1e-06,100,2,0.1,1000,0,2,7569,7569,0,7790,7790,747.992567726444,448.795540635867,381.04955421024,-31883.6484000091,5.09289453145174,5.09289453145174,1000,2000,-121020.945200027,0.010091,20679535
0,lap_fixed_decrease,10000,2,0.2,1.8,1e-06,100,2,0.1,1000,0,2,7569,7569,0,7790,7790,753.548786235113,452.129271741068,378.754806219089,-19147.5974129327,3.45797142656389,3.45797142656389,1000,-2000,-78812.7922387983,0.007258,20260619
1,lap_fixed_decrease,10000,2,0.2,1.8,1e-06,100,2,0.1,1000,0,2,7569,7569,0,7790,7790,745.794376464635,447.476625878781,441.496123471074,-42349.5760343997,6.43640257180997,6.43640257180997,1000,-2000,-148418.728103199,0.0068418,20365348
2,lap_fixed_decrease,10000,2,0.2,1.8,1e-06,100,2,0.1,1000,0,2,7569,7569,0,7790,7790,744.654373230441,446.792623938265,380.840122847574,1061.55991655188,0.863727866938142,0.863727866938142,1000,-2000,-18185.3202503446,0.007523,20470077
3,lap_fixed_decrease,10000,2,0.2,1.8,1e-06,100,2,0.1,1000,0,2,7569,7569,0,7790,7790,745.826576626863,447.495945976118,396.286055884205,-30549.9262613924,4.92168501429941,4.92168501429941,1000,-2000,-113019.778784177,0.0077841,20574806
4,lap_fixed_decrease,10000,2,0.2,1.8,1e-06,100,2,0.1,1000,0,2,7569,7569,0,7790,7790,747.992567726444,448.795540635867,381.04955421024,-33216.9817333424,5.26405413778465,5.26405413778465,1000,-2000,-121020.945200027,0.007117001,20679535
0,lap_scale_increase,10000,2,0.2,1.8,1e-06,100,2,0.1,1000,0,2,7569,7569,0,7790,7790,753.548786235113,452.129271741068,378.754806219089,483884.926743812,61.1161651789232,61.1161651789232,1000,1507097.57247024,-78812.7922387983,0.007192301,20260619
1,lap_scale_increase,10000,2,0.2,1.8,1e-06,100,2,0.1,1000,0,2,7569,7569,0,7790,7790,745.794376464635,447.476625878781,441.496123471074,455513.341608691,57.4741131718473,57.4741131718473,1000,1491588.75292929,-148418.728103199,0.0073402,20365348
2,lap_scale_increase,10000,2,0.2,1.8,1e-06,100,2,0.1,1000,0,2,7569,7569,0,7790,7790,744.654373230441,446.792623938265,380.840122847574,498164.475403511,62.9492266243275,62.9492266243275,1000,1489308.74646085,-18185.3202503446,0.0097257,20470077
3,lap_scale_increase,10000,2,0.2,1.8,1e-06,100,2,0.1,1000,0,2,7569,7569,0,7790,7790,745.826576626863,447.495945976118,396.286055884205,467334.458156518,58.9915864129034,58.9915864129034,1000,1491653.15325372,-113019.778784177,0.0072166,20574806
4,lap_scale_increase,10000,2,0.2,1.8,1e-06,100,2,0.1,1000,0,2,7569,7569,0,7790,7790,747.992567726444,448.795540635867,381.04955421024,466111.396750952,58.8345823813803,58.8345823813803,1000,1495985.13545288,-121020.945200027,0.0080769,20679535
0,lap_scale_decrease,10000,2,0.2,1.8,1e-06,100,2,0.1,1000,0,2,7569,7569,0,7790,7790,753.548786235113,452.129271741068,378.754806219089,-520846.788236339,67.8609484257174,67.8609484257174,1000,-1507097.57247024,-78812.7922387983,0.0070677,20260619
1,lap_scale_decrease,10000,2,0.2,1.8,1e-06,100,2,0.1,1000,0,2,7569,7569,0,7790,7790,745.794376464635,447.476625878781,441.496123471074,-538879.160344158,70.1757587091346,70.1757587091346,1000,-1491588.75292929,-148418.728103199,0.0076964,20365348
2,lap_scale_decrease,10000,2,0.2,1.8,1e-06,100,2,0.1,1000,0,2,7569,7569,0,7790,7790,744.654373230441,446.792623938265,380.840122847574,-494708.022237077,64.5055227518713,64.5055227518713,1000,-1489308.74646085,-18185.3202503446,0.0086252,20470077
3,lap_scale_decrease,10000,2,0.2,1.8,1e-06,100,2,0.1,1000,0,2,7569,7569,0,7790,7790,745.826576626863,447.495945976118,396.286055884205,-527100.977345966,68.663796835169,68.663796835169,1000,-1491653.15325372,-113019.778784177,0.0076339,20574806
4,lap_scale_decrease,10000,2,0.2,1.8,1e-06,100,2,0.1,1000,0,2,7569,7569,0,7790,7790,747.992567726444,448.795540635867,381.04955421024,-531212.026884307,69.191531050617,69.191531050617,1000,-1495985.13545288,-121020.945200027,0.008184999,20679535
0,lap_count_increase,10000,2,0.2,1.8,1e-06,100,2,0.1,1000,0,2,7569,7569,0,7790,7790,753.548786235113,452.129271741068,378.754806219089,-16441.5974129327,3.11060300551126,3.11060300551126,210,6118,-78812.7922387983,0.0094786,20260619
1,lap_count_increase,10000,2,0.2,1.8,1e-06,100,2,0.1,1000,0,2,7569,7569,0,7790,7790,745.794376464635,447.476625878781,441.496123471074,-39494.2427010663,6.06986427484805,6.06986427484805,225,6566,-148418.728103199,0.0071063,20365348
2,lap_count_increase,10000,2,0.2,1.8,1e-06,100,2,0.1,1000,0,2,7569,7569,0,7790,7790,744.654373230441,446.792623938265,380.840122847574,3365.55991655189,0.56796406719488,0.56796406719488,225,4912,-18185.3202503446,0.0084278,20470077
3,lap_count_increase,10000,2,0.2,1.8,1e-06,100,2,0.1,1000,0,2,7569,7569,0,7790,7790,745.826576626863,447.495945976118,396.286055884205,-28359.2595947257,4.64046978109445,4.64046978109445,207,4572,-113019.778784177,0.0074023,20574806
4,lap_count_increase,10000,2,0.2,1.8,1e-06,100,2,0.1,1000,0,2,7569,7569,0,7790,7790,747.992567726444,448.795540635867,381.04955421024,-31016.3150666757,4.98155520753219,4.98155520753219,206,4602,-121020.945200027,0.007481501,20679535
0,lap_count_decrease,10000,2,0.2,1.8,1e-06,100,2,0.1,1000,0,2,7569,7569,0,7790,7790,753.548786235113,452.129271741068,378.754806219089,-20520.2640795994,3.63418024128362,3.63418024128362,210,-6118,-78812.7922387983,0.0074231,20260619
1,lap_count_decrease,10000,2,0.2,1.8,1e-06,100,2,0.1,1000,0,2,7569,7569,0,7790,7790,745.794376464635,447.476625878781,441.496123471074,-43871.5760343996,6.63178126243898,6.63178126243898,225,-6566,-148418.728103199,0.0067184,20365348
2,lap_count_decrease,10000,2,0.2,1.8,1e-06,100,2,0.1,1000,0,2,7569,7569,0,7790,7790,744.654373230441,446.792623938265,380.840122847574,90.8932498851946,0.988332060348499,0.988332060348499,225,-4912,-18185.3202503446,0.0089969,20470077
3,lap_count_decrease,10000,2,0.2,1.8,1e-06,100,2,0.1,1000,0,2,7569,7569,0,7790,7790,745.826576626863,447.495945976118,396.286055884205,-31407.2595947258,5.03174064117147,5.03174064117147,207,-4572,-113019.778784177,0.0088026,20574806
4,lap_count_decrease,10000,2,0.2,1.8,1e-06,100,2,0.1,1000,0,2,7569,7569,0,7790,7790,747.992567726444,448.795540635867,381.04955421024,-34084.3150666758,5.3753934617042,5.3753934617042,206,-4602,-121020.945200027,0.0082357,20679535
0,lap_fixed_increase,10000,2,0.2,1.8,1e-06,100,2,0.15,1500,0,0.25,7569,7569,0,7790,7790,753.548786235113,452.129271741068,378.754806219089,-18355.930746266,3.35634541030373,3.35634541030373,1500,375,-78812.7922387983,0.0073166,20260619
1,lap_fixed_increase,10000,2,0.2,1.8,1e-06,100,2,0.15,1500,0,0.25,7569,7569,0,7790,7790,745.794376464635,447.476625878781,441.496123471074,-41557.909367733,6.3347765555498,6.3347765555498,1500,375,-148418.728103199,0.0090809,20365348
2,lap_fixed_increase,10000,2,0.2,1.8,1e-06,100,2,0.15,1500,0,0.25,7569,7569,0,7790,7790,744.654373230441,446.792623938265,380.840122847574,1853.22658321856,0.762101850677977,0.762101850677977,1500,375,-18185.3202503446,0.0076424,20470077
3,lap_fixed_increase,10000,2,0.2,1.8,1e-06,100,2,0.15,1500,0,0.25,7569,7569,0,7790,7790,745.826576626863,447.495945976118,396.286055884205,-29758.2595947257,4.82005899803925,4.82005899803925,1500,375,-113019.778784177,0.0086552,20574806
4,lap_fixed_increase,10000,2,0.2,1.8,1e-06,100,2,0.15,1500,0,0.25,7569,7569,0,7790,7790,747.992567726444,448.795540635867,381.04955421024,-32425.3150666757,5.16242812152448,5.16242812152448,1500,375,-121020.945200027,0.0089958,20679535
0,lap_fixed_decrease,10000,2,0.2,1.8,1e-06,100,2,0.15,1500,0,0.25,7569,7569,0,7790,7790,753.548786235113,452.129271741068,378.754806219089,-18605.930746266,3.38843783649114,3.38843783649114,1500,-375,-78812.7922387983,0.0070662,20260619
1,lap_fixed_decrease,10000,2,0.2,1.8,1e-06,100,2,0.15,1500,0,0.25,7569,7569,0,7790,7790,745.794376464635,447.476625878781,441.496123471074,-41807.909367733,6.36686898173723,6.36686898173723,1500,-375,-148418.728103199,0.0068771,20365348
2,lap_fixed_decrease,10000,2,0.2,1.8,1e-06,100,2,0.15,1500,0,0.25,7569,7569,0,7790,7790,744.654373230441,446.792623938265,380.840122847574,1603.22658321855,0.794194276865398,0.794194276865398,1500,-375,-18185.3202503446,0.0079923,20470077
3,lap_fixed_decrease,10000,2,0.2,1.8,1e-06,100,2,0.15,1500,0,0.25,7569,7569,0,7790,7790,745.826576626863,447.495945976118,396.286055884205,-30008.2595947257,4.85215142422667,4.85215142422667,1500,-375,-113019.778784177,0.0089792,20574806
4,lap_fixed_decrease,10000,2,0.2,1.8,1e-06,100,2,0.15,1500,0,0.25,7569,7569,0,7790,7790,747.992567726444,448.795540635867,381.04955421024,-32675.3150666757,5.1945205477119,5.1945205477119,1500,-375,-121020.945200027,0.0096017,20679535
0,lap_scale_increase,10000,2,0.2,1.8,1e-06,100,2,0.15,1500,0,0.25,7569,7569,0,7790,7790,753.548786235113,452.129271741068,378.754806219089,75712.6675331232,8.71921277703764,8.71921277703764,1500,282580.794838172,-78812.7922387983,0.0136512,20260619
1,lap_scale_increase,10000,2,0.2,1.8,1e-06,100,2,0.15,1500,0,0.25,7569,7569,0,7790,7790,745.794376464635,447.476625878781,441.496123471074,51541.3876903465,5.61635272019852,5.61635272019852,1500,279672.891174243,-148418.728103199,0.008047,20365348
2,lap_scale_increase,10000,2,0.2,1.8,1e-06,100,2,0.15,1500,0,0.25,7569,7569,0,7790,7790,744.654373230441,446.792623938265,380.840122847574,94810.0232370233,11.1707346902469,11.1707346902469,1500,279245.389961407,-18185.3202503446,0.0097313,20470077
3,lap_scale_increase,10000,2,0.2,1.8,1e-06,100,2,0.15,1500,0,0.25,7569,7569,0,7790,7790,745.826576626863,447.495945976118,396.286055884205,63345.0624836319,7.1315869683738,7.1315869683738,1500,279684.966235072,-113019.778784177,0.0077998,20574806
4,lap_scale_increase,10000,2,0.2,1.8,1e-06,100,2,0.15,1500,0,0.25,7569,7569,0,7790,7790,747.992567726444,448.795540635867,381.04955421024,60948.7558991297,6.82397379963154,6.82397379963154,1500,280497.212897412,-121020.945200027,0.0077127,20679535
0,lap_scale_decrease,10000,2,0.2,1.8,1e-06,100,2,0.15,1500,0,0.25,7569,7569,0,7790,7790,753.548786235113,452.129271741068,378.754806219089,-112674.529025655,15.4639960238325,15.4639960238325,1500,-282580.794838172,-78812.7922387983,0.0113678,20260619
1,lap_scale_decrease,10000,2,0.2,1.8,1e-06,100,2,0.15,1500,0,0.25,7569,7569,0,7790,7790,745.794376464635,447.476625878781,441.496123471074,-134907.206425812,18.3179982574855,18.3179982574855,1500,-279672.891174243,-148418.728103199,0.0070237,20365348
2,lap_scale_decrease,10000,2,0.2,1.8,1e-06,100,2,0.15,1500,0,0.25,7569,7569,0,7790,7790,744.654373230441,446.792623938265,380.840122847574,-91353.5700705865,12.7270308177903,12.7270308177903,1500,-279245.389961407,-18185.3202503446,0.0075743,20470077
3,lap_scale_decrease,10000,2,0.2,1.8,1e-06,100,2,0.15,1500,0,0.25,7569,7569,0,7790,7790,745.826576626863,447.495945976118,396.286055884205,-123111.581673084,16.8037973906398,16.8037973906398,1500,-279684.966235072,-113019.778784177,0.0078071,20574806
4,lap_scale_decrease,10000,2,0.2,1.8,1e-06,100,2,0.15,1500,0,0.25,7569,7569,0,7790,7790,747.992567726444,448.795540635867,381.04955421024,-126049.386032481,17.180922468868,17.180922468868,1500,-280497.212897412,-121020.945200027,0.0073244,20679535
0,lap_count_increase,10000,2,0.2,1.8,1e-06,100,2,0.15,1500,0,0.25,7569,7569,0,7790,7790,753.548786235113,452.129271741068,378.754806219089,-18085.0140795994,3.32156791779196,3.32156791779196,309,1187.75,-78812.7922387983,0.0112467,20260619
1,lap_count_increase,10000,2,0.2,1.8,1e-06,100,2,0.15,1500,0,0.25,7569,7569,0,7790,7790,745.794376464635,447.476625878781,441.496123471074,-41337.4927010663,6.3064817331279,6.3064817331279,337,1036.25,-148418.728103199,0.0077695,20365348
2,lap_count_increase,10000,2,0.2,1.8,1e-06,100,2,0.15,1500,0,0.25,7569,7569,0,7790,7790,744.654373230441,446.792623938265,380.840122847574,1996.47658321855,0.743712890472587,0.743712890472587,326,804.75,-18185.3202503446,0.007519301,20470077
3,lap_count_increase,10000,2,0.2,1.8,1e-06,100,2,0.15,1500,0,0.25,7569,7569,0,7790,7790,745.826576626863,447.495945976118,396.286055884205,-29579.7595947258,4.79714500574143,4.79714500574143,312,910.5,-113019.778784177,0.0074668,20574806
4,lap_count_increase,10000,2,0.2,1.8,1e-06,100,2,0.15,1500,0,0.25,7569,7569,0,7790,7790,747.992567726444,448.795540635867,381.04955421024,-32243.1484000091,5.13904344030925,5.13904344030925,318,921.5,-121020.945200027,0.0079637,20679535
0,lap_count_decrease,10000,2,0.2,1.8,1e-06,100,2,0.15,1500,0,0.25,7569,7569,0,7790,7790,753.548786235113,452.129271741068,378.754806219089,-18876.8474129327,3.42321532900291,3.42321532900291,309,-1187.75,-78812.7922387983,0.0093068,20260619
1,lap_count_decrease,10000,2,0.2,1.8,1e-06,100,2,0.15,1500,0,0.25,7569,7569,0,7790,7790,745.794376464635,447.476625878781,441.496123471074,-42028.3260343997,6.39516380415914,6.39516380415914,337,-1036.25,-148418.728103199,0.0072085,20365348
2,lap_count_decrease,10000,2,0.2,1.8,1e-06,100,2,0.15,1500,0,0.25,7569,7569,0,7790,7790,744.654373230441,446.792623938265,380.840122847574,1459.97658321856,0.812583237070788,0.812583237070788,326,-804.75,-18185.3202503446,0.008199001,20470077
3,lap_count_decrease,10000,2,0.2,1.8,1e-06,100,2,0.15,1500,0,0.25,7569,7569,0,7790,7790,745.826576626863,447.495945976118,396.286055884205,-30186.7595947257,4.87506541652448,4.87506541652448,312,-910.5,-113019.778784177,0.0072399,20574806
4,lap_count_decrease,10000,2,0.2,1.8,1e-06,100,2,0.15,1500,0,0.25,7569,7569,0,7790,7790,747.992567726444,448.795540635867,381.04955421024,-32857.4817333424,5.21790522892714,5.21790522892714,318,-921.5,-121020.945200027,0.0110966,20679535
0,lap_fixed_increase,10000,2,0.2,1.8,1e-06,100,2,0.15,1500,0,0.5,7569,7569,0,7790,7790,753.548786235113,452.129271741068,378.754806219089,-18230.930746266,3.34029919721002,3.34029919721002,1500,750,-78812.7922387983,0.0091872,20260619
1,lap_fixed_increase,10000,2,0.2,1.8,1e-06,100,2,0.15,1500,0,0.5,7569,7569,0,7790,7790,745.794376464635,447.476625878781,441.496123471074,-41432.909367733,6.31873034245609,6.31873034245609,1500,750,-148418.728103199,0.0091276,20365348
2,lap_fixed_increase,10000,2,0.2,1.8,1e-06,100,2,0.15,1500,0,0.5,7569,7569,0,7790,7790,744.654373230441,446.792623938265,380.840122847574,1978.22658321855,0.746055637584268,0.746055637584268,1500,750,-18185.3202503446,0.007740499,20470077
3,lap_fixed_increase,10000,2,0.2,1.8,1e-06,100,2,0.15,1500,0,0.5,7569,7569,0,7790,7790,745.826576626863,447.495945976118,396.286055884205,-29633.2595947258,4.80401278494554,4.80401278494554,1500,750,-113019.778784177,0.0083315,20574806
4,lap_fixed_increase,10000,2,0.2,1.8,1e-06,100,2,0.15,1500,0,0.5,7569,7569,0,7790,7790,747.992567726444,448.795540635867,381.04955421024,-32300.3150666757,5.14638190843077,5.14638190843077,1500,750,-121020.945200027,0.0074951,20679535
0,lap_fixed_decrease,10000,2,0.2,1.8,1e-06,100,2,0.15,1500,0,0.5,7569,7569,0,7790,7790,753.548786235113,452.129271741068,378.754806219089,-18730.930746266,3.40448404958485,3.40448404958485,1500,-750,-78812.7922387983,0.0070761,20260619
1,lap_fixed_decrease,10000,2,0.2,1.8,1e-06,100,2,0.15,1500,0,0.5,7569,7569,0,7790,7790,745.794376464635,447.476625878781,441.496123471074,-41932.909367733,6.38291519483094,6.38291519483094,1500,-750,-148418.728103199,0.009516,20365348
2,lap_fixed_decrease,10000,2,0.2,1.8,1e-06,100,2,0.15,1500,0,0.5,7569,7569,0,7790,7790,744.654373230441,446.792623938265,380.840122847574,1478.22658321857,0.810240489959105,0.810240489959105,1500,-750,-18185.3202503446,0.0077061,20470077
3,lap_fixed_decrease,10000,2,0.2,1.8,1e-06,100,2,0.15,1500,0,0.5,7569,7569,0,7790,7790,745.826576626863,447.495945976118,396.286055884205,-30133.2595947257,4.86819763732037,4.86819763732037,1500,-750,-113019.778784177,0.0073973,20574806
4,lap_fixed_decrease,10000,2,0.2,1.8,1e-06,100,2,0.15,1500,0,0.5,7569,7569,0,7790,7790,747.992567726444,448.795540635867,381.04955421024,-32800.3150666757,5.21056676080561,5.21056676080561,1500,-750,-121020.945200027,0.0089187,20679535
0,lap_scale_increase,10000,2,0.2,1.8,1e-06,100,2,0.15,1500,0,0.5,7569,7569,0,7790,7790,753.548786235113,452.129271741068,378.754806219089,169906.265812513,20.8108171774727,20.8108171774727,1500,565161.589676343,-78812.7922387983,0.0076749,20260619
1,lap_scale_increase,10000,2,0.2,1.8,1e-06,100,2,0.15,1500,0,0.5,7569,7569,0,7790,7790,745.794376464635,447.476625878781,441.496123471074,144765.684748426,17.5835282090406,17.5835282090406,1500,559345.782348486,-148418.728103199,0.0075966,20365348
2,lap_scale_increase,10000,2,0.2,1.8,1e-06,100,2,0.15,1500,0,0.5,7569,7569,0,7790,7790,744.654373230441,446.792623938265,380.840122847574,187891.819890829,23.1196174442656,23.1196174442656,1500,558490.779922815,-18185.3202503446,0.0067741,20470077
3,lap_scale_increase,10000,2,0.2,1.8,1e-06,100,2,0.15,1500,0,0.5,7569,7569,0,7790,7790,745.826576626863,447.495945976118,396.286055884205,156573.384561989,19.0992791478805,19.0992791478805,1500,559369.932470145,-113019.778784177,0.006838501,20574806
4,lap_scale_increase,10000,2,0.2,1.8,1e-06,100,2,0.15,1500,0,0.5,7569,7569,0,7790,7790,747.992567726444,448.795540635867,381.04955421024,154447.826864935,18.8264219338813,18.8264219338813,1500,560994.425794824,-121020.945200027,0.0079721,20679535
0,lap_scale_decrease,10000,2,0.2,1.8,1e-06,100,2,0.15,1500,0,0.5,7569,7569,0,7790,7790,753.548786235113,452.129271741068,378.754806219089,-206868.127305044,27.5556004242675,27.5556004242675,1500,-565161.589676343,-78812.7922387983,0.0147619,20260619
1,lap_scale_decrease,10000,2,0.2,1.8,1e-06,100,2,0.15,1500,0,0.5,7569,7569,0,7790,7790,745.794376464635,447.476625878781,441.496123471074,-228131.503483891,30.2851737463275,30.2851737463275,1500,-559345.782348486,-148418.728103199,0.007099501,20365348
2,lap_scale_decrease,10000,2,0.2,1.8,1e-06,100,2,0.15,1500,0,0.5,7569,7569,0,7790,7790,744.654373230441,446.792623938265,380.840122847574,-184435.366724392,24.675913571809,24.675913571809,1500,-558490.779922815,-18185.3202503446,0.0080314,20470077
3,lap_scale_decrease,10000,2,0.2,1.8,1e-06,100,2,0.15,1500,0,0.5,7569,7569,0,7790,7790,745.826576626863,447.495945976118,396.286055884205,-216339.903751442,28.7714895701465,28.7714895701465,1500,-559369.932470145,-113019.778784177,0.0080556,20574806
4,lap_scale_decrease,10000,2,0.2,1.8,1e-06,100,2,0.15,1500,0,0.5,7569,7569,0,7790,7790,747.992567726444,448.795540635867,381.04955421024,-219548.456998287,29.1833706031177,29.1833706031177,1500,-560994.425794824,-121020.945200027,0.0081092,20679535
0,lap_count_increase,10000,2,0.2,1.8,1e-06,100,2,0.15,1500,0,0.5,7569,7569,0,7790,7790,753.548786235113,452.129271741068,378.754806219089,-17689.0974129327,3.27074421218648,3.27074421218648,309,2375.5,-78812.7922387983,0.0081063,20260619
1,lap_count_increase,10000,2,0.2,1.8,1e-06,100,2,0.15,1500,0,0.5,7569,7569,0,7790,7790,745.794376464635,447.476625878781,441.496123471074,-40992.0760343997,6.26214069761228,6.26214069761228,337,2072.5,-148418.728103199,0.0096473,20365348
2,lap_count_increase,10000,2,0.2,1.8,1e-06,100,2,0.15,1500,0,0.5,7569,7569,0,7790,7790,744.654373230441,446.792623938265,380.840122847574,2264.72658321856,0.709277717173484,0.709277717173484,326,1609.5,-18185.3202503446,0.0091106,20470077
3,lap_count_increase,10000,2,0.2,1.8,1e-06,100,2,0.15,1500,0,0.5,7569,7569,0,7790,7790,745.826576626863,447.495945976118,396.286055884205,-29276.2595947258,4.7581848003499,4.7581848003499,312,1821,-113019.778784177,0.0075622,20574806
4,lap_count_increase,10000,2,0.2,1.8,1e-06,100,2,0.15,1500,0,0.5,7569,7569,0,7790,7790,747.992567726444,448.795540635867,381.04955421024,-31935.9817333424,5.09961254600031,5.09961254600031,318,1843,-121020.945200027,0.0083933,20679535
0,lap_count_decrease,10000,2,0.2,1.8,1e-06,100,2,0.15,1500,0,0.5,7569,7569,0,7790,7790,753.548786235113,452.129271741068,378.754806219089,-19272.7640795993,3.47403903460839,3.47403903460839,309,-2375.5,-78812.7922387983,0.0099377,20260619
1,lap_count_decrease,10000,2,0.2,1.8,1e-06,100,2,0.15,1500,0,0.5,7569,7569,0,7790,7790,745.794376464635,447.476625878781,441.496123471074,-42373.7427010663,6.43950483967475,6.43950483967475,337,-2072.5,-148418.728103199,0.0071561,20365348
2,lap_count_decrease,10000,2,0.2,1.8,1e-06,100,2,0.15,1500,0,0.5,7569,7569,0,7790,7790,744.654373230441,446.792623938265,380.840122847574,1191.72658321855,0.847018410369891,0.847018410369891,326,-1609.5,-18185.3202503446,0.00862,20470077
3,lap_count_decrease,10000,2,0.2,1.8,1e-06,100,2,0.15,1500,0,0.5,7569,7569,0,7790,7790,745.826576626863,447.495945976118,396.286055884205,-30490.2595947257,4.91402562191601,4.91402562191601,312,-1821,-113019.778784177,0.0079248,20574806
4,lap_count_decrease,10000,2,0.2,1.8,1e-06,100,2,0.15,1500,0,0.5,7569,7569,0,7790,7790,747.992567726444,448.795540635867,381.04955421024,-33164.6484000091,5.25733612323608,5.25733612323608,318,-1843,-121020.945200027,0.0069365,20679535
0,lap_fixed_increase,10000,2,0.2,1.8,1e-06,100,2,0.15,1500,0,1,7569,7569,0,7790,7790,753.548786235113,452.129271741068,378.754806219089,-17980.930746266,3.3082067710226,3.3082067710226,1500,1500,-78812.7922387983,0.0071465,20260619
1,lap_fixed_increase,10000,2,0.2,1.8,1e-06,100,2,0.15,1500,0,1,7569,7569,0,7790,7790,745.794376464635,447.476625878781,441.496123471074,-41182.909367733,6.28663791626867,6.28663791626867,1500,1500,-148418.728103199,0.0069442,20365348
2,lap_fixed_increase,10000,2,0.2,1.8,1e-06,100,2,0.15,1500,0,1,7569,7569,0,7790,7790,744.654373230441,446.792623938265,380.840122847574,2228.22658321855,0.713963211396849,0.713963211396849,1500,1500,-18185.3202503446,0.006819301,20470077
3,lap_fixed_increase,10000,2,0.2,1.8,1e-06,100,2,0.15,1500,0,1,7569,7569,0,7790,7790,745.826576626863,447.495945976118,396.286055884205,-29383.2595947258,4.77192035875812,4.77192035875812,1500,1500,-113019.778784177,0.007259,20574806
4,lap_fixed_increase,10000,2,0.2,1.8,1e-06,100,2,0.15,1500,0,1,7569,7569,0,7790,7790,747.992567726444,448.795540635867,381.04955421024,-32050.3150666757,5.11428948224335,5.11428948224335,1500,1500,-121020.945200027,0.0071601,20679535
0,lap_fixed_decrease,10000,2,0.2,1.8,1e-06,100,2,0.15,1500,0,1,7569,7569,0,7790,7790,753.548786235113,452.129271741068,378.754806219089,-18980.930746266,3.43657647577227,3.43657647577227,1500,-1500,-78812.7922387983,0.0071436,20260619
1,lap_fixed_decrease,10000,2,0.2,1.8,1e-06,100,2,0.15,1500,0,1,7569,7569,0,7790,7790,745.794376464635,447.476625878781,441.496123471074,-42182.909367733,6.41500762101835,6.41500762101835,1500,-1500,-148418.728103199,0.007721301,20365348
2,lap_fixed_decrease,10000,2,0.2,1.8,1e-06,100,2,0.15,1500,0,1,7569,7569,0,7790,7790,744.654373230441,446.792623938265,380.840122847574,1228.22658321856,0.842332916146526,0.842332916146526,1500,-1500,-18185.3202503446,0.0063485,20470077
3,lap_fixed_decrease,10000,2,0.2,1.8,1e-06,100,2,0.15,1500,0,1,7569,7569,0,7790,7790,745.826576626863,447.495945976118,396.286055884205,-30383.2595947257,4.9002900635078,4.9002900635078,1500,-1500,-113019.778784177,0.004689,20574806
4,lap_fixed_decrease,10000,2,0.2,1.8,1e-06,100,2,0.15,1500,0,1,7569,7569,0,7790,7790,747.992567726444,448.795540635867,381.04955421024,-33050.3150666757,5.24265918699303,5.24265918699303,1500,-1500,-121020.945200027,0.0064228,20679535
0,lap_scale_increase,10000,2,0.2,1.8,1e-06,100,2,0.15,1500,0,1,7569,7569,0,7790,7790,753.548786235113,452.129271741068,378.754806219089,358293.46237129,44.9940259783427,44.9940259783427,1500,1130323.17935269,-78812.7922387983,0.0070864,20260619
1,lap_scale_increase,10000,2,0.2,1.8,1e-06,100,2,0.15,1500,0,1,7569,7569,0,7790,7790,745.794376464635,447.476625878781,441.496123471074,331214.278864586,41.5178791867247,41.5178791867247,1500,1118691.56469697,-148418.728103199,0.0077171,20365348
2,lap_scale_increase,10000,2,0.2,1.8,1e-06,100,2,0.15,1500,0,1,7569,7569,0,7790,7790,744.654373230441,446.792623938265,380.840122847574,374055.413198438,47.0173829523027,47.0173829523027,1500,1116981.55984563,-18185.3202503446,0.010642301,20470077
3,lap_scale_increase,10000,2,0.2,1.8,1e-06,100,2,0.15,1500,0,1,7569,7569,0,7790,7790,745.826576626863,447.495945976118,396.286055884205,343030.028718706,43.0346635068942,43.0346635068942,1500,1118739.86494029,-113019.778784177,0.0081559,20574806
4,lap_scale_increase,10000,2,0.2,1.8,1e-06,100,2,0.15,1500,0,1,7569,7569,0,7790,7790,747.992567726444,448.795540635867,381.04955421024,341445.968796545,42.8313182023807,42.8313182023807,1500,1121988.85158965,-121020.945200027,0.0103404,20679535
0,lap_scale_decrease,10000,2,0.2,1.8,1e-06,100,2,0.15,1500,0,1,7569,7569,0,7790,7790,753.548786235113,452.129271741068,378.754806219089,-395255.323863823,51.7388092251377,51.7388092251377,1500,-1130323.17935269,-78812.7922387983,0.007896201,20260619
1,lap_scale_decrease,10000,2,0.2,1.8,1e-06,100,2,0.15,1500,0,1,7569,7569,0,7790,7790,745.794376464635,447.476625878781,441.496123471074,-414580.09760005,54.2195247240116,54.2195247240116,1500,-1118691.56469697,-148418.728103199,0.0061777,20365348
2,lap_scale_decrease,10000,2,0.2,1.8,1e-06,100,2,0.15,1500,0,1,7569,7569,0,7790,7790,744.654373230441,446.792623938265,380.840122847574,-370598.960032003,48.5736790798463,48.5736790798463,1500,-1116981.55984563,-18185.3202503446,0.0078144,20470077
3,lap_scale_decrease,10000,2,0.2,1.8,1e-06,100,2,0.15,1500,0,1,7569,7569,0,7790,7790,745.826576626863,447.495945976118,396.286055884205,-402796.547908156,52.7068739291599,52.7068739291599,1500,-1118739.86494029,-113019.778784177,0.006921,20574806
4,lap_scale_decrease,10000,2,0.2,1.8,1e-06,100,2,0.15,1500,0,1,7569,7569,0,7790,7790,747.992567726444,448.795540635867,381.04955421024,-406546.598929899,53.1882668716173,53.1882668716173,1500,-1121988.85158965,-121020.945200027,0.007304601,20679535
0,lap_count_increase,10000,2,0.2,1.8,1e-06,100,2,0.15,1500,0,1,7569,7569,0,7790,7790,753.548786235113,452.129271741068,378.754806219089,-16897.2640795994,3.16909680097553,3.16909680097553,309,4751,-78812.7922387983,0.007177201,20260619
1,lap_count_increase,10000,2,0.2,1.8,1e-06,100,2,0.15,1500,0,1,7569,7569,0,7790,7790,745.794376464635,447.476625878781,441.496123471074,-40301.2427010663,6.17345862658105,6.17345862658105,337,4145,-148418.728103199,0.0067386,20365348
2,lap_count_increase,10000,2,0.2,1.8,1e-06,100,2,0.15,1500,0,1,7569,7569,0,7790,7790,744.654373230441,446.792623938265,380.840122847574,2801.22658321855,0.640407370575282,0.640407370575282,326,3219,-18185.3202503446,0.0075116,20470077
3,lap_count_increase,10000,2,0.2,1.8,1e-06,100,2,0.15,1500,0,1,7569,7569,0,7790,7790,745.826576626863,447.495945976118,396.286055884205,-28669.2595947257,4.68026438956684,4.68026438956684,312,3642,-113019.778784177,0.0069182,20574806
4,lap_count_increase,10000,2,0.2,1.8,1e-06,100,2,0.15,1500,0,1,7569,7569,0,7790,7790,747.992567726444,448.795540635867,381.04955421024,-31321.648400009,5.02075075738242,5.02075075738242,318,3686,-121020.945200027,0.007186601,20679535
0,lap_count_decrease,10000,2,0.2,1.8,1e-06,100,2,0.15,1500,0,1,7569,7569,0,7790,7790,753.548786235113,452.129271741068,378.754806219089,-20064.5974129327,3.57568644581935,3.57568644581935,309,-4751,-78812.7922387983,0.0084548,20260619
1,lap_count_decrease,10000,2,0.2,1.8,1e-06,100,2,0.15,1500,0,1,7569,7569,0,7790,7790,745.794376464635,447.476625878781,441.496123471074,-43064.5760343997,6.52818691070599,6.52818691070599,337,-4145,-148418.728103199,0.0070661,20365348
2,lap_count_decrease,10000,2,0.2,1.8,1e-06,100,2,0.15,1500,0,1,7569,7569,0,7790,7790,744.654373230441,446.792623938265,380.840122847574,655.226583218531,0.915888756968096,0.915888756968096,326,-3219,-18185.3202503446,0.0071653,20470077
3,lap_count_decrease,10000,2,0.2,1.8,1e-06,100,2,0.15,1500,0,1,7569,7569,0,7790,7790,745.826576626863,447.495945976118,396.286055884205,-31097.2595947258,4.99194603269907,4.99194603269907,312,-3642,-113019.778784177,0.0070242,20574806
4,lap_count_decrease,10000,2,0.2,1.8,1e-06,100,2,0.15,1500,0,1,7569,7569,0,7790,7790,747.992567726444,448.795540635867,381.04955421024,-33778.9817333425,5.33619791185397,5.33619791185397,318,-3686,-121020.945200027,0.0117776,20679535
0,lap_fixed_increase,10000,2,0.2,1.8,1e-06,100,2,0.15,1500,0,2,7569,7569,0,7790,7790,753.548786235113,452.129271741068,378.754806219089,-17480.930746266,3.24402191864776,3.24402191864776,1500,3000,-78812.7922387983,0.0082593,20260619
1,lap_fixed_increase,10000,2,0.2,1.8,1e-06,100,2,0.15,1500,0,2,7569,7569,0,7790,7790,745.794376464635,447.476625878781,441.496123471074,-40682.909367733,6.22245306389384,6.22245306389384,1500,3000,-148418.728103199,0.0085871,20365348
2,lap_fixed_increase,10000,2,0.2,1.8,1e-06,100,2,0.15,1500,0,2,7569,7569,0,7790,7790,744.654373230441,446.792623938265,380.840122847574,2728.22658321855,0.649778359022008,0.649778359022008,1500,3000,-18185.3202503446,0.0128248,20470077
3,lap_fixed_increase,10000,2,0.2,1.8,1e-06,100,2,0.15,1500,0,2,7569,7569,0,7790,7790,745.826576626863,447.495945976118,396.286055884205,-28883.2595947258,4.70773550638328,4.70773550638328,1500,3000,-113019.778784177,0.0071777,20574806
4,lap_fixed_increase,10000,2,0.2,1.8,1e-06,100,2,0.15,1500,0,2,7569,7569,0,7790,7790,747.992567726444,448.795540635867,381.04955421024,-31550.3150666757,5.05010462986851,5.05010462986851,1500,3000,-121020.945200027,0.0080169,20679535
0,lap_fixed_decrease,10000,2,0.2,1.8,1e-06,100,2,0.15,1500,0,2,7569,7569,0,7790,7790,753.548786235113,452.129271741068,378.754806219089,-19480.930746266,3.50076132814712,3.50076132814712,1500,-3000,-78812.7922387983,0.008499101,20260619
1,lap_fixed_decrease,10000,2,0.2,1.8,1e-06,100,2,0.15,1500,0,2,7569,7569,0,7790,7790,745.794376464635,447.476625878781,441.496123471074,-42682.909367733,6.4791924733932,6.4791924733932,1500,-3000,-148418.728103199,0.0075137,20365348
2,lap_fixed_decrease,10000,2,0.2,1.8,1e-06,100,2,0.15,1500,0,2,7569,7569,0,7790,7790,744.654373230441,446.792623938265,380.840122847574,728.22658321851,0.906517768521372,0.906517768521372,1500,-3000,-18185.3202503446,0.007936901,20470077
3,lap_fixed_decrease,10000,2,0.2,1.8,1e-06,100,2,0.15,1500,0,2,7569,7569,0,7790,7790,745.826576626863,447.495945976118,396.286055884205,-30883.2595947258,4.96447491588264,4.96447491588264,1500,-3000,-113019.778784177,0.008034301,20574806
4,lap_fixed_decrease,10000,2,0.2,1.8,1e-06,100,2,0.15,1500,0,2,7569,7569,0,7790,7790,747.992567726444,448.795540635867,381.04955421024,-33550.3150666758,5.30684403936788,5.30684403936788,1500,-3000,-121020.945200027,0.0080509,20679535
0,lap_scale_increase,10000,2,0.2,1.8,1e-06,100,2,0.15,1500,0,2,7569,7569,0,7790,7790,753.548786235113,452.129271741068,378.754806219089,735067.855488847,93.3604435800831,93.3604435800831,1500,2260646.35870537,-78812.7922387983,0.0119212,20260619
1,lap_scale_increase,10000,2,0.2,1.8,1e-06,100,2,0.15,1500,0,2,7569,7569,0,7790,7790,745.794376464635,447.476625878781,441.496123471074,704111.467096899,89.3865811420923,89.3865811420923,1500,2237383.12939394,-148418.728103199,0.0072137,20365348
2,lap_scale_increase,10000,2,0.2,1.8,1e-06,100,2,0.15,1500,0,2,7569,7569,0,7790,7790,744.654373230441,446.792623938265,380.840122847574,746382.599813656,94.8129139683769,94.8129139683769,1500,2233963.11969126,-18185.3202503446,0.0077476,20470077
3,lap_scale_increase,10000,2,0.2,1.8,1e-06,100,2,0.15,1500,0,2,7569,7569,0,7790,7790,745.826576626863,447.495945976118,396.286055884205,715943.31703214,90.9054322249217,90.9054322249217,1500,2237479.72988058,-113019.778784177,0.0072647,20574806
4,lap_scale_increase,10000,2,0.2,1.8,1e-06,100,2,0.15,1500,0,2,7569,7569,0,7790,7790,747.992567726444,448.795540635867,381.04955421024,715442.252659768,90.8411107393797,90.8411107393797,1500,2243977.7031793,-121020.945200027,0.0083012,20679535
0,lap_scale_decrease,10000,2,0.2,1.8,1e-06,100,2,0.15,1500,0,2,7569,7569,0,7790,7790,753.548786235113,452.129271741068,378.754806219089,-772029.716981379,100.105226826878,100.105226826878,1500,-2260646.35870537,-78812.7922387983,0.007729,20260619
1,lap_scale_decrease,10000,2,0.2,1.8,1e-06,100,2,0.15,1500,0,2,7569,7569,0,7790,7790,745.794376464635,447.476625878781,441.496123471074,-787477.28583237,102.08822667938,102.08822667938,1500,-2237383.12939394,-148418.728103199,0.0086347,20365348
2,lap_scale_decrease,10000,2,0.2,1.8,1e-06,100,2,0.15,1500,0,2,7569,7569,0,7790,7790,744.654373230441,446.792623938265,380.840122847574,-742926.146647225,96.369210095921,96.369210095921,1500,-2233963.11969126,-18185.3202503446,0.007978699,20470077
3,lap_scale_decrease,10000,2,0.2,1.8,1e-06,100,2,0.15,1500,0,2,7569,7569,0,7790,7790,745.826576626863,447.495945976118,396.286055884205,-775709.836221589,100.577642647187,100.577642647187,1500,-2237479.72988058,-113019.778784177,0.0081581,20574806
4,lap_scale_decrease,10000,2,0.2,1.8,1e-06,100,2,0.15,1500,0,2,7569,7569,0,7790,7790,747.992567726444,448.795540635867,381.04955421024,-780542.88279312,101.198059408616,101.198059408616,1500,-2243977.7031793,-121020.945200027,0.0064301,20679535
0,lap_count_increase,10000,2,0.2,1.8,1e-06,100,2,0.15,1500,0,2,7569,7569,0,7790,7790,753.548786235113,452.129271741068,378.754806219089,-15313.5974129327,2.96580197855362,2.96580197855362,309,9502,-78812.7922387983,0.0070311,20260619
1,lap_count_increase,10000,2,0.2,1.8,1e-06,100,2,0.15,1500,0,2,7569,7569,0,7790,7790,745.794376464635,447.476625878781,441.496123471074,-38919.5760343996,5.99609448451856,5.99609448451856,337,8290,-148418.728103199,0.0070617,20365348
2,lap_count_increase,10000,2,0.2,1.8,1e-06,100,2,0.15,1500,0,2,7569,7569,0,7790,7790,744.654373230441,446.792623938265,380.840122847574,3874.22658321855,0.502666677378877,0.502666677378877,326,6438,-18185.3202503446,0.0074404,20470077
3,lap_count_increase,10000,2,0.2,1.8,1e-06,100,2,0.15,1500,0,2,7569,7569,0,7790,7790,745.826576626863,447.495945976118,396.286055884205,-27455.2595947258,4.52442356800074,4.52442356800074,312,7284,-113019.778784177,0.0071947,20574806
4,lap_count_increase,10000,2,0.2,1.8,1e-06,100,2,0.15,1500,0,2,7569,7569,0,7790,7790,747.992567726444,448.795540635867,381.04955421024,-30092.9817333424,4.86302718014665,4.86302718014665,318,7372,-121020.945200027,0.0074192,20679535
0,lap_count_decrease,10000,2,0.2,1.8,1e-06,100,2,0.15,1500,0,2,7569,7569,0,7790,7790,753.548786235113,452.129271741068,378.754806219089,-21648.2640795994,3.77898126824126,3.77898126824126,309,-9502,-78812.7922387983,0.0094129,20260619
1,lap_count_decrease,10000,2,0.2,1.8,1e-06,100,2,0.15,1500,0,2,7569,7569,0,7790,7790,745.794376464635,447.476625878781,441.496123471074,-44446.2427010663,6.70555105276846,6.70555105276846,337,-8290,-148418.728103199,0.0068958,20365348
2,lap_count_decrease,10000,2,0.2,1.8,1e-06,100,2,0.15,1500,0,2,7569,7569,0,7790,7790,744.654373230441,446.792623938265,380.840122847574,-417.773416781458,1.0536294501645,1.0536294501645,326,-6438,-18185.3202503446,0.008985601,20470077
3,lap_count_decrease,10000,2,0.2,1.8,1e-06,100,2,0.15,1500,0,2,7569,7569,0,7790,7790,745.826576626863,447.495945976118,396.286055884205,-32311.2595947257,5.14778685426518,5.14778685426518,312,-7284,-113019.778784177,0.0078235,20574806
4,lap_count_decrease,10000,2,0.2,1.8,1e-06,100,2,0.15,1500,0,2,7569,7569,0,7790,7790,747.992567726444,448.795540635867,381.04955421024,-35007.6484000091,5.49392148908974,5.49392148908974,318,-7372,-121020.945200027,0.0073075,20679535
0,lap_fixed_increase,10000,2,0.2,1.8,1e-06,100,2,0.2,2000,0,0.25,7569,7569,0,7790,7790,753.548786235113,452.129271741068,378.754806219089,-18314.2640795994,3.35099667260582,3.35099667260582,2000,500,-78812.7922387983,0.0098342,20260619
1,lap_fixed_increase,10000,2,0.2,1.8,1e-06,100,2,0.2,2000,0,0.25,7569,7569,0,7790,7790,745.794376464635,447.476625878781,441.496123471074,-41516.2427010663,6.3294278178519,6.3294278178519,2000,500,-148418.728103199,0.0092814,20365348
2,lap_fixed_increase,10000,2,0.2,1.8,1e-06,100,2,0.2,2000,0,0.25,7569,7569,0,7790,7790,744.654373230441,446.792623938265,380.840122847574,1894.89324988522,0.756753112980075,0.756753112980075,2000,500,-18185.3202503446,0.0079956,20470077
3,lap_fixed_increase,10000,2,0.2,1.8,1e-06,100,2,0.2,2000,0,0.25,7569,7569,0,7790,7790,745.826576626863,447.495945976118,396.286055884205,-29716.5929280591,4.81471026034134,4.81471026034134,2000,500,-113019.778784177,0.0080947,20574806
4,lap_fixed_increase,10000,2,0.2,1.8,1e-06,100,2,0.2,2000,0,0.25,7569,7569,0,7790,7790,747.992567726444,448.795540635867,381.04955421024,-32383.6484000091,5.15707938382658,5.15707938382658,2000,500,-121020.945200027,0.0103227,20679535
0,lap_fixed_decrease,10000,2,0.2,1.8,1e-06,100,2,0.2,2000,0,0.25,7569,7569,0,7790,7790,753.548786235113,452.129271741068,378.754806219089,-18647.5974129327,3.39378657418905,3.39378657418905,2000,-500,-78812.7922387983,0.00945,20260619
1,lap_fixed_decrease,10000,2,0.2,1.8,1e-06,100,2,0.2,2000,0,0.25,7569,7569,0,7790,7790,745.794376464635,447.476625878781,441.496123471074,-41849.5760343997,6.37221771943514,6.37221771943514,2000,-500,-148418.728103199,0.0093196,20365348
2,lap_fixed_decrease,10000,2,0.2,1.8,1e-06,100,2,0.2,2000,0,0.25,7569,7569,0,7790,7790,744.654373230441,446.792623938265,380.840122847574,1561.5599165519,0.799543014563299,0.799543014563299,2000,-500,-18185.3202503446,0.0071438,20470077
3,lap_fixed_decrease,10000,2,0.2,1.8,1e-06,100,2,0.2,2000,0,0.25,7569,7569,0,7790,7790,745.826576626863,447.495945976118,396.286055884205,-30049.9262613924,4.85750016192457,4.85750016192457,2000,-500,-113019.778784177,0.0095702,20574806
4,lap_fixed_decrease,10000,2,0.2,1.8,1e-06,100,2,0.2,2000,0,0.25,7569,7569,0,7790,7790,747.992567726444,448.795540635867,381.04955421024,-32716.9817333424,5.19986928540981,5.19986928540981,2000,-500,-121020.945200027,0.0102784,20679535
0,lap_scale_increase,10000,2,0.2,1.8,1e-06,100,2,0.2,2000,0,0.25,7569,7569,0,7790,7790,753.548786235113,452.129271741068,378.754806219089,107110.533626253,12.7497475771826,12.7497475771826,2000,376774.393117552,-78812.7922387983,0.0076079,20260619
1,lap_scale_increase,10000,2,0.2,1.8,1e-06,100,2,0.2,2000,0,0.25,7569,7569,0,7790,7790,745.794376464635,447.476625878781,441.496123471074,82616.1533763728,9.60541121647918,9.60541121647918,2000,372897.188232313,-148418.728103199,0.0067476,20365348
2,lap_scale_increase,10000,2,0.2,1.8,1e-06,100,2,0.2,2000,0,0.25,7569,7569,0,7790,7790,744.654373230441,446.792623938265,380.840122847574,125837.288788292,15.1536956082531,15.1536956082531,2000,372327.186615209,-18185.3202503446,0.0079167,20470077
3,lap_scale_increase,10000,2,0.2,1.8,1e-06,100,2,0.2,2000,0,0.25,7569,7569,0,7790,7790,745.826576626863,447.495945976118,396.286055884205,94421.1698430847,11.1208176948761,11.1208176948761,2000,372913.28831343,-113019.778784177,0.0071186,20574806
4,lap_scale_increase,10000,2,0.2,1.8,1e-06,100,2,0.2,2000,0,0.25,7569,7569,0,7790,7790,747.992567726444,448.795540635867,381.04955421024,92115.1128877312,10.8247898443814,10.8247898443814,2000,373996.283863213,-121020.945200027,0.0073364,20679535
0,lap_scale_decrease,10000,2,0.2,1.8,1e-06,100,2,0.2,2000,0,0.25,7569,7569,0,7790,7790,753.548786235113,452.129271741068,378.754806219089,-144072.395118785,19.4945308239775,19.4945308239775,2000,-376774.393117552,-78812.7922387983,0.007156801,20260619
1,lap_scale_decrease,10000,2,0.2,1.8,1e-06,100,2,0.2,2000,0,0.25,7569,7569,0,7790,7790,745.794376464635,447.476625878781,441.496123471074,-165981.972111839,22.3070567537662,22.3070567537662,2000,-372897.188232313,-148418.728103199,0.0091493,20365348
2,lap_scale_decrease,10000,2,0.2,1.8,1e-06,100,2,0.2,2000,0,0.25,7569,7569,0,7790,7790,744.654373230441,446.792623938265,380.840122847574,-122380.835621855,16.7099917357965,16.7099917357965,2000,-372327.186615209,-18185.3202503446,0.007341,20470077
3,lap_scale_decrease,10000,2,0.2,1.8,1e-06,100,2,0.2,2000,0,0.25,7569,7569,0,7790,7790,745.826576626863,447.495945976118,396.286055884205,-154187.689032537,20.7930281171421,20.7930281171421,2000,-372913.28831343,-113019.778784177,0.0083855,20574806
4,lap_scale_decrease,10000,2,0.2,1.8,1e-06,100,2,0.2,2000,0,0.25,7569,7569,0,7790,7790,747.992567726444,448.795540635867,381.04955421024,-157215.743021083,21.1817385136179,21.1817385136179,2000,-373996.283863213,-121020.945200027,0.0088003,20679535
0,lap_count_increase,10000,2,0.2,1.8,1e-06,100,2,0.2,2000,0,0.25,7569,7569,0,7790,7790,753.548786235113,452.129271741068,378.754806219089,-17988.930746266,3.30923372866059,3.30923372866059,414,1476,-78812.7922387983,0.0095464,20260619
1,lap_count_increase,10000,2,0.2,1.8,1e-06,100,2,0.2,2000,0,0.25,7569,7569,0,7790,7790,745.794376464635,447.476625878781,441.496123471074,-41205.7427010663,6.28956902452713,6.28956902452713,444,1431.5,-148418.728103199,0.0068983,20365348
2,lap_count_increase,10000,2,0.2,1.8,1e-06,100,2,0.2,2000,0,0.25,7569,7569,0,7790,7790,744.654373230441,446.792623938265,380.840122847574,2105.89324988523,0.729667105277891,0.729667105277891,416,1133,-18185.3202503446,0.0079702,20470077
3,lap_count_increase,10000,2,0.2,1.8,1e-06,100,2,0.2,2000,0,0.25,7569,7569,0,7790,7790,745.826576626863,447.495945976118,396.286055884205,-29524.3429280591,4.79003118460322,4.79003118460322,416,1076.75,-113019.778784177,0.0077689,20574806
4,lap_count_increase,10000,2,0.2,1.8,1e-06,100,2,0.2,2000,0,0.25,7569,7569,0,7790,7790,747.992567726444,448.795540635867,381.04955421024,-32144.6484000091,5.12639902439141,5.12639902439141,422,1217,-121020.945200027,0.0077395,20679535
0,lap_count_decrease,10000,2,0.2,1.8,1e-06,100,2,0.2,2000,0,0.25,7569,7569,0,7790,7790,753.548786235113,452.129271741068,378.754806219089,-18972.930746266,3.43554951813428,3.43554951813428,414,-1476,-78812.7922387983,0.0080633,20260619
1,lap_count_decrease,10000,2,0.2,1.8,1e-06,100,2,0.2,2000,0,0.25,7569,7569,0,7790,7790,745.794376464635,447.476625878781,441.496123471074,-42160.0760343996,6.4120765127599,6.4120765127599,444,-1431.5,-148418.728103199,0.0078533,20365348
2,lap_count_decrease,10000,2,0.2,1.8,1e-06,100,2,0.2,2000,0,0.25,7569,7569,0,7790,7790,744.654373230441,446.792623938265,380.840122847574,1350.5599165519,0.826629022265481,0.826629022265481,416,-1133,-18185.3202503446,0.007440601,20470077
3,lap_count_decrease,10000,2,0.2,1.8,1e-06,100,2,0.2,2000,0,0.25,7569,7569,0,7790,7790,745.826576626863,447.495945976118,396.286055884205,-30242.1762613924,4.88217923766269,4.88217923766269,416,-1076.75,-113019.778784177,0.0072827,20574806
4,lap_count_decrease,10000,2,0.2,1.8,1e-06,100,2,0.2,2000,0,0.25,7569,7569,0,7790,7790,747.992567726444,448.795540635867,381.04955421024,-32955.9817333424,5.23054964484498,5.23054964484498,422,-1217,-121020.945200027,0.0087625,20679535
0,lap_fixed_increase,10000,2,0.2,1.8,1e-06,100,2,0.2,2000,0,0.5,7569,7569,0,7790,7790,753.548786235113,452.129271741068,378.754806219089,-18147.5974129327,3.32960172181421,3.32960172181421,2000,1000,-78812.7922387983,0.0089923,20260619
1,lap_fixed_increase,10000,2,0.2,1.8,1e-06,100,2,0.2,2000,0,0.5,7569,7569,0,7790,7790,745.794376464635,447.476625878781,441.496123471074,-41349.5760343997,6.30803286706029,6.30803286706029,2000,1000,-148418.728103199,0.007883701,20365348
2,lap_fixed_increase,10000,2,0.2,1.8,1e-06,100,2,0.2,2000,0,0.5,7569,7569,0,7790,7790,744.654373230441,446.792623938265,380.840122847574,2061.55991655188,0.735358162188462,0.735358162188462,2000,1000,-18185.3202503446,0.008770901,20470077
3,lap_fixed_increase,10000,2,0.2,1.8,1e-06,100,2,0.2,2000,0,0.5,7569,7569,0,7790,7790,745.826576626863,447.495945976118,396.286055884205,-29549.9262613924,4.79331530954973,4.79331530954973,2000,1000,-113019.778784177,0.0082663,20574806
4,lap_fixed_increase,10000,2,0.2,1.8,1e-06,100,2,0.2,2000,0,0.5,7569,7569,0,7790,7790,747.992567726444,448.795540635867,381.04955421024,-32216.9817333424,5.13568443303497,5.13568443303497,2000,1000,-121020.945200027,0.009956499,20679535
0,lap_fixed_decrease,10000,2,0.2,1.8,1e-06,100,2,0.2,2000,0,0.5,7569,7569,0,7790,7790,753.548786235113,452.129271741068,378.754806219089,-18814.2640795993,3.41518152498066,3.41518152498066,2000,-1000,-78812.7922387983,0.011786001,20260619
1,lap_fixed_decrease,10000,2,0.2,1.8,1e-06,100,2,0.2,2000,0,0.5,7569,7569,0,7790,7790,745.794376464635,447.476625878781,441.496123471074,-42016.2427010663,6.39361267022674,6.39361267022674,2000,-1000,-148418.728103199,0.0074015,20365348
2,lap_fixed_decrease,10000,2,0.2,1.8,1e-06,100,2,0.2,2000,0,0.5,7569,7569,0,7790,7790,744.654373230441,446.792623938265,380.840122847574,1394.89324988523,0.820937965354913,0.820937965354913,2000,-1000,-18185.3202503446,0.0077586,20470077
3,lap_fixed_decrease,10000,2,0.2,1.8,1e-06,100,2,0.2,2000,0,0.5,7569,7569,0,7790,7790,745.826576626863,447.495945976118,396.286055884205,-30216.592928059,4.87889511271618,4.87889511271618,2000,-1000,-113019.778784177,0.0074903,20574806
4,lap_fixed_decrease,10000,2,0.2,1.8,1e-06,100,2,0.2,2000,0,0.5,7569,7569,0,7790,7790,747.992567726444,448.795540635867,381.04955421024,-32883.6484000091,5.22126423620142,5.22126423620142,2000,-1000,-121020.945200027,0.0096129,20679535
0,lap_scale_increase,10000,2,0.2,1.8,1e-06,100,2,0.2,2000,0,0.5,7569,7569,0,7790,7790,753.548786235113,452.129271741068,378.754806219089,232701.997998772,28.8718867777627,28.8718867777627,2000,753548.786235104,-78812.7922387983,0.007199301,20260619
1,lap_scale_increase,10000,2,0.2,1.8,1e-06,100,2,0.2,2000,0,0.5,7569,7569,0,7790,7790,745.794376464635,447.476625878781,441.496123471074,206915.216120479,25.5616452016019,25.5616452016019,2000,745794.376464626,-148418.728103199,0.0068753,20365348
2,lap_scale_increase,10000,2,0.2,1.8,1e-06,100,2,0.2,2000,0,0.5,7569,7569,0,7790,7790,744.654373230441,446.792623938265,380.840122847574,249946.350993365,31.085539280278,31.085539280278,2000,744654.373230418,-18185.3202503446,0.0069752,20470077
3,lap_scale_increase,10000,2,0.2,1.8,1e-06,100,2,0.2,2000,0,0.5,7569,7569,0,7790,7790,745.826576626863,447.495945976118,396.286055884205,218725.599280894,27.077740600885,27.077740600885,2000,745826.57662686,-113019.778784177,0.0076417,20574806
4,lap_scale_increase,10000,2,0.2,1.8,1e-06,100,2,0.2,2000,0,0.5,7569,7569,0,7790,7790,747.992567726444,448.795540635867,381.04955421024,216780.540842139,26.8280540233812,26.8280540233812,2000,747992.567726427,-121020.945200027,0.0091338,20679535
0,lap_scale_decrease,10000,2,0.2,1.8,1e-06,100,2,0.2,2000,0,0.5,7569,7569,0,7790,7790,753.548786235113,452.129271741068,378.754806219089,-269663.859491304,35.6166700245576,35.6166700245576,2000,-753548.786235104,-78812.7922387983,0.01259,20260619
1,lap_scale_decrease,10000,2,0.2,1.8,1e-06,100,2,0.2,2000,0,0.5,7569,7569,0,7790,7790,745.794376464635,447.476625878781,441.496123471074,-290281.034855944,38.2632907388888,38.2632907388888,2000,-745794.376464626,-148418.728103199,0.0084978,20365348
2,lap_scale_decrease,10000,2,0.2,1.8,1e-06,100,2,0.2,2000,0,0.5,7569,7569,0,7790,7790,744.654373230441,446.792623938265,380.840122847574,-246489.897826929,32.6418354078214,32.6418354078214,2000,-744654.373230418,-18185.3202503446,0.0077242,20470077
3,lap_scale_decrease,10000,2,0.2,1.8,1e-06,100,2,0.2,2000,0,0.5,7569,7569,0,7790,7790,745.826576626863,447.495945976118,396.286055884205,-278492.118470347,36.7499510231511,36.7499510231511,2000,-745826.57662686,-113019.778784177,0.0086667,20574806
4,lap_scale_decrease,10000,2,0.2,1.8,1e-06,100,2,0.2,2000,0,0.5,7569,7569,0,7790,7790,747.992567726444,448.795540635867,381.04955421024,-281881.170975492,37.1850026926177,37.1850026926177,2000,-747992.567726427,-121020.945200027,0.0135837,20679535
0,lap_count_increase,10000,2,0.2,1.8,1e-06,100,2,0.2,2000,0,0.5,7569,7569,0,7790,7790,753.548786235113,452.129271741068,378.754806219089,-17496.930746266,3.24607583392375,3.24607583392375,414,2952,-78812.7922387983,0.0072886,20260619
1,lap_count_increase,10000,2,0.2,1.8,1e-06,100,2,0.2,2000,0,0.5,7569,7569,0,7790,7790,745.794376464635,447.476625878781,441.496123471074,-40728.5760343997,6.22831528041074,6.22831528041074,444,2863,-148418.728103199,0.0077472,20365348
2,lap_count_increase,10000,2,0.2,1.8,1e-06,100,2,0.2,2000,0,0.5,7569,7569,0,7790,7790,744.654373230441,446.792623938265,380.840122847574,2483.55991655189,0.681186146784096,0.681186146784096,416,2266,-18185.3202503446,0.008967801,20470077
3,lap_count_increase,10000,2,0.2,1.8,1e-06,100,2,0.2,2000,0,0.5,7569,7569,0,7790,7790,745.826576626863,447.495945976118,396.286055884205,-29165.4262613924,4.74395715807348,4.74395715807348,416,2153.5,-113019.778784177,0.0106874,20574806
4,lap_count_increase,10000,2,0.2,1.8,1e-06,100,2,0.2,2000,0,0.5,7569,7569,0,7790,7790,747.992567726444,448.795540635867,381.04955421024,-31738.9817333424,5.07432371416462,5.07432371416462,422,2434,-121020.945200027,0.0087636,20679535
0,lap_count_decrease,10000,2,0.2,1.8,1e-06,100,2,0.2,2000,0,0.5,7569,7569,0,7790,7790,753.548786235113,452.129271741068,378.754806219089,-19464.930746266,3.49870741287112,3.49870741287112,414,-2952,-78812.7922387983,0.007204501,20260619
1,lap_count_decrease,10000,2,0.2,1.8,1e-06,100,2,0.2,2000,0,0.5,7569,7569,0,7790,7790,745.794376464635,447.476625878781,441.496123471074,-42637.2427010663,6.4733302568763,6.4733302568763,444,-2863,-148418.728103199,0.007578801,20365348
2,lap_count_decrease,10000,2,0.2,1.8,1e-06,100,2,0.2,2000,0,0.5,7569,7569,0,7790,7790,744.654373230441,446.792623938265,380.840122847574,972.89324988521,0.87510998075928,0.87510998075928,416,-2266,-18185.3202503446,0.0079326,20470077
3,lap_count_decrease,10000,2,0.2,1.8,1e-06,100,2,0.2,2000,0,0.5,7569,7569,0,7790,7790,745.826576626863,447.495945976118,396.286055884205,-30601.0929280591,4.92825326419243,4.92825326419243,416,-2153.5,-113019.778784177,0.0079588,20574806
4,lap_count_decrease,10000,2,0.2,1.8,1e-06,100,2,0.2,2000,0,0.5,7569,7569,0,7790,7790,747.992567726444,448.795540635867,381.04955421024,-33361.6484000091,5.28262495507177,5.28262495507177,422,-2434,-121020.945200027,0.0072932,20679535
0,lap_fixed_increase,10000,2,0.2,1.8,1e-06,100,2,0.2,2000,0,1,7569,7569,0,7790,7790,753.548786235113,452.129271741068,378.754806219089,-17814.2640795994,3.28681182023098,3.28681182023098,2000,2000,-78812.7922387983,0.0100063,20260619
1,lap_fixed_increase,10000,2,0.2,1.8,1e-06,100,2,0.2,2000,0,1,7569,7569,0,7790,7790,745.794376464635,447.476625878781,441.496123471074,-41016.2427010663,6.26524296547706,6.26524296547706,2000,2000,-148418.728103199,0.007289401,20365348
2,lap_fixed_increase,10000,2,0.2,1.8,1e-06,100,2,0.2,2000,0,1,7569,7569,0,7790,7790,744.654373230441,446.792623938265,380.840122847574,2394.89324988523,0.692568260605234,0.692568260605234,2000,2000,-18185.3202503446,0.0090237,20470077
3,lap_fixed_increase,10000,2,0.2,1.8,1e-06,100,2,0.2,2000,0,1,7569,7569,0,7790,7790,745.826576626863,447.495945976118,396.286055884205,-29216.5929280591,4.75052540796651,4.75052540796651,2000,2000,-113019.778784177,0.0076325,20574806
4,lap_fixed_increase,10000,2,0.2,1.8,1e-06,100,2,0.2,2000,0,1,7569,7569,0,7790,7790,747.992567726444,448.795540635867,381.04955421024,-31883.6484000091,5.09289453145174,5.09289453145174,2000,2000,-121020.945200027,0.0075855,20679535
0,lap_fixed_decrease,10000,2,0.2,1.8,1e-06,100,2,0.2,2000,0,1,7569,7569,0,7790,7790,753.548786235113,452.129271741068,378.754806219089,-19147.5974129327,3.45797142656389,3.45797142656389,2000,-2000,-78812.7922387983,0.006780901,20260619
1,lap_fixed_decrease,10000,2,0.2,1.8,1e-06,100,2,0.2,2000,0,1,7569,7569,0,7790,7790,745.794376464635,447.476625878781,441.496123471074,-42349.5760343997,6.43640257180997,6.43640257180997,2000,-2000,-148418.728103199,0.0087501,20365348
2,lap_fixed_decrease,10000,2,0.2,1.8,1e-06,100,2,0.2,2000,0,1,7569,7569,0,7790,7790,744.654373230441,446.792623938265,380.840122847574,1061.55991655188,0.863727866938142,0.863727866938142,2000,-2000,-18185.3202503446,0.0076922,20470077
3,lap_fixed_decrease,10000,2,0.2,1.8,1e-06,100,2,0.2,2000,0,1,7569,7569,0,7790,7790,745.826576626863,447.495945976118,396.286055884205,-30549.9262613924,4.92168501429941,4.92168501429941,2000,-2000,-113019.778784177,0.0099741,20574806
4,lap_fixed_decrease,10000,2,0.2,1.8,1e-06,100,2,0.2,2000,0,1,7569,7569,0,7790,7790,747.992567726444,448.795540635867,381.04955421024,-33216.9817333424,5.26405413778465,5.26405413778465,2000,-2000,-121020.945200027,0.0076304,20679535
0,lap_scale_increase,10000,2,0.2,1.8,1e-06,100,2,0.2,2000,0,1,7569,7569,0,7790,7790,753.548786235113,452.129271741068,378.754806219089,483884.926743812,61.1161651789233,61.1161651789233,2000,1507097.57247021,-78812.7922387983,0.0082882,20260619
1,lap_scale_increase,10000,2,0.2,1.8,1e-06,100,2,0.2,2000,0,1,7569,7569,0,7790,7790,745.794376464635,447.476625878781,441.496123471074,455513.34160869,57.4741131718473,57.4741131718473,2000,1491588.75292925,-148418.728103199,0.0071186,20365348
2,lap_scale_increase,10000,2,0.2,1.8,1e-06,100,2,0.2,2000,0,1,7569,7569,0,7790,7790,744.654373230441,446.792623938265,380.840122847574,498164.475403511,62.9492266243275,62.9492266243275,2000,1489308.74646084,-18185.3202503446,0.0080329,20470077
3,lap_scale_increase,10000,2,0.2,1.8,1e-06,100,2,0.2,2000,0,1,7569,7569,0,7790,7790,745.826576626863,447.495945976118,396.286055884205,467334.458156518,58.9915864129034,58.9915864129034,2000,1491653.15325372,-113019.778784177,0.0073341,20574806
4,lap_scale_increase,10000,2,0.2,1.8,1e-06,100,2,0.2,2000,0,1,7569,7569,0,7790,7790,747.992567726444,448.795540635867,381.04955421024,466111.396750951,58.8345823813801,58.8345823813801,2000,1495985.13545285,-121020.945200027,0.007724901,20679535
0,lap_scale_decrease,10000,2,0.2,1.8,1e-06,100,2,0.2,2000,0,1,7569,7569,0,7790,7790,753.548786235113,452.129271741068,378.754806219089,-520846.788236339,67.8609484257174,67.8609484257174,2000,-1507097.57247021,-78812.7922387983,0.0070423,20260619
1,lap_scale_decrease,10000,2,0.2,1.8,1e-06,100,2,0.2,2000,0,1,7569,7569,0,7790,7790,745.794376464635,447.476625878781,441.496123471074,-538879.160344159,70.1757587091346,70.1757587091346,2000,-1491588.75292925,-148418.728103199,0.006676801,20365348
2,lap_scale_decrease,10000,2,0.2,1.8,1e-06,100,2,0.2,2000,0,1,7569,7569,0,7790,7790,744.654373230441,446.792623938265,380.840122847574,-494708.022237078,64.5055227518714,64.5055227518714,2000,-1489308.74646084,-18185.3202503446,0.0080178,20470077
3,lap_scale_decrease,10000,2,0.2,1.8,1e-06,100,2,0.2,2000,0,1,7569,7569,0,7790,7790,745.826576626863,447.495945976118,396.286055884205,-527100.977345966,68.6637968351689,68.6637968351689,2000,-1491653.15325372,-113019.778784177,0.0083143,20574806
4,lap_scale_decrease,10000,2,0.2,1.8,1e-06,100,2,0.2,2000,0,1,7569,7569,0,7790,7790,747.992567726444,448.795540635867,381.04955421024,-531212.026884307,69.191531050617,69.191531050617,2000,-1495985.13545285,-121020.945200027,0.0081708,20679535
0,lap_count_increase,10000,2,0.2,1.8,1e-06,100,2,0.2,2000,0,1,7569,7569,0,7790,7790,753.548786235113,452.129271741068,378.754806219089,-16512.930746266,3.11976004445007,3.11976004445007,414,5904,-78812.7922387983,0.0107571,20260619
1,lap_count_increase,10000,2,0.2,1.8,1e-06,100,2,0.2,2000,0,1,7569,7569,0,7790,7790,745.794376464635,447.476625878781,441.496123471074,-39774.2427010663,6.10580779217796,6.10580779217796,444,5726,-148418.728103199,0.010655401,20365348
2,lap_count_increase,10000,2,0.2,1.8,1e-06,100,2,0.2,2000,0,1,7569,7569,0,7790,7790,744.654373230441,446.792623938265,380.840122847574,3238.8932498852,0.584224229796508,0.584224229796508,416,4532,-18185.3202503446,0.0091117,20470077
3,lap_count_increase,10000,2,0.2,1.8,1e-06,100,2,0.2,2000,0,1,7569,7569,0,7790,7790,745.826576626863,447.495945976118,396.286055884205,-28447.5929280591,4.651809105014,4.651809105014,416,4307,-113019.778784177,0.0080908,20574806
4,lap_count_increase,10000,2,0.2,1.8,1e-06,100,2,0.2,2000,0,1,7569,7569,0,7790,7790,747.992567726444,448.795540635867,381.04955421024,-30927.6484000091,4.97017309371105,4.97017309371105,422,4868,-121020.945200027,0.007972101,20679535
0,lap_count_decrease,10000,2,0.2,1.8,1e-06,100,2,0.2,2000,0,1,7569,7569,0,7790,7790,753.548786235113,452.129271741068,378.754806219089,-20448.930746266,3.6250232023448,3.6250232023448,414,-5904,-78812.7922387983,0.0086252,20260619
1,lap_count_decrease,10000,2,0.2,1.8,1e-06,100,2,0.2,2000,0,1,7569,7569,0,7790,7790,745.794376464635,447.476625878781,441.496123471074,-43591.5760343997,6.59583774510907,6.59583774510907,444,-5726,-148418.728103199,0.0098725,20365348
2,lap_count_decrease,10000,2,0.2,1.8,1e-06,100,2,0.2,2000,0,1,7569,7569,0,7790,7790,744.654373230441,446.792623938265,380.840122847574,217.559916551861,0.972071897746873,0.972071897746873,416,-4532,-18185.3202503446,0.0098813,20470077
3,lap_count_decrease,10000,2,0.2,1.8,1e-06,100,2,0.2,2000,0,1,7569,7569,0,7790,7790,745.826576626863,447.495945976118,396.286055884205,-31318.9262613924,5.02040131725191,5.02040131725191,416,-4307,-113019.778784177,0.012202101,20574806
4,lap_count_decrease,10000,2,0.2,1.8,1e-06,100,2,0.2,2000,0,1,7569,7569,0,7790,7790,747.992567726444,448.795540635867,381.04955421024,-34172.9817333424,5.38677557552534,5.38677557552534,422,-4868,-121020.945200027,0.0072242,20679535
0,lap_fixed_increase,10000,2,0.2,1.8,1e-06,100,2,0.2,2000,0,2,7569,7569,0,7790,7790,753.548786235113,452.129271741068,378.754806219089,-17147.5974129327,3.20123201706453,3.20123201706453,2000,4000,-78812.7922387983,0.0071734,20260619
1,lap_fixed_increase,10000,2,0.2,1.8,1e-06,100,2,0.2,2000,0,2,7569,7569,0,7790,7790,745.794376464635,447.476625878781,441.496123471074,-40349.5760343997,6.17966316231061,6.17966316231061,2000,4000,-148418.728103199,0.0073021,20365348
2,lap_fixed_increase,10000,2,0.2,1.8,1e-06,100,2,0.2,2000,0,2,7569,7569,0,7790,7790,744.654373230441,446.792623938265,380.840122847574,3061.55991655189,0.606988457438782,0.606988457438782,2000,4000,-18185.3202503446,0.0076972,20470077
3,lap_fixed_increase,10000,2,0.2,1.8,1e-06,100,2,0.2,2000,0,2,7569,7569,0,7790,7790,745.826576626863,447.495945976118,396.286055884205,-28549.9262613924,4.66494560480005,4.66494560480005,2000,4000,-113019.778784177,0.0099118,20574806
4,lap_fixed_increase,10000,2,0.2,1.8,1e-06,100,2,0.2,2000,0,2,7569,7569,0,7790,7790,747.992567726444,448.795540635867,381.04955421024,-31216.9817333424,5.00731472828529,5.00731472828529,2000,4000,-121020.945200027,0.0073512,20679535
0,lap_fixed_decrease,10000,2,0.2,1.8,1e-06,100,2,0.2,2000,0,2,7569,7569,0,7790,7790,753.548786235113,452.129271741068,378.754806219089,-19814.2640795994,3.54355122973034,3.54355122973034,2000,-4000,-78812.7922387983,0.0075766,20260619
1,lap_fixed_decrease,10000,2,0.2,1.8,1e-06,100,2,0.2,2000,0,2,7569,7569,0,7790,7790,745.794376464635,447.476625878781,441.496123471074,-43016.2427010664,6.52198237497643,6.52198237497643,2000,-4000,-148418.728103199,0.0066499,20365348
2,lap_fixed_decrease,10000,2,0.2,1.8,1e-06,100,2,0.2,2000,0,2,7569,7569,0,7790,7790,744.654373230441,446.792623938265,380.840122847574,394.893249885188,0.949307670104597,0.949307670104597,2000,-4000,-18185.3202503446,0.008483,20470077
3,lap_fixed_decrease,10000,2,0.2,1.8,1e-06,100,2,0.2,2000,0,2,7569,7569,0,7790,7790,745.826576626863,447.495945976118,396.286055884205,-31216.5929280591,5.00726481746586,5.00726481746586,2000,-4000,-113019.778784177,0.007305401,20574806
4,lap_fixed_decrease,10000,2,0.2,1.8,1e-06,100,2,0.2,2000,0,2,7569,7569,0,7790,7790,747.992567726444,448.795540635867,381.04955421024,-33883.6484000091,5.34963394095111,5.34963394095111,2000,-4000,-121020.945200027,0.0067501,20679535
0,lap_scale_increase,10000,2,0.2,1.8,1e-06,100,2,0.2,2000,0,2,7569,7569,0,7790,7790,753.548786235113,452.129271741068,378.754806219089,986250.784233879,125.604721981243,125.604721981243,2000,3014195.14494042,-78812.7922387983,0.0108429,20260619
1,lap_scale_increase,10000,2,0.2,1.8,1e-06,100,2,0.2,2000,0,2,7569,7569,0,7790,7790,745.794376464635,447.476625878781,441.496123471074,952709.592585112,121.299049112338,121.299049112338,2000,2983177.5058585,-148418.728103199,0.0066947,20365348
2,lap_scale_increase,10000,2,0.2,1.8,1e-06,100,2,0.2,2000,0,2,7569,7569,0,7790,7790,744.654373230441,446.792623938265,380.840122847574,994600.724223805,126.676601312427,126.676601312427,2000,2978617.49292167,-18185.3202503446,0.0079185,20470077
3,lap_scale_increase,10000,2,0.2,1.8,1e-06,100,2,0.2,2000,0,2,7569,7569,0,7790,7790,745.826576626863,447.495945976118,396.286055884205,964552.175907763,122.81927803694,122.81927803694,2000,2983306.30650744,-113019.778784177,0.006896401,20574806
4,lap_scale_increase,10000,2,0.2,1.8,1e-06,100,2,0.2,2000,0,2,7569,7569,0,7790,7790,747.992567726444,448.795540635867,381.04955421024,964773.108568587,122.84763909738,122.84763909738,2000,2991970.27090571,-121020.945200027,0.0094064,20679535
0,lap_scale_decrease,10000,2,0.2,1.8,1e-06,100,2,0.2,2000,0,2,7569,7569,0,7790,7790,753.548786235113,452.129271741068,378.754806219089,-1023212.64572642,132.349505228039,132.349505228039,2000,-3014195.14494042,-78812.7922387983,0.007021101,20260619
1,lap_scale_decrease,10000,2,0.2,1.8,1e-06,100,2,0.2,2000,0,2,7569,7569,0,7790,7790,745.794376464635,447.476625878781,441.496123471074,-1036075.41132058,134.000694649625,134.000694649625,2000,-2983177.5058585,-148418.728103199,0.0068352,20365348
2,lap_scale_decrease,10000,2,0.2,1.8,1e-06,100,2,0.2,2000,0,2,7569,7569,0,7790,7790,744.654373230441,446.792623938265,380.840122847574,-991144.271057372,128.232897439971,128.232897439971,2000,-2978617.49292167,-18185.3202503446,0.0081586,20470077
3,lap_scale_decrease,10000,2,0.2,1.8,1e-06,100,2,0.2,2000,0,2,7569,7569,0,7790,7790,745.826576626863,447.495945976118,396.286055884205,-1024318.69509721,132.491488459205,132.491488459205,2000,-2983306.30650744,-113019.778784177,0.0086255,20574806
4,lap_scale_decrease,10000,2,0.2,1.8,1e-06,100,2,0.2,2000,0,2,7569,7569,0,7790,7790,747.992567726444,448.795540635867,381.04955421024,-1029873.73870193,133.204587766615,133.204587766615,2000,-2991970.27090571,-121020.945200027,0.0074135,20679535
0,lap_count_increase,10000,2,0.2,1.8,1e-06,100,2,0.2,2000,0,2,7569,7569,0,7790,7790,753.548786235113,452.129271741068,378.754806219089,-14544.930746266,2.8671284655027,2.8671284655027,414,11808,-78812.7922387983,0.0122561,20260619
1,lap_count_increase,10000,2,0.2,1.8,1e-06,100,2,0.2,2000,0,2,7569,7569,0,7790,7790,745.794376464635,447.476625878781,441.496123471074,-37865.5760343997,5.86079281571241,5.86079281571241,444,11452,-148418.728103199,0.0069586,20365348
2,lap_count_increase,10000,2,0.2,1.8,1e-06,100,2,0.2,2000,0,2,7569,7569,0,7790,7790,744.654373230441,446.792623938265,380.840122847574,4749.5599165519,0.390300395821323,0.390300395821323,416,9064,-18185.3202503446,0.0080736,20470077
3,lap_count_increase,10000,2,0.2,1.8,1e-06,100,2,0.2,2000,0,2,7569,7569,0,7790,7790,745.826576626863,447.495945976118,396.286055884205,-27011.9262613925,4.46751299889506,4.46751299889506,416,8614,-113019.778784177,0.006825501,20574806
4,lap_count_increase,10000,2,0.2,1.8,1e-06,100,2,0.2,2000,0,2,7569,7569,0,7790,7790,747.992567726444,448.795540635867,381.04955421024,-29304.9817333424,4.76187185280391,4.76187185280391,422,9736,-121020.945200027,0.0078173,20679535
0,lap_count_decrease,10000,2,0.2,1.8,1e-06,100,2,0.2,2000,0,2,7569,7569,0,7790,7790,753.548786235113,452.129271741068,378.754806219089,-22416.930746266,3.87765478129217,3.87765478129217,414,-11808,-78812.7922387983,0.0081427,20260619
1,lap_count_decrease,10000,2,0.2,1.8,1e-06,100,2,0.2,2000,0,2,7569,7569,0,7790,7790,745.794376464635,447.476625878781,441.496123471074,-45500.2427010663,6.84085272157462,6.84085272157462,444,-11452,-148418.728103199,0.0082842,20365348
2,lap_count_decrease,10000,2,0.2,1.8,1e-06,100,2,0.2,2000,0,2,7569,7569,0,7790,7790,744.654373230441,446.792623938265,380.840122847574,-1293.10675011481,1.16599573172206,1.16599573172206,416,-9064,-18185.3202503446,0.0059185,20470077
3,lap_count_decrease,10000,2,0.2,1.8,1e-06,100,2,0.2,2000,0,2,7569,7569,0,7790,7790,745.826576626863,447.495945976118,396.286055884205,-32754.5929280591,5.20469742337087,5.20469742337087,416,-8614,-113019.778784177,0.009185801,20574806
4,lap_count_decrease,10000,2,0.2,1.8,1e-06,100,2,0.2,2000,0,2,7569,7569,0,7790,7790,747.992567726444,448.795540635867,381.04955421024,-35795.6484000091,5.59507681643249,5.59507681643249,422,-9736,-121020.945200027,0.0090902,20679535
