run,attack,epsilon,eps0,eps1,eps2,alpha,malicious_ratio,malicious_count,poison_prob,fixed_offset,scale_k,local_k,clean_edges,protocol_edges,clean_triangles,protocol_triangles,estimate,rel_error_clean,rel_error_protocol,orig_edge_changes,rr_changes,lap_attacked_reports,lap_total_offset,seconds
0,none,0.5000000000,0.0500000000,0.4323153122,0.0176846878,150.0000000000,0.0000000000,0,0.0000000000,10000.0000000000,3.0000000000,0.5000000000,879102,879102,32950647,32950647,33518005.2047426216,0.0172184238,0.0172184238,0,0,0,0.0000000000,14.2379107330
1,none,0.5000000000,0.0500000000,0.4320397781,0.0179602219,150.0000000000,0.0000000000,0,0.0000000000,10000.0000000000,3.0000000000,0.5000000000,879102,879102,32950647,32950647,23630887.5104098655,0.2828399542,0.2828399542,0,0,0,0.0000000000,11.7878178930
2,none,0.5000000000,0.0500000000,0.4321285593,0.0178714407,150.0000000000,0.0000000000,0,0.0000000000,10000.0000000000,3.0000000000,0.5000000000,879102,879102,32950647,32950647,36658983.6972719207,0.1125421512,0.1125421512,0,0,0,0.0000000000,11.7220053910
3,none,0.5000000000,0.0500000000,0.4320824081,0.0179175919,150.0000000000,0.0000000000,0,0.0000000000,10000.0000000000,3.0000000000,0.5000000000,879102,879102,32950647,32950647,27226600.4635972343,0.1737157555,0.1737157555,0,0,0,0.0000000000,14.6102262400
4,none,0.5000000000,0.0500000000,0.4322159799,0.0177840201,150.0000000000,0.0000000000,0,0.0000000000,10000.0000000000,3.0000000000,0.5000000000,879102,879102,32950647,32950647,35461523.3145526722,0.0762011233,0.0762011233,0,0,0,0.0000000000,14.1188430300
0,orig_inc,0.5000000000,0.0500000000,0.4317725688,0.0182274312,150.0000000000,0.0300000000,300,1.0000000000,10000.0000000000,3.0000000000,0.5000000000,879102,922900,32950647,37822232,38374902.7214577571,0.1646175786,0.0146123243,43798,0,0,0.0000000000,14.0450587290
1,orig_inc,0.5000000000,0.0500000000,0.4317311945,0.0182688055,150.0000000000,0.0300000000,300,1.0000000000,10000.0000000000,3.0000000000,0.5000000000,879102,923071,32950647,37776357,33445046.1321566664,0.0150042314,0.1146566586,43969,0,0,0.0000000000,13.6810888240
2,orig_inc,0.5000000000,0.0500000000,0.4316145253,0.0183854747,150.0000000000,0.0300000000,300,1.0000000000,10000.0000000000,3.0000000000,0.5000000000,879102,923168,32950647,37744862,36389702.3633254841,0.1043698888,0.0359031552,44066,0,0,0.0000000000,14.5553823380
3,orig_inc,0.5000000000,0.0500000000,0.4318938705,0.0181061295,150.0000000000,0.0300000000,300,1.0000000000,10000.0000000000,3.0000000000,0.5000000000,879102,922990,32950647,37741785,33762424.7628578469,0.0246361707,0.1054364609,43888,0,0,0.0000000000,12.7192329080
4,orig_inc,0.5000000000,0.0500000000,0.4317108943,0.0182891057,150.0000000000,0.0300000000,300,1.0000000000,10000.0000000000,3.0000000000,0.5000000000,879102,923082,32950647,37758584,35322862.0125119388,0.0719929722,0.0645077683,43980,0,0,0.0000000000,12.7619216090
0,orig_inc,0.5000000000,0.0500000000,0.4312979492,0.0187020508,150.0000000000,0.0500000000,500,1.0000000000,10000.0000000000,3.0000000000,0.5000000000,879102,1001372,32950647,54609909,57990710.6361582577,0.7599263115,0.0619082086,122270,0,0,0.0000000000,15.1318817480
1,orig_inc,0.5000000000,0.0500000000,0.4314678879,0.0185321121,150.0000000000,0.0500000000,500,1.0000000000,10000.0000000000,3.0000000000,0.5000000000,879102,1001415,32950647,54617639,49231279.0045905039,0.4940914212,0.0986194221,122313,0,0,0.0000000000,15.1661250480
2,orig_inc,0.5000000000,0.0500000000,0.4306586660,0.0193413340,150.0000000000,0.0500000000,500,1.0000000000,10000.0000000000,3.0000000000,0.5000000000,879102,1001613,32950647,54515076,51858422.6667933464,0.5738210745,0.0487324522,122511,0,0,0.0000000000,15.0233492450
3,orig_inc,0.5000000000,0.0500000000,0.4312625964,0.0187374036,150.0000000000,0.0500000000,500,1.0000000000,10000.0000000000,3.0000000000,0.5000000000,879102,1001445,32950647,54527951,50140293.4988243803,0.5216785728,0.0804662090,122343,0,0,0.0000000000,15.0965019460
4,orig_inc,0.5000000000,0.0500000000,0.4312309762,0.0187690238,150.0000000000,0.0500000000,500,1.0000000000,10000.0000000000,3.0000000000,0.5000000000,879102,1001398,32950647,54603774,49804053.6500983760,0.5114742254,0.0879008903,122296,0,0,0.0000000000,14.9462454440
0,orig_inc,0.5000000000,0.0500000000,0.4293309497,0.0206690503,150.0000000000,0.0800000000,800,1.0000000000,10000.0000000000,3.0000000000,0.5000000000,879102,1192678,32950647,120124138,122027789.7648554295,2.7033503398,0.0158473709,313576,0,0,0.0000000000,18.6273755050
1,orig_inc,0.5000000000,0.0500000000,0.4296448781,0.0203551219,150.0000000000,0.0800000000,800,1.0000000000,10000.0000000000,3.0000000000,0.5000000000,879102,1192764,32950647,120213465,117915058.2028132826,2.5785354443,0.0191193790,313662,0,0,0.0000000000,15.8863600600
2,orig_inc,0.5000000000,0.0500000000,0.4295013774,0.0204986226,150.0000000000,0.0800000000,800,1.0000000000,10000.0000000000,3.0000000000,0.5000000000,879102,1193332,32950647,119986843,115051966.9377027750,2.4916451546,0.0411284766,314230,0,0,0.0000000000,16.2679347670
3,orig_inc,0.5000000000,0.0500000000,0.4289822236,0.0210177764,150.0000000000,0.0800000000,800,1.0000000000,10000.0000000000,3.0000000000,0.5000000000,879102,1193046,32950647,120026653,120067210.5065405816,2.6438498615,0.0003379042,313944,0,0,0.0000000000,15.8906056600
4,orig_inc,0.5000000000,0.0500000000,0.4295115969,0.0204884031,150.0000000000,0.0800000000,800,1.0000000000,10000.0000000000,3.0000000000,0.5000000000,879102,1192453,32950647,120258092,119286197.9486060292,2.6201473661,0.0080817352,313351,0,0,0.0000000000,16.4904202700
0,orig_inc,0.5000000000,0.0500000000,0.4279717074,0.0220282926,150.0000000000,0.1000000000,1000,1.0000000000,10000.0000000000,3.0000000000,0.5000000000,879102,1369481,32950647,202413930,200403140.1878922880,5.0819182151,0.0099340486,490379,0,0,0.0000000000,22.4185035670
1,orig_inc,0.5000000000,0.0500000000,0.4278512135,0.0221487865,150.0000000000,0.1000000000,1000,1.0000000000,10000.0000000000,3.0000000000,0.5000000000,879102,1369197,32950647,202533692,205343812.3223132789,5.2318597969,0.0138748289,490095,0,0,0.0000000000,23.7433106880
2,orig_inc,0.5000000000,0.0500000000,0.4277763650,0.0222236350,150.0000000000,0.1000000000,1000,1.0000000000,10000.0000000000,3.0000000000,0.5000000000,879102,1369981,32950647,202389858,201833208.8707380593,5.1253185369,0.0027503806,490879,0,0,0.0000000000,30.8465876040
3,orig_inc,0.5000000000,0.0500000000,0.4274127842,0.0225872158,150.0000000000,0.1000000000,1000,1.0000000000,10000.0000000000,3.0000000000,0.5000000000,879102,1370062,32950647,202152953,200217336.8160881996,5.0762793767,0.0095750082,490960,0,0,0.0000000000,24.4870904010
4,orig_inc,0.5000000000,0.0500000000,0.4278836904,0.0221163096,150.0000000000,0.1000000000,1000,1.0000000000,10000.0000000000,3.0000000000,0.5000000000,879102,1369219,32950647,202565762,202272871.9475225210,5.1386616156,0.0014459011,490117,0,0,0.0000000000,23.1431610780
0,orig_inc,0.5000000000,0.0500000000,0.4259359484,0.0240640516,150.0000000000,0.1300000000,1300,1.0000000000,10000.0000000000,3.0000000000,0.5000000000,879102,1707934,32950647,403707564,407631534.2168271542,11.3709720849,0.0097198333,828832,0,0,0.0000000000,36.8700180030
1,orig_inc,0.5000000000,0.0500000000,0.4251752689,0.0248247311,150.0000000000,0.1300000000,1300,1.0000000000,10000.0000000000,3.0000000000,0.5000000000,879102,1707367,32950647,403888521,403319777.3707901835,11.2401170870,0.0014081698,828265,0,0,0.0000000000,34.4187473630
2,orig_inc,0.5000000000,0.0500000000,0.4251412764,0.0248587236,150.0000000000,0.1300000000,1300,1.0000000000,10000.0000000000,3.0000000000,0.5000000000,879102,1709036,32950647,403645029,400643755.2572457194,11.1589040500,0.0074354285,829934,0,0,0.0000000000,28.0779886600
3,orig_inc,0.5000000000,0.0500000000,0.4246700519,0.0253299481,150.0000000000,0.1300000000,1300,1.0000000000,10000.0000000000,3.0000000000,0.5000000000,879102,1708794,32950647,403537505,411369179.8875942230,11.4844037171,0.0194075514,829692,0,0,0.0000000000,30.3760900970
4,orig_inc,0.5000000000,0.0500000000,0.4253808508,0.0246191492,150.0000000000,0.1300000000,1300,1.0000000000,10000.0000000000,3.0000000000,0.5000000000,879102,1707715,32950647,403689354,400165473.9252291322,11.1443889683,0.0087291875,828613,0,0,0.0000000000,28.9976494740
0,orig_inc,0.5000000000,0.0500000000,0.4245148888,0.0254851112,150.0000000000,0.1500000000,1500,1.0000000000,10000.0000000000,3.0000000000,0.5000000000,879102,1982860,32950647,601415412,601736813.9746481180,17.2617602008,0.0005344093,1103758,0,0,0.0000000000,36.0272733890
1,orig_inc,0.5000000000,0.0500000000,0.4240401232,0.0259598768,150.0000000000,0.1500000000,1500,1.0000000000,10000.0000000000,3.0000000000,0.5000000000,879102,1982116,32950647,601711792,598045336.5031620264,17.1497297004,0.0060933748,1103014,0,0,0.0000000000,35.9358594880
2,orig_inc,0.5000000000,0.0500000000,0.4241163158,0.0258836842,150.0000000000,0.1500000000,1500,1.0000000000,10000.0000000000,3.0000000000,0.5000000000,879102,1984121,32950647,601374000,592728084.9857879877,16.9883595301,0.0143769352,1105019,0,0,0.0000000000,35.5632227820
3,orig_inc,0.5000000000,0.0500000000,0.4232007493,0.0267992507,150.0000000000,0.1500000000,1500,1.0000000000,10000.0000000000,3.0000000000,0.5000000000,879102,1984236,32950647,601223042,597789538.6574869156,17.1419666405,0.0057108645,1105134,0,0,0.0000000000,37.2664729100
4,orig_inc,0.5000000000,0.0500000000,0.4243440559,0.0256559441,150.0000000000,0.1500000000,1500,1.0000000000,10000.0000000000,3.0000000000,0.5000000000,879102,1981646,32950647,601388556,604963871.2010620832,17.3596962816,0.0059451002,1102544,0,0,0.0000000000,36.4892884960
0,orig_inc,0.5000000000,0.0500000000,0.4229689238,0.0270310762,150.0000000000,0.1800000000,1800,1.0000000000,10000.0000000000,3.0000000000,0.5000000000,879102,2469037,32950647,1013058068,1013133541.6461132765,29.7469999495,0.0000745008,1589935,0,0,0.0000000000,50.9156619330
1,orig_inc,0.5000000000,0.0500000000,0.4224293920,0.0275706080,150.0000000000,0.1800000000,1800,1.0000000000,10000.0000000000,3.0000000000,0.5000000000,879102,2469155,32950647,1013301411,1010384883.2144447565,29.6635825152,0.0028782431,1590053,0,0,0.0000000000,47.6671076800
2,orig_inc,0.5000000000,0.0500000000,0.4229630070,0.0270369930,150.0000000000,0.1800000000,1800,1.0000000000,10000.0000000000,3.0000000000,0.5000000000,879102,2469660,32950647,1013232066,1014844674.8163694143,29.7989301338,0.0015915493,1590558,0,0,0.0000000000,49.6314783120
3,orig_inc,0.5000000000,0.0500000000,0.4214469388,0.0285530612,150.0000000000,0.1800000000,1800,1.0000000000,10000.0000000000,3.0000000000,0.5000000000,879102,2469730,32950647,1012952769,1016947990.4383291006,29.8627624349,0.0039441340,1590628,0,0,0.0000000000,49.8101928150
4,orig_inc,0.5000000000,0.0500000000,0.4227721148,0.0272278852,150.0000000000,0.1800000000,1800,1.0000000000,10000.0000000000,3.0000000000,0.5000000000,879102,2467816,32950647,1013030387,1017321446.7737251520,29.8740962438,0.0042358648,1588714,0,0,0.0000000000,46.6843332630
0,orig_inc,0.5000000000,0.0500000000,0.4220086993,0.0279913007,150.0000000000,0.2000000000,2000,1.0000000000,10000.0000000000,3.0000000000,0.5000000000,879102,2842269,32950647,1375943352,1379965340.8627538681,40.8797646329,0.0029230774,1963167,0,0,0.0000000000,68.1289686140
1,orig_inc,0.5000000000,0.0500000000,0.4217809337,0.0282190663,150.0000000000,0.2000000000,2000,1.0000000000,10000.0000000000,3.0000000000,0.5000000000,879102,2842346,32950647,1376140599,1368601496.8599174023,40.5348899480,0.0054784389,1963244,0,0,0.0000000000,71.0531629620
2,orig_inc,0.5000000000,0.0500000000,0.4223608374,0.0276391626,150.0000000000,0.2000000000,2000,1.0000000000,10000.0000000000,3.0000000000,0.5000000000,879102,2843725,32950647,1376125832,1378660273.6072108746,40.8401579067,0.0018417223,1964623,0,0,0.0000000000,68.6947408240
3,orig_inc,0.5000000000,0.0500000000,0.4206997879,0.0293002121,150.0000000000,0.2000000000,2000,1.0000000000,10000.0000000000,3.0000000000,0.5000000000,879102,2844231,32950647,1375663294,1378094909.2495758533,40.8229999930,0.0017675948,1965129,0,0,0.0000000000,68.0110162120
4,orig_inc,0.5000000000,0.0500000000,0.4258283989,0.0241716011,150.0000000000,0.2000000000,2000,1.0000000000,10000.0000000000,3.0000000000,0.5000000000,879102,2839513,32950647,1375890512,1371286470.4876751900,40.6163746493,0.0033462267,1960411,0,0,0.0000000000,63.5358921390
0,orig_dec,0.5000000000,0.0500000000,0.4320747752,0.0179252248,150.0000000000,0.0300000000,300,1.0000000000,10000.0000000000,3.0000000000,0.5000000000,879102,878050,32950647,32826698,33085389.2178233415,0.0040892131,0.0078805129,1052,0,0,0.0000000000,12.3911426020
1,orig_dec,0.5000000000,0.0500000000,0.4320165131,0.0179834869,150.0000000000,0.0300000000,300,1.0000000000,10000.0000000000,3.0000000000,0.5000000000,879102,878221,32950647,32858699,28813587.4148118235,0.1255532125,0.1231062613,881,0,0,0.0000000000,12.4184490030
2,orig_dec,0.5000000000,0.0500000000,0.4319052865,0.0180947135,150.0000000000,0.0300000000,300,1.0000000000,10000.0000000000,3.0000000000,0.5000000000,879102,878318,32950647,32854775,31780805.7400572412,0.0355028312,0.0326883766,784,0,0,0.0000000000,12.4207620030
3,orig_dec,0.5000000000,0.0500000000,0.4321882819,0.0178117181,150.0000000000,0.0300000000,300,1.0000000000,10000.0000000000,3.0000000000,0.5000000000,879102,878140,32950647,32828151,28902250.6188423820,0.1228624246,0.1195894457,962,0,0,0.0000000000,11.9932072960
4,orig_dec,0.5000000000,0.0500000000,0.4320050655,0.0179949345,150.0000000000,0.0300000000,300,1.0000000000,10000.0000000000,3.0000000000,0.5000000000,879102,878232,32950647,32853192,30574773.5411717333,0.0721040002,0.0693515096,870,0,0,0.0000000000,12.5261631050
0,orig_dec,0.5000000000,0.0500000000,0.4322294008,0.0177705992,150.0000000000,0.0500000000,500,1.0000000000,10000.0000000000,3.0000000000,0.5000000000,879102,876622,32950647,32668240,36750289.9295626730,0.1153131509,0.1249546939,2480,0,0,0.0000000000,12.5066354040
1,orig_dec,0.5000000000,0.0500000000,0.4323864348,0.0176135652,150.0000000000,0.0500000000,500,1.0000000000,10000.0000000000,3.0000000000,0.5000000000,879102,876665,32950647,32659158,29754536.1478371024,0.0969969073,0.0889374384,2437,0,0,0.0000000000,12.2837540010
2,orig_dec,0.5000000000,0.0500000000,0.4316109499,0.0183890501,150.0000000000,0.0500000000,500,1.0000000000,10000.0000000000,3.0000000000,0.5000000000,879102,876863,32950647,32681799,29593895.8946315199,0.1018720848,0.0944838779,2239,0,0,0.0000000000,12.1324142990
3,orig_dec,0.5000000000,0.0500000000,0.4321887117,0.0178112883,150.0000000000,0.0500000000,500,1.0000000000,10000.0000000000,3.0000000000,0.5000000000,879102,876695,32950647,32688219,27918492.1242422871,0.1527179383,0.1459157770,2407,0,0,0.0000000000,12.1041105980
4,orig_dec,0.5000000000,0.0500000000,0.4321608291,0.0178391709,150.0000000000,0.0500000000,500,1.0000000000,10000.0000000000,3.0000000000,0.5000000000,879102,876648,32950647,32660293,28365270.1006358825,0.1391589336,0.1315059513,2454,0,0,0.0000000000,12.2649747000
0,orig_dec,0.5000000000,0.0500000000,0.4320363815,0.0179636185,150.0000000000,0.0800000000,800,1.0000000000,10000.0000000000,3.0000000000,0.5000000000,879102,873078,32950647,32285236,34478937.8795847669,0.0463812100,0.0679475250,6024,0,0,0.0000000000,12.3692207030
1,orig_dec,0.5000000000,0.0500000000,0.4323177446,0.0176822554,150.0000000000,0.0800000000,800,1.0000000000,10000.0000000000,3.0000000000,0.5000000000,879102,873164,32950647,32263251,29423182.0072491616,0.1070529812,0.0880279855,5938,0,0,0.0000000000,12.2800340010
2,orig_dec,0.5000000000,0.0500000000,0.4321609518,0.0178390482,150.0000000000,0.0800000000,800,1.0000000000,10000.0000000000,3.0000000000,0.5000000000,879102,873732,32950647,32348028,26106459.7287098803,0.2077102544,0.1929505029,5370,0,0,0.0000000000,12.1970506990
3,orig_dec,0.5000000000,0.0500000000,0.4317245210,0.0182754790,150.0000000000,0.0800000000,800,1.0000000000,10000.0000000000,3.0000000000,0.5000000000,879102,873446,32950647,32373476,30494139.9548399262,0.0745511020,0.0580517225,5656,0,0,0.0000000000,12.1625164990
4,orig_dec,0.5000000000,0.0500000000,0.4322086153,0.0177913847,150.0000000000,0.0800000000,800,1.0000000000,10000.0000000000,3.0000000000,0.5000000000,879102,872853,32950647,32231087,28342941.2173659466,0.1398365799,0.1206334053,6249,0,0,0.0000000000,12.1488922990
0,orig_dec,0.5000000000,0.0500000000,0.4322957113,0.0177042887,150.0000000000,0.1000000000,1000,1.0000000000,10000.0000000000,3.0000000000,0.5000000000,879102,869981,32950647,31968448,30637934.0535731725,0.0701871786,0.0416195977,9121,0,0,0.0000000000,12.2159947000
1,orig_dec,0.5000000000,0.0500000000,0.4322089011,0.0177910989,150.0000000000,0.1000000000,1000,1.0000000000,10000.0000000000,3.0000000000,0.5000000000,879102,869697,32950647,31862997,33221930.5510652177,0.0082330265,0.0426492697,9405,0,0,0.0000000000,12.2270697010
2,orig_dec,0.5000000000,0.0500000000,0.4321228883,0.0178771117,150.0000000000,0.1000000000,1000,1.0000000000,10000.0000000000,3.0000000000,0.5000000000,879102,870481,32950647,32044584,29432026.6028993279,0.1067845617,0.0815288286,8621,0,0,0.0000000000,12.4414561040
3,orig_dec,0.5000000000,0.0500000000,0.4318270953,0.0181729047,150.0000000000,0.1000000000,1000,1.0000000000,10000.0000000000,3.0000000000,0.5000000000,879102,870562,32950647,32110876,29104284.1095530279,0.1167310278,0.0936315749,8540,0,0,0.0000000000,12.3046420010
4,orig_dec,0.5000000000,0.0500000000,0.4322322435,0.0177677565,150.0000000000,0.1000000000,1000,1.0000000000,10000.0000000000,3.0000000000,0.5000000000,879102,869719,32950647,31923622,31890211.8155818991,0.0321825300,0.0010465662,9383,0,0,0.0000000000,12.2006139000
0,orig_dec,0.5000000000,0.0500000000,0.4320412195,0.0179587805,150.0000000000,0.1300000000,1300,1.0000000000,10000.0000000000,3.0000000000,0.5000000000,879102,863584,32950647,31292832,34690936.5047852546,0.0528150329,0.1085905074,15518,0,0,0.0000000000,12.1014441980
1,orig_dec,0.5000000000,0.0500000000,0.4323777877,0.0176222123,150.0000000000,0.1300000000,1300,1.0000000000,10000.0000000000,3.0000000000,0.5000000000,879102,863017,32950647,31184765,32828148.6581068486,0.0037176309,0.0526982858,16085,0,0,0.0000000000,12.0371192970
2,orig_dec,0.5000000000,0.0500000000,0.4320426163,0.0179573837,150.0000000000,0.1300000000,1300,1.0000000000,10000.0000000000,3.0000000000,0.5000000000,879102,864686,32950647,31474781,28709592.0810126476,0.1287093063,0.0878541115,14416,0,0,0.0000000000,11.7710656930
3,orig_dec,0.5000000000,0.0500000000,0.4320943531,0.0179056469,150.0000000000,0.1300000000,1300,1.0000000000,10000.0000000000,3.0000000000,0.5000000000,879102,864444,32950647,31593609,36480053.9767155275,0.1071119173,0.1546656153,14658,0,0,0.0000000000,11.1636169830
4,orig_dec,0.5000000000,0.0500000000,0.4320440060,0.0179559940,150.0000000000,0.1300000000,1300,1.0000000000,10000.0000000000,3.0000000000,0.5000000000,879102,863365,32950647,31271774,31453920.1895954311,0.0454232905,0.0058246197,15737,0,0,0.0000000000,11.4521388870
0,orig_dec,0.5000000000,0.0500000000,0.4325616243,0.0174383757,150.0000000000,0.1500000000,1500,1.0000000000,10000.0000000000,3.0000000000,0.5000000000,879102,858610,32950647,30838053,29377163.2343909144,0.1084495781,0.0473729572,20492,0,0,0.0000000000,11.9449733950
1,orig_dec,0.5000000000,0.0500000000,0.4321718546,0.0178281454,150.0000000000,0.1500000000,1500,1.0000000000,10000.0000000000,3.0000000000,0.5000000000,879102,857866,32950647,30675540,27731702.0139484964,0.1583867226,0.0959669491,21236,0,0,0.0000000000,12.1424915980
2,orig_dec,0.5000000000,0.0500000000,0.4323536447,0.0176463553,150.0000000000,0.1500000000,1500,1.0000000000,10000.0000000000,3.0000000000,0.5000000000,879102,859871,32950647,31030370,30140207.3354239054,0.0852923970,0.0286868208,19231,0,0,0.0000000000,11.7173831920
3,orig_dec,0.5000000000,0.0500000000,0.4325654970,0.0174345030,150.0000000000,0.1500000000,1500,1.0000000000,10000.0000000000,3.0000000000,0.5000000000,879102,859986,32950647,31247063,31062118.7901661992,0.0573138430,0.0059187710,19116,0,0,0.0000000000,11.4360158870
4,orig_dec,0.5000000000,0.0500000000,0.4324583523,0.0175416477,150.0000000000,0.1500000000,1500,1.0000000000,10000.0000000000,3.0000000000,0.5000000000,879102,857396,32950647,30603999,31468476.0903900415,0.0449815419,0.0282471938,21706,0,0,0.0000000000,11.6377757900
0,orig_dec,0.5000000000,0.0500000000,0.4324532214,0.0175467786,150.0000000000,0.1800000000,1800,1.0000000000,10000.0000000000,3.0000000000,0.5000000000,879102,849937,32950647,29973017,30677000.4580719955,0.0690015751,0.0234872405,29165,0,0,0.0000000000,11.7457296920
1,orig_dec,0.5000000000,0.0500000000,0.4324324641,0.0175675359,150.0000000000,0.1800000000,1800,1.0000000000,10000.0000000000,3.0000000000,0.5000000000,879102,850055,32950647,29977040,27979465.2334849201,0.1508675009,0.0666368249,29047,0,0,0.0000000000,11.8179868930
2,orig_dec,0.5000000000,0.0500000000,0.4323309532,0.0176690468,150.0000000000,0.1800000000,1800,1.0000000000,10000.0000000000,3.0000000000,0.5000000000,879102,850560,32950647,30098485,35510837.2872463688,0.0776977243,0.1798214192,28542,0,0,0.0000000000,11.7997756930
3,orig_dec,0.5000000000,0.0500000000,0.4323524829,0.0176475171,150.0000000000,0.1800000000,1800,1.0000000000,10000.0000000000,3.0000000000,0.5000000000,879102,850630,32950647,30364239,31108831.6440091617,0.0558961818,0.0245220255,28472,0,0,0.0000000000,11.7747869930
4,orig_dec,0.5000000000,0.0500000000,0.4323602018,0.0176397982,150.0000000000,0.1800000000,1800,1.0000000000,10000.0000000000,3.0000000000,0.5000000000,879102,848716,32950647,29824005,33509762.7480889224,0.0169682783,0.1235835948,30386,0,0,0.0000000000,11.7797013930
0,orig_dec,0.5000000000,0.0500000000,0.4323434457,0.0176565543,150.0000000000,0.2000000000,2000,1.0000000000,10000.0000000000,3.0000000000,0.5000000000,879102,843269,32950647,29387911,31886194.4754545502,0.0323044499,0.0850105840,35833,0,0,0.0000000000,11.7184163920
1,orig_dec,0.5000000000,0.0500000000,0.4324677152,0.0175322848,150.0000000000,0.2000000000,2000,1.0000000000,10000.0000000000,3.0000000000,0.5000000000,879102,843346,32950647,29330328,22690864.2149794996,0.3113681739,0.2263685488,35756,0,0,0.0000000000,11.8231046940
2,orig_dec,0.5000000000,0.0500000000,0.4330117927,0.0169882073,150.0000000000,0.2000000000,2000,1.0000000000,10000.0000000000,3.0000000000,0.5000000000,879102,844725,32950647,29587237,29574357.9453178085,0.1024650306,0.0004352909,34377,0,0,0.0000000000,11.8142832930
3,orig_dec,0.5000000000,0.0500000000,0.4321462952,0.0178537048,150.0000000000,0.2000000000,2000,1.0000000000,10000.0000000000,3.0000000000,0.5000000000,879102,845231,32950647,29874751,31595950.3112220913,0.0411129010,0.0576138463,33871,0,0,0.0000000000,11.8167342930
4,orig_dec,0.5000000000,0.0500000000,0.4284407031,0.0215592969,150.0000000000,0.2000000000,2000,1.0000000000,10000.0000000000,3.0000000000,0.5000000000,879102,840513,32950647,28998451,25309408.7188334055,0.2318994914,0.1272151496,38589,0,0,0.0000000000,11.7882625930
0,rr_inc,0.5000000000,0.0500000000,0.4323153122,0.0176846878,150.0000000000,0.0300000000,300,1.0000000000,10000.0000000000,3.0000000000,0.5000000000,879102,879102,32950647,32950647,32836024.9767020196,0.0034785970,0.0034785970,0,27033,0,0.0000000000,11.2177539840
1,rr_inc,0.5000000000,0.0500000000,0.4320397781,0.0179602219,150.0000000000,0.0300000000,300,1.0000000000,10000.0000000000,3.0000000000,0.5000000000,879102,879102,32950647,32950647,33807711.9054091051,0.0260105638,0.0260105638,0,26971,0,0.0000000000,11.3834306860
2,rr_inc,0.5000000000,0.0500000000,0.4321285593,0.0178714407,150.0000000000,0.0300000000,300,1.0000000000,10000.0000000000,3.0000000000,0.5000000000,879102,879102,32950647,32950647,30001005.9347509444,0.0895169392,0.0895169392,0,27111,0,0.0000000000,11.0209472810
3,rr_inc,0.5000000000,0.0500000000,0.4320824081,0.0179175919,150.0000000000,0.0300000000,300,1.0000000000,10000.0000000000,3.0000000000,0.5000000000,879102,879102,32950647,32950647,29054411.9490091763,0.1182445689,0.1182445689,0,27101,0,0.0000000000,11.1719457820
4,rr_inc,0.5000000000,0.0500000000,0.4322159799,0.0177840201,150.0000000000,0.0300000000,300,1.0000000000,10000.0000000000,3.0000000000,0.5000000000,879102,879102,32950647,32950647,32266408.6451134868,0.0207655514,0.0207655514,0,27053,0,0.0000000000,11.1269594820
0,rr_inc,0.5000000000,0.0500000000,0.4323153122,0.0176846878,150.0000000000,0.0500000000,500,1.0000000000,10000.0000000000,3.0000000000,0.5000000000,879102,879102,32950647,32950647,40028381.0924863145,0.2147980309,0.2147980309,0,75252,0,0.0000000000,11.2230810840
1,rr_inc,0.5000000000,0.0500000000,0.4320397781,0.0179602219,150.0000000000,0.0500000000,500,1.0000000000,10000.0000000000,3.0000000000,0.5000000000,879102,879102,32950647,32950647,32160407.1780740283,0.0239825282,0.0239825282,0,75202,0,0.0000000000,11.1473811820
2,rr_inc,0.5000000000,0.0500000000,0.4321285593,0.0178714407,150.0000000000,0.0500000000,500,1.0000000000,10000.0000000000,3.0000000000,0.5000000000,879102,879102,32950647,32950647,33002212.6495030522,0.0015649359,0.0015649359,0,75342,0,0.0000000000,11.2227611840
3,rr_inc,0.5000000000,0.0500000000,0.4320824081,0.0179175919,150.0000000000,0.0500000000,500,1.0000000000,10000.0000000000,3.0000000000,0.5000000000,879102,879102,32950647,32950647,32287261.4503631294,0.0201327018,0.0201327018,0,75009,0,0.0000000000,11.0940234820
4,rr_inc,0.5000000000,0.0500000000,0.4322159799,0.0177840201,150.0000000000,0.0500000000,500,1.0000000000,10000.0000000000,3.0000000000,0.5000000000,879102,879102,32950647,32950647,26273037.0105997808,0.2026548975,0.2026548975,0,75297,0,0.0000000000,11.1904471830
0,rr_inc,0.5000000000,0.0500000000,0.4323153122,0.0176846878,150.0000000000,0.0800000000,800,1.0000000000,10000.0000000000,3.0000000000,0.5000000000,879102,879102,32950647,32950647,35327697.7369624898,0.0721397288,0.0721397288,0,192826,0,0.0000000000,11.2152919830
1,rr_inc,0.5000000000,0.0500000000,0.4320397781,0.0179602219,150.0000000000,0.0800000000,800,1.0000000000,10000.0000000000,3.0000000000,0.5000000000,879102,879102,32950647,32950647,33208767.2134992033,0.0078335401,0.0078335401,0,192487,0,0.0000000000,11.1034643820
2,rr_inc,0.5000000000,0.0500000000,0.4321285593,0.0178714407,150.0000000000,0.0800000000,800,1.0000000000,10000.0000000000,3.0000000000,0.5000000000,879102,879102,32950647,32950647,29923301.6000763886,0.0918751428,0.0918751428,0,192593,0,0.0000000000,11.3284379860
3,rr_inc,0.5000000000,0.0500000000,0.4320824081,0.0179175919,150.0000000000,0.0800000000,800,1.0000000000,10000.0000000000,3.0000000000,0.5000000000,879102,879102,32950647,32950647,33243579.7086077370,0.0088900442,0.0088900442,0,192363,0,0.0000000000,11.3263338850
4,rr_inc,0.5000000000,0.0500000000,0.4322159799,0.0177840201,150.0000000000,0.0800000000,800,1.0000000000,10000.0000000000,3.0000000000,0.5000000000,879102,879102,32950647,32950647,30241545.8117116205,0.0822169346,0.0822169346,0,192513,0,0.0000000000,11.2614508840
0,rr_inc,0.5000000000,0.0500000000,0.4323153122,0.0176846878,150.0000000000,0.1000000000,1000,1.0000000000,10000.0000000000,3.0000000000,0.5000000000,879102,879102,32950647,32950647,37556414.4961198494,0.1397777560,0.1397777560,0,301692,0,0.0000000000,11.5107788880
1,rr_inc,0.5000000000,0.0500000000,0.4320397781,0.0179602219,150.0000000000,0.1000000000,1000,1.0000000000,10000.0000000000,3.0000000000,0.5000000000,879102,879102,32950647,32950647,39339411.3572076187,0.1938888896,0.1938888896,0,300696,0,0.0000000000,11.2566458840
2,rr_inc,0.5000000000,0.0500000000,0.4321285593,0.0178714407,150.0000000000,0.1000000000,1000,1.0000000000,10000.0000000000,3.0000000000,0.5000000000,879102,879102,32950647,32950647,35273556.8068002686,0.0704966372,0.0704966372,0,300875,0,0.0000000000,11.3482562850
3,rr_inc,0.5000000000,0.0500000000,0.4320824081,0.0179175919,150.0000000000,0.1000000000,1000,1.0000000000,10000.0000000000,3.0000000000,0.5000000000,879102,879102,32950647,32950647,35818716.6298169047,0.0870413752,0.0870413752,0,300802,0,0.0000000000,10.9098112790
4,rr_inc,0.5000000000,0.0500000000,0.4322159799,0.0177840201,150.0000000000,0.1000000000,1000,1.0000000000,10000.0000000000,3.0000000000,0.5000000000,879102,879102,32950647,32950647,36446325.1647748426,0.1060883012,0.1060883012,0,301081,0,0.0000000000,11.3031121850
0,rr_inc,0.5000000000,0.0500000000,0.4323153122,0.0176846878,150.0000000000,0.1300000000,1300,1.0000000000,10000.0000000000,3.0000000000,0.5000000000,879102,879102,32950647,32950647,44407015.3234249577,0.3476826517,0.3476826517,0,509584,0,0.0000000000,11.1206386820
1,rr_inc,0.5000000000,0.0500000000,0.4320397781,0.0179602219,150.0000000000,0.1300000000,1300,1.0000000000,10000.0000000000,3.0000000000,0.5000000000,879102,879102,32950647,32950647,41694007.4700213447,0.2653471560,0.2653471560,0,508360,0,0.0000000000,11.0530166810
2,rr_inc,0.5000000000,0.0500000000,0.4321285593,0.0178714407,150.0000000000,0.1300000000,1300,1.0000000000,10000.0000000000,3.0000000000,0.5000000000,879102,879102,32950647,32950647,36817966.2791071981,0.1173670210,0.1173670210,0,509358,0,0.0000000000,11.1228235820
3,rr_inc,0.5000000000,0.0500000000,0.4320824081,0.0179175919,150.0000000000,0.1300000000,1300,1.0000000000,10000.0000000000,3.0000000000,0.5000000000,879102,879102,32950647,32950647,47420982.8969439045,0.4391517987,0.4391517987,0,508505,0,0.0000000000,11.8311827940
4,rr_inc,0.5000000000,0.0500000000,0.4322159799,0.0177840201,150.0000000000,0.1300000000,1300,1.0000000000,10000.0000000000,3.0000000000,0.5000000000,879102,879102,32950647,32950647,42759053.4589922056,0.2976696166,0.2976696166,0,508963,0,0.0000000000,11.0704691810
0,rr_inc,0.5000000000,0.0500000000,0.4323153122,0.0176846878,150.0000000000,0.1500000000,1500,1.0000000000,10000.0000000000,3.0000000000,0.5000000000,879102,879102,32950647,32950647,42800611.4535752311,0.2989308360,0.2989308360,0,678047,0,0.0000000000,11.1561732830
1,rr_inc,0.5000000000,0.0500000000,0.4320397781,0.0179602219,150.0000000000,0.1500000000,1500,1.0000000000,10000.0000000000,3.0000000000,0.5000000000,879102,879102,32950647,32950647,36966184.2591336295,0.1218652022,0.1218652022,0,677389,0,0.0000000000,11.0273304800
2,rr_inc,0.5000000000,0.0500000000,0.4321285593,0.0178714407,150.0000000000,0.1500000000,1500,1.0000000000,10000.0000000000,3.0000000000,0.5000000000,879102,879102,32950647,32950647,42867351.8915296718,0.3009563027,0.3009563027,0,678396,0,0.0000000000,11.5641119890
3,rr_inc,0.5000000000,0.0500000000,0.4320824081,0.0179175919,150.0000000000,0.1500000000,1500,1.0000000000,10000.0000000000,3.0000000000,0.5000000000,879102,879102,32950647,32950647,40997297.7277026772,0.2442031177,0.2442031177,0,677832,0,0.0000000000,12.3439360020
4,rr_inc,0.5000000000,0.0500000000,0.4322159799,0.0177840201,150.0000000000,0.1500000000,1500,1.0000000000,10000.0000000000,3.0000000000,0.5000000000,879102,879102,32950647,32950647,43665289.2893786281,0.3251724401,0.3251724401,0,677302,0,0.0000000000,11.5942870900
0,rr_inc,0.5000000000,0.0500000000,0.4323153122,0.0176846878,150.0000000000,0.1800000000,1800,1.0000000000,10000.0000000000,3.0000000000,0.5000000000,879102,879102,32950647,32950647,48606376.4699042737,0.4751266180,0.4751266180,0,976626,0,0.0000000000,11.6169909900
1,rr_inc,0.5000000000,0.0500000000,0.4320397781,0.0179602219,150.0000000000,0.1800000000,1800,1.0000000000,10000.0000000000,3.0000000000,0.5000000000,879102,879102,32950647,32950647,44158243.4978339300,0.3401328204,0.3401328204,0,975542,0,0.0000000000,11.5286770880
2,rr_inc,0.5000000000,0.0500000000,0.4321285593,0.0178714407,150.0000000000,0.1800000000,1800,1.0000000000,10000.0000000000,3.0000000000,0.5000000000,879102,879102,32950647,32950647,50280087.3032342121,0.5259210935,0.5259210935,0,975803,0,0.0000000000,11.8022940930
3,rr_inc,0.5000000000,0.0500000000,0.4320824081,0.0179175919,150.0000000000,0.1800000000,1800,1.0000000000,10000.0000000000,3.0000000000,0.5000000000,879102,879102,32950647,32950647,45424249.3748509288,0.3785540956,0.3785540956,0,975501,0,0.0000000000,12.8267273100
4,rr_inc,0.5000000000,0.0500000000,0.4322159799,0.0177840201,150.0000000000,0.1800000000,1800,1.0000000000,10000.0000000000,3.0000000000,0.5000000000,879102,879102,32950647,32950647,50008936.3649891093,0.5176920916,0.5176920916,0,975606,0,0.0000000000,11.7902770920
0,rr_inc,0.5000000000,0.0500000000,0.4323153122,0.0176846878,150.0000000000,0.2000000000,2000,1.0000000000,10000.0000000000,3.0000000000,0.5000000000,879102,879102,32950647,32950647,52832879.5313069150,0.6033942985,0.6033942985,0,1205280,0,0.0000000000,11.2530457830
1,rr_inc,0.5000000000,0.0500000000,0.4320397781,0.0179602219,150.0000000000,0.2000000000,2000,1.0000000000,10000.0000000000,3.0000000000,0.5000000000,879102,879102,32950647,32950647,46286718.5979526713,0.4047286719,0.4047286719,0,1204524,0,0.0000000000,11.6665577910
2,rr_inc,0.5000000000,0.0500000000,0.4321285593,0.0178714407,150.0000000000,0.2000000000,2000,1.0000000000,10000.0000000000,3.0000000000,0.5000000000,879102,879102,32950647,32950647,48558340.7237008587,0.4736688091,0.4736688091,0,1204680,0,0.0000000000,12.3271186020
3,rr_inc,0.5000000000,0.0500000000,0.4320824081,0.0179175919,150.0000000000,0.2000000000,2000,1.0000000000,10000.0000000000,3.0000000000,0.5000000000,879102,879102,32950647,32950647,50008402.8647732139,0.5176759007,0.5176759007,0,1204797,0,0.0000000000,11.3514815860
4,rr_inc,0.5000000000,0.0500000000,0.4322159799,0.0177840201,150.0000000000,0.2000000000,2000,1.0000000000,10000.0000000000,3.0000000000,0.5000000000,879102,879102,32950647,32950647,48518164.3883569762,0.4724495209,0.4724495209,0,1204677,0,0.0000000000,11.2102795830
0,rr_dec,0.5000000000,0.0500000000,0.4323153122,0.0176846878,150.0000000000,0.0300000000,300,1.0000000000,10000.0000000000,3.0000000000,0.5000000000,879102,879102,32950647,32950647,31955222.2835558541,0.0302095651,0.0302095651,0,17817,0,0.0000000000,10.9499201790
1,rr_dec,0.5000000000,0.0500000000,0.4320397781,0.0179602219,150.0000000000,0.0300000000,300,1.0000000000,10000.0000000000,3.0000000000,0.5000000000,879102,879102,32950647,32950647,33061511.7048616149,0.0033645684,0.0033645684,0,17879,0,0.0000000000,11.0513272810
2,rr_dec,0.5000000000,0.0500000000,0.4321285593,0.0178714407,150.0000000000,0.0300000000,300,1.0000000000,10000.0000000000,3.0000000000,0.5000000000,879102,879102,32950647,32950647,29299949.5246726833,0.1107928920,0.1107928920,0,17739,0,0.0000000000,11.1180256810
3,rr_dec,0.5000000000,0.0500000000,0.4320824081,0.0179175919,150.0000000000,0.0300000000,300,1.0000000000,10000.0000000000,3.0000000000,0.5000000000,879102,879102,32950647,32950647,28308134.2780740000,0.1408929155,0.1408929155,0,17749,0,0.0000000000,11.2322128840
4,rr_dec,0.5000000000,0.0500000000,0.4322159799,0.0177840201,150.0000000000,0.0300000000,300,1.0000000000,10000.0000000000,3.0000000000,0.5000000000,879102,879102,32950647,32950647,31537443.7447594889,0.0428884827,0.0428884827,0,17797,0,0.0000000000,11.3773033860
0,rr_dec,0.5000000000,0.0500000000,0.4323153122,0.0176846878,150.0000000000,0.0500000000,500,1.0000000000,10000.0000000000,3.0000000000,0.5000000000,879102,879102,32950647,32950647,37981739.9341263995,0.1526857101,0.1526857101,0,49498,0,0.0000000000,11.1439086830
1,rr_dec,0.5000000000,0.0500000000,0.4320397781,0.0179602219,150.0000000000,0.0500000000,500,1.0000000000,10000.0000000000,3.0000000000,0.5000000000,879102,879102,32950647,32950647,30089769.7075167932,0.0868230992,0.0868230992,0,49548,0,0.0000000000,11.9745433960
2,rr_dec,0.5000000000,0.0500000000,0.4321285593,0.0178714407,150.0000000000,0.0500000000,500,1.0000000000,10000.0000000000,3.0000000000,0.5000000000,879102,879102,32950647,32950647,31143912.9207463004,0.0548315206,0.0548315206,0,49408,0,0.0000000000,12.0606242970
3,rr_dec,0.5000000000,0.0500000000,0.4320824081,0.0179175919,150.0000000000,0.0500000000,500,1.0000000000,10000.0000000000,3.0000000000,0.5000000000,879102,879102,32950647,32950647,30409168.0390473269,0.0771298652,0.0771298652,0,49741,0,0.0000000000,11.9372446960
4,rr_dec,0.5000000000,0.0500000000,0.4322159799,0.0177840201,150.0000000000,0.0500000000,500,1.0000000000,10000.0000000000,3.0000000000,0.5000000000,879102,879102,32950647,32950647,24220191.2266822271,0.2649555189,0.2649555189,0,49453,0,0.0000000000,11.9368172960
0,rr_dec,0.5000000000,0.0500000000,0.4323153122,0.0176846878,150.0000000000,0.0800000000,800,1.0000000000,10000.0000000000,3.0000000000,0.5000000000,879102,879102,32950647,32950647,30464946.3102864660,0.0754370829,0.0754370829,0,126774,0,0.0000000000,11.4276826870
1,rr_dec,0.5000000000,0.0500000000,0.4320397781,0.0179602219,150.0000000000,0.0800000000,800,1.0000000000,10000.0000000000,3.0000000000,0.5000000000,879102,879102,32950647,32950647,28168024.2260775529,0.1451450338,0.1451450338,0,127113,0,0.0000000000,11.2855735850
2,rr_dec,0.5000000000,0.0500000000,0.4321285593,0.0178714407,150.0000000000,0.0800000000,800,1.0000000000,10000.0000000000,3.0000000000,0.5000000000,879102,879102,32950647,32950647,25471549.9989452921,0.2269787601,0.2269787601,0,127007,0,0.0000000000,11.4533206870
3,rr_dec,0.5000000000,0.0500000000,0.4320824081,0.0179175919,150.0000000000,0.0800000000,800,1.0000000000,10000.0000000000,3.0000000000,0.5000000000,879102,879102,32950647,32950647,28743556.3607464433,0.1276785442,0.1276785442,0,127237,0,0.0000000000,11.3910179860
4,rr_dec,0.5000000000,0.0500000000,0.4322159799,0.0177840201,150.0000000000,0.0800000000,800,1.0000000000,10000.0000000000,3.0000000000,0.5000000000,879102,879102,32950647,32950647,25035000.2830233388,0.2402273533,0.2402273533,0,127087,0,0.0000000000,11.4632830880
0,rr_dec,0.5000000000,0.0500000000,0.4323153122,0.0176846878,150.0000000000,0.1000000000,1000,1.0000000000,10000.0000000000,3.0000000000,0.5000000000,879102,879102,32950647,32950647,30057287.3274013698,0.0878088880,0.0878088880,0,197808,0,0.0000000000,11.1780169830
1,rr_dec,0.5000000000,0.0500000000,0.4320397781,0.0179602219,150.0000000000,0.1000000000,1000,1.0000000000,10000.0000000000,3.0000000000,0.5000000000,879102,879102,32950647,32950647,31423880.0650882758,0.0463349607,0.0463349607,0,198804,0,0.0000000000,11.3621134860
2,rr_dec,0.5000000000,0.0500000000,0.4321285593,0.0178714407,150.0000000000,0.1000000000,1000,1.0000000000,10000.0000000000,3.0000000000,0.5000000000,879102,879102,32950647,32950647,28052146.8706373274,0.1486617282,0.1486617282,0,198625,0,0.0000000000,11.6772905920
3,rr_dec,0.5000000000,0.0500000000,0.4320824081,0.0179175919,150.0000000000,0.1000000000,1000,1.0000000000,10000.0000000000,3.0000000000,0.5000000000,879102,879102,32950647,32950647,29082841.9766431153,0.1173817626,0.1173817626,0,198698,0,0.0000000000,11.8366146940
4,rr_dec,0.5000000000,0.0500000000,0.4322159799,0.0177840201,150.0000000000,0.1000000000,1000,1.0000000000,10000.0000000000,3.0000000000,0.5000000000,879102,879102,32950647,32950647,28573130.5035671145,0.1328506993,0.1328506993,0,198419,0,0.0000000000,11.8133371930
0,rr_dec,0.5000000000,0.0500000000,0.4323153122,0.0176846878,150.0000000000,0.1300000000,1300,1.0000000000,10000.0000000000,3.0000000000,0.5000000000,879102,879102,32950647,32950647,31541394.2727790587,0.0427685905,0.0427685905,0,334766,0,0.0000000000,11.7952783930
1,rr_dec,0.5000000000,0.0500000000,0.4320397781,0.0179602219,150.0000000000,0.1300000000,1300,1.0000000000,10000.0000000000,3.0000000000,0.5000000000,879102,879102,32950647,32950647,28237571.6799079329,0.1430343787,0.1430343787,0,335990,0,0.0000000000,11.6536029900
2,rr_dec,0.5000000000,0.0500000000,0.4321285593,0.0178714407,150.0000000000,0.1300000000,1300,1.0000000000,10000.0000000000,3.0000000000,0.5000000000,879102,879102,32950647,32950647,24623995.2712059654,0.2527007051,0.2527007051,0,334992,0,0.0000000000,11.6480825900
3,rr_dec,0.5000000000,0.0500000000,0.4320824081,0.0179175919,150.0000000000,0.1300000000,1300,1.0000000000,10000.0000000000,3.0000000000,0.5000000000,879102,879102,32950647,32950647,35538204.7867431715,0.0785282846,0.0785282846,0,335845,0,0.0000000000,11.3516136860
4,rr_dec,0.5000000000,0.0500000000,0.4322159799,0.0177840201,150.0000000000,0.1300000000,1300,1.0000000000,10000.0000000000,3.0000000000,0.5000000000,879102,879102,32950647,32950647,29772128.8965922333,0.0964629952,0.0964629952,0,335387,0,0.0000000000,11.2543489840
0,rr_dec,0.5000000000,0.0500000000,0.4323153122,0.0176846878,150.0000000000,0.1500000000,1500,1.0000000000,10000.0000000000,3.0000000000,0.5000000000,879102,879102,32950647,32950647,25735299.6590717472,0.2189743753,0.2189743753,0,446203,0,0.0000000000,11.2545878840
1,rr_dec,0.5000000000,0.0500000000,0.4320397781,0.0179602219,150.0000000000,0.1500000000,1500,1.0000000000,10000.0000000000,3.0000000000,0.5000000000,879102,879102,32950647,32950647,18983329.4989726581,0.4238859862,0.4238859862,0,446861,0,0.0000000000,11.2577982840
2,rr_dec,0.5000000000,0.0500000000,0.4321285593,0.0178714407,150.0000000000,0.1500000000,1500,1.0000000000,10000.0000000000,3.0000000000,0.5000000000,879102,879102,32950647,32950647,26614370.2084158920,0.1922959750,0.1922959750,0,445854,0,0.0000000000,11.2561770840
3,rr_dec,0.5000000000,0.0500000000,0.4320824081,0.0179175919,150.0000000000,0.1500000000,1500,1.0000000000,10000.0000000000,3.0000000000,0.5000000000,879102,879102,32950647,32950647,25311800.6092779078,0.2318269013,0.2318269013,0,446418,0,0.0000000000,11.3553830850
4,rr_dec,0.5000000000,0.0500000000,0.4322159799,0.0177840201,150.0000000000,0.1500000000,1500,1.0000000000,10000.0000000000,3.0000000000,0.5000000000,879102,879102,32950647,32950647,25871420.5882421844,0.2148433204,0.2148433204,0,446948,0,0.0000000000,11.3041846840
0,rr_dec,0.5000000000,0.0500000000,0.4323153122,0.0176846878,150.0000000000,0.1800000000,1800,1.0000000000,10000.0000000000,3.0000000000,0.5000000000,879102,879102,32950647,32950647,24251135.2717268057,0.2640164161,0.2640164161,0,642474,0,0.0000000000,11.0317763800
1,rr_dec,0.5000000000,0.0500000000,0.4320397781,0.0179602219,150.0000000000,0.1800000000,1800,1.0000000000,10000.0000000000,3.0000000000,0.5000000000,879102,879102,32950647,32950647,19462565.7915067188,0.4093419230,0.4093419230,0,643558,0,0.0000000000,11.2105798830
2,rr_dec,0.5000000000,0.0500000000,0.4321285593,0.0178714407,150.0000000000,0.1800000000,1800,1.0000000000,10000.0000000000,3.0000000000,0.5000000000,879102,879102,32950647,32950647,26168121.2902754396,0.2058389236,0.2058389236,0,643297,0,0.0000000000,11.3577369860
3,rr_dec,0.5000000000,0.0500000000,0.4320824081,0.0179175919,150.0000000000,0.1800000000,1800,1.0000000000,10000.0000000000,3.0000000000,0.5000000000,879102,879102,32950647,32950647,22124901.8450547718,0.3285442363,0.3285442363,0,643599,0,0.0000000000,11.1805816820
4,rr_dec,0.5000000000,0.0500000000,0.4322159799,0.0177840201,150.0000000000,0.1800000000,1800,1.0000000000,10000.0000000000,3.0000000000,0.5000000000,879102,879102,32950647,32950647,24959506.1412919164,0.2425184810,0.2425184810,0,643494,0,0.0000000000,11.4945213890
0,rr_dec,0.5000000000,0.0500000000,0.4323153122,0.0176846878,150.0000000000,0.2000000000,2000,1.0000000000,10000.0000000000,3.0000000000,0.5000000000,879102,879102,32950647,32950647,22957271.3007682562,0.3032831404,0.3032831404,0,793720,0,0.0000000000,10.8507055770
1,rr_dec,0.5000000000,0.0500000000,0.4320397781,0.0179602219,150.0000000000,0.2000000000,2000,1.0000000000,10000.0000000000,3.0000000000,0.5000000000,879102,879102,32950647,32950647,16005437.8423636705,0.5142602862,0.5142602862,0,794476,0,0.0000000000,10.9715118790
2,rr_dec,0.5000000000,0.0500000000,0.4321285593,0.0178714407,150.0000000000,0.2000000000,2000,1.0000000000,10000.0000000000,3.0000000000,0.5000000000,879102,879102,32950647,32950647,19313289.6784039177,0.4138722169,0.4138722169,0,794320,0,0.0000000000,11.0779129810
3,rr_dec,0.5000000000,0.0500000000,0.4320824081,0.0179175919,150.0000000000,0.2000000000,2000,1.0000000000,10000.0000000000,3.0000000000,0.5000000000,879102,879102,32950647,32950647,21966600.2089484073,0.3333484405,0.3333484405,0,794203,0,0.0000000000,11.2691303850
4,rr_dec,0.5000000000,0.0500000000,0.4322159799,0.0177840201,150.0000000000,0.2000000000,2000,1.0000000000,10000.0000000000,3.0000000000,0.5000000000,879102,879102,32950647,32950647,16876305.8794320002,0.4878308192,0.4878308192,0,794323,0,0.0000000000,10.6303244740
0,lap_fixed_inc,0.5000000000,0.0500000000,0.4323153122,0.0176846878,150.0000000000,0.0300000000,300,1.0000000000,10000.0000000000,3.0000000000,0.5000000000,879102,879102,32950647,32950647,34855273.2942060009,0.0578023944,0.0578023944,0,0,300,3000000.0000000000,11.6129320890
1,lap_fixed_inc,0.5000000000,0.0500000000,0.4320397781,0.0179602219,150.0000000000,0.0300000000,300,1.0000000000,10000.0000000000,3.0000000000,0.5000000000,879102,879102,32950647,32950647,24908651.5517741591,0.2440618373,0.2440618373,0,0,300,3000000.0000000000,11.6217124900
2,lap_fixed_inc,0.5000000000,0.0500000000,0.4321285593,0.0178714407,150.0000000000,0.0300000000,300,1.0000000000,10000.0000000000,3.0000000000,0.5000000000,879102,879102,32950647,32950647,36262232.2841642946,0.1005013736,0.1005013736,0,0,300,3000000.0000000000,11.7081884920
3,lap_fixed_inc,0.5000000000,0.0500000000,0.4320824081,0.0179175919,150.0000000000,0.0300000000,300,1.0000000000,10000.0000000000,3.0000000000,0.5000000000,879102,879102,32950647,32950647,30767933.6975049190,0.0662418951,0.0662418951,0,0,300,3000000.0000000000,11.5742522890
4,lap_fixed_inc,0.5000000000,0.0500000000,0.4322159799,0.0177840201,150.0000000000,0.0300000000,300,1.0000000000,10000.0000000000,3.0000000000,0.5000000000,879102,879102,32950647,32950647,31630521.0693564229,0.0400637332,0.0400637332,0,0,300,3000000.0000000000,11.3137773850
0,lap_fixed_inc,0.5000000000,0.0500000000,0.4323153122,0.0176846878,150.0000000000,0.0500000000,500,1.0000000000,10000.0000000000,3.0000000000,0.5000000000,879102,879102,32950647,32950647,35792671.7966844067,0.0862509558,0.0862509558,0,0,500,5000000.0000000000,11.4022923860
1,lap_fixed_inc,0.5000000000,0.0500000000,0.4320397781,0.0179602219,150.0000000000,0.0500000000,500,1.0000000000,10000.0000000000,3.0000000000,0.5000000000,879102,879102,32950647,32950647,28621631.3268748820,0.1313787761,0.1313787761,0,0,500,5000000.0000000000,11.2820799850
2,lap_fixed_inc,0.5000000000,0.0500000000,0.4321285593,0.0178714407,150.0000000000,0.0500000000,500,1.0000000000,10000.0000000000,3.0000000000,0.5000000000,879102,879102,32950647,32950647,37440137.3565256819,0.1362489288,0.1362489288,0,0,500,5000000.0000000000,11.4690362870
3,lap_fixed_inc,0.5000000000,0.0500000000,0.4320824081,0.0179175919,150.0000000000,0.0500000000,500,1.0000000000,10000.0000000000,3.0000000000,0.5000000000,879102,879102,32950647,32950647,28417509.4714768492,0.1375735514,0.1375735514,0,0,500,5000000.0000000000,11.6789370910
4,lap_fixed_inc,0.5000000000,0.0500000000,0.4322159799,0.0177840201,150.0000000000,0.0500000000,500,1.0000000000,10000.0000000000,3.0000000000,0.5000000000,879102,879102,32950647,32950647,33479511.1416304745,0.0160501899,0.0160501899,0,0,500,5000000.0000000000,11.4288364870
0,lap_fixed_inc,0.5000000000,0.0500000000,0.4323153122,0.0176846878,150.0000000000,0.0800000000,800,1.0000000000,10000.0000000000,3.0000000000,0.5000000000,879102,879102,32950647,32950647,36958231.7033181041,0.1216238547,0.1216238547,0,0,800,8000000.0000000000,11.1919243830
1,lap_fixed_inc,0.5000000000,0.0500000000,0.4320397781,0.0179602219,150.0000000000,0.0800000000,800,1.0000000000,10000.0000000000,3.0000000000,0.5000000000,879102,879102,32950647,32950647,29007141.1908351593,0.1196791617,0.1196791617,0,0,800,8000000.0000000000,11.2216840840
2,lap_fixed_inc,0.5000000000,0.0500000000,0.4321285593,0.0178714407,150.0000000000,0.0800000000,800,1.0000000000,10000.0000000000,3.0000000000,0.5000000000,879102,879102,32950647,32950647,38136890.0002236590,0.1573942691,0.1573942691,0,0,800,8000000.0000000000,11.3891913860
3,lap_fixed_inc,0.5000000000,0.0500000000,0.4320824081,0.0179175919,150.0000000000,0.0800000000,800,1.0000000000,10000.0000000000,3.0000000000,0.5000000000,879102,879102,32950647,32950647,31895693.9100880809,0.0320161571,0.0320161571,0,0,800,8000000.0000000000,11.5590583890
4,lap_fixed_inc,0.5000000000,0.0500000000,0.4322159799,0.0177840201,150.0000000000,0.0800000000,800,1.0000000000,10000.0000000000,3.0000000000,0.5000000000,879102,879102,32950647,32950647,35644528.4288406000,0.0817550389,0.0817550389,0,0,800,8000000.0000000000,11.3523383850
0,lap_fixed_inc,0.5000000000,0.0500000000,0.4323153122,0.0176846878,150.0000000000,0.1000000000,1000,1.0000000000,10000.0000000000,3.0000000000,0.5000000000,879102,879102,32950647,32950647,38217766.6260725930,0.1598487467,0.1598487467,0,0,1000,10000000.0000000000,11.0392910800
1,lap_fixed_inc,0.5000000000,0.0500000000,0.4320397781,0.0179602219,150.0000000000,0.1000000000,1000,1.0000000000,10000.0000000000,3.0000000000,0.5000000000,879102,879102,32950647,32950647,29315992.4530282132,0.1103060145,0.1103060145,0,0,1000,10000000.0000000000,11.4782679880
2,lap_fixed_inc,0.5000000000,0.0500000000,0.4321285593,0.0178714407,150.0000000000,0.1000000000,1000,1.0000000000,10000.0000000000,3.0000000000,0.5000000000,879102,879102,32950647,32950647,37886806.8738270551,0.1498046419,0.1498046419,0,0,1000,10000000.0000000000,11.3593963860
3,lap_fixed_inc,0.5000000000,0.0500000000,0.4320824081,0.0179175919,150.0000000000,0.1000000000,1000,1.0000000000,10000.0000000000,3.0000000000,0.5000000000,879102,879102,32950647,32950647,33660940.2072368935,0.0215562750,0.0215562750,0,0,1000,10000000.0000000000,11.5712483900
4,lap_fixed_inc,0.5000000000,0.0500000000,0.4322159799,0.0177840201,150.0000000000,0.1000000000,1000,1.0000000000,10000.0000000000,3.0000000000,0.5000000000,879102,879102,32950647,32950647,35874026.9004659653,0.0887199544,0.0887199544,0,0,1000,10000000.0000000000,11.3688030860
0,lap_fixed_inc,0.5000000000,0.0500000000,0.4323153122,0.0176846878,150.0000000000,0.1300000000,1300,1.0000000000,10000.0000000000,3.0000000000,0.5000000000,879102,879102,32950647,32950647,36919279.1296124905,0.1204417057,0.1204417057,0,0,1300,13000000.0000000000,10.9219391780
1,lap_fixed_inc,0.5000000000,0.0500000000,0.4320397781,0.0179602219,150.0000000000,0.1300000000,1300,1.0000000000,10000.0000000000,3.0000000000,0.5000000000,879102,879102,32950647,32950647,32500345.8727888763,0.0136659267,0.0136659267,0,0,1300,13000000.0000000000,11.2610887850
2,lap_fixed_inc,0.5000000000,0.0500000000,0.4321285593,0.0178714407,150.0000000000,0.1300000000,1300,1.0000000000,10000.0000000000,3.0000000000,0.5000000000,879102,879102,32950647,32950647,41327190.2014814541,0.2542148323,0.2542148323,0,0,1300,13000000.0000000000,11.6122649900
3,lap_fixed_inc,0.5000000000,0.0500000000,0.4320824081,0.0179175919,150.0000000000,0.1300000000,1300,1.0000000000,10000.0000000000,3.0000000000,0.5000000000,879102,879102,32950647,32950647,31962497.3457176425,0.0299887785,0.0299887785,0,0,1300,13000000.0000000000,11.7602314920
4,lap_fixed_inc,0.5000000000,0.0500000000,0.4322159799,0.0177840201,150.0000000000,0.1300000000,1300,1.0000000000,10000.0000000000,3.0000000000,0.5000000000,879102,879102,32950647,32950647,35013693.8364682570,0.0626102072,0.0626102072,0,0,1300,13000000.0000000000,11.2415137840
0,lap_fixed_inc,0.5000000000,0.0500000000,0.4323153122,0.0176846878,150.0000000000,0.1500000000,1500,1.0000000000,10000.0000000000,3.0000000000,0.5000000000,879102,879102,32950647,32950647,40289034.3145815060,0.2227084438,0.2227084438,0,0,1500,15000000.0000000000,11.7013625910
1,lap_fixed_inc,0.5000000000,0.0500000000,0.4320397781,0.0179602219,150.0000000000,0.1500000000,1500,1.0000000000,10000.0000000000,3.0000000000,0.5000000000,879102,879102,32950647,32950647,34702009.3736980632,0.0531510769,0.0531510769,0,0,1500,15000000.0000000000,11.7994582930
2,lap_fixed_inc,0.5000000000,0.0500000000,0.4321285593,0.0178714407,150.0000000000,0.1500000000,1500,1.0000000000,10000.0000000000,3.0000000000,0.5000000000,879102,879102,32950647,32950647,36366999.0292779207,0.1036808785,0.1036808785,0,0,1500,15000000.0000000000,11.7002202920
3,lap_fixed_inc,0.5000000000,0.0500000000,0.4320824081,0.0179175919,150.0000000000,0.1500000000,1500,1.0000000000,10000.0000000000,3.0000000000,0.5000000000,879102,879102,32950647,32950647,36718609.8632265851,0.1143517110,0.1143517110,0,0,1500,15000000.0000000000,11.6263798910
4,lap_fixed_inc,0.5000000000,0.0500000000,0.4322159799,0.0177840201,150.0000000000,0.1500000000,1500,1.0000000000,10000.0000000000,3.0000000000,0.5000000000,879102,879102,32950647,32950647,37384683.7199245244,0.1345659987,0.1345659987,0,0,1500,15000000.0000000000,11.1609506830
0,lap_fixed_inc,0.5000000000,0.0500000000,0.4323153122,0.0176846878,150.0000000000,0.1800000000,1800,1.0000000000,10000.0000000000,3.0000000000,0.5000000000,879102,879102,32950647,32950647,41660511.7024630159,0.2643306125,0.2643306125,0,0,1800,18000000.0000000000,11.8723477940
1,lap_fixed_inc,0.5000000000,0.0500000000,0.4320397781,0.0179602219,150.0000000000,0.1800000000,1800,1.0000000000,10000.0000000000,3.0000000000,0.5000000000,879102,879102,32950647,32950647,32696854.1359966435,0.0077022119,0.0077022119,0,0,1800,18000000.0000000000,11.8491702930
2,lap_fixed_inc,0.5000000000,0.0500000000,0.4321285593,0.0178714407,150.0000000000,0.1800000000,1800,1.0000000000,10000.0000000000,3.0000000000,0.5000000000,879102,879102,32950647,32950647,40949007.8517576978,0.2427375964,0.2427375964,0,0,1800,18000000.0000000000,11.5407040890
3,lap_fixed_inc,0.5000000000,0.0500000000,0.4320824081,0.0179175919,150.0000000000,0.1800000000,1800,1.0000000000,10000.0000000000,3.0000000000,0.5000000000,879102,879102,32950647,32950647,32297378.4148097895,0.0198256679,0.0198256679,0,0,1800,18000000.0000000000,11.6406848900
4,lap_fixed_inc,0.5000000000,0.0500000000,0.4322159799,0.0177840201,150.0000000000,0.1800000000,1800,1.0000000000,10000.0000000000,3.0000000000,0.5000000000,879102,879102,32950647,32950647,40047616.1714611426,0.2153817851,0.2153817851,0,0,1800,18000000.0000000000,11.1709528830
0,lap_fixed_inc,0.5000000000,0.0500000000,0.4323153122,0.0176846878,150.0000000000,0.2000000000,2000,1.0000000000,10000.0000000000,3.0000000000,0.5000000000,879102,879102,32950647,32950647,37917830.8678433746,0.1507461710,0.1507461710,0,0,2000,20000000.0000000000,11.0116075800
1,lap_fixed_inc,0.5000000000,0.0500000000,0.4320397781,0.0179602219,150.0000000000,0.2000000000,2000,1.0000000000,10000.0000000000,3.0000000000,0.5000000000,879102,879102,32950647,32950647,28066975.7446206510,0.1482116954,0.1482116954,0,0,2000,20000000.0000000000,10.9802925800
2,lap_fixed_inc,0.5000000000,0.0500000000,0.4321285593,0.0178714407,150.0000000000,0.2000000000,2000,1.0000000000,10000.0000000000,3.0000000000,0.5000000000,879102,879102,32950647,32950647,43558114.0293736681,0.3219198406,0.3219198406,0,0,2000,20000000.0000000000,11.1575275820
3,lap_fixed_inc,0.5000000000,0.0500000000,0.4320824081,0.0179175919,150.0000000000,0.2000000000,2000,1.0000000000,10000.0000000000,3.0000000000,0.5000000000,879102,879102,32950647,32950647,32780328.3890462704,0.0051689004,0.0051689004,0,0,2000,20000000.0000000000,11.7211471910
4,lap_fixed_inc,0.5000000000,0.0500000000,0.4322159799,0.0177840201,150.0000000000,0.2000000000,2000,1.0000000000,10000.0000000000,3.0000000000,0.5000000000,879102,879102,32950647,32950647,40747232.2482865825,0.2366140261,0.2366140261,0,0,2000,20000000.0000000000,11.8705386940
0,lap_fixed_dec,0.5000000000,0.0500000000,0.4323153122,0.0176846878,150.0000000000,0.0300000000,300,1.0000000000,10000.0000000000,3.0000000000,0.5000000000,879102,879102,32950647,32950647,32855273.2942059748,0.0028944411,0.0028944411,0,0,300,-3000000.0000000000,10.7187254750
1,lap_fixed_dec,0.5000000000,0.0500000000,0.4320397781,0.0179602219,150.0000000000,0.0300000000,300,1.0000000000,10000.0000000000,3.0000000000,0.5000000000,879102,879102,32950647,32950647,22908651.5517742075,0.3047586728,0.3047586728,0,0,300,-3000000.0000000000,11.0926150810
2,lap_fixed_dec,0.5000000000,0.0500000000,0.4321285593,0.0178714407,150.0000000000,0.0300000000,300,1.0000000000,10000.0000000000,3.0000000000,0.5000000000,879102,879102,32950647,32950647,34262232.2841642946,0.0398045381,0.0398045381,0,0,300,-3000000.0000000000,11.2785820850
3,lap_fixed_dec,0.5000000000,0.0500000000,0.4320824081,0.0179175919,150.0000000000,0.0300000000,300,1.0000000000,10000.0000000000,3.0000000000,0.5000000000,879102,879102,32950647,32950647,28767933.6975049376,0.1269387306,0.1269387306,0,0,300,-3000000.0000000000,11.2956940840
4,lap_fixed_dec,0.5000000000,0.0500000000,0.4322159799,0.0177840201,150.0000000000,0.0300000000,300,1.0000000000,10000.0000000000,3.0000000000,0.5000000000,879102,879102,32950647,32950647,29630521.0693564825,0.1007605687,0.1007605687,0,0,300,-3000000.0000000000,11.2144734830
0,lap_fixed_dec,0.5000000000,0.0500000000,0.4323153122,0.0176846878,150.0000000000,0.0500000000,500,1.0000000000,10000.0000000000,3.0000000000,0.5000000000,879102,879102,32950647,32950647,32459338.4633510895,0.0149104367,0.0149104367,0,0,500,-5000000.0000000000,10.9740169800
1,lap_fixed_dec,0.5000000000,0.0500000000,0.4320397781,0.0179602219,150.0000000000,0.0500000000,500,1.0000000000,10000.0000000000,3.0000000000,0.5000000000,879102,879102,32950647,32950647,25288297.9935415573,0.2325401685,0.2325401685,0,0,500,-5000000.0000000000,11.7474254920
2,lap_fixed_dec,0.5000000000,0.0500000000,0.4321285593,0.0178714407,150.0000000000,0.0500000000,500,1.0000000000,10000.0000000000,3.0000000000,0.5000000000,879102,879102,32950647,32950647,34106804.0231923684,0.0350875363,0.0350875363,0,0,500,-5000000.0000000000,11.3519162860
3,lap_fixed_dec,0.5000000000,0.0500000000,0.4320824081,0.0179175919,150.0000000000,0.0500000000,500,1.0000000000,10000.0000000000,3.0000000000,0.5000000000,879102,879102,32950647,32950647,25084176.1381435245,0.2387349439,0.2387349439,0,0,500,-5000000.0000000000,11.2014694830
4,lap_fixed_dec,0.5000000000,0.0500000000,0.4322159799,0.0177840201,150.0000000000,0.0500000000,500,1.0000000000,10000.0000000000,3.0000000000,0.5000000000,879102,879102,32950647,32950647,30146177.8082971126,0.0851112026,0.0851112026,0,0,500,-5000000.0000000000,10.8696085780
0,lap_fixed_dec,0.5000000000,0.0500000000,0.4323153122,0.0176846878,150.0000000000,0.0800000000,800,1.0000000000,10000.0000000000,3.0000000000,0.5000000000,879102,879102,32950647,32950647,31624898.3699846715,0.0402343732,0.0402343732,0,0,800,-8000000.0000000000,10.6717439750
1,lap_fixed_dec,0.5000000000,0.0500000000,0.4320397781,0.0179602219,150.0000000000,0.0800000000,800,1.0000000000,10000.0000000000,3.0000000000,0.5000000000,879102,879102,32950647,32950647,23673807.8575018644,0.2815373896,0.2815373896,0,0,800,-8000000.0000000000,11.0722282810
2,lap_fixed_dec,0.5000000000,0.0500000000,0.4321285593,0.0178714407,150.0000000000,0.0800000000,800,1.0000000000,10000.0000000000,3.0000000000,0.5000000000,879102,879102,32950647,32950647,32803556.6668903343,0.0044639589,0.0044639589,0,0,800,-8000000.0000000000,11.2249169830
3,lap_fixed_dec,0.5000000000,0.0500000000,0.4320824081,0.0179175919,150.0000000000,0.0800000000,800,1.0000000000,10000.0000000000,3.0000000000,0.5000000000,879102,879102,32950647,32950647,26562360.5767546408,0.1938743850,0.1938743850,0,0,800,-8000000.0000000000,11.0399378800
4,lap_fixed_dec,0.5000000000,0.0500000000,0.4322159799,0.0177840201,150.0000000000,0.0800000000,800,1.0000000000,10000.0000000000,3.0000000000,0.5000000000,879102,879102,32950647,32950647,30311195.0955072306,0.0801031890,0.0801031890,0,0,800,-8000000.0000000000,11.1893693830
0,lap_fixed_dec,0.5000000000,0.0500000000,0.4323153122,0.0176846878,150.0000000000,0.1000000000,1000,1.0000000000,10000.0000000000,3.0000000000,0.5000000000,879102,879102,32950647,32950647,31551099.9594059139,0.0424740382,0.0424740382,0,0,1000,-10000000.0000000000,11.0714926810
1,lap_fixed_dec,0.5000000000,0.0500000000,0.4320397781,0.0179602219,150.0000000000,0.1000000000,1000,1.0000000000,10000.0000000000,3.0000000000,0.5000000000,879102,879102,32950647,32950647,22649325.7863615118,0.3126287995,0.3126287995,0,0,1000,-10000000.0000000000,11.0626607810
2,lap_fixed_dec,0.5000000000,0.0500000000,0.4321285593,0.0178714407,150.0000000000,0.1000000000,1000,1.0000000000,10000.0000000000,3.0000000000,0.5000000000,879102,879102,32950647,32950647,31220140.2071603090,0.0525181431,0.0525181431,0,0,1000,-10000000.0000000000,10.9973934800
3,lap_fixed_dec,0.5000000000,0.0500000000,0.4320824081,0.0179175919,150.0000000000,0.1000000000,1000,1.0000000000,10000.0000000000,3.0000000000,0.5000000000,879102,879102,32950647,32950647,26994273.5405702852,0.1807665100,0.1807665100,0,0,1000,-10000000.0000000000,10.9915649800
4,lap_fixed_dec,0.5000000000,0.0500000000,0.4322159799,0.0177840201,150.0000000000,0.1000000000,1000,1.0000000000,10000.0000000000,3.0000000000,0.5000000000,879102,879102,32950647,32950647,29207360.2337992899,0.1136028305,0.1136028305,0,0,1000,-10000000.0000000000,11.0736936810
0,lap_fixed_dec,0.5000000000,0.0500000000,0.4323153122,0.0176846878,150.0000000000,0.1300000000,1300,1.0000000000,10000.0000000000,3.0000000000,0.5000000000,879102,879102,32950647,32950647,28252612.4629457444,0.1425779147,0.1425779147,0,0,1300,-13000000.0000000000,11.1377811820
1,lap_fixed_dec,0.5000000000,0.0500000000,0.4320397781,0.0179602219,150.0000000000,0.1300000000,1300,1.0000000000,10000.0000000000,3.0000000000,0.5000000000,879102,879102,32950647,32950647,23833679.2061223090,0.2766855471,0.2766855471,0,0,1300,-13000000.0000000000,11.2057717830
2,lap_fixed_dec,0.5000000000,0.0500000000,0.4321285593,0.0178714407,150.0000000000,0.1300000000,1300,1.0000000000,10000.0000000000,3.0000000000,0.5000000000,879102,879102,32950647,32950647,32660523.5348146744,0.0088047881,0.0088047881,0,0,1300,-13000000.0000000000,11.2351826840
3,lap_fixed_dec,0.5000000000,0.0500000000,0.4320824081,0.0179175919,150.0000000000,0.1300000000,1300,1.0000000000,10000.0000000000,3.0000000000,0.5000000000,879102,879102,32950647,32950647,23295830.6790508963,0.2930083989,0.2930083989,0,0,1300,-13000000.0000000000,11.1122582820
4,lap_fixed_dec,0.5000000000,0.0500000000,0.4322159799,0.0177840201,150.0000000000,0.1300000000,1300,1.0000000000,10000.0000000000,3.0000000000,0.5000000000,879102,879102,32950647,32950647,26347027.1698016860,0.2004094132,0.2004094132,0,0,1300,-13000000.0000000000,11.1399409820
0,lap_fixed_dec,0.5000000000,0.0500000000,0.4323153122,0.0176846878,150.0000000000,0.1500000000,1500,1.0000000000,10000.0000000000,3.0000000000,0.5000000000,879102,879102,32950647,32950647,30289034.3145813979,0.0807757336,0.0807757336,0,0,1500,-15000000.0000000000,11.0312818800
1,lap_fixed_dec,0.5000000000,0.0500000000,0.4320397781,0.0179602219,150.0000000000,0.1500000000,1500,1.0000000000,10000.0000000000,3.0000000000,0.5000000000,879102,879102,32950647,32950647,24702009.3736981042,0.2503331005,0.2503331005,0,0,1500,-15000000.0000000000,11.0573709810
2,lap_fixed_dec,0.5000000000,0.0500000000,0.4321285593,0.0178714407,150.0000000000,0.1500000000,1500,1.0000000000,10000.0000000000,3.0000000000,0.5000000000,879102,879102,32950647,32950647,26366999.0292776711,0.1998032989,0.1998032989,0,0,1500,-15000000.0000000000,11.1020012820
3,lap_fixed_dec,0.5000000000,0.0500000000,0.4320824081,0.0179175919,150.0000000000,0.1500000000,1500,1.0000000000,10000.0000000000,3.0000000000,0.5000000000,879102,879102,32950647,32950647,26718609.8632265963,0.1891324664,0.1891324664,0,0,1500,-15000000.0000000000,11.0095820800
4,lap_fixed_dec,0.5000000000,0.0500000000,0.4322159799,0.0177840201,150.0000000000,0.1500000000,1500,1.0000000000,10000.0000000000,3.0000000000,0.5000000000,879102,879102,32950647,32950647,27384683.7199245729,0.1689181788,0.1689181788,0,0,1500,-15000000.0000000000,11.2769494850
0,lap_fixed_dec,0.5000000000,0.0500000000,0.4323153122,0.0176846878,150.0000000000,0.1800000000,1800,1.0000000000,10000.0000000000,3.0000000000,0.5000000000,879102,879102,32950647,32950647,29660511.7024630569,0.0998504004,0.0998504004,0,0,1800,-18000000.0000000000,11.2311992840
1,lap_fixed_dec,0.5000000000,0.0500000000,0.4320397781,0.0179602219,150.0000000000,0.1800000000,1800,1.0000000000,10000.0000000000,3.0000000000,0.5000000000,879102,879102,32950647,32950647,20696854.1359966584,0.3718832248,0.3718832248,0,0,1800,-18000000.0000000000,10.9635053800
2,lap_fixed_dec,0.5000000000,0.0500000000,0.4321285593,0.0178714407,150.0000000000,0.1800000000,1800,1.0000000000,10000.0000000000,3.0000000000,0.5000000000,879102,879102,32950647,32950647,28949007.8517575376,0.1214434165,0.1214434165,0,0,1800,-18000000.0000000000,10.8976539780
3,lap_fixed_dec,0.5000000000,0.0500000000,0.4320824081,0.0179175919,150.0000000000,0.1800000000,1800,1.0000000000,10000.0000000000,3.0000000000,0.5000000000,879102,879102,32950647,32950647,20297378.4148098491,0.3840066808,0.3840066808,0,0,1800,-18000000.0000000000,10.8494142770
4,lap_fixed_dec,0.5000000000,0.0500000000,0.4322159799,0.0177840201,150.0000000000,0.1800000000,1800,1.0000000000,10000.0000000000,3.0000000000,0.5000000000,879102,879102,32950647,32950647,28047616.1714612059,0.1487992278,0.1487992278,0,0,1800,-18000000.0000000000,11.0158271800
0,lap_fixed_dec,0.5000000000,0.0500000000,0.4323153122,0.0176846878,150.0000000000,0.2000000000,2000,1.0000000000,10000.0000000000,3.0000000000,0.5000000000,879102,879102,32950647,32950647,24584497.5345100313,0.2538993989,0.2538993989,0,0,2000,-20000000.0000000000,11.0460444800
1,lap_fixed_dec,0.5000000000,0.0500000000,0.4320397781,0.0179602219,150.0000000000,0.2000000000,2000,1.0000000000,10000.0000000000,3.0000000000,0.5000000000,879102,879102,32950647,32950647,14733642.4112872090,0.5528572653,0.5528572653,0,0,2000,-20000000.0000000000,10.8388057780
2,lap_fixed_dec,0.5000000000,0.0500000000,0.4321285593,0.0178714407,150.0000000000,0.2000000000,2000,1.0000000000,10000.0000000000,3.0000000000,0.5000000000,879102,879102,32950647,32950647,30224780.6960404515,0.0827257293,0.0827257293,0,0,2000,-20000000.0000000000,11.0757476820
3,lap_fixed_dec,0.5000000000,0.0500000000,0.4320824081,0.0179175919,150.0000000000,0.2000000000,2000,1.0000000000,10000.0000000000,3.0000000000,0.5000000000,879102,879102,32950647,32950647,19446995.0557128899,0.4098144702,0.4098144702,0,0,2000,-20000000.0000000000,11.0675620800
4,lap_fixed_dec,0.5000000000,0.0500000000,0.4322159799,0.0177840201,150.0000000000,0.2000000000,2000,1.0000000000,10000.0000000000,3.0000000000,0.5000000000,879102,879102,32950647,32950647,27413898.9149529934,0.1680315438,0.1680315438,0,0,2000,-20000000.0000000000,11.2341283830
0,lap_scale_inc,0.5000000000,0.0500000000,0.4323153122,0.0176846878,150.0000000000,0.0300000000,300,1.0000000000,10000.0000000000,3.0000000000,0.5000000000,879102,879102,32950647,32950647,50986087.7561514005,0.5473470902,0.5473470902,0,0,300,51392443.3858361021,11.0747535810
1,lap_scale_inc,0.5000000000,0.0500000000,0.4320397781,0.0179602219,150.0000000000,0.0300000000,300,1.0000000000,10000.0000000000,3.0000000000,0.5000000000,879102,879102,32950647,32950647,39643228.5827675909,0.2031092616,0.2031092616,0,0,300,47203731.0929805040,11.0183770800
2,lap_scale_inc,0.5000000000,0.0500000000,0.4321285593,0.0178714407,150.0000000000,0.0300000000,300,1.0000000000,10000.0000000000,3.0000000000,0.5000000000,879102,879102,32950647,32950647,51118851.1275898814,0.5513762485,0.5513762485,0,0,300,47569856.5302756801,11.0491576810
3,lap_scale_inc,0.5000000000,0.0500000000,0.4320824081,0.0179175919,150.0000000000,0.0300000000,300,1.0000000000,10000.0000000000,3.0000000000,0.5000000000,879102,879102,32950647,32950647,46369652.2520275936,0.4072455771,0.4072455771,0,0,300,49805155.6635676548,11.0939768820
4,lap_scale_inc,0.5000000000,0.0500000000,0.4322159799,0.0177840201,150.0000000000,0.0300000000,300,1.0000000000,10000.0000000000,3.0000000000,0.5000000000,879102,879102,32950647,32950647,47007155.9307389930,0.4265928050,0.4265928050,0,0,300,49129904.5841483250,11.1276168820
0,lap_scale_inc,0.5000000000,0.0500000000,0.4323153122,0.0176846878,150.0000000000,0.0500000000,500,1.0000000000,10000.0000000000,3.0000000000,0.5000000000,879102,879102,32950647,32950647,61412524.5355073735,0.8637729491,0.8637729491,0,0,500,81859558.2164698988,11.1354040820
1,lap_scale_inc,0.5000000000,0.0500000000,0.4320397781,0.0179602219,150.0000000000,0.0500000000,500,1.0000000000,10000.0000000000,3.0000000000,0.5000000000,879102,879102,32950647,32950647,53576704.6662185863,0.6259682144,0.6259682144,0,0,500,79865220.0180304945,11.0091610800
2,lap_scale_inc,0.5000000000,0.0500000000,0.4321285593,0.0178714407,150.0000000000,0.0500000000,500,1.0000000000,10000.0000000000,3.0000000000,0.5000000000,879102,879102,32950647,32950647,62078068.3866194561,0.8839711520,0.8839711520,0,0,500,78913793.0902813524,11.0008992800
3,lap_scale_inc,0.5000000000,0.0500000000,0.4320824081,0.0179175919,150.0000000000,0.0500000000,500,1.0000000000,10000.0000000000,3.0000000000,0.5000000000,879102,879102,32950647,32950647,53225685.7073156908,0.6153153444,0.6153153444,0,0,500,79424528.7075174898,11.0024459800
4,lap_scale_inc,0.5000000000,0.0500000000,0.4322159799,0.0177840201,150.0000000000,0.0500000000,500,1.0000000000,10000.0000000000,3.0000000000,0.5000000000,879102,879102,32950647,32950647,58918409.0437583104,0.7880804903,0.7880804903,0,0,500,81316693.7063836753,10.9815004790
0,lap_scale_inc,0.5000000000,0.0500000000,0.4323153122,0.0176846878,150.0000000000,0.0800000000,800,1.0000000000,10000.0000000000,3.0000000000,0.5000000000,879102,879102,32950647,32950647,76996059.9174905866,1.3367085908,1.3367085908,0,0,800,128113484.6425175369,10.9101489780
1,lap_scale_inc,0.5000000000,0.0500000000,0.4320397781,0.0179602219,150.0000000000,0.0800000000,800,1.0000000000,10000.0000000000,3.0000000000,0.5000000000,879102,879102,32950647,32950647,68336262.0882423967,1.0738974287,1.0738974287,0,0,800,125987362.6922216266,10.9629550790
2,lap_scale_inc,0.5000000000,0.0500000000,0.4321285593,0.0178714407,150.0000000000,0.0800000000,800,1.0000000000,10000.0000000000,3.0000000000,0.5000000000,879102,879102,32950647,32950647,76615176.0566983819,1.3251493683,1.3251493683,0,0,800,123434858.1694246978,10.8620828780
3,lap_scale_inc,0.5000000000,0.0500000000,0.4320824081,0.0179175919,150.0000000000,0.0800000000,800,1.0000000000,10000.0000000000,3.0000000000,0.5000000000,879102,879102,32950647,32950647,70712435.8335304409,1.1460105422,1.1460105422,0,0,800,124450225.7703267336,10.8526614770
4,lap_scale_inc,0.5000000000,0.0500000000,0.4322159799,0.0177840201,150.0000000000,0.0800000000,800,1.0000000000,10000.0000000000,3.0000000000,0.5000000000,879102,879102,32950647,32950647,75869522.1553012282,1.3025199522,1.3025199522,0,0,800,128674981.1793813556,10.9241515790
0,lap_scale_inc,0.5000000000,0.0500000000,0.4323153122,0.0176846878,150.0000000000,0.1000000000,1000,1.0000000000,10000.0000000000,3.0000000000,0.5000000000,879102,879102,32950647,32950647,87879592.7332627028,1.6670065912,1.6670065912,0,0,1000,158985478.3215707839,10.9250803790
1,lap_scale_inc,0.5000000000,0.0500000000,0.4320397781,0.0179602219,150.0000000000,0.1000000000,1000,1.0000000000,10000.0000000000,3.0000000000,0.5000000000,879102,879102,32950647,32950647,78671022.1063285768,1.3875410430,1.3875410430,0,0,1000,158065088.9599012434,10.8483435770
2,lap_scale_inc,0.5000000000,0.0500000000,0.4321285593,0.0178714407,150.0000000000,0.1000000000,1000,1.0000000000,10000.0000000000,3.0000000000,0.5000000000,879102,879102,32950647,32950647,86350701.8193078935,1.6206071711,1.6206071711,0,0,1000,155391684.8364432752,10.9248828780
3,lap_scale_inc,0.5000000000,0.0500000000,0.4320824081,0.0179175919,150.0000000000,0.1000000000,1000,1.0000000000,10000.0000000000,3.0000000000,0.5000000000,879102,879102,32950647,32950647,81523435.1087012142,1.4741072644,1.4741072644,0,0,1000,153587484.7043932080,10.9470169790
4,lap_scale_inc,0.5000000000,0.0500000000,0.4322159799,0.0177840201,150.0000000000,0.1000000000,1000,1.0000000000,10000.0000000000,3.0000000000,0.5000000000,879102,879102,32950647,32950647,85591583.3313933164,1.5975691261,1.5975691261,0,0,1000,159152669.2927827537,11.0707809810
0,lap_scale_inc,0.5000000000,0.0500000000,0.4323153122,0.0176846878,150.0000000000,0.1300000000,1300,1.0000000000,10000.0000000000,3.0000000000,0.5000000000,879102,879102,32950647,32950647,101548969.3387856036,2.0818505427,2.0818505427,0,0,1300,206889070.6275177598,10.9393295790
1,lap_scale_inc,0.5000000000,0.0500000000,0.4320397781,0.0179602219,150.0000000000,0.1300000000,1300,1.0000000000,10000.0000000000,3.0000000000,0.5000000000,879102,879102,32950647,32950647,96892859.8973263055,1.9405449883,1.9405449883,0,0,1300,206177542.0736119747,10.9889375790
2,lap_scale_inc,0.5000000000,0.0500000000,0.4321285593,0.0178714407,150.0000000000,0.1300000000,1300,1.0000000000,10000.0000000000,3.0000000000,0.5000000000,879102,879102,32950647,32950647,104094770.8002289385,2.1591115889,2.1591115889,0,0,1300,201302741.7962436378,10.8871124780
3,lap_scale_inc,0.5000000000,0.0500000000,0.4320824081,0.0179175919,150.0000000000,0.1300000000,1300,1.0000000000,10000.0000000000,3.0000000000,0.5000000000,879102,879102,32950647,32950647,94463818.5701816678,1.8668274274,1.8668274274,0,0,1300,200503963.6733916998,10.9502000790
4,lap_scale_inc,0.5000000000,0.0500000000,0.4322159799,0.0177840201,150.0000000000,0.1300000000,1300,1.0000000000,10000.0000000000,3.0000000000,0.5000000000,879102,879102,32950647,32950647,99565347.3041500896,2.0216507525,2.0216507525,0,0,1300,206654960.4030461609,11.0093349800
0,lap_scale_inc,0.5000000000,0.0500000000,0.4323153122,0.0176846878,150.0000000000,0.1500000000,1500,1.0000000000,10000.0000000000,3.0000000000,0.5000000000,879102,879102,32950647,32950647,114689622.8187474012,2.4806485839,2.4806485839,0,0,1500,238201765.5124994218,10.8285755770
1,lap_scale_inc,0.5000000000,0.0500000000,0.4320397781,0.0179602219,150.0000000000,0.1500000000,1500,1.0000000000,10000.0000000000,3.0000000000,0.5000000000,879102,879102,32950647,32950647,108801295.8605564684,2.3019471776,2.3019471776,0,0,1500,237297859.4605745375,10.9906834800
2,lap_scale_inc,0.5000000000,0.0500000000,0.4321285593,0.0178714407,150.0000000000,0.1500000000,1500,1.0000000000,10000.0000000000,3.0000000000,0.5000000000,879102,879102,32950647,32950647,108722058.8094469905,2.2995424584,2.2995424584,0,0,1500,232065179.3405075967,10.8652545770
3,lap_scale_inc,0.5000000000,0.0500000000,0.4320824081,0.0179175919,150.0000000000,0.1500000000,1500,1.0000000000,10000.0000000000,3.0000000000,0.5000000000,879102,879102,32950647,32950647,108471891.8433762789,2.2919502868,2.2919502868,0,0,1500,230259845.9404493272,11.1324272820
4,lap_scale_inc,0.5000000000,0.0500000000,0.4322159799,0.0177840201,150.0000000000,0.1500000000,1500,1.0000000000,10000.0000000000,3.0000000000,0.5000000000,879102,879102,32950647,32950647,112735986.6176333427,2.4213588163,2.4213588163,0,0,1500,241053908.6931269765,10.9156054780
0,lap_scale_inc,0.5000000000,0.0500000000,0.4323153122,0.0176846878,150.0000000000,0.1800000000,1800,1.0000000000,10000.0000000000,3.0000000000,0.5000000000,879102,879102,32950647,32950647,130861899.8701106459,2.9714516037,2.9714516037,0,0,1800,285604164.5029448271,10.6664886740
1,lap_scale_inc,0.5000000000,0.0500000000,0.4320397781,0.0179602219,150.0000000000,0.1800000000,1800,1.0000000000,10000.0000000000,3.0000000000,0.5000000000,879102,879102,32950647,32950647,120376711.9799630493,2.6532427415,2.6532427415,0,0,1800,281039573.5318992138,10.7796071770
2,lap_scale_inc,0.5000000000,0.0500000000,0.4321285593,0.0178714407,150.0000000000,0.1800000000,1800,1.0000000000,10000.0000000000,3.0000000000,0.5000000000,879102,879102,32950647,32950647,128598512.3102218658,2.9027613725,2.9027613725,0,0,1800,280948513.3753943443,10.8953754780
3,lap_scale_inc,0.5000000000,0.0500000000,0.4320824081,0.0179175919,150.0000000000,0.1800000000,1800,1.0000000000,10000.0000000000,3.0000000000,0.5000000000,879102,879102,32950647,32950647,119074401.5237729698,2.6137196797,2.6137196797,0,0,1800,278331069.3268890381,10.9814535800
4,lap_scale_inc,0.5000000000,0.0500000000,0.4322159799,0.0177840201,150.0000000000,0.1800000000,1800,1.0000000000,10000.0000000000,3.0000000000,0.5000000000,879102,879102,32950647,32950647,129655924.5322454572,2.9348521603,2.9348521603,0,0,1800,286824925.0823521018,11.2768837850
0,lap_scale_inc,0.5000000000,0.0500000000,0.4323153122,0.0176846878,150.0000000000,0.2000000000,2000,1.0000000000,10000.0000000000,3.0000000000,0.5000000000,879102,879102,32950647,32950647,136971870.9396080077,3.1568795581,3.1568795581,0,0,2000,317162120.2152918577,11.0758406810
1,lap_scale_inc,0.5000000000,0.0500000000,0.4320397781,0.0179602219,150.0000000000,0.2000000000,2000,1.0000000000,10000.0000000000,3.0000000000,0.5000000000,879102,879102,32950647,32950647,125205961.1973531097,2.7998028141,2.7998028141,0,0,2000,311416956.3581953645,11.0425082800
2,lap_scale_inc,0.5000000000,0.0500000000,0.4321285593,0.0178714407,150.0000000000,0.2000000000,2000,1.0000000000,10000.0000000000,3.0000000000,0.5000000000,879102,879102,32950647,32950647,140166908.4482500553,3.2538438911,3.2538438911,0,0,2000,309826383.2566285133,11.2717920850
3,lap_scale_inc,0.5000000000,0.0500000000,0.4320824081,0.0179175919,150.0000000000,0.2000000000,2000,1.0000000000,10000.0000000000,3.0000000000,0.5000000000,879102,879102,32950647,32950647,128316697.4543660730,2.8942087375,2.8942087375,0,0,2000,306609107.1959590912,11.2426521840
4,lap_scale_inc,0.5000000000,0.0500000000,0.4322159799,0.0177840201,150.0000000000,0.2000000000,2000,1.0000000000,10000.0000000000,3.0000000000,0.5000000000,879102,879102,32950647,32950647,141247063.1521645486,3.2866248773,3.2866248773,0,0,2000,321499492.7116361260,11.0963020820
0,lap_scale_dec,0.5000000000,0.0500000000,0.4323153122,0.0176846878,150.0000000000,0.0300000000,300,1.0000000000,10000.0000000000,3.0000000000,0.5000000000,879102,879102,32950647,32950647,16724458.8322606981,0.4924391369,0.4924391369,0,0,300,-51392443.3858361021,11.2230552840
1,lap_scale_dec,0.5000000000,0.0500000000,0.4320397781,0.0179602219,150.0000000000,0.0300000000,300,1.0000000000,10000.0000000000,3.0000000000,0.5000000000,879102,879102,32950647,32950647,8174074.5207805112,0.7519297718,0.7519297718,0,0,300,-47203731.0929805040,11.0988982810
2,lap_scale_dec,0.5000000000,0.0500000000,0.4321285593,0.0178714407,150.0000000000,0.0300000000,300,1.0000000000,10000.0000000000,3.0000000000,0.5000000000,879102,879102,32950647,32950647,19405613.4407390319,0.4110703368,0.4110703368,0,0,300,-47569856.5302756801,11.0657804810
3,lap_scale_dec,0.5000000000,0.0500000000,0.4320824081,0.0179175919,150.0000000000,0.0300000000,300,1.0000000000,10000.0000000000,3.0000000000,0.5000000000,879102,879102,32950647,32950647,13166215.1429821048,0.6004262028,0.6004262028,0,0,300,-49805155.6635676548,11.0243272800
4,lap_scale_dec,0.5000000000,0.0500000000,0.4322159799,0.0177840201,150.0000000000,0.0300000000,300,1.0000000000,10000.0000000000,3.0000000000,0.5000000000,879102,879102,32950647,32950647,14253886.2079736739,0.5674171069,0.5674171069,0,0,300,-49129904.5841483250,11.0418248810
0,lap_scale_dec,0.5000000000,0.0500000000,0.4323153122,0.0176846878,150.0000000000,0.0500000000,500,1.0000000000,10000.0000000000,3.0000000000,0.5000000000,879102,879102,32950647,32950647,6839485.7245276803,0.7924324301,0.7924324301,0,0,500,-81859558.2164698988,10.8169671770
1,lap_scale_dec,0.5000000000,0.0500000000,0.4320397781,0.0179602219,150.0000000000,0.0500000000,500,1.0000000000,10000.0000000000,3.0000000000,0.5000000000,879102,879102,32950647,32950647,333224.6541980667,0.9898871590,0.9898871590,0,0,500,-79865220.0180304945,11.1833162830
2,lap_scale_dec,0.5000000000,0.0500000000,0.4321285593,0.0178714407,150.0000000000,0.0500000000,500,1.0000000000,10000.0000000000,3.0000000000,0.5000000000,879102,879102,32950647,32950647,9468872.9930984918,0.7126346869,0.7126346869,0,0,500,-78913793.0902813524,11.0218442800
3,lap_scale_dec,0.5000000000,0.0500000000,0.4320824081,0.0179175919,150.0000000000,0.0500000000,500,1.0000000000,10000.0000000000,3.0000000000,0.5000000000,879102,879102,32950647,32950647,275999.9023042512,0.9916238397,0.9916238397,0,0,500,-79424528.7075174898,11.0187729800
4,lap_scale_dec,0.5000000000,0.0500000000,0.4322159799,0.0177840201,150.0000000000,0.0500000000,500,1.0000000000,10000.0000000000,3.0000000000,0.5000000000,879102,879102,32950647,32950647,4707279.9061692180,0.8571415030,0.8571415030,0,0,500,-81316693.7063836753,10.9934157800
0,lap_scale_dec,0.5000000000,0.0500000000,0.4323153122,0.0176846878,150.0000000000,0.0800000000,800,1.0000000000,10000.0000000000,3.0000000000,0.5000000000,879102,879102,32950647,32950647,-8412929.8441877458,1.2553191093,1.2553191093,0,0,800,-128113484.6425175369,11.9478182960
1,lap_scale_dec,0.5000000000,0.0500000000,0.4320397781,0.0179602219,150.0000000000,0.0800000000,800,1.0000000000,10000.0000000000,3.0000000000,0.5000000000,879102,879102,32950647,32950647,-15655313.0399053320,1.4751139800,1.4751139800,0,0,800,-125987362.6922216266,11.1005972810
2,lap_scale_dec,0.5000000000,0.0500000000,0.4321285593,0.0178714407,150.0000000000,0.0800000000,800,1.0000000000,10000.0000000000,3.0000000000,0.5000000000,879102,879102,32950647,32950647,-5674729.3895845758,1.1722190581,1.1722190581,0,0,800,-123434858.1694246978,11.2358273840
3,lap_scale_dec,0.5000000000,0.0500000000,0.4320824081,0.0179175919,150.0000000000,0.0800000000,800,1.0000000000,10000.0000000000,3.0000000000,0.5000000000,879102,879102,32950647,32950647,-12254381.3466877490,1.3719010843,1.3719010843,0,0,800,-124450225.7703267336,11.1126188820
4,lap_scale_dec,0.5000000000,0.0500000000,0.4322159799,0.0177840201,150.0000000000,0.0800000000,800,1.0000000000,10000.0000000000,3.0000000000,0.5000000000,879102,879102,32950647,32950647,-9913798.6309532132,1.3008681023,1.3008681023,0,0,800,-128674981.1793813556,11.1461020830
0,lap_scale_dec,0.5000000000,0.0500000000,0.4323153122,0.0176846878,150.0000000000,0.1000000000,1000,1.0000000000,10000.0000000000,3.0000000000,0.5000000000,879102,879102,32950647,32950647,-18110726.1477844007,1.5496318827,1.5496318827,0,0,1000,-158985478.3215707839,11.1758719830
1,lap_scale_dec,0.5000000000,0.0500000000,0.4320397781,0.0179602219,150.0000000000,0.1000000000,1000,1.0000000000,10000.0000000000,3.0000000000,0.5000000000,879102,879102,32950647,32950647,-26705703.8669389486,1.8104758570,1.8104758570,0,0,1000,-158065088.9599012434,11.0726943800
2,lap_scale_dec,0.5000000000,0.0500000000,0.4321285593,0.0178714407,150.0000000000,0.1000000000,1000,1.0000000000,10000.0000000000,3.0000000000,0.5000000000,879102,879102,32950647,32950647,-17243754.7383208647,1.5233206722,1.5233206722,0,0,1000,-155391684.8364432752,11.1882303830
3,lap_scale_dec,0.5000000000,0.0500000000,0.4320824081,0.0179175919,150.0000000000,0.1000000000,1000,1.0000000000,10000.0000000000,3.0000000000,0.5000000000,879102,879102,32950647,32950647,-20868221.3608942181,1.6333174994,1.6333174994,0,0,1000,-153587484.7043932080,11.2326755840
4,lap_scale_dec,0.5000000000,0.0500000000,0.4322159799,0.0177840201,150.0000000000,0.1000000000,1000,1.0000000000,10000.0000000000,3.0000000000,0.5000000000,879102,879102,32950647,32950647,-20510196.1971284486,1.6224520021,1.6224520021,0,0,1000,-159152669.2927827537,11.4586206880
0,lap_scale_dec,0.5000000000,0.0500000000,0.4323153122,0.0176846878,150.0000000000,0.1300000000,1300,1.0000000000,10000.0000000000,3.0000000000,0.5000000000,879102,879102,32950647,32950647,-36377077.7462266237,2.1039867516,2.1039867516,0,0,1300,-206889070.6275177598,11.0653853810
1,lap_scale_dec,0.5000000000,0.0500000000,0.4320397781,0.0179602219,150.0000000000,0.1300000000,1300,1.0000000000,10000.0000000000,3.0000000000,0.5000000000,879102,879102,32950647,32950647,-40558834.8184152544,2.2308964622,2.2308964622,0,0,1300,-206177542.0736119747,11.1988864830
2,lap_scale_dec,0.5000000000,0.0500000000,0.4321285593,0.0178714407,150.0000000000,0.1300000000,1300,1.0000000000,10000.0000000000,3.0000000000,0.5000000000,879102,879102,32950647,32950647,-30107057.0639333539,1.9137015447,1.9137015447,0,0,1300,-201302741.7962436378,11.7653738920
3,lap_scale_dec,0.5000000000,0.0500000000,0.4320824081,0.0179175919,150.0000000000,0.1300000000,1300,1.0000000000,10000.0000000000,3.0000000000,0.5000000000,879102,879102,32950647,32950647,-39205490.5454128906,2.1898246048,2.1898246048,0,0,1300,-200503963.6733916998,11.3713941860
4,lap_scale_dec,0.5000000000,0.0500000000,0.4322159799,0.0177840201,150.0000000000,0.1300000000,1300,1.0000000000,10000.0000000000,3.0000000000,0.5000000000,879102,879102,32950647,32950647,-38204626.2978805825,2.1594499585,2.1594499585,0,0,1300,-206654960.4030461609,11.2407217840
0,lap_scale_dec,0.5000000000,0.0500000000,0.4323153122,0.0176846878,150.0000000000,0.1500000000,1500,1.0000000000,10000.0000000000,3.0000000000,0.5000000000,879102,879102,32950647,32950647,-44111554.1895850375,2.3387158738,2.3387158738,0,0,1500,-238201765.5124994218,11.2211102840
1,lap_scale_dec,0.5000000000,0.0500000000,0.4320397781,0.0179602219,150.0000000000,0.1500000000,1500,1.0000000000,10000.0000000000,3.0000000000,0.5000000000,879102,879102,32950647,32950647,-49397277.1131603420,2.4991292011,2.4991292011,0,0,1500,-237297859.4605745375,11.3301988850
2,lap_scale_dec,0.5000000000,0.0500000000,0.4321285593,0.0178714407,150.0000000000,0.1500000000,1500,1.0000000000,10000.0000000000,3.0000000000,0.5000000000,879102,879102,32950647,32950647,-45988060.7508914769,2.3956648788,2.3956648788,0,0,1500,-232065179.3405075967,11.9117584950
3,lap_scale_dec,0.5000000000,0.0500000000,0.4320824081,0.0179175919,150.0000000000,0.1500000000,1500,1.0000000000,10000.0000000000,3.0000000000,0.5000000000,879102,879102,32950647,32950647,-45034672.1169231459,2.3667310422,2.3667310422,0,0,1500,-230259845.9404493272,11.5840099890
4,lap_scale_dec,0.5000000000,0.0500000000,0.4322159799,0.0177840201,150.0000000000,0.1500000000,1500,1.0000000000,10000.0000000000,3.0000000000,0.5000000000,879102,879102,32950647,32950647,-47966619.1777848303,2.4557109964,2.4557109964,0,0,1500,-241053908.6931269765,11.7401523920
0,lap_scale_dec,0.5000000000,0.0500000000,0.4323153122,0.0176846878,150.0000000000,0.1800000000,1800,1.0000000000,10000.0000000000,3.0000000000,0.5000000000,879102,879102,32950647,32950647,-59540876.4651846215,2.8069713916,2.8069713916,0,0,1800,-285604164.5029448271,11.5760121890
1,lap_scale_dec,0.5000000000,0.0500000000,0.4320397781,0.0179602219,150.0000000000,0.1800000000,1800,1.0000000000,10000.0000000000,3.0000000000,0.5000000000,879102,879102,32950647,32950647,-66983003.7079704404,3.0328281781,3.0328281781,0,0,1800,-281039573.5318992138,11.3755196860
2,lap_scale_dec,0.5000000000,0.0500000000,0.4321285593,0.0178714407,150.0000000000,0.1800000000,1800,1.0000000000,10000.0000000000,3.0000000000,0.5000000000,879102,879102,32950647,32950647,-58700496.6067070737,2.7814671926,2.7814671926,0,0,1800,-280948513.3753943443,11.3208583850
3,lap_scale_dec,0.5000000000,0.0500000000,0.4320824081,0.0179175919,150.0000000000,0.1800000000,1800,1.0000000000,10000.0000000000,3.0000000000,0.5000000000,879102,879102,32950647,32950647,-66479644.6941533014,3.0175520285,3.0175520285,0,0,1800,-278331069.3268890381,11.0888127810
4,lap_scale_dec,0.5000000000,0.0500000000,0.4322159799,0.0177840201,150.0000000000,0.1800000000,1800,1.0000000000,10000.0000000000,3.0000000000,0.5000000000,879102,879102,32950647,32950647,-61560692.1893232986,2.8682696030,2.8682696030,0,0,1800,-286824925.0823521018,10.9613059800
0,lap_scale_dec,0.5000000000,0.0500000000,0.4323153122,0.0176846878,150.0000000000,0.2000000000,2000,1.0000000000,10000.0000000000,3.0000000000,0.5000000000,879102,879102,32950647,32950647,-74469542.5372540504,3.2600327859,3.2600327859,0,0,2000,-317162120.2152918577,11.0784836810
1,lap_scale_dec,0.5000000000,0.0500000000,0.4320397781,0.0179602219,150.0000000000,0.2000000000,2000,1.0000000000,10000.0000000000,3.0000000000,0.5000000000,879102,879102,32950647,32950647,-82405343.0414446443,3.5008717747,3.5008717747,0,0,2000,-311416956.3581953645,10.9936815790
2,lap_scale_dec,0.5000000000,0.0500000000,0.4321285593,0.0178714407,150.0000000000,0.2000000000,2000,1.0000000000,10000.0000000000,3.0000000000,0.5000000000,879102,879102,32950647,32950647,-66384013.7228356600,3.0146497798,3.0146497798,0,0,2000,-309826383.2566285133,11.0338935800
3,lap_scale_dec,0.5000000000,0.0500000000,0.4320824081,0.0179175919,150.0000000000,0.2000000000,2000,1.0000000000,10000.0000000000,3.0000000000,0.5000000000,879102,879102,32950647,32950647,-76089374.0096066594,3.3091921081,3.3091921081,0,0,2000,-306609107.1959590912,10.8939742780
4,lap_scale_dec,0.5000000000,0.0500000000,0.4322159799,0.0177840201,150.0000000000,0.2000000000,2000,1.0000000000,10000.0000000000,3.0000000000,0.5000000000,879102,879102,32950647,32950647,-73085931.9889251590,3.2180423950,3.2180423950,0,0,2000,-321499492.7116361260,11.2225537840
0,lap_local_inc,0.5000000000,0.0500000000,0.4323153122,0.0176846878,150.0000000000,0.0300000000,300,1.0000000000,10000.0000000000,3.0000000000,0.5000000000,879102,879102,32950647,32950647,34455571.6793818772,0.0456720828,0.0456720828,0,0,300,1800895.1555278862,11.4108088860
1,lap_local_inc,0.5000000000,0.0500000000,0.4320397781,0.0179602219,150.0000000000,0.0300000000,300,1.0000000000,10000.0000000000,3.0000000000,0.5000000000,879102,879102,32950647,32950647,24412867.7271276526,0.2591080920,0.2591080920,0,0,300,1512648.5260604904,11.6650624900
2,lap_local_inc,0.5000000000,0.0500000000,0.4321285593,0.0178714407,150.0000000000,0.0300000000,300,1.0000000000,10000.0000000000,3.0000000000,0.5000000000,879102,879102,32950647,32950647,35784284.7003002018,0.0859964207,0.0859964207,0,0,300,1566157.2484077599,11.4590697880
3,lap_local_inc,0.5000000000,0.0500000000,0.4320824081,0.0179175919,150.0000000000,0.0300000000,300,1.0000000000,10000.0000000000,3.0000000000,0.5000000000,879102,879102,32950647,32950647,30365571.0901235044,0.0784529636,0.0784529636,0,0,300,1792912.1778558150,11.3152540850
4,lap_local_inc,0.5000000000,0.0500000000,0.4322159799,0.0177840201,150.0000000000,0.0300000000,300,1.0000000000,10000.0000000000,3.0000000000,0.5000000000,879102,879102,32950647,32950647,31153708.3873227984,0.0545342437,0.0545342437,0,0,300,1569561.9538989584,12.2239681000
0,lap_local_inc,0.5000000000,0.0500000000,0.4323153122,0.0176846878,150.0000000000,0.0500000000,500,1.0000000000,10000.0000000000,3.0000000000,0.5000000000,879102,879102,32950647,32950647,35023992.9914868698,0.0629227703,0.0629227703,0,0,500,2693963.5844075908,11.3845946860
1,lap_local_inc,0.5000000000,0.0500000000,0.4320397781,0.0179602219,150.0000000000,0.0500000000,500,1.0000000000,10000.0000000000,3.0000000000,0.5000000000,879102,879102,32950647,32950647,27885250.7184497416,0.1537267624,0.1537267624,0,0,500,2790858.1747245933,10.8479992780
2,lap_local_inc,0.5000000000,0.0500000000,0.4321285593,0.0178714407,150.0000000000,0.0500000000,500,1.0000000000,10000.0000000000,3.0000000000,0.5000000000,879102,879102,32950647,32950647,36650728.5522883460,0.1122916206,0.1122916206,0,0,500,2631773.5872880877,11.7050574910
3,lap_local_inc,0.5000000000,0.0500000000,0.4320824081,0.0179175919,150.0000000000,0.0500000000,500,1.0000000000,10000.0000000000,3.0000000000,0.5000000000,879102,879102,32950647,32950647,27608681.9359365702,0.1621201873,0.1621201873,0,0,500,2573517.3933790913,11.1841121830
4,lap_local_inc,0.5000000000,0.0500000000,0.4322159799,0.0177840201,150.0000000000,0.0500000000,500,1.0000000000,10000.0000000000,3.0000000000,0.5000000000,879102,879102,32950647,32950647,32707955.1476274580,0.0073653137,0.0073653137,0,0,500,2685332.0179908467,10.9820592790
0,lap_local_inc,0.5000000000,0.0500000000,0.4323153122,0.0176846878,150.0000000000,0.0800000000,800,1.0000000000,10000.0000000000,3.0000000000,0.5000000000,879102,879102,32950647,32950647,35680553.0101702288,0.0828483280,0.0828483280,0,0,800,4166963.9205565481,11.0339106800
1,lap_local_inc,0.5000000000,0.0500000000,0.4320397781,0.0179602219,150.0000000000,0.0800000000,800,1.0000000000,10000.0000000000,3.0000000000,0.5000000000,879102,879102,32950647,32950647,27775769.2684832551,0.1570493512,0.1570493512,0,0,800,4305884.2329442576,10.7707452760
2,lap_local_inc,0.5000000000,0.0500000000,0.4321285593,0.0178714407,150.0000000000,0.0800000000,800,1.0000000000,10000.0000000000,3.0000000000,0.5000000000,879102,879102,32950647,32950647,36774218.0820624009,0.1160393325,0.1160393325,0,0,800,3911984.2455161153,10.8155050770
3,lap_local_inc,0.5000000000,0.0500000000,0.4320824081,0.0179175919,150.0000000000,0.0800000000,800,1.0000000000,10000.0000000000,3.0000000000,0.5000000000,879102,879102,32950647,32950647,30523061.3757077344,0.0736733826,0.0736733826,0,0,800,3882102.3968590321,10.7899649760
4,lap_local_inc,0.5000000000,0.0500000000,0.4322159799,0.0177840201,150.0000000000,0.0800000000,800,1.0000000000,10000.0000000000,3.0000000000,0.5000000000,879102,879102,32950647,32950647,34402809.3627336249,0.0440708300,0.0440708300,0,0,800,4274842.8016790487,11.2786190840
0,lap_local_inc,0.5000000000,0.0500000000,0.4323153122,0.0176846878,150.0000000000,0.1000000000,1000,1.0000000000,10000.0000000000,3.0000000000,0.5000000000,879102,879102,32950647,32950647,36583435.4432027116,0.1102493812,0.1102493812,0,0,1000,5097006.4513901006,11.9110330940
1,lap_local_inc,0.5000000000,0.0500000000,0.4320397781,0.0179602219,150.0000000000,0.1000000000,1000,1.0000000000,10000.0000000000,3.0000000000,0.5000000000,879102,879102,32950647,32950647,27805597.4065570496,0.1561441144,0.1561441144,0,0,1000,5468814.8605865575,11.2592362840
2,lap_local_inc,0.5000000000,0.0500000000,0.4321285593,0.0178714407,150.0000000000,0.1000000000,1000,1.0000000000,10000.0000000000,3.0000000000,0.5000000000,879102,879102,32950647,32950647,36172138.1134986430,0.0977671581,0.0977671581,0,0,1000,4855993.7190146642,11.4675746880
3,lap_local_inc,0.5000000000,0.0500000000,0.4320824081,0.0179175919,150.0000000000,0.1000000000,1000,1.0000000000,10000.0000000000,3.0000000000,0.5000000000,879102,879102,32950647,32950647,31899118.0364661105,0.0319122403,0.0319122403,0,0,1000,4714533.4876874918,11.8970641940
4,lap_local_inc,0.5000000000,0.0500000000,0.4322159799,0.0177840201,150.0000000000,0.1000000000,1000,1.0000000000,10000.0000000000,3.0000000000,0.5000000000,879102,879102,32950647,32950647,34259870.4749871418,0.0397328609,0.0397328609,0,0,1000,5157530.7235638760,10.9894991800
0,lap_local_inc,0.5000000000,0.0500000000,0.4323153122,0.0176846878,150.0000000000,0.1300000000,1300,1.0000000000,10000.0000000000,3.0000000000,0.5000000000,879102,879102,32950647,32950647,34819530.0541630834,0.0567176436,0.0567176436,0,0,1300,6700752.7736517871,11.1620361830
1,lap_local_inc,0.5000000000,0.0500000000,0.4320397781,0.0179602219,150.0000000000,0.1300000000,1300,1.0000000000,10000.0000000000,3.0000000000,0.5000000000,879102,879102,32950647,32950647,30516495.2122941874,0.0738726553,0.0738726553,0,0,1300,7048448.0185158169,11.0688885810
2,lap_local_inc,0.5000000000,0.0500000000,0.4321285593,0.0178714407,150.0000000000,0.1300000000,1300,1.0000000000,10000.0000000000,3.0000000000,0.5000000000,879102,879102,32950647,32950647,39094730.2514641955,0.1864632052,0.1864632052,0,0,1300,6302620.1499482105,11.3648551850
3,lap_local_inc,0.5000000000,0.0500000000,0.4320824081,0.0179175919,150.0000000000,0.1300000000,1300,1.0000000000,10000.0000000000,3.0000000000,0.5000000000,879102,879102,32950647,32950647,29653006.8987909369,0.1000781594,0.1000781594,0,0,1300,6071528.6592198387,11.4152373870
4,lap_local_inc,0.5000000000,0.0500000000,0.4322159799,0.0177840201,150.0000000000,0.1300000000,1300,1.0000000000,10000.0000000000,3.0000000000,0.5000000000,879102,879102,32950647,32950647,32913536.5699323304,0.0011262428,0.0011262428,0,0,1300,6699528.2003924847,11.8964511940
0,lap_local_inc,0.5000000000,0.0500000000,0.4323153122,0.0176846878,150.0000000000,0.1500000000,1500,1.0000000000,10000.0000000000,3.0000000000,0.5000000000,879102,879102,32950647,32950647,37829099.4381397888,0.1480533125,0.1480533125,0,0,1500,7620195.3706749082,11.2069758840
1,lap_local_inc,0.5000000000,0.0500000000,0.4320397781,0.0179602219,150.0000000000,0.1500000000,1500,1.0000000000,10000.0000000000,3.0000000000,0.5000000000,879102,879102,32950647,32950647,32383003.7804383449,0.0172270736,0.0172270736,0,0,1500,8042983.2202208899,11.3194194860
2,lap_local_inc,0.5000000000,0.0500000000,0.4321285593,0.0178714407,150.0000000000,0.1500000000,1500,1.0000000000,10000.0000000000,3.0000000000,0.5000000000,879102,879102,32950647,32950647,33777718.7866366357,0.0251003201,0.0251003201,0,0,1500,7232159.2720765574,11.9173735950
3,lap_local_inc,0.5000000000,0.0500000000,0.4320824081,0.0179175919,150.0000000000,0.1500000000,1500,1.0000000000,10000.0000000000,3.0000000000,0.5000000000,879102,879102,32950647,32950647,33999836.7360804155,0.0318412484,0.0318412484,0,0,1500,6843680.6185612595,11.4095956870
4,lap_local_inc,0.5000000000,0.0500000000,0.4322159799,0.0177840201,150.0000000000,0.1500000000,1500,1.0000000000,10000.0000000000,3.0000000000,0.5000000000,879102,879102,32950647,32950647,35052683.2908897325,0.0637934755,0.0637934755,0,0,1500,8003998.7128954986,11.3804977860
0,lap_local_inc,0.5000000000,0.0500000000,0.4323153122,0.0176846878,150.0000000000,0.1800000000,1800,1.0000000000,10000.0000000000,3.0000000000,0.5000000000,879102,879102,32950647,32950647,38714058.0400092825,0.1749104059,0.1749104059,0,0,1800,9160639.0126390178,11.3729591860
1,lap_local_inc,0.5000000000,0.0500000000,0.4320397781,0.0179602219,150.0000000000,0.1800000000,1800,1.0000000000,10000.0000000000,3.0000000000,0.5000000000,879102,879102,32950647,32950647,29794478.0192394815,0.0957847347,0.0957847347,0,0,1800,9292871.6497285757,11.0939772820
2,lap_local_inc,0.5000000000,0.0500000000,0.4321285593,0.0178714407,150.0000000000,0.1800000000,1800,1.0000000000,10000.0000000000,3.0000000000,0.5000000000,879102,879102,32950647,32950647,37930025.2864474580,0.1511162523,0.1511162523,0,0,1800,8943052.3040694892,11.0701798810
3,lap_local_inc,0.5000000000,0.0500000000,0.4320824081,0.0179175919,150.0000000000,0.1800000000,1800,1.0000000000,10000.0000000000,3.0000000000,0.5000000000,879102,879102,32950647,32950647,29142811.2784503512,0.1155617892,0.1155617892,0,0,1800,8536298.5909213461,11.6887588910
4,lap_local_inc,0.5000000000,0.0500000000,0.4322159799,0.0177840201,150.0000000000,0.1800000000,1800,1.0000000000,10000.0000000000,3.0000000000,0.5000000000,879102,879102,32950647,32950647,37157374.1832115725,0.1276675139,0.1276675139,0,0,1800,9329274.0352510847,11.9941295960
0,lap_local_inc,0.5000000000,0.0500000000,0.4323153122,0.0176846878,150.0000000000,0.2000000000,2000,1.0000000000,10000.0000000000,3.0000000000,0.5000000000,879102,879102,32950647,32950647,34617098.6156798825,0.0505741698,0.0505741698,0,0,2000,10097803.2435098905,11.4851960880
1,lap_local_inc,0.5000000000,0.0500000000,0.4320397781,0.0179602219,150.0000000000,0.2000000000,2000,1.0000000000,10000.0000000000,3.0000000000,0.5000000000,879102,879102,32950647,32950647,24837798.2311645299,0.2462121235,0.2462121235,0,0,2000,10312467.4596319348,11.6792621910
2,lap_local_inc,0.5000000000,0.0500000000,0.4321285593,0.0178714407,150.0000000000,0.2000000000,2000,1.0000000000,10000.0000000000,3.0000000000,0.5000000000,879102,879102,32950647,32950647,40143663.0962343290,0.2182966573,0.2182966573,0,0,2000,9756647.2005815357,11.8211233930
3,lap_local_inc,0.5000000000,0.0500000000,0.4320824081,0.0179175919,150.0000000000,0.2000000000,2000,1.0000000000,10000.0000000000,3.0000000000,0.5000000000,879102,879102,32950647,32950647,29237248.7921921574,0.1126957601,0.1126957601,0,0,2000,9370761.2094371375,11.6527593900
4,lap_local_inc,0.5000000000,0.0500000000,0.4322159799,0.0177840201,150.0000000000,0.2000000000,2000,1.0000000000,10000.0000000000,3.0000000000,0.5000000000,879102,879102,32950647,32950647,37618067.9317063615,0.1416488402,0.1416488402,0,0,2000,10612507.0502594095,11.1598738820
0,lap_local_dec,0.5000000000,0.0500000000,0.4323153122,0.0176846878,150.0000000000,0.0300000000,300,1.0000000000,10000.0000000000,3.0000000000,0.5000000000,879102,879102,32950647,32950647,33254974.9090299495,0.0092358705,0.0092358705,0,0,300,-1800895.1555278862,11.3672447860
1,lap_local_dec,0.5000000000,0.0500000000,0.4320397781,0.0179602219,150.0000000000,0.0300000000,300,1.0000000000,10000.0000000000,3.0000000000,0.5000000000,879102,879102,32950647,32950647,23404435.3764206655,0.2897124182,0.2897124182,0,0,300,-1512648.5260604904,11.0717995810
2,lap_local_dec,0.5000000000,0.0500000000,0.4321285593,0.0178714407,150.0000000000,0.0300000000,300,1.0000000000,10000.0000000000,3.0000000000,0.5000000000,879102,879102,32950647,32950647,34740179.8680283949,0.0543094910,0.0543094910,0,0,300,-1566157.2484077599,11.2718860840
3,lap_local_dec,0.5000000000,0.0500000000,0.4320824081,0.0179175919,150.0000000000,0.0300000000,300,1.0000000000,10000.0000000000,3.0000000000,0.5000000000,879102,879102,32950647,32950647,29170296.3048863374,0.1147276621,0.1147276621,0,0,300,-1792912.1778558150,11.1127379820
4,lap_local_dec,0.5000000000,0.0500000000,0.4322159799,0.0177840201,150.0000000000,0.0300000000,300,1.0000000000,10000.0000000000,3.0000000000,0.5000000000,879102,879102,32950647,32950647,30107333.7513902001,0.0862900582,0.0862900582,0,0,300,-1569561.9538989584,11.2106016830
0,lap_local_dec,0.5000000000,0.0500000000,0.4323153122,0.0176846878,150.0000000000,0.0500000000,500,1.0000000000,10000.0000000000,3.0000000000,0.5000000000,879102,879102,32950647,32950647,33228017.2685485184,0.0084177488,0.0084177488,0,0,500,-2693963.5844075908,11.1125984820
1,lap_local_dec,0.5000000000,0.0500000000,0.4320397781,0.0179602219,150.0000000000,0.0500000000,500,1.0000000000,10000.0000000000,3.0000000000,0.5000000000,879102,879102,32950647,32950647,26024678.6019666754,0.2101921822,0.2101921822,0,0,500,-2790858.1747245933,10.9811492800
2,lap_local_dec,0.5000000000,0.0500000000,0.4321285593,0.0178714407,150.0000000000,0.0500000000,500,1.0000000000,10000.0000000000,3.0000000000,0.5000000000,879102,879102,32950647,32950647,34896212.8274297491,0.0590448445,0.0590448445,0,0,500,-2631773.5872880877,11.5352685880
3,lap_local_dec,0.5000000000,0.0500000000,0.4320824081,0.0179175919,150.0000000000,0.0500000000,500,1.0000000000,10000.0000000000,3.0000000000,0.5000000000,879102,879102,32950647,32950647,25893003.6736838482,0.2141883079,0.2141883079,0,0,500,-2573517.3933790913,10.9717621800
4,lap_local_dec,0.5000000000,0.0500000000,0.4322159799,0.0177840201,150.0000000000,0.0500000000,500,1.0000000000,10000.0000000000,3.0000000000,0.5000000000,879102,879102,32950647,32950647,30917733.8023001589,0.0616956990,0.0616956990,0,0,500,-2685332.0179908467,11.2216884830
0,lap_local_dec,0.5000000000,0.0500000000,0.4323153122,0.0176846878,150.0000000000,0.0800000000,800,1.0000000000,10000.0000000000,3.0000000000,0.5000000000,879102,879102,32950647,32950647,32902577.0631325394,0.0014588465,0.0014588465,0,0,800,-4166963.9205565481,11.2503955840
1,lap_local_dec,0.5000000000,0.0500000000,0.4320397781,0.0179602219,150.0000000000,0.0800000000,800,1.0000000000,10000.0000000000,3.0000000000,0.5000000000,879102,879102,32950647,32950647,24905179.7798538022,0.2441672001,0.2441672001,0,0,800,-4305884.2329442576,11.1654261830
2,lap_local_dec,0.5000000000,0.0500000000,0.4321285593,0.0178714407,150.0000000000,0.0800000000,800,1.0000000000,10000.0000000000,3.0000000000,0.5000000000,879102,879102,32950647,32950647,34166228.5850516483,0.0368909777,0.0368909777,0,0,800,-3911984.2455161153,11.0448938810
3,lap_local_dec,0.5000000000,0.0500000000,0.4320824081,0.0179175919,150.0000000000,0.0800000000,800,1.0000000000,10000.0000000000,3.0000000000,0.5000000000,879102,879102,32950647,32950647,27934993.1111349724,0.1522171595,0.1522171595,0,0,800,-3882102.3968590321,11.2180686830
4,lap_local_dec,0.5000000000,0.0500000000,0.4322159799,0.0177840201,150.0000000000,0.0800000000,800,1.0000000000,10000.0000000000,3.0000000000,0.5000000000,879102,879102,32950647,32950647,31552914.1616141908,0.0424189801,0.0424189801,0,0,800,-4274842.8016790487,11.0785416810
0,lap_local_dec,0.5000000000,0.0500000000,0.4323153122,0.0176846878,150.0000000000,0.1000000000,1000,1.0000000000,10000.0000000000,3.0000000000,0.5000000000,879102,879102,32950647,32950647,33185431.1422759853,0.0071253272,0.0071253272,0,0,1000,-5097006.4513901006,10.7823216770
1,lap_local_dec,0.5000000000,0.0500000000,0.4320397781,0.0179602219,150.0000000000,0.1000000000,1000,1.0000000000,10000.0000000000,3.0000000000,0.5000000000,879102,879102,32950647,32950647,24159720.8328326754,0.2667906997,0.2667906997,0,0,1000,-5468814.8605865575,11.0201080800
2,lap_local_dec,0.5000000000,0.0500000000,0.4321285593,0.0178714407,150.0000000000,0.1000000000,1000,1.0000000000,10000.0000000000,3.0000000000,0.5000000000,879102,879102,32950647,32950647,32934808.9674887471,0.0004806592,0.0004806592,0,0,1000,-4855993.7190146642,10.9960141800
3,lap_local_dec,0.5000000000,0.0500000000,0.4320824081,0.0179175919,150.0000000000,0.1000000000,1000,1.0000000000,10000.0000000000,3.0000000000,0.5000000000,879102,879102,32950647,32950647,28756095.7113410793,0.1272979947,0.1272979947,0,0,1000,-4714533.4876874918,10.9708131790
4,lap_local_dec,0.5000000000,0.0500000000,0.4322159799,0.0177840201,150.0000000000,0.1000000000,1000,1.0000000000,10000.0000000000,3.0000000000,0.5000000000,879102,879102,32950647,32950647,30821516.6592779160,0.0646157370,0.0646157370,0,0,1000,-5157530.7235638760,10.9706783790
0,lap_local_dec,0.5000000000,0.0500000000,0.4323153122,0.0176846878,150.0000000000,0.1300000000,1300,1.0000000000,10000.0000000000,3.0000000000,0.5000000000,879102,879102,32950647,32950647,30352361.5383951925,0.0788538526,0.0788538526,0,0,1300,-6700752.7736517871,10.7325062750
1,lap_local_dec,0.5000000000,0.0500000000,0.4320397781,0.0179602219,150.0000000000,0.1300000000,1300,1.0000000000,10000.0000000000,3.0000000000,0.5000000000,879102,879102,32950647,32950647,25817529.8666170128,0.2164788186,0.2164788186,0,0,1300,-7048448.0185158169,11.2716815850
2,lap_local_dec,0.5000000000,0.0500000000,0.4321285593,0.0178714407,150.0000000000,0.1300000000,1300,1.0000000000,10000.0000000000,3.0000000000,0.5000000000,879102,879102,32950647,32950647,34892983.4848319665,0.0589468390,0.0589468390,0,0,1300,-6302620.1499482105,11.3185778850
3,lap_local_dec,0.5000000000,0.0500000000,0.4320824081,0.0179175919,150.0000000000,0.1300000000,1300,1.0000000000,10000.0000000000,3.0000000000,0.5000000000,879102,879102,32950647,32950647,25605321.1259776354,0.2229190181,0.2229190181,0,0,1300,-6071528.6592198387,11.4031584870
4,lap_local_dec,0.5000000000,0.0500000000,0.4322159799,0.0177840201,150.0000000000,0.1300000000,1300,1.0000000000,10000.0000000000,3.0000000000,0.5000000000,879102,879102,32950647,32950647,28447184.4363374971,0.1366729632,0.1366729632,0,0,1300,-6699528.2003924847,11.7173360910
0,lap_local_dec,0.5000000000,0.0500000000,0.4323153122,0.0176846878,150.0000000000,0.1500000000,1500,1.0000000000,10000.0000000000,3.0000000000,0.5000000000,879102,879102,32950647,32950647,32748969.1910230666,0.0061206024,0.0061206024,0,0,1500,-7620195.3706749082,11.6142924890
1,lap_local_dec,0.5000000000,0.0500000000,0.4320397781,0.0179602219,150.0000000000,0.1500000000,1500,1.0000000000,10000.0000000000,3.0000000000,0.5000000000,879102,879102,32950647,32950647,27021014.9669577517,0.1799549500,0.1799549500,0,0,1500,-8042983.2202208899,10.8314723770
2,lap_local_dec,0.5000000000,0.0500000000,0.4321285593,0.0178714407,150.0000000000,0.1500000000,1500,1.0000000000,10000.0000000000,3.0000000000,0.5000000000,879102,879102,32950647,32950647,28956279.2719187997,0.1212227404,0.1212227404,0,0,1500,-7232159.2720765574,11.9331388960
3,lap_local_dec,0.5000000000,0.0500000000,0.4320824081,0.0179175919,150.0000000000,0.1500000000,1500,1.0000000000,10000.0000000000,3.0000000000,0.5000000000,879102,879102,32950647,32950647,29437382.9903728105,0.1066220038,0.1066220038,0,0,1500,-6843680.6185612595,11.5517162880
4,lap_local_dec,0.5000000000,0.0500000000,0.4322159799,0.0177840201,150.0000000000,0.1500000000,1500,1.0000000000,10000.0000000000,3.0000000000,0.5000000000,879102,879102,32950647,32950647,29716684.1489592977,0.0981456556,0.0981456556,0,0,1500,-8003998.7128954986,11.2679441850
0,lap_local_dec,0.5000000000,0.0500000000,0.4323153122,0.0176846878,150.0000000000,0.1800000000,1800,1.0000000000,10000.0000000000,3.0000000000,0.5000000000,879102,879102,32950647,32950647,32606965.3649167009,0.0104301938,0.0104301938,0,0,1800,-9160639.0126390178,11.4368985870
1,lap_local_dec,0.5000000000,0.0500000000,0.4320397781,0.0179602219,150.0000000000,0.1800000000,1800,1.0000000000,10000.0000000000,3.0000000000,0.5000000000,879102,879102,32950647,32950647,23599230.2527538538,0.2838007019,0.2838007019,0,0,1800,-9292871.6497285757,12.0904567980
2,lap_local_dec,0.5000000000,0.0500000000,0.4321285593,0.0178714407,150.0000000000,0.1800000000,1800,1.0000000000,10000.0000000000,3.0000000000,0.5000000000,879102,879102,32950647,32950647,31967990.4170677699,0.0298220725,0.0298220725,0,0,1800,-8943052.3040694892,11.4339554870
3,lap_local_dec,0.5000000000,0.0500000000,0.4320824081,0.0179175919,150.0000000000,0.1800000000,1800,1.0000000000,10000.0000000000,3.0000000000,0.5000000000,879102,879102,32950647,32950647,23451945.5511693954,0.2882705596,0.2882705596,0,0,1800,-8536298.5909213461,11.5772177890
4,lap_local_dec,0.5000000000,0.0500000000,0.4322159799,0.0177840201,150.0000000000,0.1800000000,1800,1.0000000000,10000.0000000000,3.0000000000,0.5000000000,879102,879102,32950647,32950647,30937858.1597107686,0.0610849565,0.0610849565,0,0,1800,-9329274.0352510847,11.2736952840
0,lap_local_dec,0.5000000000,0.0500000000,0.4323153122,0.0176846878,150.0000000000,0.2000000000,2000,1.0000000000,10000.0000000000,3.0000000000,0.5000000000,879102,879102,32950647,32950647,27885229.7866734974,0.1537273976,0.1537273976,0,0,2000,-10097803.2435098905,11.6344390900
1,lap_local_dec,0.5000000000,0.0500000000,0.4320397781,0.0179602219,150.0000000000,0.2000000000,2000,1.0000000000,10000.0000000000,3.0000000000,0.5000000000,879102,879102,32950647,32950647,17962819.9247431830,0.4548568371,0.4548568371,0,0,2000,-10312467.4596319348,11.6394870910
2,lap_local_dec,0.5000000000,0.0500000000,0.4321285593,0.0178714407,150.0000000000,0.2000000000,2000,1.0000000000,10000.0000000000,3.0000000000,0.5000000000,879102,879102,32950647,32950647,33639231.6291798949,0.0208974540,0.0208974540,0,0,2000,-9756647.2005815357,11.0858148810
3,lap_local_dec,0.5000000000,0.0500000000,0.4320824081,0.0179175919,150.0000000000,0.2000000000,2000,1.0000000000,10000.0000000000,3.0000000000,0.5000000000,879102,879102,32950647,32950647,22990074.6525673158,0.3022876105,0.3022876105,0,0,2000,-9370761.2094371375,11.5737026890
4,lap_local_dec,0.5000000000,0.0500000000,0.4322159799,0.0177840201,150.0000000000,0.2000000000,2000,1.0000000000,10000.0000000000,3.0000000000,0.5000000000,879102,879102,32950647,32950647,30543063.2315331586,0.0730663580,0.0730663580,0,0,2000,-10612507.0502594095,11.4258509870
0,none,1.0000000000,0.1000000000,0.8742396922,0.0257603078,150.0000000000,0.0000000000,0,0.0000000000,10000.0000000000,3.0000000000,0.5000000000,879102,879102,32950647,32950647,33291695.2852502204,0.0103502758,0.0103502758,0,0,0,0.0000000000,10.9646408800
1,none,1.0000000000,0.1000000000,0.8740380837,0.0259619163,150.0000000000,0.0000000000,0,0.0000000000,10000.0000000000,3.0000000000,0.5000000000,879102,879102,32950647,32950647,29108541.9268294238,0.1166018098,0.1166018098,0,0,0,0.0000000000,11.1708502820
2,none,1.0000000000,0.1000000000,0.8741025851,0.0258974149,150.0000000000,0.0000000000,0,0.0000000000,10000.0000000000,3.0000000000,0.5000000000,879102,879102,32950647,32950647,34240627.7276019081,0.0391488740,0.0391488740,0,0,0,0.0000000000,11.3665648860
3,none,1.0000000000,0.1000000000,0.8740693054,0.0259306946,150.0000000000,0.0000000000,0,0.0000000000,10000.0000000000,3.0000000000,0.5000000000,879102,879102,32950647,32950647,29704975.1463952176,0.0985010053,0.0985010053,0,0,0,0.0000000000,11.4391918870
4,none,1.0000000000,0.1000000000,0.8741665554,0.0258334446,150.0000000000,0.0000000000,0,0.0000000000,10000.0000000000,3.0000000000,0.5000000000,879102,879102,32950647,32950647,33977122.3128261492,0.0311519016,0.0311519016,0,0,0,0.0000000000,11.2649287840
0,orig_inc,1.0000000000,0.1000000000,0.8736310457,0.0263689543,150.0000000000,0.0300000000,300,1.0000000000,10000.0000000000,3.0000000000,0.5000000000,879102,922900,32950647,37822232,37770396.6340967342,0.1462717753,0.0013704999,43798,0,0,0.0000000000,12.4291578030
1,orig_inc,1.0000000000,0.1000000000,0.8736084881,0.0263915119,150.0000000000,0.0300000000,300,1.0000000000,10000.0000000000,3.0000000000,0.5000000000,879102,923071,32950647,37776357,36007410.0599055812,0.0927679223,0.0468268272,43969,0,0,0.0000000000,12.3226492020
2,orig_inc,1.0000000000,0.1000000000,0.8735231314,0.0264768686,150.0000000000,0.0300000000,300,1.0000000000,10000.0000000000,3.0000000000,0.5000000000,879102,923168,32950647,37744862,36567331.5173294917,0.1097606526,0.0311971066,44066,0,0,0.0000000000,11.9140823940
3,orig_inc,1.0000000000,0.1000000000,0.8737213108,0.0262786892,150.0000000000,0.0300000000,300,1.0000000000,10000.0000000000,3.0000000000,0.5000000000,879102,922990,32950647,37741785,35973207.8933447227,0.0917299406,0.0468599221,43888,0,0,0.0000000000,12.1345473980
4,orig_inc,1.0000000000,0.1000000000,0.8735908746,0.0264091254,150.0000000000,0.0300000000,300,1.0000000000,10000.0000000000,3.0000000000,0.5000000000,879102,923082,32950647,37758584,37112703.7149170265,0.1263118358,0.0171055219,43980,0,0,0.0000000000,12.2026143990
0,orig_inc,1.0000000000,0.1000000000,0.8728275981,0.0271724019,150.0000000000,0.0500000000,500,1.0000000000,10000.0000000000,3.0000000000,0.5000000000,879102,1001372,32950647,54609909,56855844.5788545683,0.7254849223,0.0411268874,122270,0,0,0.0000000000,13.9419268280
1,orig_inc,1.0000000000,0.1000000000,0.8729544809,0.0270455191,150.0000000000,0.0500000000,500,1.0000000000,10000.0000000000,3.0000000000,0.5000000000,879102,1001415,32950647,54617639,52416131.4844411090,0.5907466547,0.0403076287,122313,0,0,0.0000000000,13.8446309270
2,orig_inc,1.0000000000,0.1000000000,0.8723718216,0.0276281784,150.0000000000,0.0500000000,500,1.0000000000,10000.0000000000,3.0000000000,0.5000000000,879102,1001613,32950647,54515076,53459974.3982555047,0.6224256355,0.0193543086,122511,0,0,0.0000000000,14.0671421300
3,orig_inc,1.0000000000,0.1000000000,0.8728048745,0.0271951255,150.0000000000,0.0500000000,500,1.0000000000,10000.0000000000,3.0000000000,0.5000000000,879102,1001445,32950647,54527951,53190317.7058809474,0.6142419815,0.0245311491,122343,0,0,0.0000000000,13.3792095190
4,orig_inc,1.0000000000,0.1000000000,0.8727797435,0.0272202565,150.0000000000,0.0500000000,500,1.0000000000,10000.0000000000,3.0000000000,0.5000000000,879102,1001398,32950647,54603774,51089711.6291149482,0.5504919108,0.0643556684,122296,0,0,0.0000000000,13.6329591240
0,orig_inc,1.0000000000,0.1000000000,0.8701264730,0.0298735270,150.0000000000,0.0800000000,800,1.0000000000,10000.0000000000,3.0000000000,0.5000000000,879102,1192678,32950647,120124138,119964333.7613189816,2.6407277150,0.0013303258,313576,0,0,0.0000000000,17.5388473870
1,orig_inc,1.0000000000,0.1000000000,0.8703527219,0.0296472781,150.0000000000,0.0800000000,800,1.0000000000,10000.0000000000,3.0000000000,0.5000000000,879102,1192764,32950647,120213465,119273260.0982297808,2.6197547228,0.0078211280,313662,0,0,0.0000000000,15.5569454540
2,orig_inc,1.0000000000,0.1000000000,0.8702612663,0.0297387337,150.0000000000,0.0800000000,800,1.0000000000,10000.0000000000,3.0000000000,0.5000000000,879102,1193332,32950647,119986843,117438226.5831200331,2.5640643591,0.0212407990,314230,0,0,0.0000000000,16.4390657690
3,orig_inc,1.0000000000,0.1000000000,0.8698796704,0.0301203296,150.0000000000,0.0800000000,800,1.0000000000,10000.0000000000,3.0000000000,0.5000000000,879102,1193046,32950647,120026653,120047026.9826599956,2.6432373235,0.0001697455,313944,0,0,0.0000000000,16.3555013680
4,orig_inc,1.0000000000,0.1000000000,0.8702519290,0.0297480710,150.0000000000,0.0800000000,800,1.0000000000,10000.0000000000,3.0000000000,0.5000000000,879102,1192453,32950647,120258092,118184928.7447629720,2.5867255883,0.0172392828,313351,0,0,0.0000000000,17.1750995810
0,orig_inc,1.0000000000,0.1000000000,0.8679323947,0.0320676053,150.0000000000,0.1000000000,1000,1.0000000000,10000.0000000000,3.0000000000,0.5000000000,879102,1369481,32950647,202413930,202368352.2278643847,5.1415592910,0.0002251711,490379,0,0,0.0000000000,20.2633252310
1,orig_inc,1.0000000000,0.1000000000,0.8678346572,0.0321653428,150.0000000000,0.1000000000,1000,1.0000000000,10000.0000000000,3.0000000000,0.5000000000,879102,1369197,32950647,202533692,204561867.0577670038,5.2081289954,0.0100140132,490095,0,0,0.0000000000,20.4292480340
2,orig_inc,1.0000000000,0.1000000000,0.8677928811,0.0322071189,150.0000000000,0.1000000000,1000,1.0000000000,10000.0000000000,3.0000000000,0.5000000000,879102,1369981,32950647,202389858,202062595.2933874130,5.1322800518,0.0016169916,490879,0,0,0.0000000000,20.6799631390
3,orig_inc,1.0000000000,0.1000000000,0.8675361211,0.0324638789,150.0000000000,0.1000000000,1000,1.0000000000,10000.0000000000,3.0000000000,0.5000000000,879102,1370062,32950647,202152953,201958319.7632783949,5.1291154545,0.0009628018,490960,0,0,0.0000000000,20.4820298350
4,orig_inc,1.0000000000,0.1000000000,0.8678625115,0.0321374885,150.0000000000,0.1000000000,1000,1.0000000000,10000.0000000000,3.0000000000,0.5000000000,879102,1369219,32950647,202565762,203583279.9777611196,5.1784304259,0.0050231489,490117,0,0,0.0000000000,20.5403618360
0,orig_inc,1.0000000000,0.1000000000,0.8648730581,0.0351269419,150.0000000000,0.1300000000,1300,1.0000000000,10000.0000000000,3.0000000000,0.5000000000,879102,1707934,32950647,403707564,404931240.9941108227,11.2890224582,0.0030310975,828832,0,0,0.0000000000,27.5988975510
1,orig_inc,1.0000000000,0.1000000000,0.8639605142,0.0360394858,150.0000000000,0.1300000000,1300,1.0000000000,10000.0000000000,3.0000000000,0.5000000000,879102,1707367,32950647,403888521,405700505.5885893703,11.3123684214,0.0044863483,828265,0,0,0.0000000000,27.0696876420
2,orig_inc,1.0000000000,0.1000000000,0.8640413938,0.0359586062,150.0000000000,0.1300000000,1300,1.0000000000,10000.0000000000,3.0000000000,0.5000000000,879102,1709036,32950647,403645029,401612775.0736017227,11.1883122682,0.0050347552,829934,0,0,0.0000000000,27.1491526440
3,orig_inc,1.0000000000,0.1000000000,0.8633248513,0.0366751487,150.0000000000,0.1300000000,1300,1.0000000000,10000.0000000000,3.0000000000,0.5000000000,879102,1708794,32950647,403537505,405868271.2875680923,11.3174598449,0.0057758356,829692,0,0,0.0000000000,27.5183491510
4,orig_inc,1.0000000000,0.1000000000,0.8641910422,0.0358089578,150.0000000000,0.1300000000,1300,1.0000000000,10000.0000000000,3.0000000000,0.5000000000,879102,1707715,32950647,403689354,403497957.5370847583,11.2455245731,0.0004741182,828613,0,0,0.0000000000,28.2442934620
0,orig_inc,1.0000000000,0.1000000000,0.8629997465,0.0370002535,150.0000000000,0.1500000000,1500,1.0000000000,10000.0000000000,3.0000000000,0.5000000000,879102,1982860,32950647,601415412,598754831.2176474333,17.1712617424,0.0044238653,1103758,0,0,0.0000000000,36.0927992900
1,orig_inc,1.0000000000,0.1000000000,0.8623234463,0.0376765537,150.0000000000,0.1500000000,1500,1.0000000000,10000.0000000000,3.0000000000,0.5000000000,879102,1982116,32950647,601711792,597948609.2846140862,17.1467941824,0.0062541282,1103014,0,0,0.0000000000,34.9316661720
2,orig_inc,1.0000000000,0.1000000000,0.8625010932,0.0374989068,150.0000000000,0.1500000000,1500,1.0000000000,10000.0000000000,3.0000000000,0.5000000000,879102,1984121,32950647,601374000,602731125.2459834814,17.2919359746,0.0022567075,1105019,0,0,0.0000000000,34.3252899610
3,orig_inc,1.0000000000,0.1000000000,0.8611214203,0.0388785797,150.0000000000,0.1500000000,1500,1.0000000000,10000.0000000000,3.0000000000,0.5000000000,879102,1984236,32950647,601223042,600283174.8629094362,17.2176445538,0.0015632587,1105134,0,0,0.0000000000,34.6926759670
4,orig_inc,1.0000000000,0.1000000000,0.8627769063,0.0372230937,150.0000000000,0.1500000000,1500,1.0000000000,10000.0000000000,3.0000000000,0.5000000000,879102,1981646,32950647,601388556,602391598.9941344261,17.2816318901,0.0016678784,1102544,0,0,0.0000000000,34.8055118690
0,orig_inc,1.0000000000,0.1000000000,0.8606521043,0.0393478957,150.0000000000,0.1800000000,1800,1.0000000000,10000.0000000000,3.0000000000,0.5000000000,879102,2469037,32950647,1013058068,1012861788.5283889771,29.7387526724,0.0001937495,1589935,0,0,0.0000000000,47.9854342850
1,orig_inc,1.0000000000,0.1000000000,0.8599707812,0.0400292188,150.0000000000,0.1800000000,1800,1.0000000000,10000.0000000000,3.0000000000,0.5000000000,879102,2469155,32950647,1013301411,1010527969.2271353006,29.6679249493,0.0027370353,1590053,0,0,0.0000000000,47.0350099690
2,orig_inc,1.0000000000,0.1000000000,0.8607187414,0.0392812586,150.0000000000,0.1800000000,1800,1.0000000000,10000.0000000000,3.0000000000,0.5000000000,879102,2469660,32950647,1013232066,1011811585.8011622429,29.7068806813,0.0014019298,1590558,0,0,0.0000000000,47.1519856710
3,orig_inc,1.0000000000,0.1000000000,0.8586175724,0.0413824276,150.0000000000,0.1800000000,1800,1.0000000000,10000.0000000000,3.0000000000,0.5000000000,879102,2469730,32950647,1012952769,1014688624.4317569733,29.7941942515,0.0017136588,1590628,0,0,0.0000000000,47.0241884690
4,orig_inc,1.0000000000,0.1000000000,0.8603806466,0.0396193534,150.0000000000,0.1800000000,1800,1.0000000000,10000.0000000000,3.0000000000,0.5000000000,879102,2467816,32950647,1013030387,1014130477.0969376564,29.7772553631,0.0010859399,1588714,0,0,0.0000000000,46.6697218630
0,orig_inc,1.0000000000,0.1000000000,0.8591320599,0.0408679401,150.0000000000,0.2000000000,2000,1.0000000000,10000.0000000000,3.0000000000,0.5000000000,879102,2842269,32950647,1375943352,1379219627.7892887592,40.8571334211,0.0023811124,1963167,0,0,0.0000000000,59.5279572730
1,orig_inc,1.0000000000,0.1000000000,0.8586878993,0.0413121007,150.0000000000,0.2000000000,2000,1.0000000000,10000.0000000000,3.0000000000,0.5000000000,879102,2842346,32950647,1376140599,1372871959.3682162762,40.6644917281,0.0023752221,1963244,0,0,0.0000000000,59.0257076660
2,orig_inc,1.0000000000,0.1000000000,0.8594884252,0.0405115748,150.0000000000,0.2000000000,2000,1.0000000000,10000.0000000000,3.0000000000,0.5000000000,879102,2843725,32950647,1376125832,1374994355.1216354370,40.7289030811,0.0008222191,1964623,0,0,0.0000000000,58.2601873530
3,orig_inc,1.0000000000,0.1000000000,0.8573070401,0.0426929599,150.0000000000,0.2000000000,2000,1.0000000000,10000.0000000000,3.0000000000,0.5000000000,879102,2844231,32950647,1375663294,1379968364.2245833874,40.8798563872,0.0031294505,1965129,0,0,0.0000000000,59.9313180800
4,orig_inc,1.0000000000,0.1000000000,0.8648013208,0.0351986792,150.0000000000,0.2000000000,2000,1.0000000000,10000.0000000000,3.0000000000,0.5000000000,879102,2839513,32950647,1375890512,1374932497.3896331787,40.7270257968,0.0006962870,1960411,0,0,0.0000000000,58.9393514640
0,orig_dec,1.0000000000,0.1000000000,0.8740717339,0.0259282661,150.0000000000,0.0300000000,300,1.0000000000,10000.0000000000,3.0000000000,0.5000000000,879102,878050,32950647,32826698,32739587.7923170589,0.0064053130,0.0026536390,1052,0,0,0.0000000000,11.6676862910
1,orig_dec,1.0000000000,0.1000000000,0.8740262805,0.0259737195,150.0000000000,0.0300000000,300,1.0000000000,10000.0000000000,3.0000000000,0.5000000000,879102,878221,32950647,32858699,31178419.4250430055,0.0537843028,0.0511365217,881,0,0,0.0000000000,11.8253972940
2,orig_dec,1.0000000000,0.1000000000,0.8739461521,0.0260538479,150.0000000000,0.0300000000,300,1.0000000000,10000.0000000000,3.0000000000,0.5000000000,879102,878318,32950647,32854775,31947288.2979212441,0.0304503490,0.0276211510,784,0,0,0.0000000000,11.7887763930
3,orig_dec,1.0000000000,0.1000000000,0.8741538510,0.0258461490,150.0000000000,0.0300000000,300,1.0000000000,10000.0000000000,3.0000000000,0.5000000000,879102,878140,32950647,32828151,31248692.7077836245,0.0516516198,0.0481129227,962,0,0,0.0000000000,11.7756224930
4,orig_dec,1.0000000000,0.1000000000,0.8740192943,0.0259807057,150.0000000000,0.0300000000,300,1.0000000000,10000.0000000000,3.0000000000,0.5000000000,879102,878232,32950647,32853192,32512566.4991480969,0.0132950500,0.0103681098,870,0,0,0.0000000000,11.5991154900
0,orig_dec,1.0000000000,0.1000000000,0.8741940288,0.0258059712,150.0000000000,0.0500000000,500,1.0000000000,10000.0000000000,3.0000000000,0.5000000000,879102,876622,32950647,32668240,35089883.2480348200,0.0649224353,0.0741283659,2480,0,0,0.0000000000,11.8626553940
1,orig_dec,1.0000000000,0.1000000000,0.8743087078,0.0256912922,150.0000000000,0.0500000000,500,1.0000000000,10000.0000000000,3.0000000000,0.5000000000,879102,876665,32950647,32659158,31480197.4267440289,0.0446258179,0.0360989274,2437,0,0,0.0000000000,11.6114941900
2,orig_dec,1.0000000000,0.1000000000,0.8737462867,0.0262537133,150.0000000000,0.0500000000,500,1.0000000000,10000.0000000000,3.0000000000,0.5000000000,879102,876863,32950647,32681799,31480387.9023137838,0.0446200373,0.0367608618,2239,0,0,0.0000000000,11.4931513880
3,orig_dec,1.0000000000,0.1000000000,0.8741631523,0.0258368477,150.0000000000,0.0500000000,500,1.0000000000,10000.0000000000,3.0000000000,0.5000000000,879102,876695,32950647,32688219,30706501.1772462428,0.0681062749,0.0606248331,2407,0,0,0.0000000000,11.6511474910
4,orig_dec,1.0000000000,0.1000000000,0.8741446052,0.0258553948,150.0000000000,0.0500000000,500,1.0000000000,10000.0000000000,3.0000000000,0.5000000000,879102,876648,32950647,32660293,29627272.9248973764,0.1008591447,0.0928656725,2454,0,0,0.0000000000,11.9072763950
0,orig_dec,1.0000000000,0.1000000000,0.8740778247,0.0259221753,150.0000000000,0.0800000000,800,1.0000000000,10000.0000000000,3.0000000000,0.5000000000,879102,873078,32950647,32285236,32109730.5077233724,0.0255204850,0.0054360914,6024,0,0,0.0000000000,11.9336290960
1,orig_dec,1.0000000000,0.1000000000,0.8742830415,0.0257169585,150.0000000000,0.0800000000,800,1.0000000000,10000.0000000000,3.0000000000,0.5000000000,879102,873164,32950647,32263251,31141077.8946240209,0.0549175591,0.0347817740,5938,0,0,0.0000000000,11.9226803950
2,orig_dec,1.0000000000,0.1000000000,0.8741610503,0.0258389497,150.0000000000,0.0800000000,800,1.0000000000,10000.0000000000,3.0000000000,0.5000000000,879102,873732,32950647,32348028,29788751.9432330690,0.0959585120,0.0791169111,5370,0,0,0.0000000000,11.8686193940
3,orig_dec,1.0000000000,0.1000000000,0.8738492802,0.0261507198,150.0000000000,0.0800000000,800,1.0000000000,10000.0000000000,3.0000000000,0.5000000000,879102,873446,32950647,32373476,31722559.0718756057,0.0372705255,0.0201064887,5656,0,0,0.0000000000,11.5456071890
4,orig_dec,1.0000000000,0.1000000000,0.8742055773,0.0257944227,150.0000000000,0.0800000000,800,1.0000000000,10000.0000000000,3.0000000000,0.5000000000,879102,872853,32950647,32231087,29932860.3923502676,0.0915850486,0.0713046571,6249,0,0,0.0000000000,11.2484280840
0,orig_dec,1.0000000000,0.1000000000,0.8742858668,0.0257141332,150.0000000000,0.1000000000,1000,1.0000000000,10000.0000000000,3.0000000000,0.5000000000,879102,869981,32950647,31968448,32130926.7095645405,0.0248772138,0.0050824710,9121,0,0,0.0000000000,11.8654706940
1,orig_dec,1.0000000000,0.1000000000,0.8742264745,0.0257735255,150.0000000000,0.1000000000,1000,1.0000000000,10000.0000000000,3.0000000000,0.5000000000,879102,869697,32950647,31862997,32976772.1398877054,0.0007928567,0.0349551280,9405,0,0,0.0000000000,11.7842456930
2,orig_dec,1.0000000000,0.1000000000,0.8741533311,0.0258466689,150.0000000000,0.1000000000,1000,1.0000000000,10000.0000000000,3.0000000000,0.5000000000,879102,870481,32950647,32044584,30919013.6055376120,0.0616568590,0.0351251367,8621,0,0,0.0000000000,11.8565068950
3,orig_dec,1.0000000000,0.1000000000,0.8739403826,0.0260596174,150.0000000000,0.1000000000,1000,1.0000000000,10000.0000000000,3.0000000000,0.5000000000,879102,870562,32950647,32110876,31104718.6483139805,0.0560210047,0.0313338494,8540,0,0,0.0000000000,11.8056085930
4,orig_dec,1.0000000000,0.1000000000,0.8742429524,0.0257570476,150.0000000000,0.1000000000,1000,1.0000000000,10000.0000000000,3.0000000000,0.5000000000,879102,869719,32950647,31923622,31282339.0524334870,0.0506305065,0.0200880385,9383,0,0,0.0000000000,11.7406343920
0,orig_dec,1.0000000000,0.1000000000,0.8741413993,0.0258586007,150.0000000000,0.1300000000,1300,1.0000000000,10000.0000000000,3.0000000000,0.5000000000,879102,863584,32950647,31292832,32668193.6968855299,0.0085720108,0.0439513335,15518,0,0,0.0000000000,11.9001466940
1,orig_dec,1.0000000000,0.1000000000,0.8743937731,0.0256062269,150.0000000000,0.1300000000,1300,1.0000000000,10000.0000000000,3.0000000000,0.5000000000,879102,863017,32950647,31184765,31662874.7001472302,0.0390818517,0.0153315152,16085,0,0,0.0000000000,11.5294777890
2,orig_dec,1.0000000000,0.1000000000,0.8741319045,0.0258680955,150.0000000000,0.1300000000,1300,1.0000000000,10000.0000000000,3.0000000000,0.5000000000,879102,864686,32950647,31474781,30609970.8686834909,0.0710358170,0.0274762875,14416,0,0,0.0000000000,11.8441226940
3,orig_dec,1.0000000000,0.1000000000,0.8741715275,0.0258284725,150.0000000000,0.1300000000,1300,1.0000000000,10000.0000000000,3.0000000000,0.5000000000,879102,864444,32950647,31593609,33460247.2595584430,0.0154655616,0.0590827803,14658,0,0,0.0000000000,11.7446743920
4,orig_dec,1.0000000000,0.1000000000,0.8741506338,0.0258493662,150.0000000000,0.1300000000,1300,1.0000000000,10000.0000000000,3.0000000000,0.5000000000,879102,863365,32950647,31271774,32314001.0680507421,0.0193211967,0.0333280443,15737,0,0,0.0000000000,11.5624946890
0,orig_dec,1.0000000000,0.1000000000,0.8745531195,0.0254468805,150.0000000000,0.1500000000,1500,1.0000000000,10000.0000000000,3.0000000000,0.5000000000,879102,858610,32950647,30838053,31104258.1591571867,0.0560349799,0.0086323595,20492,0,0,0.0000000000,10.7917406770
1,orig_dec,1.0000000000,0.1000000000,0.8742760144,0.0257239856,150.0000000000,0.1500000000,1500,1.0000000000,10000.0000000000,3.0000000000,0.5000000000,879102,857866,32950647,30675540,28727823.6976575814,0.1281560056,0.0634941162,21236,0,0,0.0000000000,11.8070203930
2,orig_dec,1.0000000000,0.1000000000,0.8743855388,0.0256144612,150.0000000000,0.1500000000,1500,1.0000000000,10000.0000000000,3.0000000000,0.5000000000,879102,859871,32950647,31030370,31621882.6071917713,0.0403258969,0.0190623769,19231,0,0,0.0000000000,11.5401573890
3,orig_dec,1.0000000000,0.1000000000,0.8745425022,0.0254574978,150.0000000000,0.1500000000,1500,1.0000000000,10000.0000000000,3.0000000000,0.5000000000,879102,859986,32950647,31247063,30893725.2145997584,0.0624243216,0.0113078719,19116,0,0,0.0000000000,11.4367291870
4,orig_dec,1.0000000000,0.1000000000,0.8744939148,0.0255060852,150.0000000000,0.1500000000,1500,1.0000000000,10000.0000000000,3.0000000000,0.5000000000,879102,857396,32950647,30603999,31036452.2388879843,0.0580927822,0.0141306121,21706,0,0,0.0000000000,11.4549297870
0,orig_dec,1.0000000000,0.1000000000,0.8745266630,0.0254733370,150.0000000000,0.1800000000,1800,1.0000000000,10000.0000000000,3.0000000000,0.5000000000,879102,849937,32950647,29973017,30395199.9674704075,0.0775537741,0.0140854345,29165,0,0,0.0000000000,11.6364128900
1,orig_dec,1.0000000000,0.1000000000,0.8745119505,0.0254880495,150.0000000000,0.1800000000,1800,1.0000000000,10000.0000000000,3.0000000000,0.5000000000,879102,850055,32950647,29977040,28397987.0818629973,0.1381660250,0.0526754115,29047,0,0,0.0000000000,11.6733868910
2,orig_dec,1.0000000000,0.1000000000,0.8744293866,0.0255706134,150.0000000000,0.1800000000,1800,1.0000000000,10000.0000000000,3.0000000000,0.5000000000,879102,850560,32950647,30098485,31958114.7893992215,0.0301217821,0.0617848303,28542,0,0,0.0000000000,11.5849815900
3,orig_dec,1.0000000000,0.1000000000,0.8744472717,0.0255527283,150.0000000000,0.1800000000,1800,1.0000000000,10000.0000000000,3.0000000000,0.5000000000,879102,850630,32950647,30364239,31132616.1347404867,0.0551743602,0.0253053315,28472,0,0,0.0000000000,11.6023539890
4,orig_dec,1.0000000000,0.1000000000,0.8744756055,0.0255243945,150.0000000000,0.1800000000,1800,1.0000000000,10000.0000000000,3.0000000000,0.5000000000,879102,848716,32950647,29824005,30751506.7401429974,0.0667404273,0.0310991679,30386,0,0,0.0000000000,11.0731018810
0,orig_dec,1.0000000000,0.1000000000,0.8744882129,0.0255117871,150.0000000000,0.2000000000,2000,1.0000000000,10000.0000000000,3.0000000000,0.5000000000,879102,843269,32950647,29387911,30676952.2858856730,0.0690030370,0.0438629777,35833,0,0,0.0000000000,11.7688475920
1,orig_dec,1.0000000000,0.1000000000,0.8745788512,0.0254211488,150.0000000000,0.2000000000,2000,1.0000000000,10000.0000000000,3.0000000000,0.5000000000,879102,843346,32950647,29330328,26894862.9864346571,0.1837834630,0.0830357238,35756,0,0,0.0000000000,11.7117672920
2,orig_dec,1.0000000000,0.1000000000,0.8749670513,0.0250329487,150.0000000000,0.2000000000,2000,1.0000000000,10000.0000000000,3.0000000000,0.5000000000,879102,844725,32950647,29587237,29108901.9750298709,0.1165908829,0.0161669380,34377,0,0,0.0000000000,11.8186672930
3,orig_dec,1.0000000000,0.1000000000,0.8743300950,0.0256699050,150.0000000000,0.2000000000,2000,1.0000000000,10000.0000000000,3.0000000000,0.5000000000,879102,845231,32950647,29874751,29701047.0726940371,0.0986202161,0.0058144059,33871,0,0,0.0000000000,11.7651512930
4,orig_dec,1.0000000000,0.1000000000,0.8686271429,0.0313728571,150.0000000000,0.2000000000,2000,1.0000000000,10000.0000000000,3.0000000000,0.5000000000,879102,840513,32950647,28998451,28348999.0218315907,0.1396527351,0.0223960921,38589,0,0,0.0000000000,11.6779342910
0,rr_inc,1.0000000000,0.1000000000,0.8742396922,0.0257603078,150.0000000000,0.0300000000,300,1.0000000000,10000.0000000000,3.0000000000,0.5000000000,879102,879102,32950647,32950647,33066985.1822112091,0.0035306798,0.0035306798,0,31276,0,0.0000000000,11.2140235830
1,rr_inc,1.0000000000,0.1000000000,0.8740380837,0.0259619163,150.0000000000,0.0300000000,300,1.0000000000,10000.0000000000,3.0000000000,0.5000000000,879102,879102,32950647,32950647,31674422.0920360051,0.0387314066,0.0387314066,0,31135,0,0.0000000000,11.1199625820
2,rr_inc,1.0000000000,0.1000000000,0.8741025851,0.0258974149,150.0000000000,0.0300000000,300,1.0000000000,10000.0000000000,3.0000000000,0.5000000000,879102,879102,32950647,32950647,32159862.3251673728,0.0239990637,0.0239990637,0,31358,0,0.0000000000,11.1119931830
3,rr_inc,1.0000000000,0.1000000000,0.8740693054,0.0259306946,150.0000000000,0.0300000000,300,1.0000000000,10000.0000000000,3.0000000000,0.5000000000,879102,879102,32950647,32950647,31923697.9299018867,0.0311662794,0.0311662794,0,31399,0,0.0000000000,11.2098815830
4,rr_inc,1.0000000000,0.1000000000,0.8741665554,0.0258334446,150.0000000000,0.0300000000,300,1.0000000000,10000.0000000000,3.0000000000,0.5000000000,879102,879102,32950647,32950647,32774290.3053160422,0.0053521466,0.0053521466,0,31285,0,0.0000000000,11.2423770840
0,rr_inc,1.0000000000,0.1000000000,0.8742396922,0.0257603078,150.0000000000,0.0500000000,500,1.0000000000,10000.0000000000,3.0000000000,0.5000000000,879102,879102,32950647,32950647,36129774.6242320985,0.0964814932,0.0964814932,0,87050,0,0.0000000000,11.3118063850
1,rr_inc,1.0000000000,0.1000000000,0.8740380837,0.0259619163,150.0000000000,0.0500000000,500,1.0000000000,10000.0000000000,3.0000000000,0.5000000000,879102,879102,32950647,32950647,32565075.4463880397,0.0117014866,0.0117014866,0,86989,0,0.0000000000,11.2242372830
2,rr_inc,1.0000000000,0.1000000000,0.8741025851,0.0258974149,150.0000000000,0.0500000000,500,1.0000000000,10000.0000000000,3.0000000000,0.5000000000,879102,879102,32950647,32950647,32284137.1793403029,0.0202275185,0.0202275185,0,87255,0,0.0000000000,11.5509577890
3,rr_inc,1.0000000000,0.1000000000,0.8740693054,0.0259306946,150.0000000000,0.0500000000,500,1.0000000000,10000.0000000000,3.0000000000,0.5000000000,879102,879102,32950647,32950647,31577529.7583549134,0.0416719357,0.0416719357,0,86854,0,0.0000000000,11.4486820870
4,rr_inc,1.0000000000,0.1000000000,0.8741665554,0.0258334446,150.0000000000,0.0500000000,500,1.0000000000,10000.0000000000,3.0000000000,0.5000000000,879102,879102,32950647,32950647,30478154.3960923888,0.0750362384,0.0750362384,0,87242,0,0.0000000000,11.2168655830
0,rr_inc,1.0000000000,0.1000000000,0.8742396922,0.0257603078,150.0000000000,0.0800000000,800,1.0000000000,10000.0000000000,3.0000000000,0.5000000000,879102,879102,32950647,32950647,34440239.8607088104,0.0452067864,0.0452067864,0,223355,0,0.0000000000,11.0893548800
1,rr_inc,1.0000000000,0.1000000000,0.8740380837,0.0259619163,150.0000000000,0.0800000000,800,1.0000000000,10000.0000000000,3.0000000000,0.5000000000,879102,879102,32950647,32950647,33582799.3328608423,0.0191848231,0.0191848231,0,222892,0,0.0000000000,11.0532019810
2,rr_inc,1.0000000000,0.1000000000,0.8741025851,0.0258974149,150.0000000000,0.0800000000,800,1.0000000000,10000.0000000000,3.0000000000,0.5000000000,879102,879102,32950647,32950647,31851077.1541727185,0.0333702050,0.0333702050,0,223208,0,0.0000000000,11.2680776850
3,rr_inc,1.0000000000,0.1000000000,0.8740693054,0.0259306946,150.0000000000,0.0800000000,800,1.0000000000,10000.0000000000,3.0000000000,0.5000000000,879102,879102,32950647,32950647,33861201.1615642980,0.0276338781,0.0276338781,0,222920,0,0.0000000000,11.2534570840
4,rr_inc,1.0000000000,0.1000000000,0.8741665554,0.0258334446,150.0000000000,0.0800000000,800,1.0000000000,10000.0000000000,3.0000000000,0.5000000000,879102,879102,32950647,32950647,32295522.9305796884,0.0198819789,0.0198819789,0,223094,0,0.0000000000,11.3770598860
0,rr_inc,1.0000000000,0.1000000000,0.8742396922,0.0257603078,150.0000000000,0.1000000000,1000,1.0000000000,10000.0000000000,3.0000000000,0.5000000000,879102,879102,32950647,32950647,35589082.1846238822,0.0800723332,0.0800723332,0,349451,0,0.0000000000,11.2191514840
1,rr_inc,1.0000000000,0.1000000000,0.8740380837,0.0259619163,150.0000000000,0.1000000000,1000,1.0000000000,10000.0000000000,3.0000000000,0.5000000000,879102,879102,32950647,32950647,36852457.0965815485,0.1184137628,0.1184137628,0,348057,0,0.0000000000,11.5560936890
2,rr_inc,1.0000000000,0.1000000000,0.8741025851,0.0258974149,150.0000000000,0.1000000000,1000,1.0000000000,10000.0000000000,3.0000000000,0.5000000000,879102,879102,32950647,32950647,34187607.1353573427,0.0375397829,0.0375397829,0,348662,0,0.0000000000,11.5337461880
3,rr_inc,1.0000000000,0.1000000000,0.8740693054,0.0259306946,150.0000000000,0.1000000000,1000,1.0000000000,10000.0000000000,3.0000000000,0.5000000000,879102,879102,32950647,32950647,34051599.7487883344,0.0334121739,0.0334121739,0,348742,0,0.0000000000,11.4436418870
4,rr_inc,1.0000000000,0.1000000000,0.8741665554,0.0258334446,150.0000000000,0.1000000000,1000,1.0000000000,10000.0000000000,3.0000000000,0.5000000000,879102,879102,32950647,32950647,34993133.4723914713,0.0619862327,0.0619862327,0,348803,0,0.0000000000,10.2081338670
0,rr_inc,1.0000000000,0.1000000000,0.8742396922,0.0257603078,150.0000000000,0.1300000000,1300,1.0000000000,10000.0000000000,3.0000000000,0.5000000000,879102,879102,32950647,32950647,38748605.2467269376,0.1759588589,0.1759588589,0,590229,0,0.0000000000,6.5382161070
1,rr_inc,1.0000000000,0.1000000000,0.8740380837,0.0259619163,150.0000000000,0.1300000000,1300,1.0000000000,10000.0000000000,3.0000000000,0.5000000000,879102,879102,32950647,32950647,37952277.3552492857,0.1517915674,0.1517915674,0,588250,0,0.0000000000,11.9040094950
2,rr_inc,1.0000000000,0.1000000000,0.8741025851,0.0258974149,150.0000000000,0.1300000000,1300,1.0000000000,10000.0000000000,3.0000000000,0.5000000000,879102,879102,32950647,32950647,35974937.6081284359,0.0917824347,0.0917824347,0,590038,0,0.0000000000,11.5312590890
3,rr_inc,1.0000000000,0.1000000000,0.8740693054,0.0259306946,150.0000000000,0.1300000000,1300,1.0000000000,10000.0000000000,3.0000000000,0.5000000000,879102,879102,32950647,32950647,38764630.1984016672,0.1764451908,0.1764451908,0,589705,0,0.0000000000,12.4660141040
4,rr_inc,1.0000000000,0.1000000000,0.8741665554,0.0258334446,150.0000000000,0.1300000000,1300,1.0000000000,10000.0000000000,3.0000000000,0.5000000000,879102,879102,32950647,32950647,38125069.5533311740,0.1570355372,0.1570355372,0,589937,0,0.0000000000,11.2937968850
0,rr_inc,1.0000000000,0.1000000000,0.8742396922,0.0257603078,150.0000000000,0.1500000000,1500,1.0000000000,10000.0000000000,3.0000000000,0.5000000000,879102,879102,32950647,32950647,38630661.8886620551,0.1723794646,0.1723794646,0,785354,0,0.0000000000,11.4768118870
1,rr_inc,1.0000000000,0.1000000000,0.8740380837,0.0259619163,150.0000000000,0.1500000000,1500,1.0000000000,10000.0000000000,3.0000000000,0.5000000000,879102,879102,32950647,32950647,36728272.1288317293,0.1146449455,0.1146449455,0,783811,0,0.0000000000,11.5491620890
2,rr_inc,1.0000000000,0.1000000000,0.8741025851,0.0258974149,150.0000000000,0.1500000000,1500,1.0000000000,10000.0000000000,3.0000000000,0.5000000000,879102,879102,32950647,32950647,38697573.6899632886,0.1744101319,0.1744101319,0,785996,0,0.0000000000,11.4811639880
3,rr_inc,1.0000000000,0.1000000000,0.8740693054,0.0259306946,150.0000000000,0.1500000000,1500,1.0000000000,10000.0000000000,3.0000000000,0.5000000000,879102,879102,32950647,32950647,37787550.9110032246,0.1467923805,0.1467923805,0,785983,0,0.0000000000,11.2562677840
4,rr_inc,1.0000000000,0.1000000000,0.8741665554,0.0258334446,150.0000000000,0.1500000000,1500,1.0000000000,10000.0000000000,3.0000000000,0.5000000000,879102,879102,32950647,32950647,38923138.6364155859,0.1812556711,0.1812556711,0,784898,0,0.0000000000,11.3825977870
0,rr_inc,1.0000000000,0.1000000000,0.8742396922,0.0257603078,150.0000000000,0.1800000000,1800,1.0000000000,10000.0000000000,3.0000000000,0.5000000000,879102,879102,32950647,32950647,41488651.5996649936,0.2591149303,0.2591149303,0,1131200,0,0.0000000000,11.4800257880
1,rr_inc,1.0000000000,0.1000000000,0.8740380837,0.0259619163,150.0000000000,0.1800000000,1800,1.0000000000,10000.0000000000,3.0000000000,0.5000000000,879102,879102,32950647,32950647,39332506.2814154848,0.1936793314,0.1936793314,0,1129642,0,0.0000000000,13.2685304170
2,rr_inc,1.0000000000,0.1000000000,0.8741025851,0.0258974149,150.0000000000,0.1800000000,1800,1.0000000000,10000.0000000000,3.0000000000,0.5000000000,879102,879102,32950647,32950647,42409585.6615064144,0.2870638219,0.2870638219,0,1130782,0,0.0000000000,13.5826476220
3,rr_inc,1.0000000000,0.1000000000,0.8740693054,0.0259306946,150.0000000000,0.1800000000,1800,1.0000000000,10000.0000000000,3.0000000000,0.5000000000,879102,879102,32950647,32950647,41367127.2018797919,0.2554268571,0.2554268571,0,1130929,0,0.0000000000,10.8533176780
4,rr_inc,1.0000000000,0.1000000000,0.8741665554,0.0258334446,150.0000000000,0.1800000000,1800,1.0000000000,10000.0000000000,3.0000000000,0.5000000000,879102,879102,32950647,32950647,42148356.8336313963,0.2791359403,0.2791359403,0,1130332,0,0.0000000000,10.8643501780
0,rr_inc,1.0000000000,0.1000000000,0.8742396922,0.0257603078,150.0000000000,0.2000000000,2000,1.0000000000,10000.0000000000,3.0000000000,0.5000000000,879102,879102,32950647,32950647,43814022.0261950865,0.3296862434,0.3296862434,0,1396385,0,0.0000000000,10.6627995750
1,rr_inc,1.0000000000,0.1000000000,0.8740380837,0.0259619163,150.0000000000,0.2000000000,2000,1.0000000000,10000.0000000000,3.0000000000,0.5000000000,879102,879102,32950647,32950647,40452274.0171439275,0.2276625105,0.2276625105,0,1394870,0,0.0000000000,10.5747006730
2,rr_inc,1.0000000000,0.1000000000,0.8741025851,0.0258974149,150.0000000000,0.2000000000,2000,1.0000000000,10000.0000000000,3.0000000000,0.5000000000,879102,879102,32950647,32950647,41708227.2095757276,0.2657787026,0.2657787026,0,1396189,0,0.0000000000,10.7137433760
3,rr_inc,1.0000000000,0.1000000000,0.8740693054,0.0259306946,150.0000000000,0.2000000000,2000,1.0000000000,10000.0000000000,3.0000000000,0.5000000000,879102,879102,32950647,32950647,42080145.0973573402,0.2770658220,0.2770658220,0,1396756,0,0.0000000000,10.9028405780
4,rr_inc,1.0000000000,0.1000000000,0.8741665554,0.0258334446,150.0000000000,0.2000000000,2000,1.0000000000,10000.0000000000,3.0000000000,0.5000000000,879102,879102,32950647,32950647,42162992.5743573755,0.2795801119,0.2795801119,0,1395150,0,0.0000000000,10.9414995790
0,rr_dec,1.0000000000,0.1000000000,0.8742396922,0.0257603078,150.0000000000,0.0300000000,300,1.0000000000,10000.0000000000,3.0000000000,0.5000000000,879102,879102,32950647,32950647,32611108.2280363627,0.0103044645,0.0103044645,0,13574,0,0.0000000000,10.7061414750
1,rr_dec,1.0000000000,0.1000000000,0.8740380837,0.0259619163,150.0000000000,0.0300000000,300,1.0000000000,10000.0000000000,3.0000000000,0.5000000000,879102,879102,32950647,32950647,31288365.6880275868,0.0504476077,0.0504476077,0,13715,0,0.0000000000,10.7749235760
2,rr_dec,1.0000000000,0.1000000000,0.8741025851,0.0258974149,150.0000000000,0.0300000000,300,1.0000000000,10000.0000000000,3.0000000000,0.5000000000,879102,879102,32950647,32950647,31797117.5508865118,0.0350077936,0.0350077936,0,13492,0,0.0000000000,10.8665526780
3,rr_dec,1.0000000000,0.1000000000,0.8740693054,0.0259306946,150.0000000000,0.0300000000,300,1.0000000000,10000.0000000000,3.0000000000,0.5000000000,879102,879102,32950647,32950647,31537558.0459578522,0.0428850139,0.0428850139,0,13451,0,0.0000000000,10.9794673790
4,rr_dec,1.0000000000,0.1000000000,0.8741665554,0.0258334446,150.0000000000,0.0300000000,300,1.0000000000,10000.0000000000,3.0000000000,0.5000000000,879102,879102,32950647,32950647,32397056.1981003433,0.0168006049,0.0168006049,0,13565,0,0.0000000000,10.8039270770
0,rr_dec,1.0000000000,0.1000000000,0.8742396922,0.0257603078,150.0000000000,0.0500000000,500,1.0000000000,10000.0000000000,3.0000000000,0.5000000000,879102,879102,32950647,32950647,35070494.7823076993,0.0643340260,0.0643340260,0,37700,0,0.0000000000,10.6082849740
1,rr_dec,1.0000000000,0.1000000000,0.8740380837,0.0259619163,150.0000000000,0.0500000000,500,1.0000000000,10000.0000000000,3.0000000000,0.5000000000,879102,879102,32950647,32950647,31493795.5768201202,0.0442131356,0.0442131356,0,37761,0,0.0000000000,10.7753192760
2,rr_dec,1.0000000000,0.1000000000,0.8741025851,0.0258974149,150.0000000000,0.0500000000,500,1.0000000000,10000.0000000000,3.0000000000,0.5000000000,879102,879102,32950647,32950647,31322606.0274191797,0.0494084675,0.0494084675,0,37495,0,0.0000000000,10.7735568760
3,rr_dec,1.0000000000,0.1000000000,0.8740693054,0.0259306946,150.0000000000,0.0500000000,500,1.0000000000,10000.0000000000,3.0000000000,0.5000000000,879102,879102,32950647,32950647,30605747.8020794503,0.0711639804,0.0711639804,0,37896,0,0.0000000000,10.7970494760
4,rr_dec,1.0000000000,0.1000000000,0.8741665554,0.0258334446,150.0000000000,0.0500000000,500,1.0000000000,10000.0000000000,3.0000000000,0.5000000000,879102,879102,32950647,32950647,29415821.4275633395,0.1072763631,0.1072763631,0,37508,0,0.0000000000,10.8518716780
0,rr_dec,1.0000000000,0.1000000000,0.8742396922,0.0257603078,150.0000000000,0.0800000000,800,1.0000000000,10000.0000000000,3.0000000000,0.5000000000,879102,879102,32950647,32950647,31923426.1332389377,0.0311745280,0.0311745280,0,96245,0,0.0000000000,10.6914605750
1,rr_dec,1.0000000000,0.1000000000,0.8740380837,0.0259619163,150.0000000000,0.0800000000,800,1.0000000000,10000.0000000000,3.0000000000,0.5000000000,879102,879102,32950647,32950647,30974826.0026324689,0.0599630410,0.0599630410,0,96708,0,0.0000000000,10.8036229770
2,rr_dec,1.0000000000,0.1000000000,0.8741025851,0.0258974149,150.0000000000,0.0800000000,800,1.0000000000,10000.0000000000,3.0000000000,0.5000000000,879102,879102,32950647,32950647,29547629.7196696103,0.1032761900,0.1032761900,0,96392,0,0.0000000000,10.7852407770
3,rr_dec,1.0000000000,0.1000000000,0.8740693054,0.0259306946,150.0000000000,0.0800000000,800,1.0000000000,10000.0000000000,3.0000000000,0.5000000000,879102,879102,32950647,32950647,31532789.5700949430,0.0430297296,0.0430297296,0,96680,0,0.0000000000,11.2611140840
4,rr_dec,1.0000000000,0.1000000000,0.8741665554,0.0258334446,150.0000000000,0.0800000000,800,1.0000000000,10000.0000000000,3.0000000000,0.5000000000,879102,879102,32950647,32950647,29601172.9649851471,0.1016512372,0.1016512372,0,96506,0,0.0000000000,11.3179527850
0,rr_dec,1.0000000000,0.1000000000,0.8742396922,0.0257603078,150.0000000000,0.1000000000,1000,1.0000000000,10000.0000000000,3.0000000000,0.5000000000,879102,879102,32950647,32950647,31707759.7508406192,0.0377196614,0.0377196614,0,150049,0,0.0000000000,11.1856467830
1,rr_dec,1.0000000000,0.1000000000,0.8740380837,0.0259619163,150.0000000000,0.1000000000,1000,1.0000000000,10000.0000000000,3.0000000000,0.5000000000,879102,879102,32950647,32950647,32757208.5736134388,0.0058705502,0.0058705502,0,151443,0,0.0000000000,11.0599970810
2,rr_dec,1.0000000000,0.1000000000,0.8741025851,0.0258974149,150.0000000000,0.1000000000,1000,1.0000000000,10000.0000000000,3.0000000000,0.5000000000,879102,879102,32950647,32950647,30451069.8268677481,0.0758582122,0.0758582122,0,150838,0,0.0000000000,11.6773244910
3,rr_dec,1.0000000000,0.1000000000,0.8740693054,0.0259306946,150.0000000000,0.1000000000,1000,1.0000000000,10000.0000000000,3.0000000000,0.5000000000,879102,879102,32950647,32950647,30566407.6764806658,0.0723578910,0.0723578910,0,150758,0,0.0000000000,11.0403773800
4,rr_dec,1.0000000000,0.1000000000,0.8741665554,0.0258334446,150.0000000000,0.1000000000,1000,1.0000000000,10000.0000000000,3.0000000000,0.5000000000,879102,879102,32950647,32950647,30918811.7080555744,0.0616629862,0.0616629862,0,150697,0,0.0000000000,11.1700544830
0,rr_dec,1.0000000000,0.1000000000,0.8742396922,0.0257603078,150.0000000000,0.1300000000,1300,1.0000000000,10000.0000000000,3.0000000000,0.5000000000,879102,879102,32950647,32950647,32089747.1576501541,0.0261269480,0.0261269480,0,254121,0,0.0000000000,11.4915502890
1,rr_dec,1.0000000000,0.1000000000,0.8740380837,0.0259619163,150.0000000000,0.1300000000,1300,1.0000000000,10000.0000000000,3.0000000000,0.5000000000,879102,879102,32950647,32950647,30990332.3289222457,0.0594924485,0.0594924485,0,256100,0,0.0000000000,11.3812029850
2,rr_dec,1.0000000000,0.1000000000,0.8741025851,0.0258974149,150.0000000000,0.1300000000,1300,1.0000000000,10000.0000000000,3.0000000000,0.5000000000,879102,879102,32950647,32950647,29665473.9463934749,0.0996998042,0.0996998042,0,254312,0,0.0000000000,11.5176440890
3,rr_dec,1.0000000000,0.1000000000,0.8740693054,0.0259306946,150.0000000000,0.1300000000,1300,1.0000000000,10000.0000000000,3.0000000000,0.5000000000,879102,879102,32950647,32950647,32616441.0915128589,0.0101426205,0.0101426205,0,254645,0,0.0000000000,10.7211292760
4,rr_dec,1.0000000000,0.1000000000,0.8741665554,0.0258334446,150.0000000000,0.1300000000,1300,1.0000000000,10000.0000000000,3.0000000000,0.5000000000,879102,879102,32950647,32950647,31404429.2448808253,0.0469252624,0.0469252624,0,254413,0,0.0000000000,10.7844141770
0,rr_dec,1.0000000000,0.1000000000,0.8742396922,0.0257603078,150.0000000000,0.1500000000,1500,1.0000000000,10000.0000000000,3.0000000000,0.5000000000,879102,879102,32950647,32950647,29798170.3176632114,0.0956726793,0.0956726793,0,338896,0,0.0000000000,10.5888856730
1,rr_dec,1.0000000000,0.1000000000,0.8740380837,0.0259619163,150.0000000000,0.1500000000,1500,1.0000000000,10000.0000000000,3.0000000000,0.5000000000,879102,879102,32950647,32950647,27424519.9244784676,0.1677092130,0.1677092130,0,340439,0,0.0000000000,10.8019595770
2,rr_dec,1.0000000000,0.1000000000,0.8741025851,0.0258974149,150.0000000000,0.1500000000,1500,1.0000000000,10000.0000000000,3.0000000000,0.5000000000,879102,879102,32950647,32950647,30287877.2942938842,0.0808108474,0.0808108474,0,338254,0,0.0000000000,10.9554619790
3,rr_dec,1.0000000000,0.1000000000,0.8740693054,0.0259306946,150.0000000000,0.1500000000,1500,1.0000000000,10000.0000000000,3.0000000000,0.5000000000,879102,879102,32950647,32950647,29671438.9350724481,0.0995187762,0.0995187762,0,338267,0,0.0000000000,10.8647758780
4,rr_dec,1.0000000000,0.1000000000,0.8741665554,0.0258334446,150.0000000000,0.1500000000,1500,1.0000000000,10000.0000000000,3.0000000000,0.5000000000,879102,879102,32950647,32950647,29714939.2154062577,0.0981986115,0.0981986115,0,339352,0,0.0000000000,10.7237319760
0,rr_dec,1.0000000000,0.1000000000,0.8742396922,0.0257603078,150.0000000000,0.1800000000,1800,1.0000000000,10000.0000000000,3.0000000000,0.5000000000,879102,879102,32950647,32950647,28883112.0593995638,0.1234432496,0.1234432496,0,487900,0,0.0000000000,10.7454305750
1,rr_dec,1.0000000000,0.1000000000,0.8740380837,0.0259619163,150.0000000000,0.1800000000,1800,1.0000000000,10000.0000000000,3.0000000000,0.5000000000,879102,879102,32950647,32950647,26555363.5769386254,0.1940867329,0.1940867329,0,489458,0,0.0000000000,10.6972977750
2,rr_dec,1.0000000000,0.1000000000,0.8741025851,0.0258974149,150.0000000000,0.1800000000,1800,1.0000000000,10000.0000000000,3.0000000000,0.5000000000,879102,879102,32950647,32950647,29933455.9731622003,0.0915669737,0.0915669737,0,488318,0,0.0000000000,10.9875234800
3,rr_dec,1.0000000000,0.1000000000,0.8740693054,0.0259306946,150.0000000000,0.1800000000,1800,1.0000000000,10000.0000000000,3.0000000000,0.5000000000,879102,879102,32950647,32950647,29311644.7027603649,0.1104379619,0.1104379619,0,488171,0,0.0000000000,10.9470109790
4,rr_dec,1.0000000000,0.1000000000,0.8741665554,0.0258334446,150.0000000000,0.1800000000,1800,1.0000000000,10000.0000000000,3.0000000000,0.5000000000,879102,879102,32950647,32950647,29185456.3673698865,0.1142675782,0.1142675782,0,488768,0,0.0000000000,10.6958607750
0,rr_dec,1.0000000000,0.1000000000,0.8742396922,0.0257603078,150.0000000000,0.2000000000,2000,1.0000000000,10000.0000000000,3.0000000000,0.5000000000,879102,879102,32950647,32950647,28351306.7208873332,0.1395827001,0.1395827001,0,602615,0,0.0000000000,10.7780515770
1,rr_dec,1.0000000000,0.1000000000,0.8740380837,0.0259619163,150.0000000000,0.2000000000,2000,1.0000000000,10000.0000000000,3.0000000000,0.5000000000,879102,879102,32950647,32950647,24785395.7044135183,0.2478024573,0.2478024573,0,604130,0,0.0000000000,10.9620076790
2,rr_dec,1.0000000000,0.1000000000,0.8741025851,0.0258974149,150.0000000000,0.2000000000,2000,1.0000000000,10000.0000000000,3.0000000000,0.5000000000,879102,879102,32950647,32950647,26576111.2812361568,0.1934570729,0.1934570729,0,602811,0,0.0000000000,11.0134232800
3,rr_dec,1.0000000000,0.1000000000,0.8740693054,0.0259306946,150.0000000000,0.2000000000,2000,1.0000000000,10000.0000000000,3.0000000000,0.5000000000,879102,879102,32950647,32950647,27570723.0974932425,0.1632721780,0.1632721780,0,602244,0,0.0000000000,10.6611667740
4,rr_dec,1.0000000000,0.1000000000,0.8741665554,0.0258334446,150.0000000000,0.2000000000,2000,1.0000000000,10000.0000000000,3.0000000000,0.5000000000,879102,879102,32950647,32950647,25788557.7566475421,0.2173580763,0.2173580763,0,603850,0,0.0000000000,10.6901751750
0,lap_fixed_inc,1.0000000000,0.1000000000,0.8742396922,0.0257603078,150.0000000000,0.0300000000,300,1.0000000000,10000.0000000000,3.0000000000,0.5000000000,879102,879102,32950647,32950647,34381095.1221845821,0.0434118372,0.0434118372,0,0,300,3000000.0000000000,10.6410921750
1,lap_fixed_inc,1.0000000000,0.1000000000,0.8740380837,0.0259619163,150.0000000000,0.0300000000,300,1.0000000000,10000.0000000000,3.0000000000,0.5000000000,879102,879102,32950647,32950647,31508447.8577782363,0.0437684620,0.0437684620,0,0,300,3000000.0000000000,10.6480974740
2,lap_fixed_inc,1.0000000000,0.1000000000,0.8741025851,0.0258974149,150.0000000000,0.0300000000,300,1.0000000000,10000.0000000000,3.0000000000,0.5000000000,879102,879102,32950647,32950647,34999999.1608538181,0.0621945955,0.0621945955,0,0,300,3000000.0000000000,10.7825772770
3,lap_fixed_inc,1.0000000000,0.1000000000,0.8740693054,0.0259306946,150.0000000000,0.0300000000,300,1.0000000000,10000.0000000000,3.0000000000,0.5000000000,879102,879102,32950647,32950647,32407408.9187186696,0.0164864162,0.0164864162,0,0,300,3000000.0000000000,10.6005805740
4,lap_fixed_inc,1.0000000000,0.1000000000,0.8741665554,0.0258334446,150.0000000000,0.0300000000,300,1.0000000000,10000.0000000000,3.0000000000,0.5000000000,879102,879102,32950647,32950647,33035577.3457549661,0.0025775016,0.0025775016,0,0,300,3000000.0000000000,10.5595453720
0,lap_fixed_inc,1.0000000000,0.1000000000,0.8742396922,0.0257603078,150.0000000000,0.0500000000,500,1.0000000000,10000.0000000000,3.0000000000,0.5000000000,879102,879102,32950647,32950647,35106810.8398991525,0.0654361609,0.0654361609,0,0,500,5000000.0000000000,10.5878713730
1,lap_fixed_inc,1.0000000000,0.1000000000,0.8740380837,0.0259619163,150.0000000000,0.0500000000,500,1.0000000000,10000.0000000000,3.0000000000,0.5000000000,879102,879102,32950647,32950647,31436222.2514717616,0.0459603949,0.0459603949,0,0,500,5000000.0000000000,10.7659755760
2,lap_fixed_inc,1.0000000000,0.1000000000,0.8741025851,0.0258974149,150.0000000000,0.0500000000,500,1.0000000000,10000.0000000000,3.0000000000,0.5000000000,879102,879102,32950647,32950647,35363600.5724391565,0.0732293230,0.0732293230,0,0,500,5000000.0000000000,10.8802128780
3,lap_fixed_inc,1.0000000000,0.1000000000,0.8740693054,0.0259306946,150.0000000000,0.0500000000,500,1.0000000000,10000.0000000000,3.0000000000,0.5000000000,879102,879102,32950647,32950647,31980585.4237883426,0.0294398339,0.0294398339,0,0,500,5000000.0000000000,10.8447996780
4,lap_fixed_inc,1.0000000000,0.1000000000,0.8741665554,0.0258334446,150.0000000000,0.0500000000,500,1.0000000000,10000.0000000000,3.0000000000,0.5000000000,879102,879102,32950647,32950647,34219406.2207654864,0.0385048348,0.0385048348,0,0,500,5000000.0000000000,11.2229673840
0,lap_fixed_inc,1.0000000000,0.1000000000,0.8742396922,0.0257603078,150.0000000000,0.0800000000,800,1.0000000000,10000.0000000000,3.0000000000,0.5000000000,879102,879102,32950647,32950647,36241433.3845911622,0.0998701599,0.0998701599,0,0,800,8000000.0000000000,11.1209816820
1,lap_fixed_inc,1.0000000000,0.1000000000,0.8740380837,0.0259619163,150.0000000000,0.0800000000,800,1.0000000000,10000.0000000000,3.0000000000,0.5000000000,879102,879102,32950647,32950647,32954892.4116020985,0.0001288415,0.0001288415,0,0,800,8000000.0000000000,11.6880341910
2,lap_fixed_inc,1.0000000000,0.1000000000,0.8741025851,0.0258974149,150.0000000000,0.0800000000,800,1.0000000000,10000.0000000000,3.0000000000,0.5000000000,879102,879102,32950647,32950647,36178200.2540539354,0.0979511344,0.0979511344,0,0,800,8000000.0000000000,11.0432358810
3,lap_fixed_inc,1.0000000000,0.1000000000,0.8740693054,0.0259306946,150.0000000000,0.0800000000,800,1.0000000000,10000.0000000000,3.0000000000,0.5000000000,879102,879102,32950647,32950647,32800092.1705902927,0.0045691009,0.0045691009,0,0,800,8000000.0000000000,11.3701481860
4,lap_fixed_inc,1.0000000000,0.1000000000,0.8741665554,0.0258334446,150.0000000000,0.0800000000,800,1.0000000000,10000.0000000000,3.0000000000,0.5000000000,879102,879102,32950647,32950647,35693330.7671112046,0.0832361127,0.0832361127,0,0,800,8000000.0000000000,11.3958957870
0,lap_fixed_inc,1.0000000000,0.1000000000,0.8742396922,0.0257603078,150.0000000000,0.1000000000,1000,1.0000000000,10000.0000000000,3.0000000000,0.5000000000,879102,879102,32950647,32950647,37163042.0008700937,0.1278395232,0.1278395232,0,0,1000,10000000.0000000000,11.4098856870
1,lap_fixed_inc,1.0000000000,0.1000000000,0.8740380837,0.0259619163,150.0000000000,0.1000000000,1000,1.0000000000,10000.0000000000,3.0000000000,0.5000000000,879102,879102,32950647,32950647,33964118.6609188989,0.0307572613,0.0307572613,0,0,1000,10000000.0000000000,11.6272122900
2,lap_fixed_inc,1.0000000000,0.1000000000,0.8741025851,0.0258974149,150.0000000000,0.1000000000,1000,1.0000000000,10000.0000000000,3.0000000000,0.5000000000,879102,879102,32950647,32950647,38151112.8194172382,0.1578259091,0.1578259091,0,0,1000,10000000.0000000000,11.2369015850
3,lap_fixed_inc,1.0000000000,0.1000000000,0.8740693054,0.0259306946,150.0000000000,0.1000000000,1000,1.0000000000,10000.0000000000,3.0000000000,0.5000000000,879102,879102,32950647,32950647,33467081.4739271440,0.0156729692,0.0156729692,0,0,1000,10000000.0000000000,10.9694138800
4,lap_fixed_inc,1.0000000000,0.1000000000,0.8741665554,0.0258334446,150.0000000000,0.1000000000,1000,1.0000000000,10000.0000000000,3.0000000000,0.5000000000,879102,879102,32950647,32950647,36209164.2954912111,0.0988908441,0.0988908441,0,0,1000,10000000.0000000000,10.9839770790
0,lap_fixed_inc,1.0000000000,0.1000000000,0.8742396922,0.0257603078,150.0000000000,0.1300000000,1300,1.0000000000,10000.0000000000,3.0000000000,0.5000000000,879102,879102,32950647,32950647,37295858.7879882231,0.1318703025,0.1318703025,0,0,1300,13000000.0000000000,11.6544974910
1,lap_fixed_inc,1.0000000000,0.1000000000,0.8740380837,0.0259619163,150.0000000000,0.1300000000,1300,1.0000000000,10000.0000000000,3.0000000000,0.5000000000,879102,879102,32950647,32950647,34757452.8466815427,0.0548336986,0.0548336986,0,0,1300,13000000.0000000000,11.0279407800
2,lap_fixed_inc,1.0000000000,0.1000000000,0.8741025851,0.0258974149,150.0000000000,0.1300000000,1300,1.0000000000,10000.0000000000,3.0000000000,0.5000000000,879102,879102,32950647,32950647,39232638.4087024629,0.1906484995,0.1906484995,0,0,1300,13000000.0000000000,10.8614991780
3,lap_fixed_inc,1.0000000000,0.1000000000,0.8740693054,0.0259306946,150.0000000000,0.1300000000,1300,1.0000000000,10000.0000000000,3.0000000000,0.5000000000,879102,879102,32950647,32950647,34082828.0472330078,0.0343599034,0.0343599034,0,0,1300,13000000.0000000000,11.0587737810
4,lap_fixed_inc,1.0000000000,0.1000000000,0.8741665554,0.0258334446,150.0000000000,0.1300000000,1300,1.0000000000,10000.0000000000,3.0000000000,0.5000000000,879102,879102,32950647,32950647,36428488.0481923670,0.1055469730,0.1055469730,0,0,1300,13000000.0000000000,11.1535354820
0,lap_fixed_inc,1.0000000000,0.1000000000,0.8742396922,0.0257603078,150.0000000000,0.1500000000,1500,1.0000000000,10000.0000000000,3.0000000000,0.5000000000,879102,879102,32950647,32950647,38926182.1503239349,0.1813480370,0.1813480370,0,0,1500,15000000.0000000000,11.0027963800
1,lap_fixed_inc,1.0000000000,0.1000000000,0.8740380837,0.0259619163,150.0000000000,0.1500000000,1500,1.0000000000,10000.0000000000,3.0000000000,0.5000000000,879102,879102,32950647,32950647,35231211.3742548749,0.0692115203,0.0692115203,0,0,1500,15000000.0000000000,10.9214755780
2,lap_fixed_inc,1.0000000000,0.1000000000,0.8741025851,0.0258974149,150.0000000000,0.1500000000,1500,1.0000000000,10000.0000000000,3.0000000000,0.5000000000,879102,879102,32950647,32950647,38325754.2797908038,0.1631260011,0.1631260011,0,0,1500,15000000.0000000000,10.7100157750
3,lap_fixed_inc,1.0000000000,0.1000000000,0.8740693054,0.0259306946,150.0000000000,0.1500000000,1500,1.0000000000,10000.0000000000,3.0000000000,0.5000000000,879102,879102,32950647,32950647,37881160.6309232488,0.1496332874,0.1496332874,0,0,1500,15000000.0000000000,10.8151072770
4,lap_fixed_inc,1.0000000000,0.1000000000,0.8741665554,0.0258334446,150.0000000000,0.1500000000,1500,1.0000000000,10000.0000000000,3.0000000000,0.5000000000,879102,879102,32950647,32950647,37715110.8659685180,0.1445939397,0.1445939397,0,0,1500,15000000.0000000000,10.7626060760
0,lap_fixed_inc,1.0000000000,0.1000000000,0.8742396922,0.0257603078,150.0000000000,0.1800000000,1800,1.0000000000,10000.0000000000,3.0000000000,0.5000000000,879102,879102,32950647,32950647,40132135.3548494875,0.2179468086,0.2179468086,0,0,1800,18000000.0000000000,11.4771238870
1,lap_fixed_inc,1.0000000000,0.1000000000,0.8740380837,0.0259619163,150.0000000000,0.1800000000,1800,1.0000000000,10000.0000000000,3.0000000000,0.5000000000,879102,879102,32950647,32950647,37211220.9366203845,0.1293016776,0.1293016776,0,0,1800,18000000.0000000000,10.7491876760
2,lap_fixed_inc,1.0000000000,0.1000000000,0.8741025851,0.0258974149,150.0000000000,0.1800000000,1800,1.0000000000,10000.0000000000,3.0000000000,0.5000000000,879102,879102,32950647,32950647,39876536.5933735520,0.2101897906,0.2101897906,0,0,1800,18000000.0000000000,10.7338413750
3,lap_fixed_inc,1.0000000000,0.1000000000,0.8740693054,0.0259306946,150.0000000000,0.1800000000,1800,1.0000000000,10000.0000000000,3.0000000000,0.5000000000,879102,879102,32950647,32950647,36005928.2785113230,0.0927229526,0.0927229526,0,0,1800,18000000.0000000000,10.7606620760
4,lap_fixed_inc,1.0000000000,0.1000000000,0.8741665554,0.0258334446,150.0000000000,0.1800000000,1800,1.0000000000,10000.0000000000,3.0000000000,0.5000000000,879102,879102,32950647,32950647,39480095.5123779252,0.1981584311,0.1981584311,0,0,1800,18000000.0000000000,10.7983404760
0,lap_fixed_inc,1.0000000000,0.1000000000,0.8742396922,0.0257603078,150.0000000000,0.2000000000,2000,1.0000000000,10000.0000000000,3.0000000000,0.5000000000,879102,879102,32950647,32950647,39013436.2175298333,0.1839960599,0.1839960599,0,0,2000,20000000.0000000000,11.1078197830
1,lap_fixed_inc,1.0000000000,0.1000000000,0.8740380837,0.0259619163,150.0000000000,0.2000000000,2000,1.0000000000,10000.0000000000,3.0000000000,0.5000000000,879102,879102,32950647,32950647,37464076.3767097965,0.1369754402,0.1369754402,0,0,2000,20000000.0000000000,11.3814042860
2,lap_fixed_inc,1.0000000000,0.1000000000,0.8741025851,0.0258974149,150.0000000000,0.2000000000,2000,1.0000000000,10000.0000000000,3.0000000000,0.5000000000,879102,879102,32950647,32950647,41416079.8927701190,0.2569124938,0.2569124938,0,0,2000,20000000.0000000000,11.1383627820
3,lap_fixed_inc,1.0000000000,0.1000000000,0.8740693054,0.0259306946,150.0000000000,0.2000000000,2000,1.0000000000,10000.0000000000,3.0000000000,0.5000000000,879102,879102,32950647,32950647,38397854.4324104413,0.1653141267,0.1653141267,0,0,2000,20000000.0000000000,11.0400063800
4,lap_fixed_inc,1.0000000000,0.1000000000,0.8741665554,0.0258334446,150.0000000000,0.2000000000,2000,1.0000000000,10000.0000000000,3.0000000000,0.5000000000,879102,879102,32950647,32950647,40091561.0696370751,0.2167154432,0.2167154432,0,0,2000,20000000.0000000000,11.3233069860
0,lap_fixed_dec,1.0000000000,0.1000000000,0.8742396922,0.0257603078,150.0000000000,0.0300000000,300,1.0000000000,10000.0000000000,3.0000000000,0.5000000000,879102,879102,32950647,32950647,32381095.1221845113,0.0172849983,0.0172849983,0,0,300,-3000000.0000000000,11.1033343810
1,lap_fixed_dec,1.0000000000,0.1000000000,0.8740380837,0.0259619163,150.0000000000,0.0300000000,300,1.0000000000,10000.0000000000,3.0000000000,0.5000000000,879102,879102,32950647,32950647,29508447.8577782474,0.1044652975,0.1044652975,0,0,300,-3000000.0000000000,10.8673005780
2,lap_fixed_dec,1.0000000000,0.1000000000,0.8741025851,0.0258974149,150.0000000000,0.0300000000,300,1.0000000000,10000.0000000000,3.0000000000,0.5000000000,879102,879102,32950647,32950647,32999999.1608538143,0.0014977600,0.0014977600,0,0,300,-3000000.0000000000,10.7109978750
3,lap_fixed_dec,1.0000000000,0.1000000000,0.8740693054,0.0259306946,150.0000000000,0.0300000000,300,1.0000000000,10000.0000000000,3.0000000000,0.5000000000,879102,879102,32950647,32950647,30407408.9187186807,0.0771832517,0.0771832517,0,0,300,-3000000.0000000000,10.6264925740
4,lap_fixed_dec,1.0000000000,0.1000000000,0.8741665554,0.0258334446,150.0000000000,0.0300000000,300,1.0000000000,10000.0000000000,3.0000000000,0.5000000000,879102,879102,32950647,32950647,31035577.3457549773,0.0581193339,0.0581193339,0,0,300,-3000000.0000000000,10.6330911740
0,lap_fixed_dec,1.0000000000,0.1000000000,0.8742396922,0.0257603078,150.0000000000,0.0500000000,500,1.0000000000,10000.0000000000,3.0000000000,0.5000000000,879102,879102,32950647,32950647,31773477.5065658800,0.0357252315,0.0357252315,0,0,500,-5000000.0000000000,10.9531339790
1,lap_fixed_dec,1.0000000000,0.1000000000,0.8740380837,0.0259619163,150.0000000000,0.0500000000,500,1.0000000000,10000.0000000000,3.0000000000,0.5000000000,879102,879102,32950647,32950647,28102888.9181382619,0.1471217874,0.1471217874,0,0,500,-5000000.0000000000,10.9401802790
2,lap_fixed_dec,1.0000000000,0.1000000000,0.8741025851,0.0258974149,150.0000000000,0.0500000000,500,1.0000000000,10000.0000000000,3.0000000000,0.5000000000,879102,879102,32950647,32950647,32030267.2391058095,0.0279320695,0.0279320695,0,0,500,-5000000.0000000000,10.6882982750
3,lap_fixed_dec,1.0000000000,0.1000000000,0.8740693054,0.0259306946,150.0000000000,0.0500000000,500,1.0000000000,10000.0000000000,3.0000000000,0.5000000000,879102,879102,32950647,32950647,28647252.0904549621,0.1306012264,0.1306012264,0,0,500,-5000000.0000000000,10.5918493730
4,lap_fixed_dec,1.0000000000,0.1000000000,0.8741665554,0.0258334446,150.0000000000,0.0500000000,500,1.0000000000,10000.0000000000,3.0000000000,0.5000000000,879102,879102,32950647,32950647,30886072.8874321729,0.0626565576,0.0626565576,0,0,500,-5000000.0000000000,11.0301167800
0,lap_fixed_dec,1.0000000000,0.1000000000,0.8742396922,0.0257603078,150.0000000000,0.0800000000,800,1.0000000000,10000.0000000000,3.0000000000,0.5000000000,879102,879102,32950647,32950647,30908100.0512577780,0.0619880681,0.0619880681,0,0,800,-8000000.0000000000,10.7685791760
1,lap_fixed_dec,1.0000000000,0.1000000000,0.8740380837,0.0259619163,150.0000000000,0.0800000000,800,1.0000000000,10000.0000000000,3.0000000000,0.5000000000,879102,879102,32950647,32950647,27621559.0782687366,0.1617293864,0.1617293864,0,0,800,-8000000.0000000000,10.6375830740
2,lap_fixed_dec,1.0000000000,0.1000000000,0.8741025851,0.0258974149,150.0000000000,0.0800000000,800,1.0000000000,10000.0000000000,3.0000000000,0.5000000000,879102,879102,32950647,32950647,30844866.9207205512,0.0639070935,0.0639070935,0,0,800,-8000000.0000000000,10.6894838750
3,lap_fixed_dec,1.0000000000,0.1000000000,0.8740693054,0.0259306946,150.0000000000,0.0800000000,800,1.0000000000,10000.0000000000,3.0000000000,0.5000000000,879102,879102,32950647,32950647,27466758.8372570127,0.1664273288,0.1664273288,0,0,800,-8000000.0000000000,10.6843215740
4,lap_fixed_dec,1.0000000000,0.1000000000,0.8741665554,0.0258334446,150.0000000000,0.0800000000,800,1.0000000000,10000.0000000000,3.0000000000,0.5000000000,879102,879102,32950647,32950647,30359997.4337778687,0.0786221153,0.0786221153,0,0,800,-8000000.0000000000,10.7612331760
0,lap_fixed_dec,1.0000000000,0.1000000000,0.8742396922,0.0257603078,150.0000000000,0.1000000000,1000,1.0000000000,10000.0000000000,3.0000000000,0.5000000000,879102,879102,32950647,32950647,30496375.3342033066,0.0744832618,0.0744832618,0,0,1000,-10000000.0000000000,10.9873021800
1,lap_fixed_dec,1.0000000000,0.1000000000,0.8740380837,0.0259619163,150.0000000000,0.1000000000,1000,1.0000000000,10000.0000000000,3.0000000000,0.5000000000,879102,879102,32950647,32950647,27297451.9942522533,0.1715655236,0.1715655236,0,0,1000,-10000000.0000000000,11.2435294840
2,lap_fixed_dec,1.0000000000,0.1000000000,0.8741025851,0.0258974149,150.0000000000,0.1000000000,1000,1.0000000000,10000.0000000000,3.0000000000,0.5000000000,879102,879102,32950647,32950647,31484446.1527506299,0.0444968758,0.0444968758,0,0,1000,-10000000.0000000000,11.2692172850
3,lap_fixed_dec,1.0000000000,0.1000000000,0.8740693054,0.0259306946,150.0000000000,0.1000000000,1000,1.0000000000,10000.0000000000,3.0000000000,0.5000000000,879102,879102,32950647,32950647,26800414.8072604202,0.1866498158,0.1866498158,0,0,1000,-10000000.0000000000,11.0609245810
4,lap_fixed_dec,1.0000000000,0.1000000000,0.8741665554,0.0258334446,150.0000000000,0.1000000000,1000,1.0000000000,10000.0000000000,3.0000000000,0.5000000000,879102,879102,32950647,32950647,29542497.6288245022,0.1034319408,0.1034319408,0,0,1000,-10000000.0000000000,10.9513058800
0,lap_fixed_dec,1.0000000000,0.1000000000,0.8742396922,0.0257603078,150.0000000000,0.1300000000,1300,1.0000000000,10000.0000000000,3.0000000000,0.5000000000,879102,879102,32950647,32950647,28629192.1213215552,0.1311493179,0.1311493179,0,0,1300,-13000000.0000000000,11.2779372840
1,lap_fixed_dec,1.0000000000,0.1000000000,0.8740380837,0.0259619163,150.0000000000,0.1300000000,1300,1.0000000000,10000.0000000000,3.0000000000,0.5000000000,879102,879102,32950647,32950647,26090786.1800147891,0.2081859218,0.2081859218,0,0,1300,-13000000.0000000000,11.4360124870
2,lap_fixed_dec,1.0000000000,0.1000000000,0.8741025851,0.0258974149,150.0000000000,0.1300000000,1300,1.0000000000,10000.0000000000,3.0000000000,0.5000000000,879102,879102,32950647,32950647,30565971.7420358248,0.0723711209,0.0723711209,0,0,1300,-13000000.0000000000,10.9460621800
3,lap_fixed_dec,1.0000000000,0.1000000000,0.8740693054,0.0259306946,150.0000000000,0.1300000000,1300,1.0000000000,10000.0000000000,3.0000000000,0.5000000000,879102,879102,32950647,32950647,25416161.3805661947,0.2286597170,0.2286597170,0,0,1300,-13000000.0000000000,10.8799019790
4,lap_fixed_dec,1.0000000000,0.1000000000,0.8741665554,0.0258334446,150.0000000000,0.1300000000,1300,1.0000000000,10000.0000000000,3.0000000000,0.5000000000,879102,879102,32950647,32950647,27761821.3815257512,0.1574726475,0.1574726475,0,0,1300,-13000000.0000000000,11.2106412840
0,lap_fixed_dec,1.0000000000,0.1000000000,0.8742396922,0.0257603078,150.0000000000,0.1500000000,1500,1.0000000000,10000.0000000000,3.0000000000,0.5000000000,879102,879102,32950647,32950647,28926182.1503239572,0.1221361404,0.1221361404,0,0,1500,-15000000.0000000000,11.4040508870
1,lap_fixed_dec,1.0000000000,0.1000000000,0.8740380837,0.0259619163,150.0000000000,0.1500000000,1500,1.0000000000,10000.0000000000,3.0000000000,0.5000000000,879102,879102,32950647,32950647,25231211.3742549382,0.2342726571,0.2342726571,0,0,1500,-15000000.0000000000,11.3180443850
2,lap_fixed_dec,1.0000000000,0.1000000000,0.8741025851,0.0258974149,150.0000000000,0.1500000000,1500,1.0000000000,10000.0000000000,3.0000000000,0.5000000000,879102,879102,32950647,32950647,28325754.2797909342,0.1403581763,0.1403581763,0,0,1500,-15000000.0000000000,10.6725045750
3,lap_fixed_dec,1.0000000000,0.1000000000,0.8740693054,0.0259306946,150.0000000000,0.1500000000,1500,1.0000000000,10000.0000000000,3.0000000000,0.5000000000,879102,879102,32950647,32950647,27881160.6309231482,0.1538508901,0.1538508901,0,0,1500,-15000000.0000000000,10.6996276750
4,lap_fixed_dec,1.0000000000,0.1000000000,0.8741665554,0.0258334446,150.0000000000,0.1500000000,1500,1.0000000000,10000.0000000000,3.0000000000,0.5000000000,879102,879102,32950647,32950647,27715110.8659686148,0.1588902377,0.1588902377,0,0,1500,-15000000.0000000000,10.9065907780
0,lap_fixed_dec,1.0000000000,0.1000000000,0.8742396922,0.0257603078,150.0000000000,0.1800000000,1800,1.0000000000,10000.0000000000,3.0000000000,0.5000000000,879102,879102,32950647,32950647,28132135.3548495173,0.1462342043,0.1462342043,0,0,1800,-18000000.0000000000,11.4906157880
1,lap_fixed_dec,1.0000000000,0.1000000000,0.8740380837,0.0259619163,150.0000000000,0.1800000000,1800,1.0000000000,10000.0000000000,3.0000000000,0.5000000000,879102,879102,32950647,32950647,25211220.9366204403,0.2348793352,0.2348793352,0,0,1800,-18000000.0000000000,10.7856570770
2,lap_fixed_dec,1.0000000000,0.1000000000,0.8741025851,0.0258974149,150.0000000000,0.1800000000,1800,1.0000000000,10000.0000000000,3.0000000000,0.5000000000,879102,879102,32950647,32950647,27876536.5933734663,0.1539912223,0.1539912223,0,0,1800,-18000000.0000000000,10.7440716760
3,lap_fixed_dec,1.0000000000,0.1000000000,0.8740693054,0.0259306946,150.0000000000,0.1800000000,1800,1.0000000000,10000.0000000000,3.0000000000,0.5000000000,879102,879102,32950647,32950647,24005928.2785112709,0.2714580603,0.2714580603,0,0,1800,-18000000.0000000000,11.1501862820
4,lap_fixed_dec,1.0000000000,0.1000000000,0.8741665554,0.0258334446,150.0000000000,0.1800000000,1800,1.0000000000,10000.0000000000,3.0000000000,0.5000000000,879102,879102,32950647,32950647,27480095.5123778693,0.1660225818,0.1660225818,0,0,1800,-18000000.0000000000,11.2513187840
0,lap_fixed_dec,1.0000000000,0.1000000000,0.8742396922,0.0257603078,150.0000000000,0.2000000000,2000,1.0000000000,10000.0000000000,3.0000000000,0.5000000000,879102,879102,32950647,32950647,25680102.8841965497,0.2206495100,0.2206495100,0,0,2000,-20000000.0000000000,11.3372981850
1,lap_fixed_dec,1.0000000000,0.1000000000,0.8740380837,0.0259619163,150.0000000000,0.2000000000,2000,1.0000000000,10000.0000000000,3.0000000000,0.5000000000,879102,879102,32950647,32950647,24130743.0433764644,0.2676701297,0.2676701297,0,0,2000,-20000000.0000000000,11.1452606820
2,lap_fixed_dec,1.0000000000,0.1000000000,0.8741025851,0.0258974149,150.0000000000,0.2000000000,2000,1.0000000000,10000.0000000000,3.0000000000,0.5000000000,879102,879102,32950647,32950647,28082746.5594368912,0.1477330761,0.1477330761,0,0,2000,-20000000.0000000000,11.2236911830
3,lap_fixed_dec,1.0000000000,0.1000000000,0.8740693054,0.0259306946,150.0000000000,0.2000000000,2000,1.0000000000,10000.0000000000,3.0000000000,0.5000000000,879102,879102,32950647,32950647,25064521.0990770496,0.2393314432,0.2393314432,0,0,2000,-20000000.0000000000,11.6879469910
4,lap_fixed_dec,1.0000000000,0.1000000000,0.8741665554,0.0258334446,150.0000000000,0.2000000000,2000,1.0000000000,10000.0000000000,3.0000000000,0.5000000000,879102,879102,32950647,32950647,26758227.7363037616,0.1879301266,0.1879301266,0,0,2000,-20000000.0000000000,10.8263877770
0,lap_scale_inc,1.0000000000,0.1000000000,0.8742396922,0.0257603078,150.0000000000,0.0300000000,300,1.0000000000,10000.0000000000,3.0000000000,0.5000000000,879102,879102,32950647,32950647,40459958.9664381221,0.2278957365,0.2278957365,0,0,300,21236591.5327607915,10.7374651750
1,lap_scale_inc,1.0000000000,0.1000000000,0.8740380837,0.0259619163,150.0000000000,0.0300000000,300,1.0000000000,10000.0000000000,3.0000000000,0.5000000000,879102,879102,32950647,32950647,37046023.6563703939,0.1242882016,0.1242882016,0,0,300,19612727.3957763277,10.8503683780
2,lap_scale_inc,1.0000000000,0.1000000000,0.8741025851,0.0258974149,150.0000000000,0.0300000000,300,1.0000000000,10000.0000000000,3.0000000000,0.5000000000,879102,879102,32950647,32950647,40585009.2548561916,0.2316908149,0.2316908149,0,0,300,19755030.2820071802,10.7500767760
3,lap_scale_inc,1.0000000000,0.1000000000,0.8740693054,0.0259306946,150.0000000000,0.0300000000,300,1.0000000000,10000.0000000000,3.0000000000,0.5000000000,879102,879102,32950647,32950647,38314615.3056199178,0.1627879509,0.1627879509,0,0,300,20721619.1607037410,11.3008662850
4,lap_scale_inc,1.0000000000,0.1000000000,0.8741665554,0.0258334446,150.0000000000,0.0300000000,300,1.0000000000,10000.0000000000,3.0000000000,0.5000000000,879102,879102,32950647,32950647,38800352.9671767876,0.1775293204,0.1775293204,0,0,300,20294326.8642655611,10.7109295750
0,lap_scale_inc,1.0000000000,0.1000000000,0.8742396922,0.0257603078,150.0000000000,0.0500000000,500,1.0000000000,10000.0000000000,3.0000000000,0.5000000000,879102,879102,32950647,32950647,44701899.9899141043,0.3566319347,0.3566319347,0,0,500,33785267.4500446618,10.8331952770
1,lap_scale_inc,1.0000000000,0.1000000000,0.8740380837,0.0259619163,150.0000000000,0.0500000000,500,1.0000000000,10000.0000000000,3.0000000000,0.5000000000,879102,879102,32950647,32950647,40851798.0352681503,0.2397874323,0.2397874323,0,0,500,33246727.3513895571,10.8206719770
2,lap_scale_inc,1.0000000000,0.1000000000,0.8741025851,0.0258974149,150.0000000000,0.0500000000,500,1.0000000000,10000.0000000000,3.0000000000,0.5000000000,879102,879102,32950647,32950647,44633213.5188891217,0.3545474090,0.3545474090,0,0,500,32808838.8393501341,11.8525015930
3,lap_scale_inc,1.0000000000,0.1000000000,0.8740693054,0.0259306946,150.0000000000,0.0500000000,500,1.0000000000,10000.0000000000,3.0000000000,0.5000000000,879102,879102,32950647,32950647,41339626.6860787421,0.2545922599,0.2545922599,0,0,500,33077123.7868707702,14.7959209430
4,lap_scale_inc,1.0000000000,0.1000000000,0.8741665554,0.0258334446,150.0000000000,0.0500000000,500,1.0000000000,10000.0000000000,3.0000000000,0.5000000000,879102,879102,32950647,32950647,43766951.4644075707,0.3282577263,0.3282577263,0,0,500,33642635.7309263870,14.5263540380
0,lap_scale_inc,1.0000000000,0.1000000000,0.8742396922,0.0257603078,150.0000000000,0.0800000000,800,1.0000000000,10000.0000000000,3.0000000000,0.5000000000,879102,879102,32950647,32950647,51194908.2832246125,0.5536844628,0.5536844628,0,0,800,52860424.6959003434,11.8183830940
1,lap_scale_inc,1.0000000000,0.1000000000,0.8740380837,0.0259619163,150.0000000000,0.0800000000,800,1.0000000000,10000.0000000000,3.0000000000,0.5000000000,879102,879102,32950647,32950647,47789906.2646517679,0.4503480391,0.4503480391,0,0,800,52505041.5591489002,11.2249221840
2,lap_scale_inc,1.0000000000,0.1000000000,0.8741025851,0.0258974149,150.0000000000,0.0800000000,800,1.0000000000,10000.0000000000,3.0000000000,0.5000000000,879102,879102,32950647,32950647,50586277.3170719147,0.5352134760,0.5352134760,0,0,800,51224231.1890529096,11.2379752830
3,lap_scale_inc,1.0000000000,0.1000000000,0.8740693054,0.0259306946,150.0000000000,0.0800000000,800,1.0000000000,10000.0000000000,3.0000000000,0.5000000000,879102,879102,32950647,32950647,47389023.2362867221,0.4381818735,0.4381818735,0,0,800,51766793.1970885992,10.9849675800
4,lap_scale_inc,1.0000000000,0.1000000000,0.8741665554,0.0258334446,150.0000000000,0.0800000000,800,1.0000000000,10000.0000000000,3.0000000000,0.5000000000,879102,879102,32950647,32950647,50789267.6495129392,0.5413739114,0.5413739114,0,0,800,53287810.6472055614,10.5749879720
0,lap_scale_inc,1.0000000000,0.1000000000,0.8742396922,0.0257603078,150.0000000000,0.1000000000,1000,1.0000000000,10000.0000000000,3.0000000000,0.5000000000,879102,879102,32950647,32950647,55703402.1567696333,0.6905101183,0.6905101183,0,0,1000,65621080.4676994309,10.9091393780
1,lap_scale_inc,1.0000000000,0.1000000000,0.8740380837,0.0259619163,150.0000000000,0.1000000000,1000,1.0000000000,10000.0000000000,3.0000000000,0.5000000000,879102,879102,32950647,32950647,52579470.6299445704,0.5957037393,0.5957037393,0,0,1000,65846055.9070763439,11.0473575810
2,lap_scale_inc,1.0000000000,0.1000000000,0.8741025851,0.0258974149,150.0000000000,0.1000000000,1000,1.0000000000,10000.0000000000,3.0000000000,0.5000000000,879102,879102,32950647,32950647,56326851.8333344832,0.7094308295,0.7094308295,0,0,1000,64527217.0417512283,10.9487133790
3,lap_scale_inc,1.0000000000,0.1000000000,0.8740693054,0.0259306946,150.0000000000,0.1000000000,1000,1.0000000000,10000.0000000000,3.0000000000,0.5000000000,879102,879102,32950647,32950647,51448214.6246840954,0.5613719095,0.5613719095,0,0,1000,63943399.4522711113,11.0165347800
4,lap_scale_inc,1.0000000000,0.1000000000,0.8741665554,0.0258334446,150.0000000000,0.1000000000,1000,1.0000000000,10000.0000000000,3.0000000000,0.5000000000,879102,879102,32950647,32950647,54854684.0863717422,0.6647528677,0.6647528677,0,0,1000,65936559.3726416230,11.6221630900
0,lap_scale_inc,1.0000000000,0.1000000000,0.8742396922,0.0257603078,150.0000000000,0.1300000000,1300,1.0000000000,10000.0000000000,3.0000000000,0.5000000000,879102,879102,32950647,32950647,61436594.2729680017,0.8645034276,0.8645034276,0,0,1300,85422206.4549394548,11.5274954890
1,lap_scale_inc,1.0000000000,0.1000000000,0.8740380837,0.0259619163,150.0000000000,0.1300000000,1300,1.0000000000,10000.0000000000,3.0000000000,0.5000000000,879102,879102,32950647,32950647,59052311.7061279938,0.7921442242,0.7921442242,0,0,1300,85884576.5783406943,11.9681199950
2,lap_scale_inc,1.0000000000,0.1000000000,0.8741025851,0.0258974149,150.0000000000,0.1300000000,1300,1.0000000000,10000.0000000000,3.0000000000,0.5000000000,879102,879102,32950647,32950647,62793208.3705374375,0.9056745189,0.9056745189,0,0,1300,83681709.8855051100,11.8644467940
3,lap_scale_inc,1.0000000000,0.1000000000,0.8740693054,0.0259306946,150.0000000000,0.1300000000,1300,1.0000000000,10000.0000000000,3.0000000000,0.5000000000,879102,879102,32950647,32950647,57593994.3151205704,0.7478865989,0.7478865989,0,0,1300,83533498.8036631197,11.4918921880
4,lap_scale_inc,1.0000000000,0.1000000000,0.8741665554,0.0258334446,150.0000000000,0.1300000000,1300,1.0000000000,10000.0000000000,3.0000000000,0.5000000000,879102,879102,32950647,32950647,60644769.1905849203,0.8404727892,0.8404727892,0,0,1300,85648843.4271779358,11.7577706920
0,lap_scale_inc,1.0000000000,0.1000000000,0.8742396922,0.0257603078,150.0000000000,0.1500000000,1500,1.0000000000,10000.0000000000,3.0000000000,0.5000000000,879102,879102,32950647,32950647,66712710.8470850214,1.0246252174,1.0246252174,0,0,1500,98359586.0902841687,11.3542362860
1,lap_scale_inc,1.0000000000,0.1000000000,0.8740380837,0.0259619163,150.0000000000,0.1500000000,1500,1.0000000000,10000.0000000000,3.0000000000,0.5000000000,879102,879102,32950647,32950647,63163807.8651659191,0.9169216272,0.9169216272,0,0,1500,98797789.4727326035,11.2880722850
2,lap_scale_inc,1.0000000000,0.1000000000,0.8741025851,0.0258974149,150.0000000000,0.1500000000,1500,1.0000000000,10000.0000000000,3.0000000000,0.5000000000,879102,879102,32950647,32950647,65496965.9476061985,0.9877292834,0.9877292834,0,0,1500,96513635.0034465939,11.0659060810
3,lap_scale_inc,1.0000000000,0.1000000000,0.8740693054,0.0259306946,150.0000000000,0.1500000000,1500,1.0000000000,10000.0000000000,3.0000000000,0.5000000000,879102,879102,32950647,32950647,64849920.6222413778,0.9680924815,0.9680924815,0,0,1500,95906279.9739531428,10.9609781790
4,lap_scale_inc,1.0000000000,0.1000000000,0.8741665554,0.0258334446,150.0000000000,0.1500000000,1500,1.0000000000,10000.0000000000,3.0000000000,0.5000000000,879102,879102,32950647,32950647,66005218.3582159653,1.0031539398,1.0031539398,0,0,1500,99870322.4767407328,11.2283521840
0,lap_scale_inc,1.0000000000,0.1000000000,0.8742396922,0.0257603078,150.0000000000,0.1800000000,1800,1.0000000000,10000.0000000000,3.0000000000,0.5000000000,879102,879102,32950647,32950647,73418264.0795920044,1.2281281481,1.2281281481,0,0,1800,117858386.1742275953,11.6197301890
1,lap_scale_inc,1.0000000000,0.1000000000,0.8740380837,0.0259619163,150.0000000000,0.1800000000,1800,1.0000000000,10000.0000000000,3.0000000000,0.5000000000,879102,879102,32950647,32950647,70231590.7445708364,1.1314176545,1.1314176545,0,0,1800,117061109.4238518625,11.2853517850
2,lap_scale_inc,1.0000000000,0.1000000000,0.8741025851,0.0258974149,150.0000000000,0.1800000000,1800,1.0000000000,10000.0000000000,3.0000000000,0.5000000000,879102,879102,32950647,32950647,72803723.6532707214,1.2094778185,1.2094778185,0,0,1800,116781561.1796918958,11.0764964810
3,lap_scale_inc,1.0000000000,0.1000000000,0.8740693054,0.0259306946,150.0000000000,0.1800000000,1800,1.0000000000,10000.0000000000,3.0000000000,0.5000000000,879102,879102,32950647,32950647,68676935.1979321241,1.0842363186,1.0842363186,0,0,1800,116013020.7582621425,11.4229891860
4,lap_scale_inc,1.0000000000,0.1000000000,0.8741665554,0.0258334446,150.0000000000,0.1800000000,1800,1.0000000000,10000.0000000000,3.0000000000,0.5000000000,879102,879102,32950647,32950647,73093061.1299638897,1.2182587532,1.2182587532,0,0,1800,118838896.8527583927,12.0839915980
0,lap_scale_inc,1.0000000000,0.1000000000,0.8742396922,0.0257603078,150.0000000000,0.2000000000,2000,1.0000000000,10000.0000000000,3.0000000000,0.5000000000,879102,879102,32950647,32950647,75965188.9281766117,1.3054232874,1.3054232874,0,0,2000,130855258.1319407821,12.1560152980
1,lap_scale_inc,1.0000000000,0.1000000000,0.8740380837,0.0259619163,150.0000000000,0.2000000000,2000,1.0000000000,10000.0000000000,3.0000000000,0.5000000000,879102,879102,32950647,32950647,74046522.7815859616,1.2471948057,1.2471948057,0,0,2000,129747339.2146275043,11.9782136970
2,lap_scale_inc,1.0000000000,0.1000000000,0.8741025851,0.0258974149,150.0000000000,0.2000000000,2000,1.0000000000,10000.0000000000,3.0000000000,0.5000000000,879102,879102,32950647,32950647,77672464.9222853482,1.3572364125,1.3572364125,0,0,2000,128769155.0885447711,12.3109277020
3,lap_scale_inc,1.0000000000,0.1000000000,0.8740693054,0.0259306946,150.0000000000,0.2000000000,2000,1.0000000000,10000.0000000000,3.0000000000,0.5000000000,879102,879102,32950647,32950647,74322243.8581896424,1.2555625041,1.2555625041,0,0,2000,127773168.2773384601,11.6816839910
4,lap_scale_inc,1.0000000000,0.1000000000,0.8741665554,0.0258334446,150.0000000000,0.2000000000,2000,1.0000000000,10000.0000000000,3.0000000000,0.5000000000,879102,879102,32950647,32950647,77829808.5911452174,1.3620115438,1.3620115438,0,0,2000,133214742.5645237118,11.9565794950
0,lap_scale_dec,1.0000000000,0.1000000000,0.8742396922,0.0257603078,150.0000000000,0.0300000000,300,1.0000000000,10000.0000000000,3.0000000000,0.5000000000,879102,879102,32950647,32950647,26302231.2779310197,0.2017688977,0.2017688977,0,0,300,-21236591.5327607915,11.0540634810
1,lap_scale_dec,1.0000000000,0.1000000000,0.8740380837,0.0259619163,150.0000000000,0.0300000000,300,1.0000000000,10000.0000000000,3.0000000000,0.5000000000,879102,879102,32950647,32950647,23970872.0591862239,0.2725219611,0.2725219611,0,0,300,-19612727.3957763277,11.1696495830
2,lap_scale_dec,1.0000000000,0.1000000000,0.8741025851,0.0258974149,150.0000000000,0.0300000000,300,1.0000000000,10000.0000000000,3.0000000000,0.5000000000,879102,879102,32950647,32950647,27414989.0668514408,0.1679984594,0.1679984594,0,0,300,-19755030.2820071802,11.3766302860
3,lap_scale_dec,1.0000000000,0.1000000000,0.8740693054,0.0259306946,150.0000000000,0.0300000000,300,1.0000000000,10000.0000000000,3.0000000000,0.5000000000,879102,879102,32950647,32950647,24500202.5318174511,0.2564576188,0.2564576188,0,0,300,-20721619.1607037410,11.5521007890
4,lap_scale_dec,1.0000000000,0.1000000000,0.8741665554,0.0258334446,150.0000000000,0.0300000000,300,1.0000000000,10000.0000000000,3.0000000000,0.5000000000,879102,879102,32950647,32950647,25270801.7243331932,0.2330711526,0.2330711526,0,0,300,-20294326.8642655611,12.0476080970
0,lap_scale_dec,1.0000000000,0.1000000000,0.8742396922,0.0257603078,150.0000000000,0.0500000000,500,1.0000000000,10000.0000000000,3.0000000000,0.5000000000,879102,879102,32950647,32950647,22178388.3565508835,0.3269210053,0.3269210053,0,0,500,-33785267.4500446618,11.1332153820
1,lap_scale_dec,1.0000000000,0.1000000000,0.8740380837,0.0259619163,150.0000000000,0.0500000000,500,1.0000000000,10000.0000000000,3.0000000000,0.5000000000,879102,879102,32950647,32950647,18687313.1343416609,0.4328696145,0.4328696145,0,0,500,-33246727.3513895571,11.6140718900
2,lap_scale_dec,1.0000000000,0.1000000000,0.8741025851,0.0258974149,150.0000000000,0.0500000000,500,1.0000000000,10000.0000000000,3.0000000000,0.5000000000,879102,879102,32950647,32950647,22760654.2926557511,0.3092501555,0.3092501555,0,0,500,-32808838.8393501341,11.7895529930
3,lap_scale_dec,1.0000000000,0.1000000000,0.8740693054,0.0259306946,150.0000000000,0.0500000000,500,1.0000000000,10000.0000000000,3.0000000000,0.5000000000,879102,879102,32950647,32950647,19288210.8281648234,0.4146333203,0.4146333203,0,0,500,-33077123.7868707702,11.7578116930
4,lap_scale_dec,1.0000000000,0.1000000000,0.8741665554,0.0258334446,150.0000000000,0.0500000000,500,1.0000000000,10000.0000000000,3.0000000000,0.5000000000,879102,879102,32950647,32950647,21338527.6437901966,0.3524094491,0.3524094491,0,0,500,-33642635.7309263870,11.6695054910
0,lap_scale_dec,1.0000000000,0.1000000000,0.8742396922,0.0257603078,150.0000000000,0.0800000000,800,1.0000000000,10000.0000000000,3.0000000000,0.5000000000,879102,879102,32950647,32950647,15954625.1526241545,0.5158023710,0.5158023710,0,0,800,-52860424.6959003434,11.6193207910
1,lap_scale_dec,1.0000000000,0.1000000000,0.8740380837,0.0259619163,150.0000000000,0.0800000000,800,1.0000000000,10000.0000000000,3.0000000000,0.5000000000,879102,879102,32950647,32950647,12786545.2252191100,0.6119485840,0.6119485840,0,0,800,-52505041.5591489002,11.5792875900
2,lap_scale_dec,1.0000000000,0.1000000000,0.8741025851,0.0258974149,150.0000000000,0.0800000000,800,1.0000000000,10000.0000000000,3.0000000000,0.5000000000,879102,879102,32950647,32950647,16436789.8577028941,0.5011694351,0.5011694351,0,0,800,-51224231.1890529096,11.7341581910
3,lap_scale_dec,1.0000000000,0.1000000000,0.8740693054,0.0259306946,150.0000000000,0.0800000000,800,1.0000000000,10000.0000000000,3.0000000000,0.5000000000,879102,879102,32950647,32950647,12877827.7715608552,0.6091783032,0.6091783032,0,0,800,-51766793.1970885992,11.8049563930
4,lap_scale_dec,1.0000000000,0.1000000000,0.8741665554,0.0258334446,150.0000000000,0.0800000000,800,1.0000000000,10000.0000000000,3.0000000000,0.5000000000,879102,879102,32950647,32950647,15264060.5513760019,0.5367599140,0.5367599140,0,0,800,-53287810.6472055614,11.6031839900
0,lap_scale_dec,1.0000000000,0.1000000000,0.8742396922,0.0257603078,150.0000000000,0.1000000000,1000,1.0000000000,10000.0000000000,3.0000000000,0.5000000000,879102,879102,32950647,32950647,11956015.1783033963,0.6371538568,0.6371538568,0,0,1000,-65621080.4676994309,11.4603863870
1,lap_scale_dec,1.0000000000,0.1000000000,0.8740380837,0.0259619163,150.0000000000,0.1000000000,1000,1.0000000000,10000.0000000000,3.0000000000,0.5000000000,879102,879102,32950647,32950647,8682100.0252268370,0.7365120016,0.7365120016,0,0,1000,-65846055.9070763439,11.7421409920
2,lap_scale_dec,1.0000000000,0.1000000000,0.8741025851,0.0258974149,150.0000000000,0.1000000000,1000,1.0000000000,10000.0000000000,3.0000000000,0.5000000000,879102,879102,32950647,32950647,13308707.1388336886,0.5961017962,0.5961017962,0,0,1000,-64527217.0417512283,11.6059222900
3,lap_scale_dec,1.0000000000,0.1000000000,0.8740693054,0.0259306946,150.0000000000,0.1000000000,1000,1.0000000000,10000.0000000000,3.0000000000,0.5000000000,879102,879102,32950647,32950647,8819281.6565032639,0.7323487561,0.7323487561,0,0,1000,-63943399.4522711113,11.6915533910
4,lap_scale_dec,1.0000000000,0.1000000000,0.8741665554,0.0258334446,150.0000000000,0.1000000000,1000,1.0000000000,10000.0000000000,3.0000000000,0.5000000000,879102,879102,32950647,32950647,10896977.8379440140,0.6692939645,0.6692939645,0,0,1000,-65936559.3726416230,11.7486725920
0,lap_scale_dec,1.0000000000,0.1000000000,0.8742396922,0.0257603078,150.0000000000,0.1300000000,1300,1.0000000000,10000.0000000000,3.0000000000,0.5000000000,879102,879102,32950647,32950647,4488456.6363417767,0.8637824430,0.8637824430,0,0,1300,-85422206.4549394548,11.5340171890
1,lap_scale_dec,1.0000000000,0.1000000000,0.8740380837,0.0259619163,150.0000000000,0.1300000000,1300,1.0000000000,10000.0000000000,3.0000000000,0.5000000000,879102,879102,32950647,32950647,1795927.3205677441,0.9454964474,0.9454964474,0,0,1300,-85884576.5783406943,11.7998683930
2,lap_scale_dec,1.0000000000,0.1000000000,0.8741025851,0.0258974149,150.0000000000,0.1300000000,1300,1.0000000000,10000.0000000000,3.0000000000,0.5000000000,879102,879102,32950647,32950647,7005401.7802008213,0.7873971403,0.7873971403,0,0,1300,-83681709.8855051100,11.6344689900
3,lap_scale_dec,1.0000000000,0.1000000000,0.8740693054,0.0259306946,150.0000000000,0.1300000000,1300,1.0000000000,10000.0000000000,3.0000000000,0.5000000000,879102,879102,32950647,32950647,1904995.1126784075,0.9421864125,0.9421864125,0,0,1300,-83533498.8036631197,11.1187245810
4,lap_scale_dec,1.0000000000,0.1000000000,0.8741665554,0.0258334446,150.0000000000,0.1300000000,1300,1.0000000000,10000.0000000000,3.0000000000,0.5000000000,879102,879102,32950647,32950647,3545540.2391330879,0.8923984637,0.8923984637,0,0,1300,-85648843.4271779358,11.3529362850
0,lap_scale_dec,1.0000000000,0.1000000000,0.8742396922,0.0257603078,150.0000000000,0.1500000000,1500,1.0000000000,10000.0000000000,3.0000000000,0.5000000000,879102,879102,32950647,32950647,1139653.4535624895,0.9654133209,0.9654133209,0,0,1500,-98359586.0902841687,11.1203613820
1,lap_scale_dec,1.0000000000,0.1000000000,0.8740380837,0.0259619163,150.0000000000,0.1500000000,1500,1.0000000000,10000.0000000000,3.0000000000,0.5000000000,879102,879102,32950647,32950647,-2701385.1166557851,1.0819827640,1.0819827640,0,0,1500,-98797789.4727326035,12.1677727990
2,lap_scale_dec,1.0000000000,0.1000000000,0.8741025851,0.0258974149,150.0000000000,0.1500000000,1500,1.0000000000,10000.0000000000,3.0000000000,0.5000000000,879102,879102,32950647,32950647,1154542.6119752945,0.9649614585,0.9649614585,0,0,1500,-96513635.0034465939,12.2763905010
3,lap_scale_dec,1.0000000000,0.1000000000,0.8740693054,0.0259306946,150.0000000000,0.1500000000,1500,1.0000000000,10000.0000000000,3.0000000000,0.5000000000,879102,879102,32950647,32950647,912400.6396055772,0.9723100842,0.9723100842,0,0,1500,-95906279.9739531428,11.1532188830
4,lap_scale_dec,1.0000000000,0.1000000000,0.8741665554,0.0258334446,150.0000000000,0.1500000000,1500,1.0000000000,10000.0000000000,3.0000000000,0.5000000000,879102,879102,32950647,32950647,-574996.6262780683,1.0174502378,1.0174502378,0,0,1500,-99870322.4767407328,11.4343011870
0,lap_scale_dec,1.0000000000,0.1000000000,0.8742396922,0.0257603078,150.0000000000,0.1800000000,1800,1.0000000000,10000.0000000000,3.0000000000,0.5000000000,879102,879102,32950647,32950647,-5153993.3698930377,1.1564155438,1.1564155438,0,0,1800,-117858386.1742275953,11.3729216870
1,lap_scale_dec,1.0000000000,0.1000000000,0.8740380837,0.0259619163,150.0000000000,0.1800000000,1800,1.0000000000,10000.0000000000,3.0000000000,0.5000000000,879102,879102,32950647,32950647,-7809148.8713302277,1.2369953122,1.2369953122,0,0,1800,-117061109.4238518625,11.6159049900
2,lap_scale_dec,1.0000000000,0.1000000000,0.8741025851,0.0258974149,150.0000000000,0.1800000000,1800,1.0000000000,10000.0000000000,3.0000000000,0.5000000000,879102,879102,32950647,32950647,-5050650.4665238904,1.1532792502,1.1532792502,0,0,1800,-116781561.1796918958,11.4623028880
3,lap_scale_dec,1.0000000000,0.1000000000,0.8740693054,0.0259306946,150.0000000000,0.1800000000,1800,1.0000000000,10000.0000000000,3.0000000000,0.5000000000,879102,879102,32950647,32950647,-8665078.6409093421,1.2629714264,1.2629714264,0,0,1800,-116013020.7582621425,11.5115130890
4,lap_scale_dec,1.0000000000,0.1000000000,0.8741665554,0.0258334446,150.0000000000,0.1800000000,1800,1.0000000000,10000.0000000000,3.0000000000,0.5000000000,879102,879102,32950647,32950647,-6132870.1052083485,1.1861229039,1.1861229039,0,0,1800,-118838896.8527583927,11.3725315860
0,lap_scale_dec,1.0000000000,0.1000000000,0.8742396922,0.0257603078,150.0000000000,0.2000000000,2000,1.0000000000,10000.0000000000,3.0000000000,0.5000000000,879102,879102,32950647,32950647,-11271649.8264503013,1.3420767376,1.3420767376,0,0,2000,-130855258.1319407821,11.4254887870
1,lap_scale_dec,1.0000000000,0.1000000000,0.8740380837,0.0259619163,150.0000000000,0.2000000000,2000,1.0000000000,10000.0000000000,3.0000000000,0.5000000000,879102,879102,32950647,32950647,-12451703.3614991810,1.3778894952,1.3778894952,0,0,2000,-129747339.2146275043,11.5465762880
2,lap_scale_dec,1.0000000000,0.1000000000,0.8741025851,0.0258974149,150.0000000000,0.2000000000,2000,1.0000000000,10000.0000000000,3.0000000000,0.5000000000,879102,879102,32950647,32950647,-8173638.4700778089,1.2480569948,1.2480569948,0,0,2000,-128769155.0885447711,12.1373533990
3,lap_scale_dec,1.0000000000,0.1000000000,0.8740693054,0.0259306946,150.0000000000,0.2000000000,2000,1.0000000000,10000.0000000000,3.0000000000,0.5000000000,879102,879102,32950647,32950647,-10859868.3267025314,1.3295798206,1.3295798206,0,0,2000,-127773168.2773384601,11.8925392940
4,lap_scale_dec,1.0000000000,0.1000000000,0.8741665554,0.0258334446,150.0000000000,0.2000000000,2000,1.0000000000,10000.0000000000,3.0000000000,0.5000000000,879102,879102,32950647,32950647,-10980019.7852038909,1.3332262272,1.3332262272,0,0,2000,-133214742.5645237118,12.0159781970
0,lap_local_inc,1.0000000000,0.1000000000,0.8742396922,0.0257603078,150.0000000000,0.0300000000,300,1.0000000000,10000.0000000000,3.0000000000,0.5000000000,879102,879102,32950647,32950647,33981258.1687825173,0.0312774183,0.0312774183,0,0,300,1800489.1397939625,11.6680871910
1,lap_local_inc,1.0000000000,0.1000000000,0.8740380837,0.0259619163,150.0000000000,0.0300000000,300,1.0000000000,10000.0000000000,3.0000000000,0.5000000000,879102,879102,32950647,32950647,31010906.6647534519,0.0588680500,0.0588680500,0,0,300,1507376.4209256403,11.7682349930
2,lap_local_inc,1.0000000000,0.1000000000,0.8741025851,0.0258974149,150.0000000000,0.0300000000,300,1.0000000000,10000.0000000000,3.0000000000,0.5000000000,879102,879102,32950647,32950647,34525241.3552661017,0.0477864473,0.0477864473,0,0,300,1575726.5832368818,11.7761743930
3,lap_local_inc,1.0000000000,0.1000000000,0.8740693054,0.0259306946,150.0000000000,0.0300000000,300,1.0000000000,10000.0000000000,3.0000000000,0.5000000000,879102,879102,32950647,32950647,32003532.7884750217,0.0287434177,0.0287434177,0,0,300,1788371.6092689966,11.6435695900
4,lap_local_inc,1.0000000000,0.1000000000,0.8741665554,0.0258334446,150.0000000000,0.0300000000,300,1.0000000000,10000.0000000000,3.0000000000,0.5000000000,879102,879102,32950647,32950647,32560615.0257574134,0.0118368533,0.0118368533,0,0,300,1575113.0400071882,11.5691801890
0,lap_local_inc,1.0000000000,0.1000000000,0.8742396922,0.0257603078,150.0000000000,0.0500000000,500,1.0000000000,10000.0000000000,3.0000000000,0.5000000000,879102,879102,32950647,32950647,34338253.8197769374,0.0421116714,0.0421116714,0,0,500,2694328.9396334253,11.4374820860
1,lap_local_inc,1.0000000000,0.1000000000,0.8740380837,0.0259619163,150.0000000000,0.0500000000,500,1.0000000000,10000.0000000000,3.0000000000,0.5000000000,879102,879102,32950647,32950647,30695898.9006894045,0.0684280372,0.0684280372,0,0,500,2779029.9476530370,11.7371223920
2,lap_local_inc,1.0000000000,0.1000000000,0.8741025851,0.0258974149,150.0000000000,0.0500000000,500,1.0000000000,10000.0000000000,3.0000000000,0.5000000000,879102,879102,32950647,32950647,34579019.9902792722,0.0494185437,0.0494185437,0,0,500,2646258.2535205921,11.5214814880
3,lap_local_inc,1.0000000000,0.1000000000,0.8740693054,0.0259306946,150.0000000000,0.0500000000,500,1.0000000000,10000.0000000000,3.0000000000,0.5000000000,879102,879102,32950647,32950647,31168361.4641840197,0.0540895460,0.0540895460,0,0,500,2563328.1211871612,10.0997135650
4,lap_local_inc,1.0000000000,0.1000000000,0.8741665554,0.0258334446,150.0000000000,0.0500000000,500,1.0000000000,10000.0000000000,3.0000000000,0.5000000000,879102,879102,32950647,32950647,33451817.9203603528,0.0152097445,0.0152097445,0,0,500,2697235.0987846781,11.3644963870
0,lap_local_inc,1.0000000000,0.1000000000,0.8742396922,0.0257603078,150.0000000000,0.0800000000,800,1.0000000000,10000.0000000000,3.0000000000,0.5000000000,879102,879102,32950647,32950647,34963435.3968144432,0.0610849431,0.0610849431,0,0,800,4166006.0366701027,11.4979346880
1,lap_local_inc,1.0000000000,0.1000000000,0.8740380837,0.0259619163,150.0000000000,0.0800000000,800,1.0000000000,10000.0000000000,3.0000000000,0.5000000000,879102,879102,32950647,32950647,31716684.2536509894,0.0374488169,0.0374488169,0,0,800,4285375.5261466121,11.5024430890
2,lap_local_inc,1.0000000000,0.1000000000,0.8741025851,0.0258974149,150.0000000000,0.0800000000,800,1.0000000000,10000.0000000000,3.0000000000,0.5000000000,879102,879102,32950647,32950647,34821274.9813504145,0.0567705994,0.0567705994,0,0,800,3929224.1818893184,11.3647351860
3,lap_local_inc,1.0000000000,0.1000000000,0.8740693054,0.0259306946,150.0000000000,0.0800000000,800,1.0000000000,10000.0000000000,3.0000000000,0.5000000000,879102,879102,32950647,32950647,31422389.3113210164,0.0463802028,0.0463802028,0,0,800,3866891.4221921684,11.2283281840
4,lap_local_inc,1.0000000000,0.1000000000,0.8741665554,0.0258334446,150.0000000000,0.0800000000,800,1.0000000000,10000.0000000000,3.0000000000,0.5000000000,879102,879102,32950647,32950647,34456877.7714099810,0.0457117207,0.0457117207,0,0,800,4290641.0128963646,11.5250385880
0,lap_local_inc,1.0000000000,0.1000000000,0.8742396922,0.0257603078,150.0000000000,0.1000000000,1000,1.0000000000,10000.0000000000,3.0000000000,0.5000000000,879102,879102,32950647,32950647,35527981.4696047381,0.0782180231,0.0782180231,0,0,1000,5094818.4062041221,11.5197555890
1,lap_local_inc,1.0000000000,0.1000000000,0.8740380837,0.0259619163,150.0000000000,0.1000000000,1000,1.0000000000,10000.0000000000,3.0000000000,0.5000000000,879102,879102,32950647,32950647,32444352.4076506943,0.0153652398,0.0153652398,0,0,1000,5440701.2401952408,11.2104774830
2,lap_local_inc,1.0000000000,0.1000000000,0.8741025851,0.0258974149,150.0000000000,0.1000000000,1000,1.0000000000,10000.0000000000,3.0000000000,0.5000000000,879102,879102,32950647,32950647,36442868.5498808697,0.1059833984,0.1059833984,0,0,1000,4875267.1913908226,11.4669367870
3,lap_local_inc,1.0000000000,0.1000000000,0.8740693054,0.0259306946,150.0000000000,0.1000000000,1000,1.0000000000,10000.0000000000,3.0000000000,0.5000000000,879102,879102,32950647,32950647,31699481.8239059038,0.0379708834,0.0379708834,0,0,1000,4697201.0499363784,11.7575131930
4,lap_local_inc,1.0000000000,0.1000000000,0.8741665554,0.0258334446,150.0000000000,0.1000000000,1000,1.0000000000,10000.0000000000,3.0000000000,0.5000000000,879102,879102,32950647,32950647,34600493.8238274381,0.0500702406,0.0500702406,0,0,1000,5173988.5850086771,11.6149343900
0,lap_local_inc,1.0000000000,0.1000000000,0.8742396922,0.0257603078,150.0000000000,0.1300000000,1300,1.0000000000,10000.0000000000,3.0000000000,0.5000000000,879102,879102,32950647,32950647,35196294.8308393657,0.0681518585,0.0681518585,0,0,1300,6701308.1285534129,11.5474166890
1,lap_local_inc,1.0000000000,0.1000000000,0.8740380837,0.0259619163,150.0000000000,0.1300000000,1300,1.0000000000,10000.0000000000,3.0000000000,0.5000000000,879102,879102,32950647,32950647,32762480.3777725063,0.0057105593,0.0057105593,0,0,1300,7015082.5932729002,10.8358850770
2,lap_local_inc,1.0000000000,0.1000000000,0.8741025851,0.0258974149,150.0000000000,0.1300000000,1300,1.0000000000,10000.0000000000,3.0000000000,0.5000000000,879102,879102,32950647,32950647,37007461.2937629819,0.1231178949,0.1231178949,0,0,1300,6324468.6551812598,10.6797217740
3,lap_local_inc,1.0000000000,0.1000000000,0.8740693054,0.0259306946,150.0000000000,0.1300000000,1300,1.0000000000,10000.0000000000,3.0000000000,0.5000000000,879102,879102,32950647,32950647,31766013.8018876426,0.0359517432,0.0359517432,0,0,1300,6049557.2639639406,10.8321451770
4,lap_local_inc,1.0000000000,0.1000000000,0.8741665554,0.0258334446,150.0000000000,0.1300000000,1300,1.0000000000,10000.0000000000,3.0000000000,0.5000000000,879102,879102,32950647,32950647,34336559.9549392238,0.0420602653,0.0420602653,0,0,1300,6724215.7202405278,10.8666202780
0,lap_local_inc,1.0000000000,0.1000000000,0.8742396922,0.0257603078,150.0000000000,0.1500000000,1500,1.0000000000,10000.0000000000,3.0000000000,0.5000000000,879102,879102,32950647,32950647,36467039.4191248193,0.1067169461,0.1067169461,0,0,1500,7622571.8064023266,10.6255715740
1,lap_local_inc,1.0000000000,0.1000000000,0.8740380837,0.0259619163,150.0000000000,0.1500000000,1500,1.0000000000,10000.0000000000,3.0000000000,0.5000000000,879102,879102,32950647,32950647,32900234.6121221967,0.0015299362,0.0015299362,0,0,1500,8007069.7136018528,10.5168136720
2,lap_local_inc,1.0000000000,0.1000000000,0.8741025851,0.0258974149,150.0000000000,0.1500000000,1500,1.0000000000,10000.0000000000,3.0000000000,0.5000000000,879102,879102,32950647,32950647,35743756.0219231769,0.0847664394,0.0847664394,0,0,1500,7254005.2263968689,10.8740129780
3,lap_local_inc,1.0000000000,0.1000000000,0.8740693054,0.0259306946,150.0000000000,0.1500000000,1500,1.0000000000,10000.0000000000,3.0000000000,0.5000000000,879102,879102,32950647,32950647,35155153.3322200850,0.0669032791,0.0669032791,0,0,1500,6821978.1038901759,11.1919509840
4,lap_local_inc,1.0000000000,0.1000000000,0.8741665554,0.0258334446,150.0000000000,0.1500000000,1500,1.0000000000,10000.0000000000,3.0000000000,0.5000000000,879102,879102,32950647,32950647,35392877.0116680562,0.0741178166,0.0741178166,0,0,1500,8033298.4370987564,11.3112319850
0,lap_local_inc,1.0000000000,0.1000000000,0.8742396922,0.0257603078,150.0000000000,0.1800000000,1800,1.0000000000,10000.0000000000,3.0000000000,0.5000000000,879102,879102,32950647,32950647,37186142.3393613100,0.1285405819,0.1285405819,0,0,1800,9162020.9535353109,11.1849604830
1,lap_local_inc,1.0000000000,0.1000000000,0.8740380837,0.0259619163,150.0000000000,0.1800000000,1800,1.0000000000,10000.0000000000,3.0000000000,0.5000000000,879102,879102,32950647,32950647,34294264.7178438008,0.0407766718,0.0407766718,0,0,1800,9249131.3436702006,11.2508624840
2,lap_local_inc,1.0000000000,0.1000000000,0.8741025851,0.0258974149,150.0000000000,0.1800000000,1800,1.0000000000,10000.0000000000,3.0000000000,0.5000000000,879102,879102,32950647,32950647,36865827.7153705880,0.1188195399,0.1188195399,0,0,1800,8967873.3659911007,11.2439924840
3,lap_local_inc,1.0000000000,0.1000000000,0.8740693054,0.0259306946,150.0000000000,0.1800000000,1800,1.0000000000,10000.0000000000,3.0000000000,0.5000000000,879102,879102,32950647,32950647,32841664.3922723234,0.0033074497,0.0033074497,0,0,1800,8507208.3412831333,11.4661941880
4,lap_local_inc,1.0000000000,0.1000000000,0.8741665554,0.0258334446,150.0000000000,0.1800000000,1800,1.0000000000,10000.0000000000,3.0000000000,0.5000000000,879102,879102,32950647,32950647,36599720.7013999745,0.1107436131,0.1107436131,0,0,1800,9358875.5670663342,10.9607556800
0,lap_local_inc,1.0000000000,0.1000000000,0.8742396922,0.0257603078,150.0000000000,0.2000000000,2000,1.0000000000,10000.0000000000,3.0000000000,0.5000000000,879102,879102,32950647,32950647,35713101.5102267340,0.0838361235,0.0838361235,0,0,2000,10098995.8780904338,10.7390373750
1,lap_local_inc,1.0000000000,0.1000000000,0.8740380837,0.0259619163,150.0000000000,0.2000000000,2000,1.0000000000,10000.0000000000,3.0000000000,0.5000000000,879102,879102,32950647,32950647,34218108.7799123824,0.0384654596,0.0384654596,0,0,2000,10262097.2096073423,10.8930101780
2,lap_local_inc,1.0000000000,0.1000000000,0.8741025851,0.0258974149,150.0000000000,0.2000000000,2000,1.0000000000,10000.0000000000,3.0000000000,0.5000000000,879102,879102,32950647,32950647,38010981.6476248279,0.1535731498,0.1535731498,0,0,2000,9784705.2645635679,11.3768257860
3,lap_local_inc,1.0000000000,0.1000000000,0.8740693054,0.0259306946,150.0000000000,0.2000000000,2000,1.0000000000,10000.0000000000,3.0000000000,0.5000000000,879102,879102,32950647,32950647,34843502.0116249546,0.0574451546,0.0574451546,0,0,2000,9336942.7376436740,11.1822689830
4,lap_local_inc,1.0000000000,0.1000000000,0.8741665554,0.0258334446,150.0000000000,0.2000000000,2000,1.0000000000,10000.0000000000,3.0000000000,0.5000000000,879102,879102,32950647,32950647,36974002.5353235453,0.1221024745,0.1221024745,0,0,2000,10647324.3970593065,11.2757882840
0,lap_local_dec,1.0000000000,0.1000000000,0.8742396922,0.0257603078,150.0000000000,0.0300000000,300,1.0000000000,10000.0000000000,3.0000000000,0.5000000000,879102,879102,32950647,32950647,32780932.0755865462,0.0051505794,0.0051505794,0,0,300,-1800489.1397939625,11.2654248850
1,lap_local_dec,1.0000000000,0.1000000000,0.8740380837,0.0259619163,150.0000000000,0.0300000000,300,1.0000000000,10000.0000000000,3.0000000000,0.5000000000,879102,879102,32950647,32950647,30005989.0508030243,0.0893657095,0.0893657095,0,0,300,-1507376.4209256403,11.0306345810
2,lap_local_dec,1.0000000000,0.1000000000,0.8741025851,0.0258974149,150.0000000000,0.0300000000,300,1.0000000000,10000.0000000000,3.0000000000,0.5000000000,879102,879102,32950647,32950647,33474756.9664415382,0.0159059082,0.0159059082,0,0,300,-1575726.5832368818,11.5247086880
3,lap_local_dec,1.0000000000,0.1000000000,0.8740693054,0.0259306946,150.0000000000,0.0300000000,300,1.0000000000,10000.0000000000,3.0000000000,0.5000000000,879102,879102,32950647,32950647,30811285.0489623845,0.0649262502,0.0649262502,0,0,300,-1788371.6092689966,12.4478950040
4,lap_local_dec,1.0000000000,0.1000000000,0.8741665554,0.0258334446,150.0000000000,0.0300000000,300,1.0000000000,10000.0000000000,3.0000000000,0.5000000000,879102,879102,32950647,32950647,31510539.6657526158,0.0437049790,0.0437049790,0,0,300,-1575113.0400071882,11.2357095840
0,lap_local_dec,1.0000000000,0.1000000000,0.8742396922,0.0257603078,150.0000000000,0.0500000000,500,1.0000000000,10000.0000000000,3.0000000000,0.5000000000,879102,879102,32950647,32950647,32542034.5266880579,0.0124007420,0.0124007420,0,0,500,-2694328.9396334253,13.2314341170
1,lap_local_dec,1.0000000000,0.1000000000,0.8740380837,0.0259619163,150.0000000000,0.0500000000,500,1.0000000000,10000.0000000000,3.0000000000,0.5000000000,879102,879102,32950647,32950647,28843212.2689206563,0.1246541451,0.1246541451,0,0,500,-2779029.9476530370,13.0673200140
2,lap_local_dec,1.0000000000,0.1000000000,0.8741025851,0.0258974149,150.0000000000,0.0500000000,500,1.0000000000,10000.0000000000,3.0000000000,0.5000000000,879102,879102,32950647,32950647,32814847.8212656677,0.0041212902,0.0041212902,0,0,500,-2646258.2535205921,11.2544708840
3,lap_local_dec,1.0000000000,0.1000000000,0.8740693054,0.0259306946,150.0000000000,0.0500000000,500,1.0000000000,10000.0000000000,3.0000000000,0.5000000000,879102,879102,32950647,32950647,29459476.0500592925,0.1059515144,0.1059515144,0,0,500,-2563328.1211871612,11.1418178820
4,lap_local_dec,1.0000000000,0.1000000000,0.8741665554,0.0258334446,150.0000000000,0.0500000000,500,1.0000000000,10000.0000000000,3.0000000000,0.5000000000,879102,879102,32950647,32950647,31653661.1878372841,0.0393614672,0.0393614672,0,0,500,-2697235.0987846781,11.6616237910
0,lap_local_dec,1.0000000000,0.1000000000,0.8742396922,0.0257603078,150.0000000000,0.0800000000,800,1.0000000000,10000.0000000000,3.0000000000,0.5000000000,879102,879102,32950647,32950647,32186098.0390344560,0.0232028513,0.0232028513,0,0,800,-4166006.0366701027,12.7410199080
1,lap_local_dec,1.0000000000,0.1000000000,0.8740380837,0.0259619163,150.0000000000,0.0800000000,800,1.0000000000,10000.0000000000,3.0000000000,0.5000000000,879102,879102,32950647,32950647,28859767.2362198681,0.1241517280,0.1241517280,0,0,800,-4285375.5261466121,11.7456992920
2,lap_local_dec,1.0000000000,0.1000000000,0.8741025851,0.0258974149,150.0000000000,0.0800000000,800,1.0000000000,10000.0000000000,3.0000000000,0.5000000000,879102,879102,32950647,32950647,32201792.1934241243,0.0227265585,0.0227265585,0,0,800,-3929224.1818893184,10.9427238780
3,lap_local_dec,1.0000000000,0.1000000000,0.8740693054,0.0259306946,150.0000000000,0.0800000000,800,1.0000000000,10000.0000000000,3.0000000000,0.5000000000,879102,879102,32950647,32950647,28844461.6965263449,0.1246162269,0.1246162269,0,0,800,-3866891.4221921684,11.3125358850
4,lap_local_dec,1.0000000000,0.1000000000,0.8741665554,0.0258334446,150.0000000000,0.0800000000,800,1.0000000000,10000.0000000000,3.0000000000,0.5000000000,879102,879102,32950647,32950647,31596450.4294790030,0.0410977232,0.0410977232,0,0,800,-4290641.0128963646,11.0470204810
0,lap_local_dec,1.0000000000,0.1000000000,0.8742396922,0.0257603078,150.0000000000,0.1000000000,1000,1.0000000000,10000.0000000000,3.0000000000,0.5000000000,879102,879102,32950647,32950647,32131435.8654686101,0.0248617617,0.0248617617,0,0,1000,-5094818.4062041221,11.4328319870
1,lap_local_dec,1.0000000000,0.1000000000,0.8740380837,0.0259619163,150.0000000000,0.1000000000,1000,1.0000000000,10000.0000000000,3.0000000000,0.5000000000,879102,879102,32950647,32950647,28817218.2475205399,0.1254430225,0.1254430225,0,0,1000,-5440701.2401952408,11.6600309900
2,lap_local_dec,1.0000000000,0.1000000000,0.8741025851,0.0258974149,150.0000000000,0.1000000000,1000,1.0000000000,10000.0000000000,3.0000000000,0.5000000000,879102,879102,32950647,32950647,33192690.4222869836,0.0073456349,0.0073456349,0,0,1000,-4875267.1913908226,11.4077560870
3,lap_local_dec,1.0000000000,0.1000000000,0.8740693054,0.0259306946,150.0000000000,0.1000000000,1000,1.0000000000,10000.0000000000,3.0000000000,0.5000000000,879102,879102,32950647,32950647,28568014.4572816640,0.1330059632,0.1330059632,0,0,1000,-4697201.0499363784,11.6523888900
4,lap_local_dec,1.0000000000,0.1000000000,0.8741665554,0.0258334446,150.0000000000,0.1000000000,1000,1.0000000000,10000.0000000000,3.0000000000,0.5000000000,879102,879102,32950647,32950647,31151168.1004882716,0.0546113374,0.0546113374,0,0,1000,-5173988.5850086771,11.8815962950
0,lap_local_dec,1.0000000000,0.1000000000,0.8742396922,0.0257603078,150.0000000000,0.1300000000,1300,1.0000000000,10000.0000000000,3.0000000000,0.5000000000,879102,879102,32950647,32950647,30728756.0784704499,0.0674308739,0.0674308739,0,0,1300,-6701308.1285534129,11.4486300870
1,lap_local_dec,1.0000000000,0.1000000000,0.8740380837,0.0259619163,150.0000000000,0.1300000000,1300,1.0000000000,10000.0000000000,3.0000000000,0.5000000000,879102,879102,32950647,32950647,28085758.6489238590,0.1476416639,0.1476416639,0,0,1300,-7015082.5932729002,10.8236265770
2,lap_local_dec,1.0000000000,0.1000000000,0.8741025851,0.0258974149,150.0000000000,0.1300000000,1300,1.0000000000,10000.0000000000,3.0000000000,0.5000000000,879102,879102,32950647,32950647,32791148.8569755070,0.0048405163,0.0048405163,0,0,1300,-6324468.6551812598,11.4430567870
3,lap_local_dec,1.0000000000,0.1000000000,0.8740693054,0.0259306946,150.0000000000,0.1300000000,1300,1.0000000000,10000.0000000000,3.0000000000,0.5000000000,879102,879102,32950647,32950647,27732975.6259116344,0.1583480705,0.1583480705,0,0,1300,-6049557.2639639406,11.8160544930
4,lap_local_dec,1.0000000000,0.1000000000,0.8741665554,0.0258334446,150.0000000000,0.1300000000,1300,1.0000000000,10000.0000000000,3.0000000000,0.5000000000,879102,879102,32950647,32950647,29853749.4747788869,0.0939859398,0.0939859398,0,0,1300,-6724215.7202405278,11.9479057950
0,lap_local_dec,1.0000000000,0.1000000000,0.8742396922,0.0257603078,150.0000000000,0.1500000000,1500,1.0000000000,10000.0000000000,3.0000000000,0.5000000000,879102,879102,32950647,32950647,31385324.8815231808,0.0475050496,0.0475050496,0,0,1500,-7622571.8064023266,11.8270015930
1,lap_local_dec,1.0000000000,0.1000000000,0.8740380837,0.0259619163,150.0000000000,0.1500000000,1500,1.0000000000,10000.0000000000,3.0000000000,0.5000000000,879102,879102,32950647,32950647,27562188.1363876015,0.1635312006,0.1635312006,0,0,1500,-8007069.7136018528,11.5769411900
2,lap_local_dec,1.0000000000,0.1000000000,0.8741025851,0.0258974149,150.0000000000,0.1500000000,1500,1.0000000000,10000.0000000000,3.0000000000,0.5000000000,879102,879102,32950647,32950647,30907752.5376586951,0.0619986145,0.0619986145,0,0,1500,-7254005.2263968689,11.8186487930
3,lap_local_dec,1.0000000000,0.1000000000,0.8740693054,0.0259306946,150.0000000000,0.1500000000,1500,1.0000000000,10000.0000000000,3.0000000000,0.5000000000,879102,879102,32950647,32950647,30607167.9296265505,0.0711208818,0.0711208818,0,0,1500,-6821978.1038901759,11.9423926960
4,lap_local_dec,1.0000000000,0.1000000000,0.8741665554,0.0258334446,150.0000000000,0.1500000000,1500,1.0000000000,10000.0000000000,3.0000000000,0.5000000000,879102,879102,32950647,32950647,30037344.7202689797,0.0884141146,0.0884141146,0,0,1500,-8033298.4370987564,12.1350133980
0,lap_local_dec,1.0000000000,0.1000000000,0.8742396922,0.0257603078,150.0000000000,0.1800000000,1800,1.0000000000,10000.0000000000,3.0000000000,0.5000000000,879102,879102,32950647,32950647,31078128.3703377396,0.0568279776,0.0568279776,0,0,1800,-9162020.9535353109,12.0350093970
1,lap_local_dec,1.0000000000,0.1000000000,0.8740380837,0.0259619163,150.0000000000,0.1800000000,1800,1.0000000000,10000.0000000000,3.0000000000,0.5000000000,879102,879102,32950647,32950647,28128177.1553970911,0.1463543294,0.1463543294,0,0,1800,-9249131.3436702006,11.8455823930
2,lap_local_dec,1.0000000000,0.1000000000,0.8741025851,0.0258974149,150.0000000000,0.1800000000,1800,1.0000000000,10000.0000000000,3.0000000000,0.5000000000,879102,879102,32950647,32950647,30887245.4713764936,0.0626209716,0.0626209716,0,0,1800,-8967873.3659911007,11.4978665880
3,lap_local_dec,1.0000000000,0.1000000000,0.8740693054,0.0259306946,150.0000000000,0.1800000000,1800,1.0000000000,10000.0000000000,3.0000000000,0.5000000000,879102,879102,32950647,32950647,27170192.1647502780,0.1754276581,0.1754276581,0,0,1800,-8507208.3412831333,11.9369996960
4,lap_local_dec,1.0000000000,0.1000000000,0.8741665554,0.0258334446,150.0000000000,0.1800000000,1800,1.0000000000,10000.0000000000,3.0000000000,0.5000000000,879102,879102,32950647,32950647,30360470.3233556934,0.0786077638,0.0786077638,0,0,1800,-9358875.5670663342,12.7458959080
0,lap_local_dec,1.0000000000,0.1000000000,0.8742396922,0.0257603078,150.0000000000,0.2000000000,2000,1.0000000000,10000.0000000000,3.0000000000,0.5000000000,879102,879102,32950647,32950647,28980437.5914997347,0.1204895736,0.1204895736,0,0,2000,-10098995.8780904338,11.5231531880
1,lap_local_dec,1.0000000000,0.1000000000,0.8740380837,0.0259619163,150.0000000000,0.2000000000,2000,1.0000000000,10000.0000000000,3.0000000000,0.5000000000,879102,879102,32950647,32950647,27376710.6401741058,0.1691601491,0.1691601491,0,0,2000,-10262097.2096073423,11.4007736860
2,lap_local_dec,1.0000000000,0.1000000000,0.8741025851,0.0258974149,150.0000000000,0.2000000000,2000,1.0000000000,10000.0000000000,3.0000000000,0.5000000000,879102,879102,32950647,32950647,31487844.8045824952,0.0443937321,0.0443937321,0,0,2000,-9784705.2645635679,11.3641019860
3,lap_local_dec,1.0000000000,0.1000000000,0.8740693054,0.0259306946,150.0000000000,0.2000000000,2000,1.0000000000,10000.0000000000,3.0000000000,0.5000000000,879102,879102,32950647,32950647,28618873.5198623836,0.1314624711,0.1314624711,0,0,2000,-9336942.7376436740,11.5175038880
4,lap_local_dec,1.0000000000,0.1000000000,0.8741665554,0.0258334446,150.0000000000,0.2000000000,2000,1.0000000000,10000.0000000000,3.0000000000,0.5000000000,879102,879102,32950647,32950647,29875786.2706174217,0.0933171579,0.0933171579,0,0,2000,-10647324.3970593065,11.3076429850
0,none,2.0000000000,0.2000000000,1.7583423411,0.0416576589,150.0000000000,0.0000000000,0,0.0000000000,10000.0000000000,3.0000000000,0.5000000000,879102,879102,32950647,32950647,33092615.6660086773,0.0043085244,0.0043085244,0,0,0,0.0000000000,11.4187397870
1,none,2.0000000000,0.2000000000,1.7581792231,0.0418207769,150.0000000000,0.0000000000,0,0.0000000000,10000.0000000000,3.0000000000,0.5000000000,879102,879102,32950647,32950647,31212590.3849486709,0.0527472682,0.0527472682,0,0,0,0.0000000000,11.5338662880
2,none,2.0000000000,0.2000000000,1.7582312137,0.0417687863,150.0000000000,0.0000000000,0,0.0000000000,10000.0000000000,3.0000000000,0.5000000000,879102,879102,32950647,32950647,33519585.0498143323,0.0172663696,0.0172663696,0,0,0,0.0000000000,11.5144403880
3,none,2.0000000000,0.2000000000,1.7582044854,0.0417955146,150.0000000000,0.0000000000,0,0.0000000000,10000.0000000000,3.0000000000,0.5000000000,879102,879102,32950647,32950647,31518058.5245924555,0.0434767935,0.0434767935,0,0,0,0.0000000000,11.0229616800
4,none,2.0000000000,0.2000000000,1.7582829687,0.0417170313,150.0000000000,0.0000000000,0,0.0000000000,10000.0000000000,3.0000000000,0.5000000000,879102,879102,32950647,32950647,33412732.5010225959,0.0140235638,0.0140235638,0,0,0,0.0000000000,11.0779816810
0,orig_inc,2.0000000000,0.2000000000,1.7575082791,0.0424917209,150.0000000000,0.0300000000,300,1.0000000000,10000.0000000000,3.0000000000,0.5000000000,879102,922900,32950647,37822232,37789285.9459055066,0.1468450360,0.0008710764,43798,0,0,0.0000000000,12.5701676060
1,orig_inc,2.0000000000,0.2000000000,1.7575026000,0.0424974000,150.0000000000,0.0300000000,300,1.0000000000,10000.0000000000,3.0000000000,0.5000000000,879102,923071,32950647,37776357,36999356.9559011012,0.1228719411,0.0205684218,43969,0,0,0.0000000000,12.3939310020
2,orig_inc,2.0000000000,0.2000000000,1.7574320760,0.0425679240,150.0000000000,0.0300000000,300,1.0000000000,10000.0000000000,3.0000000000,0.5000000000,879102,923168,32950647,37744862,37273818.2092150897,0.1312014058,0.0124796798,44066,0,0,0.0000000000,12.3696307030
3,orig_inc,2.0000000000,0.2000000000,1.7575838999,0.0424161001,150.0000000000,0.0300000000,300,1.0000000000,10000.0000000000,3.0000000000,0.5000000000,879102,922990,32950647,37741785,37030452.9362696409,0.1238156549,0.0188473350,43888,0,0,0.0000000000,12.1874663990
4,orig_inc,2.0000000000,0.2000000000,1.7574832338,0.0425167662,150.0000000000,0.0300000000,300,1.0000000000,10000.0000000000,3.0000000000,0.5000000000,879102,923082,32950647,37758584,37468770.7887585163,0.1371179081,0.0076754258,43980,0,0,0.0000000000,12.1102414980
0,orig_inc,2.0000000000,0.2000000000,1.7561218010,0.0438781990,150.0000000000,0.0500000000,500,1.0000000000,10000.0000000000,3.0000000000,0.5000000000,879102,1001372,32950647,54609909,55563156.9508953765,0.6862538982,0.0174555858,122270,0,0,0.0000000000,13.3609322190
1,orig_inc,2.0000000000,0.2000000000,1.7562278360,0.0437721640,150.0000000000,0.0500000000,500,1.0000000000,10000.0000000000,3.0000000000,0.5000000000,879102,1001415,32950647,54617639,53657455.9810939506,0.6284188890,0.0175800902,122313,0,0,0.0000000000,13.4072912190
2,orig_inc,2.0000000000,0.2000000000,1.7557643484,0.0442356516,150.0000000000,0.0500000000,500,1.0000000000,10000.0000000000,3.0000000000,0.5000000000,879102,1001613,32950647,54515076,54000234.2266952991,0.6388216664,0.0094440256,122511,0,0,0.0000000000,13.7080991240
3,orig_inc,2.0000000000,0.2000000000,1.7561085943,0.0438914057,150.0000000000,0.0500000000,500,1.0000000000,10000.0000000000,3.0000000000,0.5000000000,879102,1001445,32950647,54527951,53928525.8912143186,0.6366454319,0.0109929880,122343,0,0,0.0000000000,13.5120490210
4,orig_inc,2.0000000000,0.2000000000,1.7560842477,0.0439157523,150.0000000000,0.0500000000,500,1.0000000000,10000.0000000000,3.0000000000,0.5000000000,879102,1001398,32950647,54603774,53085128.7956294641,0.6110496645,0.0278120923,122296,0,0,0.0000000000,13.3982065190
0,orig_inc,2.0000000000,0.2000000000,1.7518980205,0.0481019795,150.0000000000,0.0800000000,800,1.0000000000,10000.0000000000,3.0000000000,0.5000000000,879102,1192678,32950647,120124138,120066460.7674450129,2.6438271081,0.0004801469,313576,0,0,0.0000000000,15.7881628580
1,orig_inc,2.0000000000,0.2000000000,1.7520758445,0.0479241555,150.0000000000,0.0800000000,800,1.0000000000,10000.0000000000,3.0000000000,0.5000000000,879102,1192764,32950647,120213465,119856269.8646457791,2.6374481468,0.0029713405,313662,0,0,0.0000000000,15.5992124550
2,orig_inc,2.0000000000,0.2000000000,1.7520240914,0.0479759086,150.0000000000,0.0800000000,800,1.0000000000,10000.0000000000,3.0000000000,0.5000000000,879102,1193332,32950647,119986843,118858198.9828359485,2.6071582747,0.0094063981,314230,0,0,0.0000000000,15.6889350570
3,orig_inc,2.0000000000,0.2000000000,1.7517071402,0.0482928598,150.0000000000,0.0800000000,800,1.0000000000,10000.0000000000,3.0000000000,0.5000000000,879102,1193046,32950647,120026653,120097635.9066108018,2.6447732242,0.0005913929,313944,0,0,0.0000000000,15.6829440570
4,orig_inc,2.0000000000,0.2000000000,1.7519894066,0.0480105934,150.0000000000,0.0800000000,800,1.0000000000,10000.0000000000,3.0000000000,0.5000000000,879102,1192453,32950647,120258092,119313627.7311214060,2.6209798166,0.0078536442,313351,0,0,0.0000000000,16.6185692720
0,orig_inc,2.0000000000,0.2000000000,1.7481872973,0.0518127027,150.0000000000,0.1000000000,1000,1.0000000000,10000.0000000000,3.0000000000,0.5000000000,879102,1369481,32950647,202413930,202323634.8351384401,5.1402021889,0.0004460917,490379,0,0,0.0000000000,19.2016937130
1,orig_inc,2.0000000000,0.2000000000,1.7480930720,0.0519069280,150.0000000000,0.1000000000,1000,1.0000000000,10000.0000000000,3.0000000000,0.5000000000,879102,1369197,32950647,202533692,203493002.9131139815,5.1756906598,0.0047365498,490095,0,0,0.0000000000,18.9110421090
2,orig_inc,2.0000000000,0.2000000000,1.7480801787,0.0519198213,150.0000000000,0.1000000000,1000,1.0000000000,10000.0000000000,3.0000000000,0.5000000000,879102,1369981,32950647,202389858,202048669.4526669681,5.1318574246,0.0016857986,490879,0,0,0.0000000000,19.4599761180
3,orig_inc,2.0000000000,0.2000000000,1.7478842078,0.0521157922,150.0000000000,0.1000000000,1000,1.0000000000,10000.0000000000,3.0000000000,0.5000000000,879102,1370062,32950647,202152953,201939961.5504046977,5.1285583118,0.0010536153,490960,0,0,0.0000000000,18.8774519090
4,orig_inc,2.0000000000,0.2000000000,1.7481220017,0.0518779983,150.0000000000,0.1000000000,1000,1.0000000000,10000.0000000000,3.0000000000,0.5000000000,879102,1369219,32950647,202565762,203105446.4934799969,5.1639289357,0.0026642434,490117,0,0,0.0000000000,18.7638252070
0,orig_inc,2.0000000000,0.2000000000,1.7431793642,0.0568206358,150.0000000000,0.1300000000,1300,1.0000000000,10000.0000000000,3.0000000000,0.5000000000,879102,1707934,32950647,403707564,404599896.2675294876,11.2789666700,0.0022103432,828832,0,0,0.0000000000,27.4554021480
1,orig_inc,2.0000000000,0.2000000000,1.7418682458,0.0581317542,150.0000000000,0.1300000000,1300,1.0000000000,10000.0000000000,3.0000000000,0.5000000000,879102,1707367,32950647,403888521,404503284.9947332740,11.2760346707,0.0015221131,828265,0,0,0.0000000000,27.2511384460
2,orig_inc,2.0000000000,0.2000000000,1.7421039426,0.0578960574,150.0000000000,0.1300000000,1300,1.0000000000,10000.0000000000,3.0000000000,0.5000000000,879102,1709036,32950647,403645029,402923458.8668258786,11.2280894474,0.0017876354,829934,0,0,0.0000000000,27.8671190560
3,orig_inc,2.0000000000,0.2000000000,1.7409247286,0.0590752714,150.0000000000,0.1300000000,1300,1.0000000000,10000.0000000000,3.0000000000,0.5000000000,879102,1708794,32950647,403537505,404620255.0574438572,11.2795845270,0.0026831460,829692,0,0,0.0000000000,26.2504989300
4,orig_inc,2.0000000000,0.2000000000,1.7421834849,0.0578165151,150.0000000000,0.1300000000,1300,1.0000000000,10000.0000000000,3.0000000000,0.5000000000,879102,1707715,32950647,403689354,403535539.0117430091,11.2466651114,0.0003810231,828613,0,0,0.0000000000,26.9352224400
0,orig_inc,2.0000000000,0.2000000000,1.7403218454,0.0596781546,150.0000000000,0.1500000000,1500,1.0000000000,10000.0000000000,3.0000000000,0.5000000000,879102,1982860,32950647,601415412,600230357.9843667746,17.2160416451,0.0019704417,1103758,0,0,0.0000000000,33.9515784560
1,orig_inc,2.0000000000,0.2000000000,1.7392441614,0.0607558386,150.0000000000,0.1500000000,1500,1.0000000000,10000.0000000000,3.0000000000,0.5000000000,879102,1982116,32950647,601711792,599575473.7630183697,17.1961669452,0.0035504011,1103014,0,0,0.0000000000,35.4494913800
2,orig_inc,2.0000000000,0.2000000000,1.7395844774,0.0604155226,150.0000000000,0.1500000000,1500,1.0000000000,10000.0000000000,3.0000000000,0.5000000000,879102,1984121,32950647,601374000,601934966.5357621908,17.2677738175,0.0009328081,1105019,0,0,0.0000000000,35.1771539750
3,orig_inc,2.0000000000,0.2000000000,1.7373238267,0.0626761733,150.0000000000,0.1500000000,1500,1.0000000000,10000.0000000000,3.0000000000,0.5000000000,879102,1984236,32950647,601223042,600790539.2541097403,17.2330422603,0.0007193715,1105134,0,0,0.0000000000,35.8626858870
4,orig_inc,2.0000000000,0.2000000000,1.7399835858,0.0600164142,150.0000000000,0.1500000000,1500,1.0000000000,10000.0000000000,3.0000000000,0.5000000000,879102,1981646,32950647,601388556,601742009.3491618633,17.2619178722,0.0005877288,1102544,0,0,0.0000000000,37.0955453060
0,orig_inc,2.0000000000,0.2000000000,1.7364619239,0.0635380761,150.0000000000,0.1800000000,1800,1.0000000000,10000.0000000000,3.0000000000,0.5000000000,879102,2469037,32950647,1013058068,1012968651.1852593422,29.7419957849,0.0000882643,1589935,0,0,0.0000000000,49.9109544160
1,orig_inc,2.0000000000,0.2000000000,1.7354494689,0.0645505311,150.0000000000,0.1800000000,1800,1.0000000000,10000.0000000000,3.0000000000,0.5000000000,879102,2469155,32950647,1013301411,1012245183.3950028419,29.7200396822,0.0010423627,1590053,0,0,0.0000000000,49.0073516010
2,orig_inc,2.0000000000,0.2000000000,1.7366307438,0.0633692562,150.0000000000,0.1800000000,1800,1.0000000000,10000.0000000000,3.0000000000,0.5000000000,879102,2469660,32950647,1013232066,1013272486.3051071167,29.7512167001,0.0000398924,1590558,0,0,0.0000000000,48.7499611980
3,orig_inc,2.0000000000,0.2000000000,1.7333324341,0.0666675659,150.0000000000,0.1800000000,1800,1.0000000000,10000.0000000000,3.0000000000,0.5000000000,879102,2469730,32950647,1012952769,1013638025.0880622864,29.7623102238,0.0006764936,1590628,0,0,0.0000000000,47.0385038690
4,orig_inc,2.0000000000,0.2000000000,1.7360369181,0.0639630819,150.0000000000,0.1800000000,1800,1.0000000000,10000.0000000000,3.0000000000,0.5000000000,879102,2467816,32950647,1013030387,1013459155.7650111914,29.7568818228,0.0004232536,1588714,0,0,0.0000000000,46.7243724650
0,orig_inc,2.0000000000,0.2000000000,1.7339137598,0.0660862402,150.0000000000,0.2000000000,2000,1.0000000000,10000.0000000000,3.0000000000,0.5000000000,879102,2842269,32950647,1375943352,1377723970.4315752983,40.8117425868,0.0012941074,1963167,0,0,0.0000000000,58.9712750650
1,orig_inc,2.0000000000,0.2000000000,1.7331051360,0.0668948640,150.0000000000,0.2000000000,2000,1.0000000000,10000.0000000000,3.0000000000,0.5000000000,879102,2842346,32950647,1376140599,1375450925.9176580906,40.7427592823,0.0005011647,1963244,0,0,0.0000000000,60.8948405960
2,orig_inc,2.0000000000,0.2000000000,1.7343578599,0.0656421401,150.0000000000,0.2000000000,2000,1.0000000000,10000.0000000000,3.0000000000,0.5000000000,879102,2843725,32950647,1376125832,1375652530.8267326355,40.7488776723,0.0003439374,1964623,0,0,0.0000000000,61.4621899060
3,orig_inc,2.0000000000,0.2000000000,1.7310414725,0.0689585275,150.0000000000,0.2000000000,2000,1.0000000000,10000.0000000000,3.0000000000,0.5000000000,879102,2844231,32950647,1375663294,1377716521.7044048309,40.8115165297,0.0014925365,1965129,0,0,0.0000000000,62.1872747170
4,orig_inc,2.0000000000,0.2000000000,1.7431366168,0.0568633832,150.0000000000,0.2000000000,2000,1.0000000000,10000.0000000000,3.0000000000,0.5000000000,879102,2839513,32950647,1375890512,1375964811.0409402847,40.7583548827,0.0000540007,1960411,0,0,0.0000000000,61.5609544060
0,orig_dec,2.0000000000,0.2000000000,1.7582194551,0.0417805449,150.0000000000,0.0300000000,300,1.0000000000,10000.0000000000,3.0000000000,0.5000000000,879102,878050,32950647,32826698,32783148.5734917670,0.0050833122,0.0013266466,1052,0,0,0.0000000000,12.2935801010
1,orig_dec,2.0000000000,0.2000000000,1.7581782280,0.0418217720,150.0000000000,0.0300000000,300,1.0000000000,10000.0000000000,3.0000000000,0.5000000000,879102,878221,32950647,32858699,32115318.9288960136,0.0253508853,0.0226235394,881,0,0,0.0000000000,12.3176568010
2,orig_dec,2.0000000000,0.2000000000,1.7581139315,0.0418860685,150.0000000000,0.0300000000,300,1.0000000000,10000.0000000000,3.0000000000,0.5000000000,879102,878318,32950647,32854775,32500560.5347741544,0.0136594121,0.0107812172,784,0,0,0.0000000000,12.3404576020
3,orig_dec,2.0000000000,0.2000000000,1.7582845632,0.0417154368,150.0000000000,0.0300000000,300,1.0000000000,10000.0000000000,3.0000000000,0.5000000000,879102,878140,32950647,32828151,32203690.7406059690,0.0226689406,0.0190220966,962,0,0,0.0000000000,12.3357499020
4,orig_dec,2.0000000000,0.2000000000,1.7581741498,0.0418258502,150.0000000000,0.0300000000,300,1.0000000000,10000.0000000000,3.0000000000,0.5000000000,879102,878232,32950647,32853192,32689161.7512304969,0.0079356636,0.0049928253,870,0,0,0.0000000000,12.2466711000
0,orig_dec,2.0000000000,0.2000000000,1.7583336109,0.0416663891,150.0000000000,0.0500000000,500,1.0000000000,10000.0000000000,3.0000000000,0.5000000000,879102,876622,32950647,32668240,33688946.9401493818,0.0224062350,0.0312446260,2480,0,0,0.0000000000,12.0769885970
1,orig_dec,2.0000000000,0.2000000000,1.7584255716,0.0415744284,150.0000000000,0.0500000000,500,1.0000000000,10000.0000000000,3.0000000000,0.5000000000,879102,876665,32950647,32659158,32157027.6042216122,0.0240850930,0.0153748727,2437,0,0,0.0000000000,12.3013177010
2,orig_dec,2.0000000000,0.2000000000,1.7579708312,0.0420291688,150.0000000000,0.0500000000,500,1.0000000000,10000.0000000000,3.0000000000,0.5000000000,879102,876863,32950647,32681799,32143068.5899175145,0.0245087269,0.0164841112,2239,0,0,0.0000000000,11.9684855960
3,orig_dec,2.0000000000,0.2000000000,1.7583069185,0.0416930815,150.0000000000,0.0500000000,500,1.0000000000,10000.0000000000,3.0000000000,0.5000000000,879102,876695,32950647,32688219,31813867.3185472600,0.0344994647,0.0267482203,2407,0,0,0.0000000000,12.4013743020
4,orig_dec,2.0000000000,0.2000000000,1.7582940055,0.0417059945,150.0000000000,0.0500000000,500,1.0000000000,10000.0000000000,3.0000000000,0.5000000000,879102,876648,32950647,32660293,31339523.4893090241,0.0488950493,0.0404396100,2454,0,0,0.0000000000,12.3600768030
0,orig_dec,2.0000000000,0.2000000000,1.7582786840,0.0417213160,150.0000000000,0.0800000000,800,1.0000000000,10000.0000000000,3.0000000000,0.5000000000,879102,873078,32950647,32285236,32226089.9250115007,0.0219891608,0.0018319852,6024,0,0,0.0000000000,11.9382105950
1,orig_dec,2.0000000000,0.2000000000,1.7584449205,0.0415550795,150.0000000000,0.0800000000,800,1.0000000000,10000.0000000000,3.0000000000,0.5000000000,879102,873164,32950647,32263251,31780423.9231812619,0.0355144188,0.0149652333,5938,0,0,0.0000000000,11.8999599950
2,orig_dec,2.0000000000,0.2000000000,1.7583343472,0.0416656528,150.0000000000,0.0800000000,800,1.0000000000,10000.0000000000,3.0000000000,0.5000000000,879102,873732,32950647,32348028,31209380.6822693162,0.0528446776,0.0351998990,5370,0,0,0.0000000000,12.3330133020
3,orig_dec,2.0000000000,0.2000000000,1.7580883306,0.0419116694,150.0000000000,0.0800000000,800,1.0000000000,10000.0000000000,3.0000000000,0.5000000000,879102,873446,32950647,32373476,32129875.6211686768,0.0249091127,0.0075246902,5656,0,0,0.0000000000,12.7830430090
4,orig_dec,2.0000000000,0.2000000000,1.7583860663,0.0416139337,150.0000000000,0.0800000000,800,1.0000000000,10000.0000000000,3.0000000000,0.5000000000,879102,872853,32950647,32231087,31275997.0358424485,0.0508229767,0.0296325707,6249,0,0,0.0000000000,14.6606949400
0,orig_dec,2.0000000000,0.2000000000,1.7584781133,0.0415218867,150.0000000000,0.1000000000,1000,1.0000000000,10000.0000000000,3.0000000000,0.5000000000,879102,869981,32950647,31968448,32015992.2940495498,0.0283652915,0.0014872256,9121,0,0,0.0000000000,14.1942262330
1,orig_dec,2.0000000000,0.2000000000,1.7584364866,0.0415635134,150.0000000000,0.1000000000,1000,1.0000000000,10000.0000000000,3.0000000000,0.5000000000,879102,869697,32950647,31862997,32391598.2032979876,0.0169662464,0.0165898143,9405,0,0,0.0000000000,12.2027826000
2,orig_dec,2.0000000000,0.2000000000,1.7583603901,0.0416396099,150.0000000000,0.1000000000,1000,1.0000000000,10000.0000000000,3.0000000000,0.5000000000,879102,870481,32950647,32044584,31616130.9804604650,0.0405004496,0.0133705284,8621,0,0,0.0000000000,11.6362389910
3,orig_dec,2.0000000000,0.2000000000,1.7581900911,0.0418099089,150.0000000000,0.1000000000,1000,1.0000000000,10000.0000000000,3.0000000000,0.5000000000,879102,870562,32950647,32110876,31631859.7640277743,0.0400231059,0.0149175699,8540,0,0,0.0000000000,12.5723316060
4,orig_dec,2.0000000000,0.2000000000,1.7584486609,0.0415513391,150.0000000000,0.1000000000,1000,1.0000000000,10000.0000000000,3.0000000000,0.5000000000,879102,869719,32950647,31923622,31678371.4239441194,0.0386115507,0.0076824170,9383,0,0,0.0000000000,11.9507270950
0,orig_dec,2.0000000000,0.2000000000,1.7584272176,0.0415727824,150.0000000000,0.1300000000,1300,1.0000000000,10000.0000000000,3.0000000000,0.5000000000,879102,863584,32950647,31292832,31920206.6647144221,0.0312722338,0.0200485103,15518,0,0,0.0000000000,11.7140084920
1,orig_dec,2.0000000000,0.2000000000,1.7586427118,0.0413572882,150.0000000000,0.1300000000,1300,1.0000000000,10000.0000000000,3.0000000000,0.5000000000,879102,863017,32950647,31184765,31391364.2193214260,0.0473217652,0.0066250048,16085,0,0,0.0000000000,11.9264466950
2,orig_dec,2.0000000000,0.2000000000,1.7584023661,0.0415976339,150.0000000000,0.1300000000,1300,1.0000000000,10000.0000000000,3.0000000000,0.5000000000,879102,864686,32950647,31474781,31128594.0008675754,0.0552964256,0.0109988692,14416,0,0,0.0000000000,12.0400184960
3,orig_dec,2.0000000000,0.2000000000,1.7584378794,0.0415621206,150.0000000000,0.1300000000,1300,1.0000000000,10000.0000000000,3.0000000000,0.5000000000,879102,864444,32950647,31593609,32402702.8928237408,0.0166292367,0.0256094165,14658,0,0,0.0000000000,12.1928976000
4,orig_dec,2.0000000000,0.2000000000,1.7584453584,0.0415546416,150.0000000000,0.1300000000,1300,1.0000000000,10000.0000000000,3.0000000000,0.5000000000,879102,863365,32950647,31271774,31729699.4849381037,0.0370538252,0.0146434125,15737,0,0,0.0000000000,11.6873115910
0,orig_dec,2.0000000000,0.2000000000,1.7588108381,0.0411891619,150.0000000000,0.1500000000,1500,1.0000000000,10000.0000000000,3.0000000000,0.5000000000,879102,858610,32950647,30838053,30951790.7009020783,0.0606621260,0.0036882257,20492,0,0,0.0000000000,11.2699692840
1,orig_dec,2.0000000000,0.2000000000,1.7585994510,0.0414005490,150.0000000000,0.1500000000,1500,1.0000000000,10000.0000000000,3.0000000000,0.5000000000,879102,857866,32950647,30675540,29811880.5564139821,0.0952565952,0.0281546615,21236,0,0,0.0000000000,11.5616130890
2,orig_dec,2.0000000000,0.2000000000,1.7586512572,0.0413487428,150.0000000000,0.1500000000,1500,1.0000000000,10000.0000000000,3.0000000000,0.5000000000,879102,859871,32950647,31030370,31296927.8143255077,0.0501877607,0.0085902235,19231,0,0,0.0000000000,11.4888454880
3,orig_dec,2.0000000000,0.2000000000,1.7587799459,0.0412200541,150.0000000000,0.1500000000,1500,1.0000000000,10000.0000000000,3.0000000000,0.5000000000,879102,859986,32950647,31247063,31104854.8016831465,0.0560168727,0.0045510901,19116,0,0,0.0000000000,11.4694854880
4,orig_dec,2.0000000000,0.2000000000,1.7587895807,0.0412104193,150.0000000000,0.1500000000,1500,1.0000000000,10000.0000000000,3.0000000000,0.5000000000,879102,857396,32950647,30603999,30819538.7139765806,0.0646757645,0.0070428611,21706,0,0,0.0000000000,11.5957008900
0,orig_dec,2.0000000000,0.2000000000,1.7588757205,0.0411242795,150.0000000000,0.1800000000,1800,1.0000000000,10000.0000000000,3.0000000000,0.5000000000,879102,849937,32950647,29973017,30144264.4639278837,0.0851692695,0.0057133876,29165,0,0,0.0000000000,11.7325356920
1,orig_dec,2.0000000000,0.2000000000,1.7588646017,0.0411353983,150.0000000000,0.1800000000,1800,1.0000000000,10000.0000000000,3.0000000000,0.5000000000,879102,850055,32950647,29977040,29205602.8321845643,0.1136561649,0.0257342676,29047,0,0,0.0000000000,11.7827099920
2,orig_dec,2.0000000000,0.2000000000,1.7587842305,0.0412157695,150.0000000000,0.1800000000,1800,1.0000000000,10000.0000000000,3.0000000000,0.5000000000,879102,850560,32950647,30098485,30919982.5251983814,0.0616274538,0.0272936503,28542,0,0,0.0000000000,12.0036813960
3,orig_dec,2.0000000000,0.2000000000,1.7588017394,0.0411982606,150.0000000000,0.1800000000,1800,1.0000000000,10000.0000000000,3.0000000000,0.5000000000,879102,850630,32950647,30364239,30694601.3325658143,0.0684674164,0.0108799806,28472,0,0,0.0000000000,11.9418170950
4,orig_dec,2.0000000000,0.2000000000,1.7588613330,0.0411386670,150.0000000000,0.1800000000,1800,1.0000000000,10000.0000000000,3.0000000000,0.5000000000,879102,848716,32950647,29824005,30254340.2613670044,0.0818286433,0.0144291574,30386,0,0,0.0000000000,11.8418273940
0,orig_dec,2.0000000000,0.2000000000,1.7589112190,0.0410887810,150.0000000000,0.2000000000,2000,1.0000000000,10000.0000000000,3.0000000000,0.5000000000,879102,843269,32950647,29387911,29964357.7705393620,0.0906291530,0.0196150986,35833,0,0,0.0000000000,11.8355281940
1,orig_dec,2.0000000000,0.2000000000,1.7589849847,0.0410150153,150.0000000000,0.2000000000,2000,1.0000000000,10000.0000000000,3.0000000000,0.5000000000,879102,843346,32950647,29330328,28277406.0275222249,0.1418254692,0.0358987452,35756,0,0,0.0000000000,12.0955645980
2,orig_dec,2.0000000000,0.2000000000,1.7592755553,0.0407244447,150.0000000000,0.2000000000,2000,1.0000000000,10000.0000000000,3.0000000000,0.5000000000,879102,844725,32950647,29587237,29347095.7841303349,0.1093620777,0.0081163786,34377,0,0,0.0000000000,12.0139299970
3,orig_dec,2.0000000000,0.2000000000,1.7587594242,0.0412405758,150.0000000000,0.2000000000,2000,1.0000000000,10000.0000000000,3.0000000000,0.5000000000,879102,845231,32950647,29874751,29760425.2915350907,0.0968181811,0.0038268339,33871,0,0,0.0000000000,12.0273936970
4,orig_dec,2.0000000000,0.2000000000,1.7493086937,0.0506913063,150.0000000000,0.2000000000,2000,1.0000000000,10000.0000000000,3.0000000000,0.5000000000,879102,840513,32950647,28998451,28721962.0373305678,0.1283338977,0.0095346114,38589,0,0,0.0000000000,11.8586734940
0,rr_inc,2.0000000000,0.2000000000,1.7583423411,0.0416576589,150.0000000000,0.0300000000,300,1.0000000000,10000.0000000000,3.0000000000,0.5000000000,879102,879102,32950647,32950647,33052693.7257342525,0.0030969567,0.0030969567,0,37490,0,0.0000000000,12.0104899960
1,rr_inc,2.0000000000,0.2000000000,1.7581792231,0.0418207769,150.0000000000,0.0300000000,300,1.0000000000,10000.0000000000,3.0000000000,0.5000000000,879102,879102,32950647,32950647,32399468.8247032054,0.0167273855,0.0167273855,0,37482,0,0.0000000000,11.4944644880
2,rr_inc,2.0000000000,0.2000000000,1.7582312137,0.0417687863,150.0000000000,0.0300000000,300,1.0000000000,10000.0000000000,3.0000000000,0.5000000000,879102,879102,32950647,32950647,32673386.8752232976,0.0084144061,0.0084144061,0,37600,0,0.0000000000,11.2994835850
3,rr_inc,2.0000000000,0.2000000000,1.7582044854,0.0417955146,150.0000000000,0.0300000000,300,1.0000000000,10000.0000000000,3.0000000000,0.5000000000,879102,879102,32950647,32950647,32497600.3758468367,0.0137492482,0.0137492482,0,37598,0,0.0000000000,11.2861656840
4,rr_inc,2.0000000000,0.2000000000,1.7582829687,0.0417170313,150.0000000000,0.0300000000,300,1.0000000000,10000.0000000000,3.0000000000,0.5000000000,879102,879102,32950647,32950647,32953926.2118622251,0.0000995189,0.0000995189,0,37680,0,0.0000000000,10.7395006760
0,rr_inc,2.0000000000,0.2000000000,1.7583423411,0.0416576589,150.0000000000,0.0500000000,500,1.0000000000,10000.0000000000,3.0000000000,0.5000000000,879102,879102,32950647,32950647,34466601.9086584076,0.0460068328,0.0460068328,0,104575,0,0.0000000000,10.8461354770
1,rr_inc,2.0000000000,0.2000000000,1.7581792231,0.0418207769,150.0000000000,0.0500000000,500,1.0000000000,10000.0000000000,3.0000000000,0.5000000000,879102,879102,32950647,32950647,32868983.0259983726,0.0024783724,0.0024783724,0,104485,0,0.0000000000,10.7175837760
2,rr_inc,2.0000000000,0.2000000000,1.7582312137,0.0417687863,150.0000000000,0.0500000000,500,1.0000000000,10000.0000000000,3.0000000000,0.5000000000,879102,879102,32950647,32950647,32794400.8227400668,0.0047418243,0.0047418243,0,104827,0,0.0000000000,10.7897875770
3,rr_inc,2.0000000000,0.2000000000,1.7582044854,0.0417955146,150.0000000000,0.0500000000,500,1.0000000000,10000.0000000000,3.0000000000,0.5000000000,879102,879102,32950647,32950647,32451125.9668037705,0.0151596730,0.0151596730,0,104616,0,0.0000000000,10.7881509760
4,rr_inc,2.0000000000,0.2000000000,1.7582829687,0.0417170313,150.0000000000,0.0500000000,500,1.0000000000,10000.0000000000,3.0000000000,0.5000000000,879102,879102,32950647,32950647,32060304.9300904311,0.0270204731,0.0270204731,0,104877,0,0.0000000000,10.5888926730
0,rr_inc,2.0000000000,0.2000000000,1.7583423411,0.0416576589,150.0000000000,0.0800000000,800,1.0000000000,10000.0000000000,3.0000000000,0.5000000000,879102,879102,32950647,32950647,33928831.6628620848,0.0296863568,0.0296863568,0,268244,0,0.0000000000,10.5854133740
1,rr_inc,2.0000000000,0.2000000000,1.7581792231,0.0418207769,150.0000000000,0.0800000000,800,1.0000000000,10000.0000000000,3.0000000000,0.5000000000,879102,879102,32950647,32950647,33549037.9052489549,0.0181602172,0.0181602172,0,268194,0,0.0000000000,10.7978957770
2,rr_inc,2.0000000000,0.2000000000,1.7582312137,0.0417687863,150.0000000000,0.0800000000,800,1.0000000000,10000.0000000000,3.0000000000,0.5000000000,879102,879102,32950647,32950647,32778663.2650044113,0.0052194342,0.0052194342,0,268719,0,0.0000000000,10.8321181770
3,rr_inc,2.0000000000,0.2000000000,1.7582044854,0.0417955146,150.0000000000,0.0800000000,800,1.0000000000,10000.0000000000,3.0000000000,0.5000000000,879102,879102,32950647,32950647,33642072.2587855533,0.0209836626,0.0209836626,0,268573,0,0.0000000000,10.7982939760
4,rr_inc,2.0000000000,0.2000000000,1.7582829687,0.0417170313,150.0000000000,0.0800000000,800,1.0000000000,10000.0000000000,3.0000000000,0.5000000000,879102,879102,32950647,32950647,33058700.5397012644,0.0032792540,0.0032792540,0,268673,0,0.0000000000,10.6214816740
0,rr_inc,2.0000000000,0.2000000000,1.7583423411,0.0416576589,150.0000000000,0.1000000000,1000,1.0000000000,10000.0000000000,3.0000000000,0.5000000000,879102,879102,32950647,32950647,34621506.2269405350,0.0507079338,0.0507079338,0,419706,0,0.0000000000,10.6841900750
1,rr_inc,2.0000000000,0.2000000000,1.7581792231,0.0418207769,150.0000000000,0.1000000000,1000,1.0000000000,10000.0000000000,3.0000000000,0.5000000000,879102,879102,32950647,32950647,35159915.8290948346,0.0670478133,0.0670478133,0,419062,0,0.0000000000,10.9850302800
2,rr_inc,2.0000000000,0.2000000000,1.7582312137,0.0417687863,150.0000000000,0.1000000000,1000,1.0000000000,10000.0000000000,3.0000000000,0.5000000000,879102,879102,32950647,32950647,34038654.9061264470,0.0330193184,0.0330193184,0,419879,0,0.0000000000,10.8244059770
3,rr_inc,2.0000000000,0.2000000000,1.7582044854,0.0417955146,150.0000000000,0.1000000000,1000,1.0000000000,10000.0000000000,3.0000000000,0.5000000000,879102,879102,32950647,32950647,33874995.5864135250,0.0280525170,0.0280525170,0,420114,0,0.0000000000,11.4803094880
4,rr_inc,2.0000000000,0.2000000000,1.7582829687,0.0417170313,150.0000000000,0.1000000000,1000,1.0000000000,10000.0000000000,3.0000000000,0.5000000000,879102,879102,32950647,32950647,34403401.7750671729,0.0440888088,0.0440888088,0,419896,0,0.0000000000,11.0839119820
0,rr_inc,2.0000000000,0.2000000000,1.7583423411,0.0416576589,150.0000000000,0.1300000000,1300,1.0000000000,10000.0000000000,3.0000000000,0.5000000000,879102,879102,32950647,32950647,36347473.4078952894,0.1030883068,0.1030883068,0,709286,0,0.0000000000,10.6446366740
1,rr_inc,2.0000000000,0.2000000000,1.7581792231,0.0418207769,150.0000000000,0.1300000000,1300,1.0000000000,10000.0000000000,3.0000000000,0.5000000000,879102,879102,32950647,32950647,36031594.0092921481,0.0935018669,0.0935018669,0,708226,0,0.0000000000,10.9893135800
2,rr_inc,2.0000000000,0.2000000000,1.7582312137,0.0417687863,150.0000000000,0.1300000000,1300,1.0000000000,10000.0000000000,3.0000000000,0.5000000000,879102,879102,32950647,32950647,35168379.7029930726,0.0673046785,0.0673046785,0,710004,0,0.0000000000,10.8785564780
3,rr_inc,2.0000000000,0.2000000000,1.7582044854,0.0417955146,150.0000000000,0.1300000000,1300,1.0000000000,10000.0000000000,3.0000000000,0.5000000000,879102,879102,32950647,32950647,36347391.1175222620,0.1030858094,0.1030858094,0,710099,0,0.0000000000,11.0526383810
4,rr_inc,2.0000000000,0.2000000000,1.7582829687,0.0417170313,150.0000000000,0.1300000000,1300,1.0000000000,10000.0000000000,3.0000000000,0.5000000000,879102,879102,32950647,32950647,36147505.4799565971,0.0970195966,0.0970195966,0,709807,0,0.0000000000,11.0068943800
0,rr_inc,2.0000000000,0.2000000000,1.7583423411,0.0416576589,150.0000000000,0.1500000000,1500,1.0000000000,10000.0000000000,3.0000000000,0.5000000000,879102,879102,32950647,32950647,36642506.2608811781,0.1120420871,0.1120420871,0,944322,0,0.0000000000,10.7092055760
1,rr_inc,2.0000000000,0.2000000000,1.7581792231,0.0418207769,150.0000000000,0.1500000000,1500,1.0000000000,10000.0000000000,3.0000000000,0.5000000000,879102,879102,32950647,32950647,35824762.6272008792,0.0872248617,0.0872248617,0,943690,0,0.0000000000,11.0920455810
2,rr_inc,2.0000000000,0.2000000000,1.7582312137,0.0417687863,150.0000000000,0.1500000000,1500,1.0000000000,10000.0000000000,3.0000000000,0.5000000000,879102,879102,32950647,32950647,36653683.7358777374,0.1123813058,0.1123813058,0,945535,0,0.0000000000,10.9410489790
3,rr_inc,2.0000000000,0.2000000000,1.7582044854,0.0417955146,150.0000000000,0.1500000000,1500,1.0000000000,10000.0000000000,3.0000000000,0.5000000000,879102,879102,32950647,32950647,36207153.8912424371,0.0988298315,0.0988298315,0,946036,0,0.0000000000,10.9386320790
4,rr_inc,2.0000000000,0.2000000000,1.7582829687,0.0417170313,150.0000000000,0.1500000000,1500,1.0000000000,10000.0000000000,3.0000000000,0.5000000000,879102,879102,32950647,32950647,36824427.0361863449,0.1175630948,0.1175630948,0,944254,0,0.0000000000,10.9366726790
0,rr_inc,2.0000000000,0.2000000000,1.7583423411,0.0416576589,150.0000000000,0.1800000000,1800,1.0000000000,10000.0000000000,3.0000000000,0.5000000000,879102,879102,32950647,32950647,38369130.8057036102,0.1644424101,0.1644424101,0,1360526,0,0.0000000000,11.3324793850
1,rr_inc,2.0000000000,0.2000000000,1.7581792231,0.0418207769,150.0000000000,0.1800000000,1800,1.0000000000,10000.0000000000,3.0000000000,0.5000000000,879102,879102,32950647,32950647,37435603.9660226703,0.1361113476,0.1361113476,0,1360247,0,0.0000000000,11.3006133850
2,rr_inc,2.0000000000,0.2000000000,1.7582312137,0.0417687863,150.0000000000,0.1800000000,1800,1.0000000000,10000.0000000000,3.0000000000,0.5000000000,879102,879102,32950647,32950647,38844757.3088432625,0.1788769219,0.1788769219,0,1360684,0,0.0000000000,11.4131052870
3,rr_inc,2.0000000000,0.2000000000,1.7582044854,0.0417955146,150.0000000000,0.1800000000,1800,1.0000000000,10000.0000000000,3.0000000000,0.5000000000,879102,879102,32950647,32950647,38317139.7367522046,0.1628645634,0.1628645634,0,1361014,0,0.0000000000,11.3635183860
4,rr_inc,2.0000000000,0.2000000000,1.7582829687,0.0417170313,150.0000000000,0.1800000000,1800,1.0000000000,10000.0000000000,3.0000000000,0.5000000000,879102,879102,32950647,32950647,38750795.8766045198,0.1760253411,0.1760253411,0,1360092,0,0.0000000000,10.6621093750
0,rr_inc,2.0000000000,0.2000000000,1.7583423411,0.0416576589,150.0000000000,0.2000000000,2000,1.0000000000,10000.0000000000,3.0000000000,0.5000000000,879102,879102,32950647,32950647,39807454.4454144165,0.2080932567,0.2080932567,0,1679560,0,0.0000000000,10.6521129740
1,rr_inc,2.0000000000,0.2000000000,1.7581792231,0.0418207769,150.0000000000,0.2000000000,2000,1.0000000000,10000.0000000000,3.0000000000,0.5000000000,879102,879102,32950647,32950647,38321269.3068567142,0.1629898893,0.1629898893,0,1679124,0,0.0000000000,10.7880811760
2,rr_inc,2.0000000000,0.2000000000,1.7582312137,0.0417687863,150.0000000000,0.2000000000,2000,1.0000000000,10000.0000000000,3.0000000000,0.5000000000,879102,879102,32950647,32950647,38924769.9461320192,0.1813051788,0.1813051788,0,1680631,0,0.0000000000,10.9954073800
3,rr_inc,2.0000000000,0.2000000000,1.7582044854,0.0417955146,150.0000000000,0.2000000000,2000,1.0000000000,10000.0000000000,3.0000000000,0.5000000000,879102,879102,32950647,32950647,38981731.0263254642,0.1830338575,0.1830338575,0,1681424,0,0.0000000000,10.9607374800
4,rr_inc,2.0000000000,0.2000000000,1.7582829687,0.0417170313,150.0000000000,0.2000000000,2000,1.0000000000,10000.0000000000,3.0000000000,0.5000000000,879102,879102,32950647,32950647,39231080.3957742676,0.1906012163,0.1906012163,0,1678688,0,0.0000000000,10.7163538750
0,rr_dec,2.0000000000,0.2000000000,1.7583423411,0.0416576589,150.0000000000,0.0300000000,300,1.0000000000,10000.0000000000,3.0000000000,0.5000000000,879102,879102,32950647,32950647,32787140.8800275326,0.0049621520,0.0049621520,0,7360,0,0.0000000000,10.6404360740
1,rr_dec,2.0000000000,0.2000000000,1.7581792231,0.0418207769,150.0000000000,0.0300000000,300,1.0000000000,10000.0000000000,3.0000000000,0.5000000000,879102,879102,32950647,32950647,32174619.9138354994,0.0235511942,0.0235511942,0,7368,0,0.0000000000,10.9728230790
2,rr_dec,2.0000000000,0.2000000000,1.7582312137,0.0417687863,150.0000000000,0.0300000000,300,1.0000000000,10000.0000000000,3.0000000000,0.5000000000,879102,879102,32950647,32950647,32462105.3737341464,0.0148264654,0.0148264654,0,7250,0,0.0000000000,11.0229497800
3,rr_dec,2.0000000000,0.2000000000,1.7582044854,0.0417955146,150.0000000000,0.0300000000,300,1.0000000000,10000.0000000000,3.0000000000,0.5000000000,879102,879102,32950647,32950647,32272697.7675974667,0.0205746865,0.0205746865,0,7252,0,0.0000000000,10.9618531800
4,rr_dec,2.0000000000,0.2000000000,1.7582829687,0.0417170313,150.0000000000,0.0300000000,300,1.0000000000,10000.0000000000,3.0000000000,0.5000000000,879102,879102,32950647,32950647,32734195.2049656250,0.0065689695,0.0065689695,0,7170,0,0.0000000000,11.0951998810
0,rr_dec,2.0000000000,0.2000000000,1.7583423411,0.0416576589,150.0000000000,0.0500000000,500,1.0000000000,10000.0000000000,3.0000000000,0.5000000000,879102,879102,32950647,32950647,33849560.8982569873,0.0272806145,0.0272806145,0,20175,0,0.0000000000,10.9192085790
1,rr_dec,2.0000000000,0.2000000000,1.7581792231,0.0418207769,150.0000000000,0.0500000000,500,1.0000000000,10000.0000000000,3.0000000000,0.5000000000,879102,879102,32950647,32950647,32245042.8208735287,0.0214139704,0.0214139704,0,20265,0,0.0000000000,11.0019806800
2,rr_dec,2.0000000000,0.2000000000,1.7582312137,0.0417687863,150.0000000000,0.0500000000,500,1.0000000000,10000.0000000000,3.0000000000,0.5000000000,879102,879102,32950647,32950647,32234354.8622988500,0.0217383330,0.0217383330,0,19923,0,0.0000000000,11.0103572800
3,rr_dec,2.0000000000,0.2000000000,1.7582044854,0.0417955146,150.0000000000,0.0500000000,500,1.0000000000,10000.0000000000,3.0000000000,0.5000000000,879102,879102,32950647,32950647,31885123.0603358895,0.0323369656,0.0323369656,0,20134,0,0.0000000000,11.1150685820
4,rr_dec,2.0000000000,0.2000000000,1.7582829687,0.0417170313,150.0000000000,0.0500000000,500,1.0000000000,10000.0000000000,3.0000000000,0.5000000000,879102,879102,32950647,32950647,31441518.1121194251,0.0457996739,0.0457996739,0,19873,0,0.0000000000,11.0072751790
0,rr_dec,2.0000000000,0.2000000000,1.7583423411,0.0416576589,150.0000000000,0.0800000000,800,1.0000000000,10000.0000000000,3.0000000000,0.5000000000,879102,879102,32950647,32950647,32462762.7130665071,0.0148065161,0.0148065161,0,51356,0,0.0000000000,10.7017849750
1,rr_dec,2.0000000000,0.2000000000,1.7581792231,0.0418207769,150.0000000000,0.0800000000,800,1.0000000000,10000.0000000000,3.0000000000,0.5000000000,879102,879102,32950647,32950647,32030088.9724358432,0.0279374796,0.0279374796,0,51406,0,0.0000000000,11.0128448800
2,rr_dec,2.0000000000,0.2000000000,1.7582312137,0.0417687863,150.0000000000,0.0800000000,800,1.0000000000,10000.0000000000,3.0000000000,0.5000000000,879102,879102,32950647,32950647,31437015.1777791642,0.0459363308,0.0459363308,0,50881,0,0.0000000000,10.9111751780
3,rr_dec,2.0000000000,0.2000000000,1.7582044854,0.0417955146,150.0000000000,0.0800000000,800,1.0000000000,10000.0000000000,3.0000000000,0.5000000000,879102,879102,32950647,32950647,32285916.4671345614,0.0201735199,0.0201735199,0,51027,0,0.0000000000,10.9997535800
4,rr_dec,2.0000000000,0.2000000000,1.7582829687,0.0417170313,150.0000000000,0.0800000000,800,1.0000000000,10000.0000000000,3.0000000000,0.5000000000,879102,879102,32950647,32950647,31489297.8278390914,0.0443496351,0.0443496351,0,50927,0,0.0000000000,10.9184517780
0,rr_dec,2.0000000000,0.2000000000,1.7583423411,0.0416576589,150.0000000000,0.1000000000,1000,1.0000000000,10000.0000000000,3.0000000000,0.5000000000,879102,879102,32950647,32950647,32360597.4269738793,0.0179070709,0.0179070709,0,79794,0,0.0000000000,10.7721029770
1,rr_dec,2.0000000000,0.2000000000,1.7581792231,0.0418207769,150.0000000000,0.1000000000,1000,1.0000000000,10000.0000000000,3.0000000000,0.5000000000,879102,879102,32950647,32950647,32774740.6045367122,0.0053384808,0.0053384808,0,80438,0,0.0000000000,10.9162317780
2,rr_dec,2.0000000000,0.2000000000,1.7582312137,0.0417687863,150.0000000000,0.1000000000,1000,1.0000000000,10000.0000000000,3.0000000000,0.5000000000,879102,879102,32950647,32950647,31862300.4307903461,0.0330295963,0.0330295963,0,79621,0,0.0000000000,10.7272737750
3,rr_dec,2.0000000000,0.2000000000,1.7582044854,0.0417955146,150.0000000000,0.1000000000,1000,1.0000000000,10000.0000000000,3.0000000000,0.5000000000,879102,879102,32950647,32950647,31845086.6857730858,0.0335520063,0.0335520063,0,79386,0,0.0000000000,10.9404840790
4,rr_dec,2.0000000000,0.2000000000,1.7582829687,0.0417170313,150.0000000000,0.1000000000,1000,1.0000000000,10000.0000000000,3.0000000000,0.5000000000,879102,879102,32950647,32950647,32030194.2453847229,0.0279342847,0.0279342847,0,79604,0,0.0000000000,10.9201538790
0,rr_dec,2.0000000000,0.2000000000,1.7583423411,0.0416576589,150.0000000000,0.1300000000,1300,1.0000000000,10000.0000000000,3.0000000000,0.5000000000,879102,879102,32950647,32950647,32468622.5501871109,0.0146286794,0.0146286794,0,135064,0,0.0000000000,11.1050333820
1,rr_dec,2.0000000000,0.2000000000,1.7581792231,0.0418207769,150.0000000000,0.1300000000,1300,1.0000000000,10000.0000000000,3.0000000000,0.5000000000,879102,879102,32950647,32950647,31976783.0012631863,0.0295552315,0.0295552315,0,136124,0,0.0000000000,11.1714148820
2,rr_dec,2.0000000000,0.2000000000,1.7582312137,0.0417687863,150.0000000000,0.1300000000,1300,1.0000000000,10000.0000000000,3.0000000000,0.5000000000,879102,879102,32950647,32950647,31493418.5441710651,0.0442245779,0.0442245779,0,134346,0,0.0000000000,11.2343920840
3,rr_dec,2.0000000000,0.2000000000,1.7582044854,0.0417955146,150.0000000000,0.1300000000,1300,1.0000000000,10000.0000000000,3.0000000000,0.5000000000,879102,879102,32950647,32950647,32766451.0912709869,0.0055900544,0.0055900544,0,134251,0,0.0000000000,11.1106875820
4,rr_dec,2.0000000000,0.2000000000,1.7582829687,0.0417170313,150.0000000000,0.1300000000,1300,1.0000000000,10000.0000000000,3.0000000000,0.5000000000,879102,879102,32950647,32950647,32232872.5405777954,0.0217833191,0.0217833191,0,134543,0,0.0000000000,11.2521624840
0,rr_dec,2.0000000000,0.2000000000,1.7583423411,0.0416576589,150.0000000000,0.1500000000,1500,1.0000000000,10000.0000000000,3.0000000000,0.5000000000,879102,879102,32950647,32950647,31497492.3489511199,0.0441009444,0.0441009444,0,179928,0,0.0000000000,11.0757341820
1,rr_dec,2.0000000000,0.2000000000,1.7581792231,0.0418207769,150.0000000000,0.1500000000,1500,1.0000000000,10000.0000000000,3.0000000000,0.5000000000,879102,879102,32950647,32950647,30406024.5142848007,0.0772252662,0.0772252662,0,180560,0,0.0000000000,11.4331921870
2,rr_dec,2.0000000000,0.2000000000,1.7582312137,0.0417687863,150.0000000000,0.1500000000,1500,1.0000000000,10000.0000000000,3.0000000000,0.5000000000,879102,879102,32950647,32950647,31755437.3446675055,0.0362727219,0.0362727219,0,178715,0,0.0000000000,11.1544870820
3,rr_dec,2.0000000000,0.2000000000,1.7582044854,0.0417955146,150.0000000000,0.1500000000,1500,1.0000000000,10000.0000000000,3.0000000000,0.5000000000,879102,879102,32950647,32950647,31480020.4659544267,0.0446311884,0.0446311884,0,178214,0,0.0000000000,11.3189146850
4,rr_dec,2.0000000000,0.2000000000,1.7582829687,0.0417170313,150.0000000000,0.1500000000,1500,1.0000000000,10000.0000000000,3.0000000000,0.5000000000,879102,879102,32950647,32950647,31460842.7478672452,0.0452132018,0.0452132018,0,179996,0,0.0000000000,11.2932240850
0,rr_dec,2.0000000000,0.2000000000,1.7583423411,0.0416576589,150.0000000000,0.1800000000,1800,1.0000000000,10000.0000000000,3.0000000000,0.5000000000,879102,879102,32950647,32950647,31026279.0428975560,0.0584015226,0.0584015226,0,258574,0,0.0000000000,11.1410073810
1,rr_dec,2.0000000000,0.2000000000,1.7581792231,0.0418207769,150.0000000000,0.1800000000,1800,1.0000000000,10000.0000000000,3.0000000000,0.5000000000,879102,879102,32950647,32950647,29993876.3032326438,0.0897333123,0.0897333123,0,258853,0,0.0000000000,11.0683933800
2,rr_dec,2.0000000000,0.2000000000,1.7582312137,0.0417687863,150.0000000000,0.1800000000,1800,1.0000000000,10000.0000000000,3.0000000000,0.5000000000,879102,879102,32950647,32950647,31578007.7917443700,0.0416574281,0.0416574281,0,258416,0,0.0000000000,11.2330420840
3,rr_dec,2.0000000000,0.2000000000,1.7582044854,0.0417955146,150.0000000000,0.1800000000,1800,1.0000000000,10000.0000000000,3.0000000000,0.5000000000,879102,879102,32950647,32950647,31295566.5440005548,0.0502290731,0.0502290731,0,258086,0,0.0000000000,11.1666578830
4,rr_dec,2.0000000000,0.2000000000,1.7582829687,0.0417170313,150.0000000000,0.1800000000,1800,1.0000000000,10000.0000000000,3.0000000000,0.5000000000,879102,879102,32950647,32950647,31200176.4674210735,0.0531240110,0.0531240110,0,259008,0,0.0000000000,11.3144324850
0,rr_dec,2.0000000000,0.2000000000,1.7583423411,0.0416576589,150.0000000000,0.2000000000,2000,1.0000000000,10000.0000000000,3.0000000000,0.5000000000,879102,879102,32950647,32950647,30800269.4713254683,0.0652605555,0.0652605555,0,319440,0,0.0000000000,11.2990183850
1,rr_dec,2.0000000000,0.2000000000,1.7581792231,0.0418207769,150.0000000000,0.2000000000,2000,1.0000000000,10000.0000000000,3.0000000000,0.5000000000,879102,879102,32950647,32950647,29196487.3093519062,0.1139328066,0.1139328066,0,319876,0,0.0000000000,11.2447253830
2,rr_dec,2.0000000000,0.2000000000,1.7582312137,0.0417687863,150.0000000000,0.2000000000,2000,1.0000000000,10000.0000000000,3.0000000000,0.5000000000,879102,879102,32950647,32950647,30111035.3295673877,0.0861777212,0.0861777212,0,318369,0,0.0000000000,11.1014784820
3,rr_dec,2.0000000000,0.2000000000,1.7582044854,0.0417955146,150.0000000000,0.2000000000,2000,1.0000000000,10000.0000000000,3.0000000000,0.5000000000,879102,879102,32950647,32950647,30530889.7958754338,0.0734358025,0.0734358025,0,317576,0,0.0000000000,11.4371032870
4,rr_dec,2.0000000000,0.2000000000,1.7582829687,0.0417170313,150.0000000000,0.2000000000,2000,1.0000000000,10000.0000000000,3.0000000000,0.5000000000,879102,879102,32950647,32950647,29693313.3141829930,0.0988549234,0.0988549234,0,320312,0,0.0000000000,11.3682429850
0,lap_fixed_inc,2.0000000000,0.2000000000,1.7583423411,0.0416576589,150.0000000000,0.0300000000,300,1.0000000000,10000.0000000000,3.0000000000,0.5000000000,879102,879102,32950647,32950647,34120649.5424025282,0.0355077259,0.0355077259,0,0,300,3000000.0000000000,11.0350932810
1,lap_fixed_inc,2.0000000000,0.2000000000,1.7581792231,0.0418207769,150.0000000000,0.0300000000,300,1.0000000000,10000.0000000000,3.0000000000,0.5000000000,879102,879102,32950647,32950647,32830039.0620705187,0.0036602601,0.0036602601,0,0,300,3000000.0000000000,10.9467260790
2,lap_fixed_inc,2.0000000000,0.2000000000,1.7582312137,0.0417687863,150.0000000000,0.0300000000,300,1.0000000000,10000.0000000000,3.0000000000,0.5000000000,879102,879102,32950647,32950647,34417854.9469786212,0.0445274397,0.0445274397,0,0,300,3000000.0000000000,11.0108686800
3,lap_fixed_inc,2.0000000000,0.2000000000,1.7582044854,0.0417955146,150.0000000000,0.0300000000,300,1.0000000000,10000.0000000000,3.0000000000,0.5000000000,879102,879102,32950647,32950647,33233224.5377454348,0.0085757812,0.0085757812,0,0,300,3000000.0000000000,10.9607505790
4,lap_fixed_inc,2.0000000000,0.2000000000,1.7582829687,0.0417170313,150.0000000000,0.0300000000,300,1.0000000000,10000.0000000000,3.0000000000,0.5000000000,879102,879102,32950647,32950647,33579445.9095572010,0.0190830520,0.0190830520,0,0,300,3000000.0000000000,11.1238116820
0,lap_fixed_inc,2.0000000000,0.2000000000,1.7583423411,0.0416576589,150.0000000000,0.0500000000,500,1.0000000000,10000.0000000000,3.0000000000,0.5000000000,879102,879102,32950647,32950647,34801515.1821379140,0.0561709208,0.0561709208,0,0,500,5000000.0000000000,10.8807011770
1,lap_fixed_inc,2.0000000000,0.2000000000,1.7581792231,0.0418207769,150.0000000000,0.0500000000,500,1.0000000000,10000.0000000000,3.0000000000,0.5000000000,879102,879102,32950647,32950647,33150449.6397303157,0.0060636940,0.0060636940,0,0,500,5000000.0000000000,11.0732178820
2,lap_fixed_inc,2.0000000000,0.2000000000,1.7582312137,0.0417687863,150.0000000000,0.0500000000,500,1.0000000000,10000.0000000000,3.0000000000,0.5000000000,879102,879102,32950647,32950647,34967425.4658000991,0.0612060354,0.0612060354,0,0,500,5000000.0000000000,10.7569637770
3,lap_fixed_inc,2.0000000000,0.2000000000,1.7582044854,0.0417955146,150.0000000000,0.0500000000,500,1.0000000000,10000.0000000000,3.0000000000,0.5000000000,879102,879102,32950647,32950647,33439070.0568551719,0.0148228670,0.0148228670,0,0,500,5000000.0000000000,10.7002483750
4,lap_fixed_inc,2.0000000000,0.2000000000,1.7582829687,0.0417170313,150.0000000000,0.0500000000,500,1.0000000000,10000.0000000000,3.0000000000,0.5000000000,879102,879102,32950647,32950647,34477515.7921881005,0.0463380519,0.0463380519,0,0,500,5000000.0000000000,10.8079139770
0,lap_fixed_inc,2.0000000000,0.2000000000,1.7583423411,0.0416576589,150.0000000000,0.0800000000,800,1.0000000000,10000.0000000000,3.0000000000,0.5000000000,879102,879102,32950647,32950647,35874543.5054132640,0.0887356326,0.0887356326,0,0,800,8000000.0000000000,10.7611646750
1,lap_fixed_inc,2.0000000000,0.2000000000,1.7581792231,0.0418207769,150.0000000000,0.0800000000,800,1.0000000000,10000.0000000000,3.0000000000,0.5000000000,879102,879102,32950647,32950647,34387451.5350017026,0.0436047442,0.0436047442,0,0,800,8000000.0000000000,10.7162754760
2,lap_fixed_inc,2.0000000000,0.2000000000,1.7582312137,0.0417687863,150.0000000000,0.0800000000,800,1.0000000000,10000.0000000000,3.0000000000,0.5000000000,879102,879102,32950647,32950647,35871201.7268024310,0.0886342149,0.0886342149,0,0,800,8000000.0000000000,10.9080122790
3,lap_fixed_inc,2.0000000000,0.2000000000,1.7582044854,0.0417955146,150.0000000000,0.0800000000,800,1.0000000000,10000.0000000000,3.0000000000,0.5000000000,879102,879102,32950647,32950647,34358510.8408863991,0.0427264400,0.0427264400,0,0,800,8000000.0000000000,10.9046661780
4,lap_fixed_inc,2.0000000000,0.2000000000,1.7582829687,0.0417170313,150.0000000000,0.0800000000,800,1.0000000000,10000.0000000000,3.0000000000,0.5000000000,879102,879102,32950647,32950647,35682202.8380830362,0.0828983977,0.0828983977,0,0,800,8000000.0000000000,10.9093395780
0,lap_fixed_inc,2.0000000000,0.2000000000,1.7583423411,0.0416576589,150.0000000000,0.1000000000,1000,1.0000000000,10000.0000000000,3.0000000000,0.5000000000,879102,879102,32950647,32950647,36654363.0635291860,0.1124019223,0.1124019223,0,0,1000,10000000.0000000000,11.0064770800
1,lap_fixed_inc,2.0000000000,0.2000000000,1.7581792231,0.0418207769,150.0000000000,0.1000000000,1000,1.0000000000,10000.0000000000,3.0000000000,0.5000000000,879102,879102,32950647,32950647,35204611.7897578031,0.0684042650,0.0684042650,0,0,1000,10000000.0000000000,11.3495885860
2,lap_fixed_inc,2.0000000000,0.2000000000,1.7582312137,0.0417687863,150.0000000000,0.1000000000,1000,1.0000000000,10000.0000000000,3.0000000000,0.5000000000,879102,879102,32950647,32950647,37113825.2545231059,0.1263458728,0.1263458728,0,0,1000,10000000.0000000000,11.5612433890
3,lap_fixed_inc,2.0000000000,0.2000000000,1.7582044854,0.0417955146,150.0000000000,0.1000000000,1000,1.0000000000,10000.0000000000,3.0000000000,0.5000000000,879102,879102,32950647,32950647,35005201.9207298234,0.0623524910,0.0623524910,0,0,1000,10000000.0000000000,11.3308828850
4,lap_fixed_inc,2.0000000000,0.2000000000,1.7582829687,0.0417170313,150.0000000000,0.1000000000,1000,1.0000000000,10000.0000000000,3.0000000000,0.5000000000,879102,879102,32950647,32950647,36289724.6438163966,0.1013357232,0.1013357232,0,0,1000,10000000.0000000000,11.4961948880
0,lap_fixed_inc,2.0000000000,0.2000000000,1.7583423411,0.0416576589,150.0000000000,0.1300000000,1300,1.0000000000,10000.0000000000,3.0000000000,0.5000000000,879102,879102,32950647,32950647,37294845.1869572997,0.1318395413,0.1318395413,0,0,1300,13000000.0000000000,11.3261330850
1,lap_fixed_inc,2.0000000000,0.2000000000,1.7581792231,0.0418207769,150.0000000000,0.1300000000,1300,1.0000000000,10000.0000000000,3.0000000000,0.5000000000,879102,879102,32950647,32950647,36118175.6195709705,0.0961294818,0.0961294818,0,0,1300,13000000.0000000000,11.2808656840
2,lap_fixed_inc,2.0000000000,0.2000000000,1.7582312137,0.0417687863,150.0000000000,0.1300000000,1300,1.0000000000,10000.0000000000,3.0000000000,0.5000000000,879102,879102,32950647,32950647,38166685.7113141790,0.1582985218,0.1582985218,0,0,1300,13000000.0000000000,11.4287492870
3,lap_fixed_inc,2.0000000000,0.2000000000,1.7582044854,0.0417955146,150.0000000000,0.1300000000,1300,1.0000000000,10000.0000000000,3.0000000000,0.5000000000,879102,879102,32950647,32950647,35851062.6381260231,0.0880230254,0.0880230254,0,0,1300,13000000.0000000000,11.3353181860
4,lap_fixed_inc,2.0000000000,0.2000000000,1.7582829687,0.0417170313,150.0000000000,0.1300000000,1300,1.0000000000,10000.0000000000,3.0000000000,0.5000000000,879102,879102,32950647,32950647,36947242.3898213729,0.1212903464,0.1212903464,0,0,1300,13000000.0000000000,11.0682118810
0,lap_fixed_inc,2.0000000000,0.2000000000,1.7583423411,0.0416576589,150.0000000000,0.1500000000,1500,1.0000000000,10000.0000000000,3.0000000000,0.5000000000,879102,879102,32950647,32950647,38347622.8919753730,0.1637896789,0.1637896789,0,0,1500,15000000.0000000000,11.0804365810
1,lap_fixed_inc,2.0000000000,0.2000000000,1.7581792231,0.0418207769,150.0000000000,0.1500000000,1500,1.0000000000,10000.0000000000,3.0000000000,0.5000000000,879102,879102,32950647,32950647,36709840.6280414015,0.1140855786,0.1140855786,0,0,1500,15000000.0000000000,11.2321290840
2,lap_fixed_inc,2.0000000000,0.2000000000,1.7582312137,0.0417687863,150.0000000000,0.1500000000,1500,1.0000000000,10000.0000000000,3.0000000000,0.5000000000,879102,879102,32950647,32950647,38123491.2975535169,0.1569876397,0.1569876397,0,0,1500,15000000.0000000000,11.1740757820
3,lap_fixed_inc,2.0000000000,0.2000000000,1.7582044854,0.0417955146,150.0000000000,0.1500000000,1500,1.0000000000,10000.0000000000,3.0000000000,0.5000000000,879102,879102,32950647,32950647,37883780.9301261827,0.1497128093,0.1497128093,0,0,1500,15000000.0000000000,11.0353358810
4,lap_fixed_inc,2.0000000000,0.2000000000,1.7582829687,0.0417170313,150.0000000000,0.1500000000,1500,1.0000000000,10000.0000000000,3.0000000000,0.5000000000,879102,879102,32950647,32950647,37865369.5793345198,0.1491540539,0.1491540539,0,0,1500,15000000.0000000000,10.9835526800
0,lap_fixed_inc,2.0000000000,0.2000000000,1.7583423411,0.0416576589,150.0000000000,0.1800000000,1800,1.0000000000,10000.0000000000,3.0000000000,0.5000000000,879102,879102,32950647,32950647,39448706.4430802241,0.1972058225,0.1972058225,0,0,1800,18000000.0000000000,11.0842975810
1,lap_fixed_inc,2.0000000000,0.2000000000,1.7581792231,0.0418207769,150.0000000000,0.1800000000,1800,1.0000000000,10000.0000000000,3.0000000000,0.5000000000,879102,879102,32950647,32950647,38116916.5385053158,0.1567881061,0.1567881061,0,0,1800,18000000.0000000000,11.1024961820
2,lap_fixed_inc,2.0000000000,0.2000000000,1.7582312137,0.0417687863,150.0000000000,0.1800000000,1800,1.0000000000,10000.0000000000,3.0000000000,0.5000000000,879102,879102,32950647,32950647,39369248.5255639851,0.1947944004,0.1947944004,0,0,1800,18000000.0000000000,11.0119954800
3,lap_fixed_inc,2.0000000000,0.2000000000,1.7582044854,0.0417955146,150.0000000000,0.1800000000,1800,1.0000000000,10000.0000000000,3.0000000000,0.5000000000,879102,879102,32950647,32950647,37643800.3264296129,0.1424297777,0.1424297777,0,0,1800,18000000.0000000000,11.4297229870
4,lap_fixed_inc,2.0000000000,0.2000000000,1.7582829687,0.0417170313,150.0000000000,0.1800000000,1800,1.0000000000,10000.0000000000,3.0000000000,0.5000000000,879102,879102,32950647,32950647,39215428.9186792299,0.1901262187,0.1901262187,0,0,1800,18000000.0000000000,10.9656357790
0,lap_fixed_inc,2.0000000000,0.2000000000,1.7583423411,0.0416576589,150.0000000000,0.2000000000,2000,1.0000000000,10000.0000000000,3.0000000000,0.5000000000,879102,879102,32950647,32950647,39346136.7852497324,0.1940929957,0.1940929957,0,0,2000,20000000.0000000000,10.7723879760
1,lap_fixed_inc,2.0000000000,0.2000000000,1.7581792231,0.0418207769,150.0000000000,0.2000000000,2000,1.0000000000,10000.0000000000,3.0000000000,0.5000000000,879102,879102,32950647,32950647,38628331.0631571636,0.1723087278,0.1723087278,0,0,2000,20000000.0000000000,10.8964443780
2,lap_fixed_inc,2.0000000000,0.2000000000,1.7582312137,0.0417687863,150.0000000000,0.2000000000,2000,1.0000000000,10000.0000000000,3.0000000000,0.5000000000,879102,879102,32950647,32950647,40421839.0719018355,0.2267388580,0.2267388580,0,0,2000,20000000.0000000000,10.8288252770
3,lap_fixed_inc,2.0000000000,0.2000000000,1.7582044854,0.0417955146,150.0000000000,0.2000000000,2000,1.0000000000,10000.0000000000,3.0000000000,0.5000000000,879102,879102,32950647,32950647,39064982.8157156259,0.1855604175,0.1855604175,0,0,2000,20000000.0000000000,10.8455998780
4,lap_fixed_inc,2.0000000000,0.2000000000,1.7582829687,0.0417170313,150.0000000000,0.2000000000,2000,1.0000000000,10000.0000000000,3.0000000000,0.5000000000,879102,879102,32950647,32950647,39843012.6158248708,0.2091723909,0.2091723909,0,0,2000,20000000.0000000000,10.7947978760
0,lap_fixed_dec,2.0000000000,0.2000000000,1.7583423411,0.0416576589,150.0000000000,0.0300000000,300,1.0000000000,10000.0000000000,3.0000000000,0.5000000000,879102,879102,32950647,32950647,32120649.5424025469,0.0251891096,0.0251891096,0,0,300,-3000000.0000000000,10.9853445800
1,lap_fixed_dec,2.0000000000,0.2000000000,1.7581792231,0.0418207769,150.0000000000,0.0300000000,300,1.0000000000,10000.0000000000,3.0000000000,0.5000000000,879102,879102,32950647,32950647,30830039.0620705448,0.0643570956,0.0643570956,0,0,300,-3000000.0000000000,11.2474768840
2,lap_fixed_dec,2.0000000000,0.2000000000,1.7582312137,0.0417687863,150.0000000000,0.0300000000,300,1.0000000000,10000.0000000000,3.0000000000,0.5000000000,879102,879102,32950647,32950647,32417854.9469785839,0.0161693958,0.0161693958,0,0,300,-3000000.0000000000,11.2477765830
3,lap_fixed_dec,2.0000000000,0.2000000000,1.7582044854,0.0417955146,150.0000000000,0.0300000000,300,1.0000000000,10000.0000000000,3.0000000000,0.5000000000,879102,879102,32950647,32950647,31233224.5377454497,0.0521210543,0.0521210543,0,0,300,-3000000.0000000000,11.2980132860
4,lap_fixed_dec,2.0000000000,0.2000000000,1.7582829687,0.0417170313,150.0000000000,0.0300000000,300,1.0000000000,10000.0000000000,3.0000000000,0.5000000000,879102,879102,32950647,32950647,31579445.9095571637,0.0416137835,0.0416137835,0,0,300,-3000000.0000000000,11.4222256870
0,lap_fixed_dec,2.0000000000,0.2000000000,1.7583423411,0.0416576589,150.0000000000,0.0500000000,500,1.0000000000,10000.0000000000,3.0000000000,0.5000000000,879102,879102,32950647,32950647,31468181.8488045149,0.0449904717,0.0449904717,0,0,500,-5000000.0000000000,10.8522831780
1,lap_fixed_dec,2.0000000000,0.2000000000,1.7581792231,0.0418207769,150.0000000000,0.0500000000,500,1.0000000000,10000.0000000000,3.0000000000,0.5000000000,879102,879102,32950647,32950647,29817116.3063969500,0.0950976985,0.0950976985,0,0,500,-5000000.0000000000,10.9927180800
2,lap_fixed_dec,2.0000000000,0.2000000000,1.7582312137,0.0417687863,150.0000000000,0.0500000000,500,1.0000000000,10000.0000000000,3.0000000000,0.5000000000,879102,879102,32950647,32950647,31634092.1324667446,0.0399553571,0.0399553571,0,0,500,-5000000.0000000000,11.1002038820
3,lap_fixed_dec,2.0000000000,0.2000000000,1.7582044854,0.0417955146,150.0000000000,0.0500000000,500,1.0000000000,10000.0000000000,3.0000000000,0.5000000000,879102,879102,32950647,32950647,30105736.7235218883,0.0863385255,0.0863385255,0,0,500,-5000000.0000000000,11.3110466850
4,lap_fixed_dec,2.0000000000,0.2000000000,1.7582829687,0.0417170313,150.0000000000,0.0500000000,500,1.0000000000,10000.0000000000,3.0000000000,0.5000000000,879102,879102,32950647,32950647,31144182.4588547647,0.0548233405,0.0548233405,0,0,500,-5000000.0000000000,11.2943855840
0,lap_fixed_dec,2.0000000000,0.2000000000,1.7583423411,0.0416576589,150.0000000000,0.0800000000,800,1.0000000000,10000.0000000000,3.0000000000,0.5000000000,879102,879102,32950647,32950647,30541210.1720798574,0.0731225954,0.0731225954,0,0,800,-8000000.0000000000,10.6620215740
1,lap_fixed_dec,2.0000000000,0.2000000000,1.7581792231,0.0418207769,150.0000000000,0.0800000000,800,1.0000000000,10000.0000000000,3.0000000000,0.5000000000,879102,879102,32950647,32950647,29054118.2016683556,0.1182534837,0.1182534837,0,0,800,-8000000.0000000000,10.7407077760
2,lap_fixed_dec,2.0000000000,0.2000000000,1.7582312137,0.0417687863,150.0000000000,0.0800000000,800,1.0000000000,10000.0000000000,3.0000000000,0.5000000000,879102,879102,32950647,32950647,30537868.3934690990,0.0732240131,0.0732240131,0,0,800,-8000000.0000000000,10.8976176780
3,lap_fixed_dec,2.0000000000,0.2000000000,1.7582044854,0.0417955146,150.0000000000,0.0800000000,800,1.0000000000,10000.0000000000,3.0000000000,0.5000000000,879102,879102,32950647,32950647,29025177.5075529926,0.1191317880,0.1191317880,0,0,800,-8000000.0000000000,10.8889236780
4,lap_fixed_dec,2.0000000000,0.2000000000,1.7582829687,0.0417170313,150.0000000000,0.0800000000,800,1.0000000000,10000.0000000000,3.0000000000,0.5000000000,879102,879102,32950647,32950647,30348869.5047497191,0.0789598303,0.0789598303,0,0,800,-8000000.0000000000,11.0160541800
0,lap_fixed_dec,2.0000000000,0.2000000000,1.7583423411,0.0416576589,150.0000000000,0.1000000000,1000,1.0000000000,10000.0000000000,3.0000000000,0.5000000000,879102,879102,32950647,32950647,29987696.3968624882,0.0899208627,0.0899208627,0,0,1000,-10000000.0000000000,10.6531492740
1,lap_fixed_dec,2.0000000000,0.2000000000,1.7581792231,0.0418207769,150.0000000000,0.1000000000,1000,1.0000000000,10000.0000000000,3.0000000000,0.5000000000,879102,879102,32950647,32950647,28537945.1230910756,0.1339185199,0.1339185199,0,0,1000,-10000000.0000000000,10.7474380750
2,lap_fixed_dec,2.0000000000,0.2000000000,1.7582312137,0.0417687863,150.0000000000,0.1000000000,1000,1.0000000000,10000.0000000000,3.0000000000,0.5000000000,879102,879102,32950647,32950647,30447158.5878563933,0.0759769121,0.0759769121,0,0,1000,-10000000.0000000000,10.9306287780
3,lap_fixed_dec,2.0000000000,0.2000000000,1.7582044854,0.0417955146,150.0000000000,0.1000000000,1000,1.0000000000,10000.0000000000,3.0000000000,0.5000000000,879102,879102,32950647,32950647,28338535.2540629990,0.1399702939,0.1399702939,0,0,1000,-10000000.0000000000,10.9166098780
4,lap_fixed_dec,2.0000000000,0.2000000000,1.7582829687,0.0417170313,150.0000000000,0.1000000000,1000,1.0000000000,10000.0000000000,3.0000000000,0.5000000000,879102,879102,32950647,32950647,29623057.9771496989,0.1009870617,0.1009870617,0,0,1000,-10000000.0000000000,10.9208302780
0,lap_fixed_dec,2.0000000000,0.2000000000,1.7583423411,0.0416576589,150.0000000000,0.1300000000,1300,1.0000000000,10000.0000000000,3.0000000000,0.5000000000,879102,879102,32950647,32950647,28628178.5202907175,0.1311800791,0.1311800791,0,0,1300,-13000000.0000000000,11.0154828800
1,lap_fixed_dec,2.0000000000,0.2000000000,1.7581792231,0.0418207769,150.0000000000,0.1300000000,1300,1.0000000000,10000.0000000000,3.0000000000,0.5000000000,879102,879102,32950647,32950647,27451508.9529043436,0.1668901387,0.1668901387,0,0,1300,-13000000.0000000000,11.3130826850
2,lap_fixed_dec,2.0000000000,0.2000000000,1.7582312137,0.0417687863,150.0000000000,0.1300000000,1300,1.0000000000,10000.0000000000,3.0000000000,0.5000000000,879102,879102,32950647,32950647,29500019.0446474850,0.1047210987,0.1047210987,0,0,1300,-13000000.0000000000,11.2184034840
3,lap_fixed_dec,2.0000000000,0.2000000000,1.7582044854,0.0417955146,150.0000000000,0.1300000000,1300,1.0000000000,10000.0000000000,3.0000000000,0.5000000000,879102,879102,32950647,32950647,27184395.9714594223,0.1749965950,0.1749965950,0,0,1300,-13000000.0000000000,11.0100487800
4,lap_fixed_dec,2.0000000000,0.2000000000,1.7582829687,0.0417170313,150.0000000000,0.1300000000,1300,1.0000000000,10000.0000000000,3.0000000000,0.5000000000,879102,879102,32950647,32950647,28280575.7231546342,0.1417292740,0.1417292740,0,0,1300,-13000000.0000000000,10.9717161800
0,lap_fixed_dec,2.0000000000,0.2000000000,1.7583423411,0.0416576589,150.0000000000,0.1500000000,1500,1.0000000000,10000.0000000000,3.0000000000,0.5000000000,879102,879102,32950647,32950647,28347622.8919754513,0.1396944985,0.1396944985,0,0,1500,-15000000.0000000000,11.3746377860
1,lap_fixed_dec,2.0000000000,0.2000000000,1.7581792231,0.0418207769,150.0000000000,0.1500000000,1500,1.0000000000,10000.0000000000,3.0000000000,0.5000000000,879102,879102,32950647,32950647,26709840.6280414015,0.1893985988,0.1893985988,0,0,1500,-15000000.0000000000,11.1926438830
2,lap_fixed_dec,2.0000000000,0.2000000000,1.7582312137,0.0417687863,150.0000000000,0.1500000000,1500,1.0000000000,10000.0000000000,3.0000000000,0.5000000000,879102,879102,32950647,32950647,28123491.2975534685,0.1464965378,0.1464965378,0,0,1500,-15000000.0000000000,11.0858174820
3,lap_fixed_dec,2.0000000000,0.2000000000,1.7582044854,0.0417955146,150.0000000000,0.1500000000,1500,1.0000000000,10000.0000000000,3.0000000000,0.5000000000,879102,879102,32950647,32950647,27883780.9301261194,0.1537713681,0.1537713681,0,0,1500,-15000000.0000000000,11.1490652820
4,lap_fixed_dec,2.0000000000,0.2000000000,1.7582829687,0.0417170313,150.0000000000,0.1500000000,1500,1.0000000000,10000.0000000000,3.0000000000,0.5000000000,879102,879102,32950647,32950647,27865369.5793343671,0.1543301235,0.1543301235,0,0,1500,-15000000.0000000000,11.0701639810
0,lap_fixed_dec,2.0000000000,0.2000000000,1.7583423411,0.0416576589,150.0000000000,0.1800000000,1800,1.0000000000,10000.0000000000,3.0000000000,0.5000000000,879102,879102,32950647,32950647,27448706.4430803545,0.1669751904,0.1669751904,0,0,1800,-18000000.0000000000,10.9848149800
1,lap_fixed_dec,2.0000000000,0.2000000000,1.7581792231,0.0418207769,150.0000000000,0.1800000000,1800,1.0000000000,10000.0000000000,3.0000000000,0.5000000000,879102,879102,32950647,32950647,26116916.5385053866,0.2073929068,0.2073929068,0,0,1800,-18000000.0000000000,11.2184714840
2,lap_fixed_dec,2.0000000000,0.2000000000,1.7582312137,0.0417687863,150.0000000000,0.1800000000,1800,1.0000000000,10000.0000000000,3.0000000000,0.5000000000,879102,879102,32950647,32950647,27369248.5255639441,0.1693866125,0.1693866125,0,0,1800,-18000000.0000000000,11.0232035800
3,lap_fixed_dec,2.0000000000,0.2000000000,1.7582044854,0.0417955146,150.0000000000,0.1800000000,1800,1.0000000000,10000.0000000000,3.0000000000,0.5000000000,879102,879102,32950647,32950647,25643800.3264296539,0.2217512352,0.2217512352,0,0,1800,-18000000.0000000000,11.0107002800
4,lap_fixed_dec,2.0000000000,0.2000000000,1.7582829687,0.0417170313,150.0000000000,0.1800000000,1800,1.0000000000,10000.0000000000,3.0000000000,0.5000000000,879102,879102,32950647,32950647,27215428.9186791778,0.1740547942,0.1740547942,0,0,1800,-18000000.0000000000,11.1342821820
0,lap_fixed_dec,2.0000000000,0.2000000000,1.7583423411,0.0416576589,150.0000000000,0.2000000000,2000,1.0000000000,10000.0000000000,3.0000000000,0.5000000000,879102,879102,32950647,32950647,26012803.4519163668,0.2105525742,0.2105525742,0,0,2000,-20000000.0000000000,11.1487516820
1,lap_fixed_dec,2.0000000000,0.2000000000,1.7581792231,0.0418207769,150.0000000000,0.2000000000,2000,1.0000000000,10000.0000000000,3.0000000000,0.5000000000,879102,879102,32950647,32950647,25294997.7298238911,0.2323368421,0.2323368421,0,0,2000,-20000000.0000000000,10.6499635740
2,lap_fixed_dec,2.0000000000,0.2000000000,1.7582312137,0.0417687863,150.0000000000,0.2000000000,2000,1.0000000000,10000.0000000000,3.0000000000,0.5000000000,879102,879102,32950647,32950647,27088505.7385684103,0.1779067119,0.1779067119,0,0,2000,-20000000.0000000000,10.7589900760
3,lap_fixed_dec,2.0000000000,0.2000000000,1.7582044854,0.0417955146,150.0000000000,0.2000000000,2000,1.0000000000,10000.0000000000,3.0000000000,0.5000000000,879102,879102,32950647,32950647,25731649.4823823310,0.2190851523,0.2190851523,0,0,2000,-20000000.0000000000,10.8850969780
4,lap_fixed_dec,2.0000000000,0.2000000000,1.7582829687,0.0417170313,150.0000000000,0.2000000000,2000,1.0000000000,10000.0000000000,3.0000000000,0.5000000000,879102,879102,32950647,32950647,26509679.2824913412,0.1954731789,0.1954731789,0,0,2000,-20000000.0000000000,10.9338363790
0,lap_scale_inc,2.0000000000,0.2000000000,1.7583423411,0.0416576589,150.0000000000,0.0300000000,300,1.0000000000,10000.0000000000,3.0000000000,0.5000000000,879102,879102,32950647,32950647,36202306.4719227031,0.0986827200,0.0986827200,0,0,300,9244970.7885603048,11.2677953850
1,lap_scale_inc,2.0000000000,0.2000000000,1.7581792231,0.0418207769,150.0000000000,0.0300000000,300,1.0000000000,10000.0000000000,3.0000000000,0.5000000000,879102,879102,32950647,32950647,34684211.6210783944,0.0526109433,0.0526109433,0,0,300,8562517.6770237666,10.8707485780
2,lap_scale_inc,2.0000000000,0.2000000000,1.7582312137,0.0417687863,150.0000000000,0.0300000000,300,1.0000000000,10000.0000000000,3.0000000000,0.5000000000,879102,879102,32950647,32950647,36291932.0645538196,0.1014027149,0.1014027149,0,0,300,8622231.3527255636,10.7992220770
3,lap_scale_inc,2.0000000000,0.2000000000,1.7582044854,0.0417955146,150.0000000000,0.0300000000,300,1.0000000000,10000.0000000000,3.0000000000,0.5000000000,879102,879102,32950647,32950647,35250746.1371062323,0.0698043695,0.0698043695,0,0,300,9052564.7980822958,10.7817527760
4,lap_scale_inc,2.0000000000,0.2000000000,1.7582829687,0.0417170313,150.0000000000,0.0300000000,300,1.0000000000,10000.0000000000,3.0000000000,0.5000000000,879102,879102,32950647,32950647,35523982.7313577160,0.0780966678,0.0780966678,0,0,300,8833610.4654012974,10.9090845780
0,lap_scale_inc,2.0000000000,0.2000000000,1.7583423411,0.0416576589,150.0000000000,0.0500000000,500,1.0000000000,10000.0000000000,3.0000000000,0.5000000000,879102,879102,32950647,32950647,38034470.7490281686,0.1542860069,0.1542860069,0,0,500,14698866.7006707042,10.8145923770
1,lap_scale_inc,2.0000000000,0.2000000000,1.7581792231,0.0418207769,150.0000000000,0.0500000000,500,1.0000000000,10000.0000000000,3.0000000000,0.5000000000,879102,879102,32950647,32950647,36326697.2123096213,0.1024577822,0.1024577822,0,0,500,14528742.7177378144,10.7882272760
2,lap_scale_inc,2.0000000000,0.2000000000,1.7582312137,0.0417687863,150.0000000000,0.0500000000,500,1.0000000000,10000.0000000000,3.0000000000,0.5000000000,879102,879102,32950647,32950647,38076684.8505183980,0.1555671380,0.1555671380,0,0,500,14327778.1541549582,10.8935833780
3,lap_scale_inc,2.0000000000,0.2000000000,1.7582044854,0.0417955146,150.0000000000,0.0500000000,500,1.0000000000,10000.0000000000,3.0000000000,0.5000000000,879102,879102,32950647,32950647,36591505.1698452234,0.1104942847,0.1104942847,0,0,500,14457305.3389699552,10.8777145780
4,lap_scale_inc,2.0000000000,0.2000000000,1.7582829687,0.0417170313,150.0000000000,0.0500000000,500,1.0000000000,10000.0000000000,3.0000000000,0.5000000000,879102,879102,32950647,32950647,37695961.2777969167,0.1440127800,0.1440127800,0,0,500,14655336.4568263050,10.9118190780
0,lap_scale_inc,2.0000000000,0.2000000000,1.7583423411,0.0416576589,150.0000000000,0.0800000000,800,1.0000000000,10000.0000000000,3.0000000000,0.5000000000,879102,879102,32950647,32950647,40872743.9692690745,0.2404231082,0.2404231082,0,0,800,22994601.3915673122,10.9062258790
1,lap_scale_inc,2.0000000000,0.2000000000,1.7581792231,0.0418207769,150.0000000000,0.0800000000,800,1.0000000000,10000.0000000000,3.0000000000,0.5000000000,879102,879102,32950647,32950647,39373230.4064403400,0.1949152442,0.1949152442,0,0,800,22957336.6143158562,10.8972141790
2,lap_scale_inc,2.0000000000,0.2000000000,1.7582312137,0.0417687863,150.0000000000,0.0800000000,800,1.0000000000,10000.0000000000,3.0000000000,0.5000000000,879102,879102,32950647,32950647,40654287.7066257745,0.2337933063,0.2337933063,0,0,800,22349257.9394701831,11.0759950810
3,lap_scale_inc,2.0000000000,0.2000000000,1.7582044854,0.0417955146,150.0000000000,0.0800000000,800,1.0000000000,10000.0000000000,3.0000000000,0.5000000000,879102,879102,32950647,32950647,39229408.9456365258,0.1905504904,0.1905504904,0,0,800,22612694.3142507374,10.9774705790
4,lap_scale_inc,2.0000000000,0.2000000000,1.7582829687,0.0417170313,150.0000000000,0.0800000000,800,1.0000000000,10000.0000000000,3.0000000000,0.5000000000,879102,879102,32950647,32950647,40757026.9215390161,0.2369112789,0.2369112789,0,0,800,23224472.2503677867,10.7652957770
0,lap_scale_inc,2.0000000000,0.2000000000,1.7583423411,0.0416576589,150.0000000000,0.1000000000,1000,1.0000000000,10000.0000000000,3.0000000000,0.5000000000,879102,879102,32950647,32950647,42837866.6067744344,0.3000614709,0.3000614709,0,0,1000,28550510.6297353022,10.7021549750
1,lap_scale_inc,2.0000000000,0.2000000000,1.7581792231,0.0418207769,150.0000000000,0.1000000000,1000,1.0000000000,10000.0000000000,3.0000000000,0.5000000000,879102,879102,32950647,32950647,41466145.5260128975,0.2584319065,0.2584319065,0,0,1000,28784601.2087654285,10.8689948770
2,lap_scale_inc,2.0000000000,0.2000000000,1.7582312137,0.0417687863,150.0000000000,0.1000000000,1000,1.0000000000,10000.0000000000,3.0000000000,0.5000000000,879102,879102,32950647,32950647,43167956.0551243871,0.3100791634,0.3100791634,0,0,1000,28162392.4018039629,10.8996390790
3,lap_scale_inc,2.0000000000,0.2000000000,1.7582044854,0.0417955146,150.0000000000,0.1000000000,1000,1.0000000000,10000.0000000000,3.0000000000,0.5000000000,879102,879102,32950647,32950647,40986540.7854438946,0.2438766615,0.2438766615,0,0,1000,27944016.5941425525,10.7819738770
4,lap_scale_inc,2.0000000000,0.2000000000,1.7582829687,0.0417170313,150.0000000000,0.1000000000,1000,1.0000000000,10000.0000000000,3.0000000000,0.5000000000,879102,879102,32950647,32950647,42537425.7569833994,0.2909435665,0.2909435665,0,0,1000,28743103.3395009972,11.2436733840
0,lap_scale_inc,2.0000000000,0.2000000000,1.7583423411,0.0416576589,150.0000000000,0.1300000000,1300,1.0000000000,10000.0000000000,3.0000000000,0.5000000000,879102,879102,32950647,32950647,45352155.2617351487,0.3763661533,0.3763661533,0,0,1300,37171930.2243335694,11.0398215800
1,lap_scale_inc,2.0000000000,0.2000000000,1.7581792231,0.0418207769,150.0000000000,0.1300000000,1300,1.0000000000,10000.0000000000,3.0000000000,0.5000000000,879102,879102,32950647,32950647,44299367.7275365517,0.3444157175,0.3444157175,0,0,1300,37543576.3238968700,11.2250822830
2,lap_scale_inc,2.0000000000,0.2000000000,1.7582312137,0.0417687863,150.0000000000,0.1300000000,1300,1.0000000000,10000.0000000000,3.0000000000,0.5000000000,879102,879102,32950647,32950647,46013954.5924224779,0.3964507159,0.3964507159,0,0,1300,36541806.6433243379,11.1701796830
3,lap_scale_inc,2.0000000000,0.2000000000,1.7582044854,0.0417955146,150.0000000000,0.1300000000,1300,1.0000000000,10000.0000000000,3.0000000000,0.5000000000,879102,879102,32950647,32950647,43690268.5346584916,0.3259305207,0.3259305207,0,0,1300,36517617.6895972565,11.0229529800
4,lap_scale_inc,2.0000000000,0.2000000000,1.7582829687,0.0417170313,150.0000000000,0.1300000000,1300,1.0000000000,10000.0000000000,3.0000000000,0.5000000000,879102,879102,32950647,32950647,45061615.1559322104,0.3675487208,0.3675487208,0,0,1300,37343118.2983321995,11.0917076810
0,lap_scale_inc,2.0000000000,0.2000000000,1.7583423411,0.0416576589,150.0000000000,0.1500000000,1500,1.0000000000,10000.0000000000,3.0000000000,0.5000000000,879102,879102,32950647,32950647,47615489.5943756625,0.4450547692,0.4450547692,0,0,1500,42803600.1072011292,11.3494185860
1,lap_scale_inc,2.0000000000,0.2000000000,1.7581792231,0.0418207769,150.0000000000,0.1500000000,1500,1.0000000000,10000.0000000000,3.0000000000,0.5000000000,879102,879102,32950647,32950647,46102340.0336150229,0.3991330742,0.3991330742,0,0,1500,43177498.2167204469,11.4314087870
2,lap_scale_inc,2.0000000000,0.2000000000,1.7582312137,0.0417687863,150.0000000000,0.1500000000,1500,1.0000000000,10000.0000000000,3.0000000000,0.5000000000,879102,879102,32950647,32950647,47175088.6768115759,0.4316892981,0.4316892981,0,0,1500,42154792.1377743185,11.0429233810
3,lap_scale_inc,2.0000000000,0.2000000000,1.7582044854,0.0417955146,150.0000000000,0.1500000000,1500,1.0000000000,10000.0000000000,3.0000000000,0.5000000000,879102,879102,32950647,32950647,46857539.3101800606,0.4220521773,0.4220521773,0,0,1500,41921275.1401613057,11.0470112810
4,lap_scale_inc,2.0000000000,0.2000000000,1.7582829687,0.0417170313,150.0000000000,0.1500000000,1500,1.0000000000,10000.0000000000,3.0000000000,0.5000000000,879102,879102,32950647,32950647,47377378.4830897078,0.4378284737,0.4378284737,0,0,1500,43536026.7112652659,11.1522597820
0,lap_scale_inc,2.0000000000,0.2000000000,1.7583423411,0.0416576589,150.0000000000,0.1800000000,1800,1.0000000000,10000.0000000000,3.0000000000,0.5000000000,879102,879102,32950647,32950647,50539594.7525611594,0.5337967340,0.5337967340,0,0,1800,51272664.9284428880,11.1807035830
1,lap_scale_inc,2.0000000000,0.2000000000,1.7581792231,0.0418207769,150.0000000000,0.1800000000,1800,1.0000000000,10000.0000000000,3.0000000000,0.5000000000,879102,879102,32950647,32950647,49173714.8725076094,0.4923444408,0.4923444408,0,0,1800,51170395.0020067990,11.1048826820
2,lap_scale_inc,2.0000000000,0.2000000000,1.7582312137,0.0417687863,150.0000000000,0.1800000000,1800,1.0000000000,10000.0000000000,3.0000000000,0.5000000000,879102,879102,32950647,32950647,50367171.0230831504,0.5285639467,0.5285639467,0,0,1800,50993767.4925567806,10.9380025780
3,lap_scale_inc,2.0000000000,0.2000000000,1.7582044854,0.0417955146,150.0000000000,0.1800000000,1800,1.0000000000,10000.0000000000,3.0000000000,0.5000000000,879102,879102,32950647,32950647,48553295.7495167330,0.4735157021,0.4735157021,0,0,1800,50728486.2692609653,11.0550765810
4,lap_scale_inc,2.0000000000,0.2000000000,1.7582829687,0.0417170313,150.0000000000,0.1800000000,1800,1.0000000000,10000.0000000000,3.0000000000,0.5000000000,879102,879102,32950647,32950647,50484120.2816857100,0.5321131716,0.5321131716,0,0,1800,51806074.0890178978,11.3566620860
0,lap_scale_inc,2.0000000000,0.2000000000,1.7583423411,0.0416576589,150.0000000000,0.2000000000,2000,1.0000000000,10000.0000000000,3.0000000000,0.5000000000,879102,879102,32950647,32950647,51653175.4846620262,0.5675921473,0.5675921473,0,0,2000,56921116.0982373357,10.9891760790
1,lap_scale_inc,2.0000000000,0.2000000000,1.7581792231,0.0418207769,150.0000000000,0.2000000000,2000,1.0000000000,10000.0000000000,3.0000000000,0.5000000000,879102,879102,32950647,32950647,50869370.3622105420,0.5438049020,0.5438049020,0,0,2000,56723117.8971601278,10.9415337790
2,lap_scale_inc,2.0000000000,0.2000000000,1.7582312137,0.0417687863,150.0000000000,0.2000000000,2000,1.0000000000,10000.0000000000,3.0000000000,0.5000000000,879102,879102,32950647,32950647,52496760.3020258173,0.5931936117,0.5931936117,0,0,2000,56224763.6903714463,10.9412302790
3,lap_scale_inc,2.0000000000,0.2000000000,1.7582044854,0.0417955146,150.0000000000,0.2000000000,2000,1.0000000000,10000.0000000000,3.0000000000,0.5000000000,879102,879102,32950647,32950647,51019980.1093750000,0.5483756695,0.5483756695,0,0,2000,55864991.8809770569,11.3221969850
4,lap_scale_inc,2.0000000000,0.2000000000,1.7582829687,0.0417170313,150.0000000000,0.2000000000,2000,1.0000000000,10000.0000000000,3.0000000000,0.5000000000,879102,879102,32950647,32950647,52534692.2044937387,0.5943447849,0.5943447849,0,0,2000,58075038.7660057321,11.3977710870
0,lap_scale_dec,2.0000000000,0.2000000000,1.7583423411,0.0416576589,150.0000000000,0.0300000000,300,1.0000000000,10000.0000000000,3.0000000000,0.5000000000,879102,879102,32950647,32950647,30038992.6128825210,0.0883641037,0.0883641037,0,0,300,-9244970.7885603048,11.0650434810
1,lap_scale_dec,2.0000000000,0.2000000000,1.7581792231,0.0418207769,150.0000000000,0.0300000000,300,1.0000000000,10000.0000000000,3.0000000000,0.5000000000,879102,879102,32950647,32950647,28975866.5030626506,0.1206282990,0.1206282990,0,0,300,-8562517.6770237666,11.1120788810
2,lap_scale_dec,2.0000000000,0.2000000000,1.7582312137,0.0417687863,150.0000000000,0.0300000000,300,1.0000000000,10000.0000000000,3.0000000000,0.5000000000,879102,879102,32950647,32950647,30543777.8294034265,0.0730446710,0.0730446710,0,0,300,-8622231.3527255636,11.1251367820
3,lap_scale_dec,2.0000000000,0.2000000000,1.7582044854,0.0417955146,150.0000000000,0.0300000000,300,1.0000000000,10000.0000000000,3.0000000000,0.5000000000,879102,879102,32950647,32950647,29215702.9383847080,0.1133496426,0.1133496426,0,0,300,-9052564.7980822958,11.3327628850
4,lap_scale_dec,2.0000000000,0.2000000000,1.7582829687,0.0417170313,150.0000000000,0.0300000000,300,1.0000000000,10000.0000000000,3.0000000000,0.5000000000,879102,879102,32950647,32950647,29634909.0877566896,0.1006273993,0.1006273993,0,0,300,-8833610.4654012974,11.2367285840
0,lap_scale_dec,2.0000000000,0.2000000000,1.7583423411,0.0416576589,150.0000000000,0.0500000000,500,1.0000000000,10000.0000000000,3.0000000000,0.5000000000,879102,879102,32950647,32950647,28235226.2819142900,0.1431055578,0.1431055578,0,0,500,-14698866.7006707042,10.7098564760
1,lap_scale_dec,2.0000000000,0.2000000000,1.7581792231,0.0418207769,150.0000000000,0.0500000000,500,1.0000000000,10000.0000000000,3.0000000000,0.5000000000,879102,879102,32950647,32950647,26640868.7338177413,0.1914917867,0.1914917867,0,0,500,-14528742.7177378144,10.8000536770
2,lap_scale_dec,2.0000000000,0.2000000000,1.7582312137,0.0417687863,150.0000000000,0.0500000000,500,1.0000000000,10000.0000000000,3.0000000000,0.5000000000,879102,879102,32950647,32950647,28524832.7477484308,0.1343164598,0.1343164598,0,0,500,-14327778.1541549582,11.0004817800
3,lap_scale_dec,2.0000000000,0.2000000000,1.7582044854,0.0417955146,150.0000000000,0.0500000000,500,1.0000000000,10000.0000000000,3.0000000000,0.5000000000,879102,879102,32950647,32950647,26953301.6105319299,0.1820099432,0.1820099432,0,0,500,-14457305.3389699552,11.1979185830
4,lap_scale_dec,2.0000000000,0.2000000000,1.7582829687,0.0417170313,150.0000000000,0.0500000000,500,1.0000000000,10000.0000000000,3.0000000000,0.5000000000,879102,879102,32950647,32950647,27925736.9732460231,0.1524980686,0.1524980686,0,0,500,-14655336.4568263050,11.0204743810
0,lap_scale_dec,2.0000000000,0.2000000000,1.7583423411,0.0416576589,150.0000000000,0.0800000000,800,1.0000000000,10000.0000000000,3.0000000000,0.5000000000,879102,879102,32950647,32950647,25543009.7082242183,0.2248100710,0.2248100710,0,0,800,-22994601.3915673122,10.7681793760
1,lap_scale_dec,2.0000000000,0.2000000000,1.7581792231,0.0418207769,150.0000000000,0.0800000000,800,1.0000000000,10000.0000000000,3.0000000000,0.5000000000,879102,879102,32950647,32950647,24068339.3302297331,0.2695639837,0.2695639837,0,0,800,-22957336.6143158562,10.8347009780
2,lap_scale_dec,2.0000000000,0.2000000000,1.7582312137,0.0417687863,150.0000000000,0.0800000000,800,1.0000000000,10000.0000000000,3.0000000000,0.5000000000,879102,879102,32950647,32950647,25754782.4136457108,0.2183831045,0.2183831045,0,0,800,-22349257.9394701831,10.9325579780
3,lap_scale_dec,2.0000000000,0.2000000000,1.7582044854,0.0417955146,150.0000000000,0.0800000000,800,1.0000000000,10000.0000000000,3.0000000000,0.5000000000,879102,879102,32950647,32950647,24154279.4028026648,0.2669558384,0.2669558384,0,0,800,-22612694.3142507374,10.8963636780
4,lap_scale_dec,2.0000000000,0.2000000000,1.7582829687,0.0417170313,150.0000000000,0.0800000000,800,1.0000000000,10000.0000000000,3.0000000000,0.5000000000,879102,879102,32950647,32950647,25274045.4212937839,0.2329727115,0.2329727115,0,0,800,-23224472.2503677867,10.6380120740
0,lap_scale_dec,2.0000000000,0.2000000000,1.7583423411,0.0416576589,150.0000000000,0.1000000000,1000,1.0000000000,10000.0000000000,3.0000000000,0.5000000000,879102,879102,32950647,32950647,23804192.8536174446,0.2775804113,0.2775804113,0,0,1000,-28550510.6297353022,10.7359582760
1,lap_scale_dec,2.0000000000,0.2000000000,1.7581792231,0.0418207769,150.0000000000,0.1000000000,1000,1.0000000000,10000.0000000000,3.0000000000,0.5000000000,879102,879102,32950647,32950647,22276411.3868358992,0.3239461615,0.3239461615,0,0,1000,-28784601.2087654285,10.7679437760
2,lap_scale_dec,2.0000000000,0.2000000000,1.7582312137,0.0417687863,150.0000000000,0.1000000000,1000,1.0000000000,10000.0000000000,3.0000000000,0.5000000000,879102,879102,32950647,32950647,24393027.7872551084,0.2597102027,0.2597102027,0,0,1000,-28162392.4018039629,10.9456313800
3,lap_scale_dec,2.0000000000,0.2000000000,1.7582044854,0.0417955146,150.0000000000,0.1000000000,1000,1.0000000000,10000.0000000000,3.0000000000,0.5000000000,879102,879102,32950647,32950647,22357196.3893486597,0.3214944645,0.3214944645,0,0,1000,-27944016.5941425525,10.7963639770
4,lap_scale_dec,2.0000000000,0.2000000000,1.7582829687,0.0417170313,150.0000000000,0.1000000000,1000,1.0000000000,10000.0000000000,3.0000000000,0.5000000000,879102,879102,32950647,32950647,23375356.8639826290,0.2905949050,0.2905949050,0,0,1000,-28743103.3395009972,10.7764578760
0,lap_scale_dec,2.0000000000,0.2000000000,1.7583423411,0.0416576589,150.0000000000,0.1300000000,1300,1.0000000000,10000.0000000000,3.0000000000,0.5000000000,879102,879102,32950647,32950647,20570868.4455131479,0.3757066911,0.3757066911,0,0,1300,-37171930.2243335694,10.8146081770
1,lap_scale_dec,2.0000000000,0.2000000000,1.7581792231,0.0418207769,150.0000000000,0.1300000000,1300,1.0000000000,10000.0000000000,3.0000000000,0.5000000000,879102,879102,32950647,32950647,19270316.8449386619,0.4151763744,0.4151763744,0,0,1300,-37543576.3238968700,10.9370305790
2,lap_scale_dec,2.0000000000,0.2000000000,1.7582312137,0.0417687863,150.0000000000,0.1300000000,1300,1.0000000000,10000.0000000000,3.0000000000,0.5000000000,879102,879102,32950647,32950647,21652750.1635394432,0.3428732928,0.3428732928,0,0,1300,-36541806.6433243379,10.8590751780
3,lap_scale_dec,2.0000000000,0.2000000000,1.7582044854,0.0417955146,150.0000000000,0.1300000000,1300,1.0000000000,10000.0000000000,3.0000000000,0.5000000000,879102,879102,32950647,32950647,19345190.0749267526,0.4129040903,0.4129040903,0,0,1300,-36517617.6895972565,10.8948913780
4,lap_scale_dec,2.0000000000,0.2000000000,1.7582829687,0.0417170313,150.0000000000,0.1300000000,1300,1.0000000000,10000.0000000000,3.0000000000,0.5000000000,879102,879102,32950647,32950647,20166202.9570439793,0.3879876484,0.3879876484,0,0,1300,-37343118.2983321995,10.7569964760
0,lap_scale_dec,2.0000000000,0.2000000000,1.7583423411,0.0416576589,150.0000000000,0.1500000000,1500,1.0000000000,10000.0000000000,3.0000000000,0.5000000000,879102,879102,32950647,32950647,19079756.1895751692,0.4209595888,0.4209595888,0,0,1500,-42803600.1072011292,10.9326092790
1,lap_scale_dec,2.0000000000,0.2000000000,1.7581792231,0.0418207769,150.0000000000,0.1500000000,1500,1.0000000000,10000.0000000000,3.0000000000,0.5000000000,879102,879102,32950647,32950647,17317341.2224679142,0.4744460944,0.4744460944,0,0,1500,-43177498.2167204469,10.9533538790
2,lap_scale_dec,2.0000000000,0.2000000000,1.7582312137,0.0417687863,150.0000000000,0.1500000000,1500,1.0000000000,10000.0000000000,3.0000000000,0.5000000000,879102,879102,32950647,32950647,19071893.9182954244,0.4211981963,0.4211981963,0,0,1500,-42154792.1377743185,10.8380774770
3,lap_scale_dec,2.0000000000,0.2000000000,1.7582044854,0.0417955146,150.0000000000,0.1500000000,1500,1.0000000000,10000.0000000000,3.0000000000,0.5000000000,879102,879102,32950647,32950647,18910022.5500725470,0.4261107362,0.4261107362,0,0,1500,-41921275.1401613057,10.9325201790
4,lap_scale_dec,2.0000000000,0.2000000000,1.7582829687,0.0417170313,150.0000000000,0.1500000000,1500,1.0000000000,10000.0000000000,3.0000000000,0.5000000000,879102,879102,32950647,32950647,18353360.6755794585,0.4430045433,0.4430045433,0,0,1500,-43536026.7112652659,11.0030946800
0,lap_scale_dec,2.0000000000,0.2000000000,1.7583423411,0.0416576589,150.0000000000,0.1800000000,1800,1.0000000000,10000.0000000000,3.0000000000,0.5000000000,879102,879102,32950647,32950647,16357818.1335993204,0.5035661019,0.5035661019,0,0,1800,-51272664.9284428880,10.9203473780
1,lap_scale_dec,2.0000000000,0.2000000000,1.7581792231,0.0418207769,150.0000000000,0.1800000000,1800,1.0000000000,10000.0000000000,3.0000000000,0.5000000000,879102,879102,32950647,32950647,15060118.2045032587,0.5429492415,0.5429492415,0,0,1800,-51170395.0020067990,10.8436654770
2,lap_scale_dec,2.0000000000,0.2000000000,1.7582312137,0.0417687863,150.0000000000,0.1800000000,1800,1.0000000000,10000.0000000000,3.0000000000,0.5000000000,879102,879102,32950647,32950647,16371326.0280452594,0.5031561587,0.5031561587,0,0,1800,-50993767.4925567806,10.9905685790
3,lap_scale_dec,2.0000000000,0.2000000000,1.7582044854,0.0417955146,150.0000000000,0.1800000000,1800,1.0000000000,10000.0000000000,3.0000000000,0.5000000000,879102,879102,32950647,32950647,14734304.9033426438,0.5528371597,0.5528371597,0,0,1800,-50728486.2692609653,11.0124467800
4,lap_scale_dec,2.0000000000,0.2000000000,1.7582829687,0.0417170313,150.0000000000,0.1800000000,1800,1.0000000000,10000.0000000000,3.0000000000,0.5000000000,879102,879102,32950647,32950647,15946737.5556735694,0.5160417471,0.5160417471,0,0,1800,-51806074.0890178978,11.2303100840
0,lap_scale_dec,2.0000000000,0.2000000000,1.7583423411,0.0416576589,150.0000000000,0.2000000000,2000,1.0000000000,10000.0000000000,3.0000000000,0.5000000000,879102,879102,32950647,32950647,13705764.7525039781,0.5840517258,0.5840517258,0,0,2000,-56921116.0982373357,10.8577652770
1,lap_scale_dec,2.0000000000,0.2000000000,1.7581792231,0.0418207769,150.0000000000,0.2000000000,2000,1.0000000000,10000.0000000000,3.0000000000,0.5000000000,879102,879102,32950647,32950647,13053958.4307705294,0.6038330164,0.6038330164,0,0,2000,-56723117.8971601278,10.9466652780
2,lap_scale_dec,2.0000000000,0.2000000000,1.7582312137,0.0417687863,150.0000000000,0.2000000000,2000,1.0000000000,10000.0000000000,3.0000000000,0.5000000000,879102,879102,32950647,32950647,15013584.5084445626,0.5443614655,0.5443614655,0,0,2000,-56224763.6903714463,10.9883148800
3,lap_scale_dec,2.0000000000,0.2000000000,1.7582044854,0.0417955146,150.0000000000,0.2000000000,2000,1.0000000000,10000.0000000000,3.0000000000,0.5000000000,879102,879102,32950647,32950647,13776652.1887233462,0.5819004043,0.5819004043,0,0,2000,-55864991.8809770569,11.1395734820
4,lap_scale_dec,2.0000000000,0.2000000000,1.7582829687,0.0417170313,150.0000000000,0.2000000000,2000,1.0000000000,10000.0000000000,3.0000000000,0.5000000000,879102,879102,32950647,32950647,13817999.6938229706,0.5806455729,0.5806455729,0,0,2000,-58075038.7660057321,11.3438316860
0,lap_local_inc,2.0000000000,0.2000000000,1.7583423411,0.0416576589,150.0000000000,0.0300000000,300,1.0000000000,10000.0000000000,3.0000000000,0.5000000000,879102,879102,32950647,32950647,33718208.2106358260,0.0232942683,0.0232942683,0,0,300,1792676.0046997690,10.7064823750
1,lap_local_inc,2.0000000000,0.2000000000,1.7581792231,0.0418207769,150.0000000000,0.0300000000,300,1.0000000000,10000.0000000000,3.0000000000,0.5000000000,879102,879102,32950647,32950647,32329822.5704063065,0.0188410391,0.0188410391,0,0,300,1499350.5250072207,10.8589930770
2,lap_local_inc,2.0000000000,0.2000000000,1.7582312137,0.0417687863,150.0000000000,0.0300000000,300,1.0000000000,10000.0000000000,3.0000000000,0.5000000000,879102,879102,32950647,32950647,33944559.1267033443,0.0301636604,0.0301636604,0,0,300,1580112.5391740561,11.0172034810
3,lap_local_inc,2.0000000000,0.2000000000,1.7582044854,0.0417955146,150.0000000000,0.0300000000,300,1.0000000000,10000.0000000000,3.0000000000,0.5000000000,879102,879102,32950647,32950647,32828924.6020109840,0.0036940822,0.0036940822,0,0,300,1787100.1927965588,11.1112617810
4,lap_local_inc,2.0000000000,0.2000000000,1.7582829687,0.0417170313,150.0000000000,0.0300000000,300,1.0000000000,10000.0000000000,3.0000000000,0.5000000000,879102,879102,32950647,32950647,33105261.6368612051,0.0046923096,0.0046923096,0,0,300,1577447.1819120247,11.0835138820
0,lap_local_inc,2.0000000000,0.2000000000,1.7583423411,0.0416576589,150.0000000000,0.0500000000,500,1.0000000000,10000.0000000000,3.0000000000,0.5000000000,879102,879102,32950647,32950647,34029590.3286088407,0.0327442229,0.0327442229,0,0,500,2684225.4394127787,10.6513164740
1,lap_local_inc,2.0000000000,0.2000000000,1.7581792231,0.0418207769,150.0000000000,0.0500000000,500,1.0000000000,10000.0000000000,3.0000000000,0.5000000000,879102,879102,32950647,32950647,32405066.9263856970,0.0165574920,0.0165574920,0,0,500,2763851.8599662548,10.6832335750
2,lap_local_inc,2.0000000000,0.2000000000,1.7582312137,0.0417687863,150.0000000000,0.0500000000,500,1.0000000000,10000.0000000000,3.0000000000,0.5000000000,879102,879102,32950647,32950647,34185554.4328531474,0.0374774866,0.0374774866,0,0,500,2654386.9011592045,11.0762068810
3,lap_local_inc,2.0000000000,0.2000000000,1.7582044854,0.0417955146,150.0000000000,0.0500000000,500,1.0000000000,10000.0000000000,3.0000000000,0.5000000000,879102,879102,32950647,32950647,32625606.6879077740,0.0098644592,0.0098644592,0,0,500,2559609.8931576945,11.0576400810
4,lap_local_inc,2.0000000000,0.2000000000,1.7582829687,0.0417170313,150.0000000000,0.0500000000,500,1.0000000000,10000.0000000000,3.0000000000,0.5000000000,879102,879102,32950647,32950647,33711454.7298209742,0.0230893108,0.0230893108,0,0,500,2701816.8128985330,10.7981710770
0,lap_local_inc,2.0000000000,0.2000000000,1.7583423411,0.0416576589,150.0000000000,0.0800000000,800,1.0000000000,10000.0000000000,3.0000000000,0.5000000000,879102,879102,32950647,32950647,34591173.9385437295,0.0497873968,0.0497873968,0,0,800,4149891.2993913745,10.7884148760
1,lap_local_inc,2.0000000000,0.2000000000,1.7581792231,0.0418207769,150.0000000000,0.0800000000,800,1.0000000000,10000.0000000000,3.0000000000,0.5000000000,879102,879102,32950647,32950647,33141204.3316973150,0.0057831135,0.0057831135,0,0,800,4261258.3900867403,10.8321956780
2,lap_local_inc,2.0000000000,0.2000000000,1.7582312137,0.0417687863,150.0000000000,0.0800000000,800,1.0000000000,10000.0000000000,3.0000000000,0.5000000000,879102,879102,32950647,32950647,34517203.0374022648,0.0475424970,0.0475424970,0,0,800,3938003.9317994299,10.8365824780
3,lap_local_inc,2.0000000000,0.2000000000,1.7582044854,0.0417955146,150.0000000000,0.0800000000,800,1.0000000000,10000.0000000000,3.0000000000,0.5000000000,879102,879102,32950647,32950647,32978946.5215805955,0.0008588457,0.0008588457,0,0,800,3861307.0420829402,10.8497830780
4,lap_local_inc,2.0000000000,0.2000000000,1.7582829687,0.0417170313,150.0000000000,0.0800000000,800,1.0000000000,10000.0000000000,3.0000000000,0.5000000000,879102,879102,32950647,32950647,34447517.1728924438,0.0454276413,0.0454276413,0,0,800,4295943.0044282805,10.5589030730
0,lap_local_inc,2.0000000000,0.2000000000,1.7583423411,0.0416576589,150.0000000000,0.1000000000,1000,1.0000000000,10000.0000000000,3.0000000000,0.5000000000,879102,879102,32950647,32950647,35012805.0615004376,0.0625832343,0.0625832343,0,0,1000,5075325.9939137837,10.6159101740
1,lap_local_inc,2.0000000000,0.2000000000,1.7581792231,0.0418207769,150.0000000000,0.1000000000,1000,1.0000000000,10000.0000000000,3.0000000000,0.5000000000,879102,879102,32950647,32950647,33674794.7937083021,0.0219767397,0.0219767397,0,0,1000,5410549.0118515855,11.3603234860
2,lap_local_inc,2.0000000000,0.2000000000,1.7582312137,0.0417687863,150.0000000000,0.1000000000,1000,1.0000000000,10000.0000000000,3.0000000000,0.5000000000,879102,879102,32950647,32950647,35408911.3336374834,0.0746044329,0.0746044329,0,0,1000,4885258.2373434911,10.9392158790
3,lap_local_inc,2.0000000000,0.2000000000,1.7582044854,0.0417955146,150.0000000000,0.1000000000,1000,1.0000000000,10000.0000000000,3.0000000000,0.5000000000,879102,879102,32950647,32950647,33235155.7309088521,0.0086343898,0.0086343898,0,0,1000,4689861.4305373542,11.0546559810
4,lap_local_inc,2.0000000000,0.2000000000,1.7582829687,0.0417170313,150.0000000000,0.1000000000,1000,1.0000000000,10000.0000000000,3.0000000000,0.5000000000,879102,879102,32950647,32950647,34683128.2426038161,0.0525780645,0.0525780645,0,0,1000,5180210.7963621160,10.7005826740
0,lap_local_inc,2.0000000000,0.2000000000,1.7583423411,0.0416576589,150.0000000000,0.1300000000,1300,1.0000000000,10000.0000000000,3.0000000000,0.5000000000,879102,879102,32950647,32950647,35188041.4870506003,0.0679013825,0.0679013825,0,0,1300,6679588.9002799280,11.2128346830
1,lap_local_inc,2.0000000000,0.2000000000,1.7581792231,0.0418207769,150.0000000000,0.1300000000,1300,1.0000000000,10000.0000000000,3.0000000000,0.5000000000,879102,879102,32950647,32950647,34111094.9989169613,0.0352177606,0.0352177606,0,0,1300,6978758.1380379507,11.6770898910
2,lap_local_inc,2.0000000000,0.2000000000,1.7582312137,0.0417687863,150.0000000000,0.1300000000,1300,1.0000000000,10000.0000000000,3.0000000000,0.5000000000,879102,879102,32950647,32950647,35945106.2333247811,0.0908770997,0.0908770997,0,0,1300,6335261.5660318425,11.1476044820
3,lap_local_inc,2.0000000000,0.2000000000,1.7582044854,0.0417955146,150.0000000000,0.1300000000,1300,1.0000000000,10000.0000000000,3.0000000000,0.5000000000,879102,879102,32950647,32950647,33529740.2087554745,0.0175745626,0.0175745626,0,0,1300,6036032.7118883207,11.1298122820
4,lap_local_inc,2.0000000000,0.2000000000,1.7582829687,0.0417170313,150.0000000000,0.1300000000,1300,1.0000000000,10000.0000000000,3.0000000000,0.5000000000,879102,879102,32950647,32950647,34857956.8676354513,0.0578838366,0.0578838366,0,0,1300,6732143.4334421111,10.9599979790
0,lap_local_inc,2.0000000000,0.2000000000,1.7583423411,0.0416576589,150.0000000000,0.1500000000,1500,1.0000000000,10000.0000000000,3.0000000000,0.5000000000,879102,879102,32950647,32950647,35880951.0254474506,0.0889300907,0.0889300907,0,0,1500,7599984.4004160063,11.2022555830
1,lap_local_inc,2.0000000000,0.2000000000,1.7581792231,0.0418207769,150.0000000000,0.1500000000,1500,1.0000000000,10000.0000000000,3.0000000000,0.5000000000,879102,879102,32950647,32950647,34365058.1582631916,0.0429251407,0.0429251407,0,0,1500,7965652.5906656804,11.2719304840
2,lap_local_inc,2.0000000000,0.2000000000,1.7582312137,0.0417687863,150.0000000000,0.1500000000,1500,1.0000000000,10000.0000000000,3.0000000000,0.5000000000,879102,879102,32950647,32950647,35545130.2206695750,0.0787384606,0.0787384606,0,0,1500,7264916.7693479182,11.1459144820
3,lap_local_inc,2.0000000000,0.2000000000,1.7582044854,0.0417955146,150.0000000000,0.1500000000,1500,1.0000000000,10000.0000000000,3.0000000000,0.5000000000,879102,879102,32950647,32950647,35153242.8722999096,0.0668452996,0.0668452996,0,0,1500,6808385.8265211852,11.1015532810
4,lap_local_inc,2.0000000000,0.2000000000,1.7582829687,0.0417170313,150.0000000000,0.1500000000,1500,1.0000000000,10000.0000000000,3.0000000000,0.5000000000,879102,879102,32950647,32950647,35546859.2113022581,0.0787909327,0.0787909327,0,0,1500,8044468.8959033582,11.1791079830
0,lap_local_inc,2.0000000000,0.2000000000,1.7583423411,0.0416576589,150.0000000000,0.1800000000,1800,1.0000000000,10000.0000000000,3.0000000000,0.5000000000,879102,879102,32950647,32950647,36494405.7469743565,0.1075474708,0.1075474708,0,0,1800,9137097.9116822369,10.7036861740
1,lap_local_inc,2.0000000000,0.2000000000,1.7581792231,0.0418207769,150.0000000000,0.1800000000,1800,1.0000000000,10000.0000000000,3.0000000000,0.5000000000,879102,879102,32950647,32950647,35183151.7686217800,0.0677529873,0.0677529873,0,0,1800,9198705.6903494447,10.6001341730
2,lap_local_inc,2.0000000000,0.2000000000,1.7582312137,0.0417687863,150.0000000000,0.1800000000,1800,1.0000000000,10000.0000000000,3.0000000000,0.5000000000,879102,879102,32950647,32950647,36363040.7116580829,0.1035607499,0.1035607499,0,0,1800,8981376.5582822934,10.7190275750
3,lap_local_inc,2.0000000000,0.2000000000,1.7582044854,0.0417955146,150.0000000000,0.1800000000,1800,1.0000000000,10000.0000000000,3.0000000000,0.5000000000,879102,879102,32950647,32950647,34473494.0705140606,0.0462159991,0.0462159991,0,0,1800,8489081.2322533634,11.0333283810
4,lap_local_inc,2.0000000000,0.2000000000,1.7582829687,0.0417170313,150.0000000000,0.1800000000,1800,1.0000000000,10000.0000000000,3.0000000000,0.5000000000,879102,879102,32950647,32950647,36339624.0259086490,0.1028500905,0.1028500905,0,0,1800,9372585.3216885161,11.2405884840
0,lap_local_inc,2.0000000000,0.2000000000,1.7583423411,0.0416576589,150.0000000000,0.2000000000,2000,1.0000000000,10000.0000000000,3.0000000000,0.5000000000,879102,879102,32950647,32950647,36036888.8378222436,0.0936625565,0.0936625565,0,0,2000,10072256.1577172298,11.0289085800
1,lap_local_inc,2.0000000000,0.2000000000,1.7581792231,0.0418207769,150.0000000000,0.2000000000,2000,1.0000000000,10000.0000000000,3.0000000000,0.5000000000,879102,879102,32950647,32950647,35363791.5904411599,0.0732351201,0.0732351201,0,0,2000,10206381.5818517823,11.1359299830
2,lap_local_inc,2.0000000000,0.2000000000,1.7582312137,0.0417687863,150.0000000000,0.2000000000,2000,1.0000000000,10000.0000000000,3.0000000000,0.5000000000,879102,879102,32950647,32950647,37021561.1433524564,0.1235458030,0.1235458030,0,0,2000,9799166.2143519837,11.1433892820
3,lap_local_inc,2.0000000000,0.2000000000,1.7582044854,0.0417955146,150.0000000000,0.2000000000,2000,1.0000000000,10000.0000000000,3.0000000000,0.5000000000,879102,879102,32950647,32950647,35504549.1818180308,0.0775068903,0.0775068903,0,0,2000,9318699.0983069316,11.1551486820
4,lap_local_inc,2.0000000000,0.2000000000,1.7582829687,0.0417170313,150.0000000000,0.2000000000,2000,1.0000000000,10000.0000000000,3.0000000000,0.5000000000,879102,879102,32950647,32950647,36730599.4831145480,0.1147155770,0.1147155770,0,0,2000,10662760.6018692981,11.2968065850
0,lap_local_dec,2.0000000000,0.2000000000,1.7583423411,0.0416576589,150.0000000000,0.0300000000,300,1.0000000000,10000.0000000000,3.0000000000,0.5000000000,879102,879102,32950647,32950647,32523090.8741693161,0.0129756519,0.0129756519,0,0,300,-1792676.0046997690,11.1906952830
1,lap_local_dec,2.0000000000,0.2000000000,1.7581792231,0.0418207769,150.0000000000,0.0300000000,300,1.0000000000,10000.0000000000,3.0000000000,0.5000000000,879102,879102,32950647,32950647,31330255.5537348241,0.0491763165,0.0491763165,0,0,300,-1499350.5250072207,11.1349170820
2,lap_local_dec,2.0000000000,0.2000000000,1.7582312137,0.0417687863,150.0000000000,0.0300000000,300,1.0000000000,10000.0000000000,3.0000000000,0.5000000000,879102,879102,32950647,32950647,32891150.7672539391,0.0018056165,0.0018056165,0,0,300,-1580112.5391740561,11.1935370830
3,lap_local_dec,2.0000000000,0.2000000000,1.7582044854,0.0417955146,150.0000000000,0.0300000000,300,1.0000000000,10000.0000000000,3.0000000000,0.5000000000,879102,879102,32950647,32950647,31637524.4734799452,0.0398511910,0.0398511910,0,0,300,-1787100.1927965588,11.1975635830
4,lap_local_dec,2.0000000000,0.2000000000,1.7582829687,0.0417170313,150.0000000000,0.0300000000,300,1.0000000000,10000.0000000000,3.0000000000,0.5000000000,879102,879102,32950647,32950647,32053630.1822531559,0.0272230411,0.0272230411,0,0,300,-1577447.1819120247,11.2994444850
0,lap_local_dec,2.0000000000,0.2000000000,1.7583423411,0.0416576589,150.0000000000,0.0500000000,500,1.0000000000,10000.0000000000,3.0000000000,0.5000000000,879102,879102,32950647,32950647,32240106.7023335733,0.0215637738,0.0215637738,0,0,500,-2684225.4394127787,11.0591490810
1,lap_local_dec,2.0000000000,0.2000000000,1.7581792231,0.0418207769,150.0000000000,0.0500000000,500,1.0000000000,10000.0000000000,3.0000000000,0.5000000000,879102,879102,32950647,32950647,30562499.0197415203,0.0724765125,0.0724765125,0,0,500,-2763851.8599662548,11.2721362840
2,lap_local_dec,2.0000000000,0.2000000000,1.7582312137,0.0417687863,150.0000000000,0.0500000000,500,1.0000000000,10000.0000000000,3.0000000000,0.5000000000,879102,879102,32950647,32950647,32415963.1654135920,0.0162268084,0.0162268084,0,0,500,-2654386.9011592045,11.5886016900
3,lap_local_dec,2.0000000000,0.2000000000,1.7582044854,0.0417955146,150.0000000000,0.0500000000,500,1.0000000000,10000.0000000000,3.0000000000,0.5000000000,879102,879102,32950647,32950647,30919200.0924693681,0.0616511994,0.0616511994,0,0,500,-2559609.8931576945,11.2498608830
4,lap_local_dec,2.0000000000,0.2000000000,1.7582829687,0.0417170313,150.0000000000,0.0500000000,500,1.0000000000,10000.0000000000,3.0000000000,0.5000000000,879102,879102,32950647,32950647,31910243.5212219544,0.0315745994,0.0315745994,0,0,500,-2701816.8128985330,10.5776837730
0,lap_local_dec,2.0000000000,0.2000000000,1.7583423411,0.0416576589,150.0000000000,0.0800000000,800,1.0000000000,10000.0000000000,3.0000000000,0.5000000000,879102,879102,32950647,32950647,31824579.7389494181,0.0341743596,0.0341743596,0,0,800,-4149891.2993913745,10.6148378730
1,lap_local_dec,2.0000000000,0.2000000000,1.7581792231,0.0418207769,150.0000000000,0.0800000000,800,1.0000000000,10000.0000000000,3.0000000000,0.5000000000,879102,879102,32950647,32950647,30300365.4049728401,0.0804318530,0.0804318530,0,0,800,-4261258.3900867403,10.8237418780
2,lap_local_dec,2.0000000000,0.2000000000,1.7582312137,0.0417687863,150.0000000000,0.0800000000,800,1.0000000000,10000.0000000000,3.0000000000,0.5000000000,879102,879102,32950647,32950647,31891867.0828692317,0.0321322952,0.0321322952,0,0,800,-3938003.9317994299,10.7765135760
3,lap_local_dec,2.0000000000,0.2000000000,1.7582044854,0.0417955146,150.0000000000,0.0800000000,800,1.0000000000,10000.0000000000,3.0000000000,0.5000000000,879102,879102,32950647,32950647,30404741.8268586732,0.0772641937,0.0772641937,0,0,800,-3861307.0420829402,10.7094055760
4,lap_local_dec,2.0000000000,0.2000000000,1.7582829687,0.0417170313,150.0000000000,0.0800000000,800,1.0000000000,10000.0000000000,3.0000000000,0.5000000000,879102,879102,32950647,32950647,31583555.1699403115,0.0414890739,0.0414890739,0,0,800,-4295943.0044282805,10.6487530750
0,lap_local_dec,2.0000000000,0.2000000000,1.7583423411,0.0416576589,150.0000000000,0.1000000000,1000,1.0000000000,10000.0000000000,3.0000000000,0.5000000000,879102,879102,32950647,32950647,31629254.3988912553,0.0401021747,0.0401021747,0,0,1000,-5075325.9939137837,10.6932032750
1,lap_local_dec,2.0000000000,0.2000000000,1.7581792231,0.0418207769,150.0000000000,0.1000000000,1000,1.0000000000,10000.0000000000,3.0000000000,0.5000000000,879102,879102,32950647,32950647,30067762.1191405207,0.0874909947,0.0874909947,0,0,1000,-5410549.0118515855,10.8878508780
2,lap_local_dec,2.0000000000,0.2000000000,1.7582312137,0.0417687863,150.0000000000,0.1000000000,1000,1.0000000000,10000.0000000000,3.0000000000,0.5000000000,879102,879102,32950647,32950647,32152072.5087419152,0.0242354723,0.0242354723,0,0,1000,-4885258.2373434911,10.8422735770
3,lap_local_dec,2.0000000000,0.2000000000,1.7582044854,0.0417955146,150.0000000000,0.1000000000,1000,1.0000000000,10000.0000000000,3.0000000000,0.5000000000,879102,879102,32950647,32950647,30108581.4438839592,0.0862521927,0.0862521927,0,0,1000,-4689861.4305373542,11.0579466810
4,lap_local_dec,2.0000000000,0.2000000000,1.7582829687,0.0417170313,150.0000000000,0.1000000000,1000,1.0000000000,10000.0000000000,3.0000000000,0.5000000000,879102,879102,32950647,32950647,31229654.3783623613,0.0522294030,0.0522294030,0,0,1000,-5180210.7963621160,11.0775419810
0,lap_local_dec,2.0000000000,0.2000000000,1.7583423411,0.0416576589,150.0000000000,0.1300000000,1300,1.0000000000,10000.0000000000,3.0000000000,0.5000000000,879102,879102,32950647,32950647,30734982.2201974653,0.0672419203,0.0672419203,0,0,1300,-6679588.9002799280,11.2521396840
1,lap_local_dec,2.0000000000,0.2000000000,1.7581792231,0.0418207769,150.0000000000,0.1300000000,1300,1.0000000000,10000.0000000000,3.0000000000,0.5000000000,879102,879102,32950647,32950647,29458589.5735584013,0.1059784176,0.1059784176,0,0,1300,-6978758.1380379507,11.3086512850
2,lap_local_dec,2.0000000000,0.2000000000,1.7582312137,0.0417687863,150.0000000000,0.1300000000,1300,1.0000000000,10000.0000000000,3.0000000000,0.5000000000,879102,879102,32950647,32950647,31721598.5226369463,0.0372996766,0.0372996766,0,0,1300,-6335261.5660318425,11.0279198810
3,lap_local_dec,2.0000000000,0.2000000000,1.7582044854,0.0417955146,150.0000000000,0.1300000000,1300,1.0000000000,10000.0000000000,3.0000000000,0.5000000000,879102,879102,32950647,32950647,29505718.4008299112,0.1045481322,0.1045481322,0,0,1300,-6036032.7118883207,10.9852238790
4,lap_local_dec,2.0000000000,0.2000000000,1.7582829687,0.0417170313,150.0000000000,0.1300000000,1300,1.0000000000,10000.0000000000,3.0000000000,0.5000000000,879102,879102,32950647,32950647,30369861.2453407049,0.0783227642,0.0783227642,0,0,1300,-6732143.4334421111,11.4817467880
0,lap_local_dec,2.0000000000,0.2000000000,1.7583423411,0.0416576589,150.0000000000,0.1500000000,1500,1.0000000000,10000.0000000000,3.0000000000,0.5000000000,879102,879102,32950647,32950647,30814294.7585034668,0.0648349103,0.0648349103,0,0,1500,-7599984.4004160063,11.1050666810
1,lap_local_dec,2.0000000000,0.2000000000,1.7581792231,0.0418207769,150.0000000000,0.1500000000,1500,1.0000000000,10000.0000000000,3.0000000000,0.5000000000,879102,879102,32950647,32950647,29054623.0978194810,0.1182381609,0.1182381609,0,0,1500,-7965652.5906656804,11.1877009830
2,lap_local_dec,2.0000000000,0.2000000000,1.7582312137,0.0417687863,150.0000000000,0.1500000000,1500,1.0000000000,10000.0000000000,3.0000000000,0.5000000000,879102,879102,32950647,32950647,30701852.3744374327,0.0682473587,0.0682473587,0,0,1500,-7264916.7693479182,11.1702221830
3,lap_local_dec,2.0000000000,0.2000000000,1.7582044854,0.0417955146,150.0000000000,0.1500000000,1500,1.0000000000,10000.0000000000,3.0000000000,0.5000000000,879102,879102,32950647,32950647,30614318.9879525267,0.0709038585,0.0709038585,0,0,1500,-6808385.8265211852,11.1283627820
4,lap_local_dec,2.0000000000,0.2000000000,1.7582829687,0.0417170313,150.0000000000,0.1500000000,1500,1.0000000000,10000.0000000000,3.0000000000,0.5000000000,879102,879102,32950647,32950647,30183879.9473667555,0.0839670023,0.0839670023,0,0,1500,-8044468.8959033582,11.3330189850
0,lap_local_dec,2.0000000000,0.2000000000,1.7583423411,0.0416576589,150.0000000000,0.1800000000,1800,1.0000000000,10000.0000000000,3.0000000000,0.5000000000,879102,879102,32950647,32950647,30403007.1391862668,0.0773168388,0.0773168388,0,0,1800,-9137097.9116822369,11.0147297800
1,lap_local_dec,2.0000000000,0.2000000000,1.7581792231,0.0418207769,150.0000000000,0.1800000000,1800,1.0000000000,10000.0000000000,3.0000000000,0.5000000000,879102,879102,32950647,32950647,29050681.3083888553,0.1183577880,0.1183577880,0,0,1800,-9198705.6903494447,11.1939870840
2,lap_local_dec,2.0000000000,0.2000000000,1.7582312137,0.0417687863,150.0000000000,0.1800000000,1800,1.0000000000,10000.0000000000,3.0000000000,0.5000000000,879102,879102,32950647,32950647,30375456.3394697756,0.0781529619,0.0781529619,0,0,1800,-8981376.5582822934,11.1172681820
3,lap_local_dec,2.0000000000,0.2000000000,1.7582044854,0.0417955146,150.0000000000,0.1800000000,1800,1.0000000000,10000.0000000000,3.0000000000,0.5000000000,879102,879102,32950647,32950647,28814106.5823452361,0.1255374566,0.1255374566,0,0,1800,-8489081.2322533634,11.2337925840
4,lap_local_dec,2.0000000000,0.2000000000,1.7582829687,0.0417170313,150.0000000000,0.1800000000,1800,1.0000000000,10000.0000000000,3.0000000000,0.5000000000,879102,879102,32950647,32950647,30091233.8114497662,0.0867786659,0.0867786659,0,0,1800,-9372585.3216885161,11.1782618830
0,lap_local_dec,2.0000000000,0.2000000000,1.7583423411,0.0416576589,150.0000000000,0.2000000000,2000,1.0000000000,10000.0000000000,3.0000000000,0.5000000000,879102,879102,32950647,32950647,29322051.3993439637,0.1101221351,0.1101221351,0,0,2000,-10072256.1577172298,10.6860611750
1,lap_local_dec,2.0000000000,0.2000000000,1.7581792231,0.0418207769,150.0000000000,0.2000000000,2000,1.0000000000,10000.0000000000,3.0000000000,0.5000000000,879102,879102,32950647,32950647,28559537.2025400065,0.1332632345,0.1332632345,0,0,2000,-10206381.5818517823,10.8224234770
2,lap_local_dec,2.0000000000,0.2000000000,1.7582312137,0.0417687863,150.0000000000,0.2000000000,2000,1.0000000000,10000.0000000000,3.0000000000,0.5000000000,879102,879102,32950647,32950647,30488783.6671176665,0.0747136568,0.0747136568,0,0,2000,-9799166.2143519837,10.8490177770
3,lap_local_dec,2.0000000000,0.2000000000,1.7582044854,0.0417955146,150.0000000000,0.2000000000,2000,1.0000000000,10000.0000000000,3.0000000000,0.5000000000,879102,879102,32950647,32950647,29292083.1162800491,0.1110316251,0.1110316251,0,0,2000,-9318699.0983069316,11.1151260820
4,lap_local_dec,2.0000000000,0.2000000000,1.7582829687,0.0417170313,150.0000000000,0.2000000000,2000,1.0000000000,10000.0000000000,3.0000000000,0.5000000000,879102,879102,32950647,32950647,29622092.4152017571,0.1010163650,0.1010163650,0,0,2000,-10662760.6018692981,10.8405905770
