run,attack,epsilon,eps0,eps1,eps2,alpha,malicious_ratio,malicious_count,poison_prob,fixed_offset,scale_k,local_k,clean_edges,protocol_edges,clean_triangles,protocol_triangles,estimate,rel_error_clean,rel_error_protocol,orig_edge_changes,rr_changes,lap_attacked_reports,lap_total_offset,seconds
0,none,0.5000000000,0.0500000000,0.3712254748,0.0787745252,150.0000000000,0.0000000000,0,0.0000000000,10000.0000000000,3.0000000000,0.5000000000,7569,7569,7790,7790,62282.1040878723,6.9951353129,6.9951353129,0,0,0,0.0000000000,3.5993704590
1,none,0.5000000000,0.0500000000,0.3658954251,0.0841045749,150.0000000000,0.0000000000,0,0.0000000000,10000.0000000000,3.0000000000,0.5000000000,7569,7569,7790,7790,-662858.4177622127,86.0909393790,86.0909393790,0,0,0,0.0000000000,3.7208119610
2,none,0.5000000000,0.0500000000,0.3689305929,0.0810694071,150.0000000000,0.0000000000,0,0.0000000000,10000.0000000000,3.0000000000,0.5000000000,7569,7569,7790,7790,448797.3263950231,56.6119802818,56.6119802818,0,0,0,0.0000000000,3.9628634640
3,none,0.5000000000,0.0500000000,0.3653997617,0.0846002383,150.0000000000,0.0000000000,0,0.0000000000,10000.0000000000,3.0000000000,0.5000000000,7569,7569,7790,7790,-685280.9760133001,88.9693165614,88.9693165614,0,0,0,0.0000000000,3.6599101600
4,none,0.5000000000,0.0500000000,0.3627069933,0.0872930067,150.0000000000,0.0000000000,0,0.0000000000,10000.0000000000,3.0000000000,0.5000000000,7569,7569,7790,7790,-49091.5260686119,7.3018647071,7.3018647071,0,0,0,0.0000000000,3.6861642600
0,orig_inc,0.5000000000,0.0500000000,0.3945874008,0.0554125992,150.0000000000,0.0300000000,300,1.0000000000,10000.0000000000,3.0000000000,0.5000000000,7569,52407,7790,4462935,4377997.2809268283,561.0022183475,0.0190318073,44838,0,0,0.0000000000,5.5527674910
1,orig_inc,0.5000000000,0.0500000000,0.3913034654,0.0586965346,150.0000000000,0.0300000000,300,1.0000000000,10000.0000000000,3.0000000000,0.5000000000,7569,52414,7790,4462920,3902305.8827731595,499.9378540145,0.1256159907,44845,0,0,0.0000000000,5.6191694910
2,orig_inc,0.5000000000,0.0500000000,0.3989964176,0.0510035824,150.0000000000,0.0300000000,300,1.0000000000,10000.0000000000,3.0000000000,0.5000000000,7569,52411,7790,4462934,3213060.8674431327,411.4596748964,0.2800563783,44842,0,0,0.0000000000,5.7219334940
3,orig_inc,0.5000000000,0.0500000000,0.3921649095,0.0578350905,150.0000000000,0.0300000000,300,1.0000000000,10000.0000000000,3.0000000000,0.5000000000,7569,52413,7790,4462942,3780667.5791072841,484.3231808867,0.1528754846,44844,0,0,0.0000000000,5.4806299900
4,orig_inc,0.5000000000,0.0500000000,0.3945210958,0.0554789042,150.0000000000,0.0300000000,300,1.0000000000,10000.0000000000,3.0000000000,0.5000000000,7569,52412,7790,4462930,4210691.9681055648,539.5252847376,0.0565184827,44843,0,0,0.0000000000,5.7398999940
0,orig_inc,0.5000000000,0.0500000000,0.4028168172,0.0471831828,150.0000000000,0.0500000000,500,1.0000000000,10000.0000000000,3.0000000000,0.5000000000,7569,132296,7790,20716425,21715507.7796464749,2786.6133221626,0.0482266018,124727,0,0,0.0000000000,5.7410504940
1,orig_inc,0.5000000000,0.0500000000,0.4028447815,0.0471552185,150.0000000000,0.0500000000,500,1.0000000000,10000.0000000000,3.0000000000,0.5000000000,7569,132299,7790,20716370,18807375.2242777720,2413.2972046570,0.0921490964,124730,0,0,0.0000000000,5.7803759950
2,orig_inc,0.5000000000,0.0500000000,0.4047756306,0.0452243694,150.0000000000,0.0500000000,500,1.0000000000,10000.0000000000,3.0000000000,0.5000000000,7569,132297,7790,20716412,20203909.9168768637,2592.5699508186,0.0247389405,124728,0,0,0.0000000000,5.8130365950
3,orig_inc,0.5000000000,0.0500000000,0.4029415411,0.0470584589,150.0000000000,0.0500000000,500,1.0000000000,10000.0000000000,3.0000000000,0.5000000000,7569,132303,7790,20716398,19961457.0506606735,2561.4463479667,0.0364417091,124734,0,0,0.0000000000,6.0920200000
4,orig_inc,0.5000000000,0.0500000000,0.4078355144,0.0421644856,150.0000000000,0.0500000000,500,1.0000000000,10000.0000000000,3.0000000000,0.5000000000,7569,132285,7790,20716412,18645821.5133055709,2392.5586024783,0.0999492811,124716,0,0,0.0000000000,5.8679112950
0,orig_inc,0.5000000000,0.0500000000,0.4065131039,0.0434868961,150.0000000000,0.0800000000,800,1.0000000000,10000.0000000000,3.0000000000,0.5000000000,7569,327109,7790,85021719,84008812.9438686818,10783.1865139754,0.0119134977,319540,0,0,0.0000000000,10.1590496660
1,orig_inc,0.5000000000,0.0500000000,0.4059481528,0.0440518472,150.0000000000,0.0800000000,800,1.0000000000,10000.0000000000,3.0000000000,0.5000000000,7569,327117,7790,85021595,83815281.7769303918,10758.3429752157,0.0141883156,319548,0,0,0.0000000000,10.3978974700
2,orig_inc,0.5000000000,0.0500000000,0.4059480558,0.0440519442,150.0000000000,0.0800000000,800,1.0000000000,10000.0000000000,3.0000000000,0.5000000000,7569,327120,7790,85021653,81576963.7004120499,10471.0107445972,0.0405154355,319551,0,0,0.0000000000,10.9159844790
3,orig_inc,0.5000000000,0.0500000000,0.4062393152,0.0437606848,150.0000000000,0.0800000000,800,1.0000000000,10000.0000000000,3.0000000000,0.5000000000,7569,327123,7790,85021626,85066538.7336031944,10918.9664613098,0.0005282507,319554,0,0,0.0000000000,11.1022894820
4,orig_inc,0.5000000000,0.0500000000,0.4058274453,0.0441725547,150.0000000000,0.0800000000,800,1.0000000000,10000.0000000000,3.0000000000,0.5000000000,7569,327099,7790,85021659,84390560.5778308362,10832.1913450361,0.0074227959,319530,0,0,0.0000000000,10.1436163660
0,orig_inc,0.5000000000,0.0500000000,0.4066239224,0.0433760776,150.0000000000,0.1000000000,1000,1.0000000000,10000.0000000000,3.0000000000,0.5000000000,7569,506974,7790,166175274,166197564.1872911751,21333.7322448384,0.0001341366,499405,0,0,0.0000000000,16.1894976650
1,orig_inc,0.5000000000,0.0500000000,0.4086533885,0.0413466115,150.0000000000,0.1000000000,1000,1.0000000000,10000.0000000000,3.0000000000,0.5000000000,7569,506998,7790,166175117,166903808.9540139735,21424.3926770236,0.0043850846,499429,0,0,0.0000000000,15.6142509550
2,orig_inc,0.5000000000,0.0500000000,0.4071984456,0.0428015544,150.0000000000,0.1000000000,1000,1.0000000000,10000.0000000000,3.0000000000,0.5000000000,7569,506989,7790,166175250,166860856.4676164687,21418.8788790265,0.0041258037,499420,0,0,0.0000000000,15.8041028590
3,orig_inc,0.5000000000,0.0500000000,0.4069572788,0.0430427212,150.0000000000,0.1000000000,1000,1.0000000000,10000.0000000000,3.0000000000,0.5000000000,7569,507004,7790,166175135,167108926.2768242061,21450.7235271918,0.0056193201,499435,0,0,0.0000000000,16.3908181680
4,orig_inc,0.5000000000,0.0500000000,0.4071781789,0.0428218211,150.0000000000,0.1000000000,1000,1.0000000000,10000.0000000000,3.0000000000,0.5000000000,7569,506969,7790,166175180,166188172.9128057063,21332.5266897055,0.0000781880,499400,0,0,0.0000000000,18.1884143970
0,orig_inc,0.5000000000,0.0500000000,0.4066791382,0.0433208618,150.0000000000,0.1300000000,1300,1.0000000000,10000.0000000000,3.0000000000,0.5000000000,7569,851763,7790,365330666,367599144.8637821078,47187.5936923982,0.0062093853,844194,0,0,0.0000000000,21.6760431550
1,orig_inc,0.5000000000,0.0500000000,0.4061405306,0.0438594694,150.0000000000,0.1300000000,1300,1.0000000000,10000.0000000000,3.0000000000,0.5000000000,7569,851812,7790,365330372,364942422.4827221036,46846.5510247397,0.0010619142,844243,0,0,0.0000000000,20.9990289440
2,orig_inc,0.5000000000,0.0500000000,0.4065527053,0.0434472947,150.0000000000,0.1300000000,1300,1.0000000000,10000.0000000000,3.0000000000,0.5000000000,7569,851779,7790,365330593,367198810.8834579587,47136.2029375427,0.0051137734,844210,0,0,0.0000000000,21.3977887500
3,orig_inc,0.5000000000,0.0500000000,0.4059048585,0.0440951415,150.0000000000,0.1300000000,1300,1.0000000000,10000.0000000000,3.0000000000,0.5000000000,7569,851821,7790,365330417,369619443.7118742466,47446.9388590339,0.0117401303,844252,0,0,0.0000000000,21.2903665480
4,orig_inc,0.5000000000,0.0500000000,0.4087007605,0.0412992395,150.0000000000,0.1300000000,1300,1.0000000000,10000.0000000000,3.0000000000,0.5000000000,7569,851757,7790,365330536,364165565.0675403476,46746.8260677202,0.0031888135,844188,0,0,0.0000000000,21.2476976470
0,orig_inc,0.5000000000,0.0500000000,0.4064112105,0.0435887895,150.0000000000,0.1500000000,1500,1.0000000000,10000.0000000000,3.0000000000,0.5000000000,7569,1131616,7790,561384280,558573482.9123198986,71702.9130824544,0.0050069038,1124047,0,0,0.0000000000,24.9701053090
1,orig_inc,0.5000000000,0.0500000000,0.4061352650,0.0438647350,150.0000000000,0.1500000000,1500,1.0000000000,10000.0000000000,3.0000000000,0.5000000000,7569,1131670,7790,561383983,558776611.8950043917,71728.9886899877,0.0046445413,1124101,0,0,0.0000000000,25.6319985200
2,orig_inc,0.5000000000,0.0500000000,0.4060011598,0.0439988402,150.0000000000,0.1500000000,1500,1.0000000000,10000.0000000000,3.0000000000,0.5000000000,7569,1131636,7790,561384168,560452666.9134118557,71944.1433778449,0.0016592935,1124067,0,0,0.0000000000,25.1373574110
3,orig_inc,0.5000000000,0.0500000000,0.4059765530,0.0440234470,150.0000000000,0.1500000000,1500,1.0000000000,10000.0000000000,3.0000000000,0.5000000000,7569,1131670,7790,561384011,559501070.2253240347,71821.9871919543,0.0033541047,1124101,0,0,0.0000000000,25.6292976190
4,orig_inc,0.5000000000,0.0500000000,0.4072340873,0.0427659127,150.0000000000,0.1500000000,1500,1.0000000000,10000.0000000000,3.0000000000,0.5000000000,7569,1131598,7790,561384143,563818085.8468250036,72376.1612126861,0.0043356103,1124029,0,0,0.0000000000,25.0072217090
0,orig_inc,0.5000000000,0.0500000000,0.4055510761,0.0444489239,150.0000000000,0.1800000000,1800,1.0000000000,10000.0000000000,3.0000000000,0.5000000000,7569,1626395,7790,970389702,970971623.4638433456,124642.3406243701,0.0005996781,1618826,0,0,0.0000000000,37.5239069140
1,orig_inc,0.5000000000,0.0500000000,0.4063080261,0.0436919739,150.0000000000,0.1800000000,1800,1.0000000000,10000.0000000000,3.0000000000,0.5000000000,7569,1626434,7790,970389370,964591192.1137553453,123823.2865357837,0.0059751045,1618865,0,0,0.0000000000,38.0431465220
2,orig_inc,0.5000000000,0.0500000000,0.4054822867,0.0445177133,150.0000000000,0.1800000000,1800,1.0000000000,10000.0000000000,3.0000000000,0.5000000000,7569,1626425,7790,970389534,968072745.4238144159,124270.2125062663,0.0023874831,1618856,0,0,0.0000000000,38.5043663300
3,orig_inc,0.5000000000,0.0500000000,0.4067173396,0.0432826604,150.0000000000,0.1800000000,1800,1.0000000000,10000.0000000000,3.0000000000,0.5000000000,7569,1626451,7790,970389423,972364906.4339427948,124821.1959478746,0.0020357636,1618882,0,0,0.0000000000,38.2163925250
4,orig_inc,0.5000000000,0.0500000000,0.4061558091,0.0438441909,150.0000000000,0.1800000000,1800,1.0000000000,10000.0000000000,3.0000000000,0.5000000000,7569,1626362,7790,970389535,970150369.2987133265,124536.9164696680,0.0002464636,1618793,0,0,0.0000000000,38.7035548330
0,orig_inc,0.5000000000,0.0500000000,0.4057750880,0.0442249120,150.0000000000,0.2000000000,2000,1.0000000000,10000.0000000000,3.0000000000,0.5000000000,7569,2006229,7790,1331343297,1335788760.7241165638,171473.8088220946,0.0033390815,1998660,0,0,0.0000000000,49.3429906070
1,orig_inc,0.5000000000,0.0500000000,0.4056837278,0.0443162722,150.0000000000,0.2000000000,2000,1.0000000000,10000.0000000000,3.0000000000,0.5000000000,7569,2006277,7790,1331343012,1326167420.9155600071,170238.7202715738,0.0038874963,1998708,0,0,0.0000000000,50.3660422240
2,orig_inc,0.5000000000,0.0500000000,0.4055172912,0.0444827088,150.0000000000,0.2000000000,2000,1.0000000000,10000.0000000000,3.0000000000,0.5000000000,7569,2006274,7790,1331343167,1330590893.7829844952,170806.5601775333,0.0005650483,1998705,0,0,0.0000000000,51.9049982490
3,orig_inc,0.5000000000,0.0500000000,0.4057897455,0.0442102545,150.0000000000,0.2000000000,2000,1.0000000000,10000.0000000000,3.0000000000,0.5000000000,7569,2006278,7790,1331342984,1328321368.1391687393,170515.2218407149,0.0022695999,1998709,0,0,0.0000000000,51.0134763350
4,orig_inc,0.5000000000,0.0500000000,0.4068507058,0.0431492942,150.0000000000,0.2000000000,2000,1.0000000000,10000.0000000000,3.0000000000,0.5000000000,7569,2006202,7790,1331343080,1326037385.3072984219,170222.0276389343,0.0039852197,1998633,0,0,0.0000000000,51.2693719390
0,orig_dec,0.5000000000,0.0500000000,0.3585445395,0.0914554605,150.0000000000,0.0300000000,300,1.0000000000,10000.0000000000,3.0000000000,0.5000000000,7569,7557,7790,7757,13925.5385685388,0.7876172745,0.7952221952,12,0,0,0.0000000000,3.6758163600
1,orig_dec,0.5000000000,0.0500000000,0.3585834894,0.0914165106,150.0000000000,0.0300000000,300,1.0000000000,10000.0000000000,3.0000000000,0.5000000000,7569,7564,7790,7766,-226176.4371957835,30.0342024642,30.1239295900,5,0,0,0.0000000000,3.6345851590
2,orig_dec,0.5000000000,0.0500000000,0.3650800429,0.0849199571,150.0000000000,0.0300000000,300,1.0000000000,10000.0000000000,3.0000000000,0.5000000000,7569,7561,7790,7771,-639035.2405474347,83.0327651537,83.2333342617,8,0,0,0.0000000000,3.7029016610
3,orig_dec,0.5000000000,0.0500000000,0.3684798386,0.0815201614,150.0000000000,0.0300000000,300,1.0000000000,10000.0000000000,3.0000000000,0.5000000000,7569,7563,7790,7772,-356318.4781467193,46.7404978365,46.8464331120,6,0,0,0.0000000000,3.4707404570
4,orig_dec,0.5000000000,0.0500000000,0.3695317819,0.0804682181,150.0000000000,0.0300000000,300,1.0000000000,10000.0000000000,3.0000000000,0.5000000000,7569,7562,7790,7770,-56162.7342707549,8.2095936163,8.2281511288,7,0,0,0.0000000000,3.5431647580
0,orig_dec,0.5000000000,0.0500000000,0.3697337743,0.0802662257,150.0000000000,0.0500000000,500,1.0000000000,10000.0000000000,3.0000000000,0.5000000000,7569,7546,7790,7720,499284.7843350289,63.0930403511,63.6741948621,23,0,0,0.0000000000,3.5415898580
1,orig_dec,0.5000000000,0.0500000000,0.3707775323,0.0792224677,150.0000000000,0.0500000000,500,1.0000000000,10000.0000000000,3.0000000000,0.5000000000,7569,7549,7790,7741,-442577.3413000291,57.8135226316,58.1731483400,20,0,0,0.0000000000,3.6410325600
2,orig_dec,0.5000000000,0.0500000000,0.3612301869,0.0887698131,150.0000000000,0.0500000000,500,1.0000000000,10000.0000000000,3.0000000000,0.5000000000,7569,7547,7790,7749,-399532.0777059411,52.2878148531,52.5591789529,22,0,0,0.0000000000,3.6492847590
3,orig_dec,0.5000000000,0.0500000000,0.3764465561,0.0735534439,150.0000000000,0.0500000000,500,1.0000000000,10000.0000000000,3.0000000000,0.5000000000,7569,7553,7790,7723,-167992.7279773786,22.5651768905,22.7522631073,16,0,0,0.0000000000,3.6189947600
4,orig_dec,0.5000000000,0.0500000000,0.3742128033,0.0757871967,150.0000000000,0.0500000000,500,1.0000000000,10000.0000000000,3.0000000000,0.5000000000,7569,7535,7790,7676,-910704.7593780464,117.9069010755,119.6431421806,34,0,0,0.0000000000,3.6583421590
0,orig_dec,0.5000000000,0.0500000000,0.3625455352,0.0874544648,150.0000000000,0.0800000000,800,1.0000000000,10000.0000000000,3.0000000000,0.5000000000,7569,7509,7790,7567,-203701.4580100946,27.1490960218,27.9197116440,60,0,0,0.0000000000,3.6224756590
1,orig_dec,0.5000000000,0.0500000000,0.3698557491,0.0801442509,150.0000000000,0.0800000000,800,1.0000000000,10000.0000000000,3.0000000000,0.5000000000,7569,7517,7790,7676,-247983.8444938317,32.8336129004,33.3063893296,52,0,0,0.0000000000,3.6281690600
2,orig_dec,0.5000000000,0.0500000000,0.3693854874,0.0806145126,150.0000000000,0.0800000000,800,1.0000000000,10000.0000000000,3.0000000000,0.5000000000,7569,7520,7790,7680,-787905.6658767564,102.1432176992,103.5918835777,49,0,0,0.0000000000,3.6100968590
3,orig_dec,0.5000000000,0.0500000000,0.3648390134,0.0851609866,150.0000000000,0.0800000000,800,1.0000000000,10000.0000000000,3.0000000000,0.5000000000,7569,7523,7790,7632,-280008.3105944903,36.9445841585,37.6887199416,46,0,0,0.0000000000,3.5855273590
4,orig_dec,0.5000000000,0.0500000000,0.3676499798,0.0823500202,150.0000000000,0.0800000000,800,1.0000000000,10000.0000000000,3.0000000000,0.5000000000,7569,7499,7790,7597,-523513.2124054814,68.2032365090,69.9105189424,70,0,0,0.0000000000,3.5965053580
0,orig_dec,0.5000000000,0.0500000000,0.3656150098,0.0843849902,150.0000000000,0.1000000000,1000,1.0000000000,10000.0000000000,3.0000000000,0.5000000000,7569,7474,7790,7509,-90710.2598195104,12.6444492708,13.0802050632,95,0,0,0.0000000000,3.4861628570
1,orig_dec,0.5000000000,0.0500000000,0.3702043761,0.0797956239,150.0000000000,0.1000000000,1000,1.0000000000,10000.0000000000,3.0000000000,0.5000000000,7569,7498,7790,7659,75603.7120725536,8.7052261967,8.8712249736,71,0,0,0.0000000000,3.5197614570
2,orig_dec,0.5000000000,0.0500000000,0.3594318479,0.0905681521,150.0000000000,0.1000000000,1000,1.0000000000,10000.0000000000,3.0000000000,0.5000000000,7569,7489,7790,7609,-56847.3681274037,8.2974798623,8.4710695397,80,0,0,0.0000000000,3.5132388580
3,orig_dec,0.5000000000,0.0500000000,0.3703030664,0.0796969336,150.0000000000,0.1000000000,1000,1.0000000000,10000.0000000000,3.0000000000,0.5000000000,7569,7504,7790,7591,32734.8621234185,3.2021645858,3.3123254016,65,0,0,0.0000000000,3.4927541570
4,orig_dec,0.5000000000,0.0500000000,0.3634351359,0.0865648641,150.0000000000,0.1000000000,1000,1.0000000000,10000.0000000000,3.0000000000,0.5000000000,7569,7469,7790,7535,-159837.0180334407,21.5182308130,22.2126102234,100,0,0,0.0000000000,3.5557492590
0,orig_dec,0.5000000000,0.0500000000,0.3581466434,0.0918533566,150.0000000000,0.1300000000,1300,1.0000000000,10000.0000000000,3.0000000000,0.5000000000,7569,7413,7790,7299,288471.8598777661,36.0310474811,38.5221071212,156,0,0,0.0000000000,3.5319182580
1,orig_dec,0.5000000000,0.0500000000,0.3761883796,0.0738116204,150.0000000000,0.1300000000,1300,1.0000000000,10000.0000000000,3.0000000000,0.5000000000,7569,7462,7790,7610,105113.0059561372,12.4933255399,12.8124843569,107,0,0,0.0000000000,3.5425892580
2,orig_dec,0.5000000000,0.0500000000,0.3707866482,0.0792133518,150.0000000000,0.1300000000,1300,1.0000000000,10000.0000000000,3.0000000000,0.5000000000,7569,7429,7790,7460,-472978.0467044059,61.7160522085,64.4018829362,140,0,0,0.0000000000,3.5795597590
3,orig_dec,0.5000000000,0.0500000000,0.3752247607,0.0747752393,150.0000000000,0.1300000000,1300,1.0000000000,10000.0000000000,3.0000000000,0.5000000000,7569,7471,7790,7538,467550.2664319174,59.0192896575,61.0257716147,98,0,0,0.0000000000,3.6757392600
4,orig_dec,0.5000000000,0.0500000000,0.3751252744,0.0748747256,150.0000000000,0.1300000000,1300,1.0000000000,10000.0000000000,3.0000000000,0.5000000000,7569,7407,7790,7331,280720.1973352483,35.0359688492,37.2922107946,162,0,0,0.0000000000,3.5493121580
0,orig_dec,0.5000000000,0.0500000000,0.3669358581,0.0830641419,150.0000000000,0.1500000000,1500,1.0000000000,10000.0000000000,3.0000000000,0.5000000000,7569,7366,7790,7176,-47940.5552142862,7.1541149184,7.6806793777,203,0,0,0.0000000000,3.5999499580
1,orig_dec,0.5000000000,0.0500000000,0.3610068635,0.0889931365,150.0000000000,0.1500000000,1500,1.0000000000,10000.0000000000,3.0000000000,0.5000000000,7569,7420,7790,7507,-314924.7711300217,41.4267998883,42.9508153896,149,0,0,0.0000000000,3.6571080600
2,orig_dec,0.5000000000,0.0500000000,0.3638475987,0.0861524013,150.0000000000,0.1500000000,1500,1.0000000000,10000.0000000000,3.0000000000,0.5000000000,7569,7386,7790,7363,231242.1856085053,28.6844910922,30.4059738705,183,0,0,0.0000000000,3.5689809580
3,orig_dec,0.5000000000,0.0500000000,0.3603002437,0.0896997563,150.0000000000,0.1500000000,1500,1.0000000000,10000.0000000000,3.0000000000,0.5000000000,7569,7420,7790,7402,-101947.1960938075,14.0869314626,14.7729257084,149,0,0,0.0000000000,3.5789376580
4,orig_dec,0.5000000000,0.0500000000,0.3704038290,0.0795961710,150.0000000000,0.1500000000,1500,1.0000000000,10000.0000000000,3.0000000000,0.5000000000,7569,7348,7790,7139,63513.7183291378,7.1532372695,7.8967247975,221,0,0,0.0000000000,3.5928636590
0,orig_dec,0.5000000000,0.0500000000,0.3627802208,0.0872197792,150.0000000000,0.1800000000,1800,1.0000000000,10000.0000000000,3.0000000000,0.5000000000,7569,7295,7790,7023,207747.4091593082,25.6684735763,28.5810065726,274,0,0,0.0000000000,3.6017297580
1,orig_dec,0.5000000000,0.0500000000,0.3683535111,0.0816464889,150.0000000000,0.1800000000,1800,1.0000000000,10000.0000000000,3.0000000000,0.5000000000,7569,7334,7790,7313,-493981.7791908826,64.4122951465,68.5484451239,235,0,0,0.0000000000,3.6433562600
2,orig_dec,0.5000000000,0.0500000000,0.3606150354,0.0893849646,150.0000000000,0.1800000000,1800,1.0000000000,10000.0000000000,3.0000000000,0.5000000000,7569,7325,7790,7223,157874.5575109559,19.2663103352,20.8572002646,244,0,0,0.0000000000,3.5779613590
3,orig_dec,0.5000000000,0.0500000000,0.3696068905,0.0803931095,150.0000000000,0.1800000000,1800,1.0000000000,10000.0000000000,3.0000000000,0.5000000000,7569,7351,7790,7266,-167631.5776915945,22.5188161350,24.0706823137,218,0,0,0.0000000000,3.5594847580
4,orig_dec,0.5000000000,0.0500000000,0.3668853228,0.0831146772,150.0000000000,0.1800000000,1800,1.0000000000,10000.0000000000,3.0000000000,0.5000000000,7569,7262,7790,6960,-92058.5028447915,12.8175228299,14.2267963857,307,0,0,0.0000000000,3.5634828580
0,orig_dec,0.5000000000,0.0500000000,0.3822913823,0.0677086177,150.0000000000,0.2000000000,2000,1.0000000000,10000.0000000000,3.0000000000,0.5000000000,7569,7229,7790,6848,458343.7543247519,57.8374524165,65.9310388909,340,0,0,0.0000000000,3.7629743620
1,orig_dec,0.5000000000,0.0500000000,0.3643455789,0.0856544211,150.0000000000,0.2000000000,2000,1.0000000000,10000.0000000000,3.0000000000,0.5000000000,7569,7277,7790,7142,-666075.6410274570,86.5039333796,94.2617811576,292,0,0,0.0000000000,3.7024392600
2,orig_dec,0.5000000000,0.0500000000,0.3664415615,0.0835584385,150.0000000000,0.2000000000,2000,1.0000000000,10000.0000000000,3.0000000000,0.5000000000,7569,7274,7790,6968,41286.2910092984,4.2999089871,4.9251278716,295,0,0,0.0000000000,3.6687067600
3,orig_dec,0.5000000000,0.0500000000,0.3607595817,0.0892404183,150.0000000000,0.2000000000,2000,1.0000000000,10000.0000000000,3.0000000000,0.5000000000,7569,7278,7790,7054,-81872.6708379662,11.5099705825,12.6065595177,291,0,0,0.0000000000,3.7781949620
4,orig_dec,0.5000000000,0.0500000000,0.3713744864,0.0786255136,150.0000000000,0.2000000000,2000,1.0000000000,10000.0000000000,3.0000000000,0.5000000000,7569,7202,7790,6833,-69119.6048078414,9.8728632616,11.1155575601,367,0,0,0.0000000000,3.6376992600
0,rr_inc,0.5000000000,0.0500000000,0.3712254748,0.0787745252,150.0000000000,0.0300000000,300,1.0000000000,10000.0000000000,3.0000000000,0.5000000000,7569,7569,7790,7790,95616.9370279425,11.2743179753,11.2743179753,0,26550,0,0.0000000000,3.6156465590
1,rr_inc,0.5000000000,0.0500000000,0.3658954251,0.0841045749,150.0000000000,0.0300000000,300,1.0000000000,10000.0000000000,3.0000000000,0.5000000000,7569,7569,7790,7790,-229903.0965231506,30.5125926217,30.5125926217,0,26397,0,0.0000000000,3.9072561640
2,rr_inc,0.5000000000,0.0500000000,0.3689305929,0.0810694071,150.0000000000,0.0300000000,300,1.0000000000,10000.0000000000,3.0000000000,0.5000000000,7569,7569,7790,7790,-610511.0731886831,79.3711262116,79.3711262116,0,26599,0,0.0000000000,3.6499690600
3,rr_inc,0.5000000000,0.0500000000,0.3653997617,0.0846002383,150.0000000000,0.0300000000,300,1.0000000000,10000.0000000000,3.0000000000,0.5000000000,7569,7569,7790,7790,-89105.3141637434,12.4384228708,12.4384228708,0,26569,0,0.0000000000,3.6962729600
4,rr_inc,0.5000000000,0.0500000000,0.3627069933,0.0872930067,150.0000000000,0.0300000000,300,1.0000000000,10000.0000000000,3.0000000000,0.5000000000,7569,7569,7790,7790,-101171.0920401407,13.9873032144,13.9873032144,0,26451,0,0.0000000000,3.6802028600
0,rr_inc,0.5000000000,0.0500000000,0.3712254748,0.0787745252,150.0000000000,0.0500000000,500,1.0000000000,10000.0000000000,3.0000000000,0.5000000000,7569,7569,7790,7790,454769.5771429068,57.3786363470,57.3786363470,0,73994,0,0.0000000000,3.6009030600
1,rr_inc,0.5000000000,0.0500000000,0.3658954251,0.0841045749,150.0000000000,0.0500000000,500,1.0000000000,10000.0000000000,3.0000000000,0.5000000000,7569,7569,7790,7790,-416182.1570353959,54.4251806207,54.4251806207,0,73605,0,0.0000000000,3.5873736590
2,rr_inc,0.5000000000,0.0500000000,0.3689305929,0.0810694071,150.0000000000,0.0500000000,500,1.0000000000,10000.0000000000,3.0000000000,0.5000000000,7569,7569,7790,7790,-415035.5768633577,54.2779944626,54.2779944626,0,73862,0,0.0000000000,3.5741269580
3,rr_inc,0.5000000000,0.0500000000,0.3653997617,0.0846002383,150.0000000000,0.0500000000,500,1.0000000000,10000.0000000000,3.0000000000,0.5000000000,7569,7569,7790,7790,-83865.7017928434,11.7658153778,11.7658153778,0,73530,0,0.0000000000,3.5980310590
4,rr_inc,0.5000000000,0.0500000000,0.3627069933,0.0872930067,150.0000000000,0.0500000000,500,1.0000000000,10000.0000000000,3.0000000000,0.5000000000,7569,7569,7790,7790,-892773.1606465863,115.6050270406,115.6050270406,0,73655,0,0.0000000000,3.7128582600
0,rr_inc,0.5000000000,0.0500000000,0.3712254748,0.0787745252,150.0000000000,0.0800000000,800,1.0000000000,10000.0000000000,3.0000000000,0.5000000000,7569,7569,7790,7790,-290924.8981832754,38.3459432841,38.3459432841,0,189370,0,0.0000000000,3.4948828570
1,rr_inc,0.5000000000,0.0500000000,0.3658954251,0.0841045749,150.0000000000,0.0800000000,800,1.0000000000,10000.0000000000,3.0000000000,0.5000000000,7569,7569,7790,7790,-142138.4925805035,19.2462763261,19.2462763261,0,188493,0,0.0000000000,3.4806735570
2,rr_inc,0.5000000000,0.0500000000,0.3689305929,0.0810694071,150.0000000000,0.0800000000,800,1.0000000000,10000.0000000000,3.0000000000,0.5000000000,7569,7569,7790,7790,-880090.1247836413,113.9769094716,113.9769094716,0,188777,0,0.0000000000,3.4670519570
3,rr_inc,0.5000000000,0.0500000000,0.3653997617,0.0846002383,150.0000000000,0.0800000000,800,1.0000000000,10000.0000000000,3.0000000000,0.5000000000,7569,7569,7790,7790,-193239.9262237231,25.8061522752,25.8061522752,0,188447,0,0.0000000000,3.4934514570
4,rr_inc,0.5000000000,0.0500000000,0.3627069933,0.0872930067,150.0000000000,0.0800000000,800,1.0000000000,10000.0000000000,3.0000000000,0.5000000000,7569,7569,7790,7790,-404251.7770654086,52.8936812664,52.8936812664,0,188469,0,0.0000000000,3.5596712590
0,rr_inc,0.5000000000,0.0500000000,0.3712254748,0.0787745252,150.0000000000,0.1000000000,1000,1.0000000000,10000.0000000000,3.0000000000,0.5000000000,7569,7569,7790,7790,-194941.3727751989,26.0245664666,26.0245664666,0,296212,0,0.0000000000,3.6368024590
1,rr_inc,0.5000000000,0.0500000000,0.3658954251,0.0841045749,150.0000000000,0.1000000000,1000,1.0000000000,10000.0000000000,3.0000000000,0.5000000000,7569,7569,7790,7790,247552.9851585801,30.7783036147,30.7783036147,0,294499,0,0.0000000000,3.5840069590
2,rr_inc,0.5000000000,0.0500000000,0.3689305929,0.0810694071,150.0000000000,0.1000000000,1000,1.0000000000,10000.0000000000,3.0000000000,0.5000000000,7569,7569,7790,7790,-59765.5223251520,8.6720824551,8.6720824551,0,295070,0,0.0000000000,3.6186265590
3,rr_inc,0.5000000000,0.0500000000,0.3653997617,0.0846002383,150.0000000000,0.1000000000,1000,1.0000000000,10000.0000000000,3.0000000000,0.5000000000,7569,7569,7790,7790,-107499.6243253164,14.7996950353,14.7996950353,0,294651,0,0.0000000000,3.5863592590
4,rr_inc,0.5000000000,0.0500000000,0.3627069933,0.0872930067,150.0000000000,0.1000000000,1000,1.0000000000,10000.0000000000,3.0000000000,0.5000000000,7569,7569,7790,7790,-93324.3804381121,12.9800231628,12.9800231628,0,294620,0,0.0000000000,3.7027626600
0,rr_inc,0.5000000000,0.0500000000,0.3712254748,0.0787745252,150.0000000000,0.1300000000,1300,1.0000000000,10000.0000000000,3.0000000000,0.5000000000,7569,7569,7790,7790,427474.2370554137,53.8747415989,53.8747415989,0,500432,0,0.0000000000,3.7208818610
1,rr_inc,0.5000000000,0.0500000000,0.3658954251,0.0841045749,150.0000000000,0.1300000000,1300,1.0000000000,10000.0000000000,3.0000000000,0.5000000000,7569,7569,7790,7790,44318.8299075947,4.6891951101,4.6891951101,0,498014,0,0.0000000000,3.6126103590
2,rr_inc,0.5000000000,0.0500000000,0.3689305929,0.0810694071,150.0000000000,0.1300000000,1300,1.0000000000,10000.0000000000,3.0000000000,0.5000000000,7569,7569,7790,7790,-483927.0015407855,63.1215663082,63.1215663082,0,499586,0,0.0000000000,3.6135568590
3,rr_inc,0.5000000000,0.0500000000,0.3653997617,0.0846002383,150.0000000000,0.1300000000,1300,1.0000000000,10000.0000000000,3.0000000000,0.5000000000,7569,7569,7790,7790,401050.0543642921,50.4826770686,50.4826770686,0,498089,0,0.0000000000,3.6265803590
4,rr_inc,0.5000000000,0.0500000000,0.3627069933,0.0872930067,150.0000000000,0.1300000000,1300,1.0000000000,10000.0000000000,3.0000000000,0.5000000000,7569,7569,7790,7790,235827.4454138435,29.2730995396,29.2730995396,0,497981,0,0.0000000000,3.6276859600
0,rr_inc,0.5000000000,0.0500000000,0.3712254748,0.0787745252,150.0000000000,0.1500000000,1500,1.0000000000,10000.0000000000,3.0000000000,0.5000000000,7569,7569,7790,7790,-75738.7743074262,10.7225640959,10.7225640959,0,665856,0,0.0000000000,3.7319767610
1,rr_inc,0.5000000000,0.0500000000,0.3658954251,0.0841045749,150.0000000000,0.1500000000,1500,1.0000000000,10000.0000000000,3.0000000000,0.5000000000,7569,7569,7790,7790,-315883.0769330951,41.5498173213,41.5498173213,0,663575,0,0.0000000000,3.7368461610
2,rr_inc,0.5000000000,0.0500000000,0.3689305929,0.0810694071,150.0000000000,0.1500000000,1500,1.0000000000,10000.0000000000,3.0000000000,0.5000000000,7569,7569,7790,7790,291486.8196364290,36.4180769752,36.4180769752,0,665599,0,0.0000000000,3.8532591630
3,rr_inc,0.5000000000,0.0500000000,0.3653997617,0.0846002383,150.0000000000,0.1500000000,1500,1.0000000000,10000.0000000000,3.0000000000,0.5000000000,7569,7569,7790,7790,-140620.8553387241,19.0514576815,19.0514576815,0,663769,0,0.0000000000,3.6500661600
4,rr_inc,0.5000000000,0.0500000000,0.3627069933,0.0872930067,150.0000000000,0.1500000000,1500,1.0000000000,10000.0000000000,3.0000000000,0.5000000000,7569,7569,7790,7790,91613.7793981314,10.7604338123,10.7604338123,0,662925,0,0.0000000000,3.6890380600
0,rr_inc,0.5000000000,0.0500000000,0.3712254748,0.0787745252,150.0000000000,0.1800000000,1800,1.0000000000,10000.0000000000,3.0000000000,0.5000000000,7569,7569,7790,7790,428651.3939035276,54.0258528759,54.0258528759,0,958968,0,0.0000000000,3.7169436610
1,rr_inc,0.5000000000,0.0500000000,0.3658954251,0.0841045749,150.0000000000,0.1800000000,1800,1.0000000000,10000.0000000000,3.0000000000,0.5000000000,7569,7569,7790,7790,-472742.4263377779,61.6858056916,61.6858056916,0,955365,0,0.0000000000,3.7614794620
2,rr_inc,0.5000000000,0.0500000000,0.3689305929,0.0810694071,150.0000000000,0.1800000000,1800,1.0000000000,10000.0000000000,3.0000000000,0.5000000000,7569,7569,7790,7790,211894.2565702461,26.2008031541,26.2008031541,0,957675,0,0.0000000000,3.7547125610
3,rr_inc,0.5000000000,0.0500000000,0.3653997617,0.0846002383,150.0000000000,0.1800000000,1800,1.0000000000,10000.0000000000,3.0000000000,0.5000000000,7569,7569,7790,7790,-115455.9183817842,15.8210421543,15.8210421543,0,955478,0,0.0000000000,3.7222035610
4,rr_inc,0.5000000000,0.0500000000,0.3627069933,0.0872930067,150.0000000000,0.1800000000,1800,1.0000000000,10000.0000000000,3.0000000000,0.5000000000,7569,7569,7790,7790,66318.5925748401,7.5132981482,7.5132981482,0,954852,0,0.0000000000,3.7121217610
0,rr_inc,0.5000000000,0.0500000000,0.3712254748,0.0787745252,150.0000000000,0.2000000000,2000,1.0000000000,10000.0000000000,3.0000000000,0.5000000000,7569,7569,7790,7790,457278.8154036093,57.7007465216,57.7007465216,0,1183533,0,0.0000000000,3.7067105610
1,rr_inc,0.5000000000,0.0500000000,0.3658954251,0.0841045749,150.0000000000,0.2000000000,2000,1.0000000000,10000.0000000000,3.0000000000,0.5000000000,7569,7569,7790,7790,-722242.8627269074,93.7141030458,93.7141030458,0,1179894,0,0.0000000000,3.7205296610
2,rr_inc,0.5000000000,0.0500000000,0.3689305929,0.0810694071,150.0000000000,0.2000000000,2000,1.0000000000,10000.0000000000,3.0000000000,0.5000000000,7569,7569,7790,7790,84182.4449415370,9.8064756023,9.8064756023,0,1182165,0,0.0000000000,3.6945989610
3,rr_inc,0.5000000000,0.0500000000,0.3653997617,0.0846002383,150.0000000000,0.2000000000,2000,1.0000000000,10000.0000000000,3.0000000000,0.5000000000,7569,7569,7790,7790,-72686.5684107459,10.3307533262,10.3307533262,0,1179862,0,0.0000000000,3.7426391610
4,rr_inc,0.5000000000,0.0500000000,0.3627069933,0.0872930067,150.0000000000,0.2000000000,2000,1.0000000000,10000.0000000000,3.0000000000,0.5000000000,7569,7569,7790,7790,-57536.7467686937,8.3859751950,8.3859751950,0,1179091,0,0.0000000000,3.8525611630
0,rr_dec,0.5000000000,0.0500000000,0.3712254748,0.0787745252,150.0000000000,0.0300000000,300,1.0000000000,10000.0000000000,3.0000000000,0.5000000000,7569,7569,7790,7790,95457.0911712888,11.2537986099,11.2537986099,0,18300,0,0.0000000000,3.6110304590
1,rr_dec,0.5000000000,0.0500000000,0.3658954251,0.0841045749,150.0000000000,0.0300000000,300,1.0000000000,10000.0000000000,3.0000000000,0.5000000000,7569,7569,7790,7790,-230002.5805356544,30.5253633550,30.5253633550,0,18453,0,0.0000000000,3.5871849580
2,rr_dec,0.5000000000,0.0500000000,0.3689305929,0.0810694071,150.0000000000,0.0300000000,300,1.0000000000,10000.0000000000,3.0000000000,0.5000000000,7569,7569,7790,7790,-610628.0315518650,79.3861401222,79.3861401222,0,18251,0,0.0000000000,3.6671934600
3,rr_dec,0.5000000000,0.0500000000,0.3653997617,0.0846002383,150.0000000000,0.0300000000,300,1.0000000000,10000.0000000000,3.0000000000,0.5000000000,7569,7569,7790,7790,-89236.2907555526,12.4552362972,12.4552362972,0,18281,0,0.0000000000,3.6030736580
4,rr_dec,0.5000000000,0.0500000000,0.3627069933,0.0872930067,150.0000000000,0.0300000000,300,1.0000000000,10000.0000000000,3.0000000000,0.5000000000,7569,7569,7790,7790,-101284.4384129634,14.0018534548,14.0018534548,0,18399,0,0.0000000000,3.5940215590
0,rr_dec,0.5000000000,0.0500000000,0.3712254748,0.0787745252,150.0000000000,0.0500000000,500,1.0000000000,10000.0000000000,3.0000000000,0.5000000000,7569,7569,7790,7790,454357.2474899478,57.3257057112,57.3257057112,0,50756,0,0.0000000000,3.6014219590
1,rr_dec,0.5000000000,0.0500000000,0.3658954251,0.0841045749,150.0000000000,0.0500000000,500,1.0000000000,10000.0000000000,3.0000000000,0.5000000000,7569,7569,7790,7790,-416445.6054388785,54.4589994145,54.4589994145,0,51145,0,0.0000000000,3.5344566580
2,rr_dec,0.5000000000,0.0500000000,0.3689305929,0.0810694071,150.0000000000,0.0500000000,500,1.0000000000,10000.0000000000,3.0000000000,0.5000000000,7569,7569,7790,7790,-415348.0749899850,54.3181097548,54.3181097548,0,50888,0,0.0000000000,3.5734471580
3,rr_dec,0.5000000000,0.0500000000,0.3653997617,0.0846002383,150.0000000000,0.0500000000,500,1.0000000000,10000.0000000000,3.0000000000,0.5000000000,7569,7569,7790,7790,-84208.8235685693,11.8098618188,11.8098618188,0,51220,0,0.0000000000,3.5750748590
4,rr_dec,0.5000000000,0.0500000000,0.3627069933,0.0872930067,150.0000000000,0.0500000000,500,1.0000000000,10000.0000000000,3.0000000000,0.5000000000,7569,7569,7790,7790,-893271.1414321020,115.6689526870,115.6689526870,0,51095,0,0.0000000000,3.5594039590
0,rr_dec,0.5000000000,0.0500000000,0.3712254748,0.0787745252,150.0000000000,0.0800000000,800,1.0000000000,10000.0000000000,3.0000000000,0.5000000000,7569,7569,7790,7790,-292038.3698892836,38.4888793183,38.4888793183,0,130230,0,0.0000000000,3.5386969580
1,rr_dec,0.5000000000,0.0500000000,0.3658954251,0.0841045749,150.0000000000,0.0800000000,800,1.0000000000,10000.0000000000,3.0000000000,0.5000000000,7569,7569,7790,7790,-142814.6154062238,19.3330700136,19.3330700136,0,131107,0,0.0000000000,3.5910277590
2,rr_dec,0.5000000000,0.0500000000,0.3689305929,0.0810694071,150.0000000000,0.0800000000,800,1.0000000000,10000.0000000000,3.0000000000,0.5000000000,7569,7569,7790,7790,-880832.0794000765,114.0721539666,114.0721539666,0,130823,0,0.0000000000,3.5566236580
3,rr_dec,0.5000000000,0.0500000000,0.3653997617,0.0846002383,150.0000000000,0.0800000000,800,1.0000000000,10000.0000000000,3.0000000000,0.5000000000,7569,7569,7790,7790,-194075.5937742808,25.9134266719,25.9134266719,0,131153,0,0.0000000000,3.5663041590
4,rr_dec,0.5000000000,0.0500000000,0.3627069933,0.0872930067,150.0000000000,0.0800000000,800,1.0000000000,10000.0000000000,3.0000000000,0.5000000000,7569,7569,7790,7790,-405257.0293227374,53.0227252019,53.0227252019,0,131131,0,0.0000000000,3.5888111590
0,rr_dec,0.5000000000,0.0500000000,0.3712254748,0.0787745252,150.0000000000,0.1000000000,1000,1.0000000000,10000.0000000000,3.0000000000,0.5000000000,7569,7569,7790,7790,-196530.7491907902,26.2285942479,26.2285942479,0,203288,0,0.0000000000,3.9071250630
1,rr_dec,0.5000000000,0.0500000000,0.3658954251,0.0841045749,150.0000000000,0.1000000000,1000,1.0000000000,10000.0000000000,3.0000000000,0.5000000000,7569,7569,7790,7790,246604.2024467385,30.6565086581,30.6565086581,0,205001,0,0.0000000000,3.6290212590
2,rr_dec,0.5000000000,0.0500000000,0.3689305929,0.0810694071,150.0000000000,0.1000000000,1000,1.0000000000,10000.0000000000,3.0000000000,0.5000000000,7569,7569,7790,7790,-61061.2016922766,8.8384084329,8.8384084329,0,204430,0,0.0000000000,3.8498098630
3,rr_dec,0.5000000000,0.0500000000,0.3653997617,0.0846002383,150.0000000000,0.1000000000,1000,1.0000000000,10000.0000000000,3.0000000000,0.5000000000,7569,7569,7790,7790,-108630.4503926271,14.9448588437,14.9448588437,0,204849,0,0.0000000000,3.8222626630
4,rr_dec,0.5000000000,0.0500000000,0.3627069933,0.0872930067,150.0000000000,0.1000000000,1000,1.0000000000,10000.0000000000,3.0000000000,0.5000000000,7569,7569,7790,7790,-94745.8554415440,13.1624974893,13.1624974893,0,204880,0,0.0000000000,3.9544383640
0,rr_dec,0.5000000000,0.0500000000,0.3712254748,0.0787745252,150.0000000000,0.1300000000,1300,1.0000000000,10000.0000000000,3.0000000000,0.5000000000,7569,7569,7790,7790,424738.6931904074,53.5235806406,53.5235806406,0,343918,0,0.0000000000,4.0728089670
1,rr_dec,0.5000000000,0.0500000000,0.3658954251,0.0841045749,150.0000000000,0.1300000000,1300,1.0000000000,10000.0000000000,3.0000000000,0.5000000000,7569,7569,7790,7790,42942.6344012924,4.5125332993,4.5125332993,0,346336,0,0.0000000000,3.9239460640
2,rr_dec,0.5000000000,0.0500000000,0.3689305929,0.0810694071,150.0000000000,0.1300000000,1300,1.0000000000,10000.0000000000,3.0000000000,0.5000000000,7569,7569,7790,7790,-486160.1752877908,63.4082381627,63.4082381627,0,344764,0,0.0000000000,3.9681791650
3,rr_dec,0.5000000000,0.0500000000,0.3653997617,0.0846002383,150.0000000000,0.1300000000,1300,1.0000000000,10000.0000000000,3.0000000000,0.5000000000,7569,7569,7790,7790,399432.2167443384,50.2749957310,50.2749957310,0,346261,0,0.0000000000,3.9406139650
4,rr_dec,0.5000000000,0.0500000000,0.3627069933,0.0872930067,150.0000000000,0.1300000000,1300,1.0000000000,10000.0000000000,3.0000000000,0.5000000000,7569,7569,7790,7790,233322.6763881876,28.9515630794,28.9515630794,0,346369,0,0.0000000000,3.7467429620
0,rr_dec,0.5000000000,0.0500000000,0.3712254748,0.0787745252,150.0000000000,0.1500000000,1500,1.0000000000,10000.0000000000,3.0000000000,0.5000000000,7569,7569,7790,7790,-79244.4845726743,11.1725910876,11.1725910876,0,458394,0,0.0000000000,3.7490547620
1,rr_dec,0.5000000000,0.0500000000,0.3658954251,0.0841045749,150.0000000000,0.1500000000,1500,1.0000000000,10000.0000000000,3.0000000000,0.5000000000,7569,7569,7790,7790,-317933.5529685886,41.8130363246,41.8130363246,0,460675,0,0.0000000000,3.7788694620
2,rr_dec,0.5000000000,0.0500000000,0.3689305929,0.0810694071,150.0000000000,0.1500000000,1500,1.0000000000,10000.0000000000,3.0000000000,0.5000000000,7569,7569,7790,7790,288621.3397384717,36.0502361667,36.0502361667,0,458651,0,0.0000000000,3.8214892620
3,rr_dec,0.5000000000,0.0500000000,0.3653997617,0.0846002383,150.0000000000,0.1500000000,1500,1.0000000000,10000.0000000000,3.0000000000,0.5000000000,7569,7569,7790,7790,-143057.7578426687,19.3642821364,19.3642821364,0,460481,0,0.0000000000,3.8343046630
4,rr_dec,0.5000000000,0.0500000000,0.3627069933,0.0872930067,150.0000000000,0.1500000000,1500,1.0000000000,10000.0000000000,3.0000000000,0.5000000000,7569,7569,7790,7790,88057.3046836627,10.3038902033,10.3038902033,0,461325,0,0.0000000000,3.7957367620
0,rr_dec,0.5000000000,0.0500000000,0.3712254748,0.0787745252,150.0000000000,0.1800000000,1800,1.0000000000,10000.0000000000,3.0000000000,0.5000000000,7569,7569,7790,7790,424057.6419549221,53.4361542946,53.4361542946,0,660132,0,0.0000000000,3.7993668620
1,rr_dec,0.5000000000,0.0500000000,0.3658954251,0.0841045749,150.0000000000,0.1800000000,1800,1.0000000000,10000.0000000000,3.0000000000,0.5000000000,7569,7569,7790,7790,-476019.8718608189,62.1065304058,62.1065304058,0,663735,0,0.0000000000,3.7116949610
2,rr_dec,0.5000000000,0.0500000000,0.3689305929,0.0810694071,150.0000000000,0.1800000000,1800,1.0000000000,10000.0000000000,3.0000000000,0.5000000000,7569,7569,7790,7790,208083.9723947081,25.7116780994,25.7116780994,0,661425,0,0.0000000000,3.7646994620
3,rr_dec,0.5000000000,0.0500000000,0.3653997617,0.0846002383,150.0000000000,0.1800000000,1800,1.0000000000,10000.0000000000,3.0000000000,0.5000000000,7569,7569,7790,7790,-118892.6703612294,16.2622169912,16.2622169912,0,663622,0,0.0000000000,3.9078057650
4,rr_dec,0.5000000000,0.0500000000,0.3627069933,0.0872930067,150.0000000000,0.1800000000,1800,1.0000000000,10000.0000000000,3.0000000000,0.5000000000,7569,7569,7790,7790,61424.2590336117,6.8850139966,6.8850139966,0,664248,0,0.0000000000,3.9926143650
0,rr_dec,0.5000000000,0.0500000000,0.3712254748,0.0787745252,150.0000000000,0.2000000000,2000,1.0000000000,10000.0000000000,3.0000000000,0.5000000000,7569,7569,7790,7790,451624.2682244827,56.9748739698,56.9748739698,0,815467,0,0.0000000000,3.9494287650
1,rr_dec,0.5000000000,0.0500000000,0.3658954251,0.0841045749,150.0000000000,0.2000000000,2000,1.0000000000,10000.0000000000,3.0000000000,0.5000000000,7569,7569,7790,7790,-726526.2021541531,94.2639540634,94.2639540634,0,819106,0,0.0000000000,3.9740637650
2,rr_dec,0.5000000000,0.0500000000,0.3689305929,0.0810694071,150.0000000000,0.2000000000,2000,1.0000000000,10000.0000000000,3.0000000000,0.5000000000,7569,7569,7790,7790,79242.7815715239,9.1723724739,9.1723724739,0,816835,0,0.0000000000,3.8955506640
3,rr_dec,0.5000000000,0.0500000000,0.3653997617,0.0846002383,150.0000000000,0.2000000000,2000,1.0000000000,10000.0000000000,3.0000000000,0.5000000000,7569,7569,7790,7790,-77250.4569760437,10.9166183538,10.9166183538,0,819138,0,0.0000000000,3.8832652630
4,rr_dec,0.5000000000,0.0500000000,0.3627069933,0.0872930067,150.0000000000,0.2000000000,2000,1.0000000000,10000.0000000000,3.0000000000,0.5000000000,7569,7569,7790,7790,-63211.4979588652,9.1144413298,9.1144413298,0,819909,0,0.0000000000,4.0728202670
0,lap_fixed_inc,0.5000000000,0.0500000000,0.3712254748,0.0787745252,150.0000000000,0.0300000000,300,1.0000000000,10000.0000000000,3.0000000000,0.5000000000,7569,7569,7790,7790,1134814.1782558106,144.6757610084,144.6757610084,0,0,300,3000000.0000000000,3.5130204570
1,lap_fixed_inc,0.5000000000,0.0500000000,0.3658954251,0.0841045749,150.0000000000,0.0300000000,300,1.0000000000,10000.0000000000,3.0000000000,0.5000000000,7569,7569,7790,7790,291062.3026761446,36.3635818583,36.3635818583,0,0,300,3000000.0000000000,4.6643858770
2,lap_fixed_inc,0.5000000000,0.0500000000,0.3689305929,0.0810694071,150.0000000000,0.0300000000,300,1.0000000000,10000.0000000000,3.0000000000,0.5000000000,7569,7569,7790,7790,1533227.5113890029,195.8199629511,195.8199629511,0,0,300,3000000.0000000000,3.6623729600
3,lap_fixed_inc,0.5000000000,0.0500000000,0.3653997617,0.0846002383,150.0000000000,0.0300000000,300,1.0000000000,10000.0000000000,3.0000000000,0.5000000000,7569,7569,7790,7790,451726.4405402506,56.9879897998,56.9879897998,0,0,300,3000000.0000000000,3.4690884570
4,lap_fixed_inc,0.5000000000,0.0500000000,0.3627069933,0.0872930067,150.0000000000,0.0300000000,300,1.0000000000,10000.0000000000,3.0000000000,0.5000000000,7569,7569,7790,7790,885039.3250214771,112.6122368449,112.6122368449,0,0,300,3000000.0000000000,3.5707711590
0,lap_fixed_inc,0.5000000000,0.0500000000,0.3712254748,0.0787745252,150.0000000000,0.0500000000,500,1.0000000000,10000.0000000000,3.0000000000,0.5000000000,7569,7569,7790,7790,1816904.5167264396,232.2354963705,232.2354963705,0,0,500,5000000.0000000000,3.5202008570
1,lap_fixed_inc,0.5000000000,0.0500000000,0.3658954251,0.0841045749,150.0000000000,0.0500000000,500,1.0000000000,10000.0000000000,3.0000000000,0.5000000000,7569,7569,7790,7790,960837.5928854878,122.3424381111,122.3424381111,0,0,500,5000000.0000000000,3.4442140570
2,lap_fixed_inc,0.5000000000,0.0500000000,0.3689305929,0.0810694071,150.0000000000,0.0500000000,500,1.0000000000,10000.0000000000,3.0000000000,0.5000000000,7569,7569,7790,7790,2086891.9591357119,266.8937046387,266.8937046387,0,0,500,5000000.0000000000,3.4548471570
3,lap_fixed_inc,0.5000000000,0.0500000000,0.3653997617,0.0846002383,150.0000000000,0.0500000000,500,1.0000000000,10000.0000000000,3.0000000000,0.5000000000,7569,7569,7790,7790,941492.4068032907,119.8591022854,119.8591022854,0,0,500,5000000.0000000000,3.4744353570
4,lap_fixed_inc,0.5000000000,0.0500000000,0.3627069933,0.0872930067,150.0000000000,0.0500000000,500,1.0000000000,10000.0000000000,3.0000000000,0.5000000000,7569,7569,7790,7790,1503673.9371550605,192.0261793524,192.0261793524,0,0,500,5000000.0000000000,3.5958446590
0,lap_fixed_inc,0.5000000000,0.0500000000,0.3712254748,0.0787745252,150.0000000000,0.0800000000,800,1.0000000000,10000.0000000000,3.0000000000,0.5000000000,7569,7569,7790,7790,2830335.9327858426,362.3293880341,362.3293880341,0,0,800,8000000.0000000000,3.5658086580
1,lap_fixed_inc,0.5000000000,0.0500000000,0.3658954251,0.0841045749,150.0000000000,0.0800000000,800,1.0000000000,10000.0000000000,3.0000000000,0.5000000000,7569,7569,7790,7790,2059890.0763379133,263.4274809163,263.4274809163,0,0,800,8000000.0000000000,3.6234393590
2,lap_fixed_inc,0.5000000000,0.0500000000,0.3689305929,0.0810694071,150.0000000000,0.0800000000,800,1.0000000000,10000.0000000000,3.0000000000,0.5000000000,7569,7569,7790,7790,3140269.9708945616,402.1155289980,402.1155289980,0,0,800,8000000.0000000000,3.7501736610
3,lap_fixed_inc,0.5000000000,0.0500000000,0.3653997617,0.0846002383,150.0000000000,0.0800000000,800,1.0000000000,10000.0000000000,3.0000000000,0.5000000000,7569,7569,7790,7790,1895759.9695793965,242.3581475712,242.3581475712,0,0,800,8000000.0000000000,3.5399685580
4,lap_fixed_inc,0.5000000000,0.0500000000,0.3627069933,0.0872930067,150.0000000000,0.0800000000,800,1.0000000000,10000.0000000000,3.0000000000,0.5000000000,7569,7569,7790,7790,2595197.7599753025,332.1447702151,332.1447702151,0,0,800,8000000.0000000000,3.5500158580
0,lap_fixed_inc,0.5000000000,0.0500000000,0.3712254748,0.0787745252,150.0000000000,0.1000000000,1000,1.0000000000,10000.0000000000,3.0000000000,0.5000000000,7569,7569,7790,7790,3623262.0382516161,464.1170780811,464.1170780811,0,0,1000,10000000.0000000000,3.5609033580
1,lap_fixed_inc,0.5000000000,0.0500000000,0.3658954251,0.0841045749,150.0000000000,0.1000000000,1000,1.0000000000,10000.0000000000,3.0000000000,0.5000000000,7569,7569,7790,7790,2672347.3248019093,342.0484370734,342.0484370734,0,0,1000,10000000.0000000000,3.5583324580
2,lap_fixed_inc,0.5000000000,0.0500000000,0.3689305929,0.0810694071,150.0000000000,0.1000000000,1000,1.0000000000,10000.0000000000,3.0000000000,0.5000000000,7569,7569,7790,7790,3688718.9026798704,472.5197564416,472.5197564416,0,0,1000,10000000.0000000000,3.6123535580
3,lap_fixed_inc,0.5000000000,0.0500000000,0.3653997617,0.0846002383,150.0000000000,0.1000000000,1000,1.0000000000,10000.0000000000,3.0000000000,0.5000000000,7569,7569,7790,7790,2619525.8111549970,335.2677549621,335.2677549621,0,0,1000,10000000.0000000000,3.6175733590
4,lap_fixed_inc,0.5000000000,0.0500000000,0.3627069933,0.0872930067,150.0000000000,0.1000000000,1000,1.0000000000,10000.0000000000,3.0000000000,0.5000000000,7569,7569,7790,7790,3389405.7700694143,434.0970179807,434.0970179807,0,0,1000,10000000.0000000000,3.6158967590
0,lap_fixed_inc,0.5000000000,0.0500000000,0.3712254748,0.0787745252,150.0000000000,0.1300000000,1300,1.0000000000,10000.0000000000,3.0000000000,0.5000000000,7569,7569,7790,7790,4328453.5533041293,554.6423046604,554.6423046604,0,0,1300,13000000.0000000000,3.5369925580
1,lap_fixed_inc,0.5000000000,0.0500000000,0.3658954251,0.0841045749,150.0000000000,0.1300000000,1300,1.0000000000,10000.0000000000,3.0000000000,0.5000000000,7569,7569,7790,7790,3741451.1846276619,479.2889839060,479.2889839060,0,0,1300,13000000.0000000000,3.6031334590
2,lap_fixed_inc,0.5000000000,0.0500000000,0.3689305929,0.0810694071,150.0000000000,0.1300000000,1300,1.0000000000,10000.0000000000,3.0000000000,0.5000000000,7569,7569,7790,7790,4823218.1963010132,618.1550958024,618.1550958024,0,0,1300,13000000.0000000000,3.5458123580
3,lap_fixed_inc,0.5000000000,0.0500000000,0.3653997617,0.0846002383,150.0000000000,0.1300000000,1300,1.0000000000,10000.0000000000,3.0000000000,0.5000000000,7569,7569,7790,7790,3764692.2465538788,482.2724321635,482.2724321635,0,0,1300,13000000.0000000000,3.5997694590
4,lap_fixed_inc,0.5000000000,0.0500000000,0.3627069933,0.0872930067,150.0000000000,0.1300000000,1300,1.0000000000,10000.0000000000,3.0000000000,0.5000000000,7569,7569,7790,7790,4356216.6161232265,558.2062408374,558.2062408374,0,0,1300,13000000.0000000000,3.6111231600
0,lap_fixed_inc,0.5000000000,0.0500000000,0.3712254748,0.0787745252,150.0000000000,0.1500000000,1500,1.0000000000,10000.0000000000,3.0000000000,0.5000000000,7569,7569,7790,7790,5349224.6811488615,685.6783929588,685.6783929588,0,0,1500,15000000.0000000000,3.5372287580
1,lap_fixed_inc,0.5000000000,0.0500000000,0.3658954251,0.0841045749,150.0000000000,0.1500000000,1500,1.0000000000,10000.0000000000,3.0000000000,0.5000000000,7569,7569,7790,7790,4394864.9011698933,563.1675097779,563.1675097779,0,0,1500,15000000.0000000000,3.5111596570
2,lap_fixed_inc,0.5000000000,0.0500000000,0.3689305929,0.0810694071,150.0000000000,0.1500000000,1500,1.0000000000,10000.0000000000,3.0000000000,0.5000000000,7569,7569,7790,7790,5421243.6448492045,694.9234460654,694.9234460654,0,0,1500,15000000.0000000000,3.5659380580
3,lap_fixed_inc,0.5000000000,0.0500000000,0.3653997617,0.0846002383,150.0000000000,0.1500000000,1500,1.0000000000,10000.0000000000,3.0000000000,0.5000000000,7569,7569,7790,7790,4548114.6408695010,582.8401336161,582.8401336161,0,0,1500,15000000.0000000000,3.6143462590
4,lap_fixed_inc,0.5000000000,0.0500000000,0.3627069933,0.0872930067,150.0000000000,0.1500000000,1500,1.0000000000,10000.0000000000,3.0000000000,0.5000000000,7569,7569,7790,7790,4950436.2402846469,634.4860385475,634.4860385475,0,0,1500,15000000.0000000000,3.5376959580
0,lap_fixed_inc,0.5000000000,0.0500000000,0.3712254748,0.0787745252,150.0000000000,0.1800000000,1800,1.0000000000,10000.0000000000,3.0000000000,0.5000000000,7569,7569,7790,7790,6287988.9714593971,806.1872877355,806.1872877355,0,0,1800,18000000.0000000000,3.5899688590
1,lap_fixed_inc,0.5000000000,0.0500000000,0.3658954251,0.0841045749,150.0000000000,0.1800000000,1800,1.0000000000,10000.0000000000,3.0000000000,0.5000000000,7569,7569,7790,7790,5318905.8655332867,681.7863755498,681.7863755498,0,0,1800,18000000.0000000000,3.7667891620
2,lap_fixed_inc,0.5000000000,0.0500000000,0.3689305929,0.0810694071,150.0000000000,0.1800000000,1800,1.0000000000,10000.0000000000,3.0000000000,0.5000000000,7569,7569,7790,7790,6236885.2755481219,799.6271213797,799.6271213797,0,0,1800,18000000.0000000000,3.5346592580
3,lap_fixed_inc,0.5000000000,0.0500000000,0.3653997617,0.0846002383,150.0000000000,0.1800000000,1800,1.0000000000,10000.0000000000,3.0000000000,0.5000000000,7569,7569,7790,7790,5612279.7534269271,719.4466949200,719.4466949200,0,0,1800,18000000.0000000000,3.5414555580
4,lap_fixed_inc,0.5000000000,0.0500000000,0.3627069933,0.0872930067,150.0000000000,0.1800000000,1800,1.0000000000,10000.0000000000,3.0000000000,0.5000000000,7569,7569,7790,7790,6108017.0661070868,783.0843473822,783.0843473822,0,0,1800,18000000.0000000000,3.5818377580
0,lap_fixed_inc,0.5000000000,0.0500000000,0.3712254748,0.0787745252,150.0000000000,0.2000000000,2000,1.0000000000,10000.0000000000,3.0000000000,0.5000000000,7569,7569,7790,7790,6583660.8162344797,844.1425951521,844.1425951521,0,0,2000,20000000.0000000000,3.5189125570
1,lap_fixed_inc,0.5000000000,0.0500000000,0.3658954251,0.0841045749,150.0000000000,0.2000000000,2000,1.0000000000,10000.0000000000,3.0000000000,0.5000000000,7569,7569,7790,7790,6240143.3519611144,800.0453596869,800.0453596869,0,0,2000,20000000.0000000000,3.5424013570
2,lap_fixed_inc,0.5000000000,0.0500000000,0.3689305929,0.0810694071,150.0000000000,0.2000000000,2000,1.0000000000,10000.0000000000,3.0000000000,0.5000000000,7569,7569,7790,7790,6994788.9591054395,896.9189934667,896.9189934667,0,0,2000,20000000.0000000000,3.5591322590
3,lap_fixed_inc,0.5000000000,0.0500000000,0.3653997617,0.0846002383,150.0000000000,0.2000000000,2000,1.0000000000,10000.0000000000,3.0000000000,0.5000000000,7569,7569,7790,7790,6169902.2719896771,791.0285329897,791.0285329897,0,0,2000,20000000.0000000000,3.5235168570
4,lap_fixed_inc,0.5000000000,0.0500000000,0.3627069933,0.0872930067,150.0000000000,0.2000000000,2000,1.0000000000,10000.0000000000,3.0000000000,0.5000000000,7569,7569,7790,7790,6628782.3748861784,849.9348363140,849.9348363140,0,0,2000,20000000.0000000000,3.5145422580
0,lap_fixed_dec,0.5000000000,0.0500000000,0.3712254748,0.0787745252,150.0000000000,0.0300000000,300,1.0000000000,10000.0000000000,3.0000000000,0.5000000000,7569,7569,7790,7790,-865185.8217441885,112.0636484909,112.0636484909,0,0,300,-3000000.0000000000,3.6613193600
1,lap_fixed_dec,0.5000000000,0.0500000000,0.3658954251,0.0841045749,150.0000000000,0.0300000000,300,1.0000000000,10000.0000000000,3.0000000000,0.5000000000,7569,7569,7790,7790,-1708937.6973238571,220.3758276411,220.3758276411,0,0,300,-3000000.0000000000,3.7151455620
2,lap_fixed_dec,0.5000000000,0.0500000000,0.3689305929,0.0810694071,150.0000000000,0.0300000000,300,1.0000000000,10000.0000000000,3.0000000000,0.5000000000,7569,7569,7790,7790,-466772.4886109916,60.9194465483,60.9194465483,0,0,300,-3000000.0000000000,3.5672625590
3,lap_fixed_dec,0.5000000000,0.0500000000,0.3653997617,0.0846002383,150.0000000000,0.0300000000,300,1.0000000000,10000.0000000000,3.0000000000,0.5000000000,7569,7569,7790,7790,-1548273.5594597578,199.7514196996,199.7514196996,0,0,300,-3000000.0000000000,3.5298508580
4,lap_fixed_dec,0.5000000000,0.0500000000,0.3627069933,0.0872930067,150.0000000000,0.0300000000,300,1.0000000000,10000.0000000000,3.0000000000,0.5000000000,7569,7569,7790,7790,-1114960.6749785226,144.1271726545,144.1271726545,0,0,300,-3000000.0000000000,3.5601793590
0,lap_fixed_dec,0.5000000000,0.0500000000,0.3712254748,0.0787745252,150.0000000000,0.0500000000,500,1.0000000000,10000.0000000000,3.0000000000,0.5000000000,7569,7569,7790,7790,-1516428.8166068932,195.6635194617,195.6635194617,0,0,500,-5000000.0000000000,3.6007086590
1,lap_fixed_dec,0.5000000000,0.0500000000,0.3658954251,0.0841045749,150.0000000000,0.0500000000,500,1.0000000000,10000.0000000000,3.0000000000,0.5000000000,7569,7569,7790,7790,-2372495.7404478500,305.5565777212,305.5565777212,0,0,500,-5000000.0000000000,3.5908965590
2,lap_fixed_dec,0.5000000000,0.0500000000,0.3689305929,0.0810694071,150.0000000000,0.0500000000,500,1.0000000000,10000.0000000000,3.0000000000,0.5000000000,7569,7569,7790,7790,-1246441.3741976125,161.0053111935,161.0053111935,0,0,500,-5000000.0000000000,3.5705564580
3,lap_fixed_dec,0.5000000000,0.0500000000,0.3653997617,0.0846002383,150.0000000000,0.0500000000,500,1.0000000000,10000.0000000000,3.0000000000,0.5000000000,7569,7569,7790,7790,-2391840.9265300399,308.0399135469,308.0399135469,0,0,500,-5000000.0000000000,3.6803884610
4,lap_fixed_dec,0.5000000000,0.0500000000,0.3627069933,0.0872930067,150.0000000000,0.0500000000,500,1.0000000000,10000.0000000000,3.0000000000,0.5000000000,7569,7569,7790,7790,-1829659.3961782770,235.8728364799,235.8728364799,0,0,500,-5000000.0000000000,3.5392720570
0,lap_fixed_dec,0.5000000000,0.0500000000,0.3712254748,0.0787745252,150.0000000000,0.0800000000,800,1.0000000000,10000.0000000000,3.0000000000,0.5000000000,7569,7569,7790,7790,-2502997.4005474853,322.3090372975,322.3090372975,0,0,800,-8000000.0000000000,3.5609079580
1,lap_fixed_dec,0.5000000000,0.0500000000,0.3658954251,0.0841045749,150.0000000000,0.0800000000,800,1.0000000000,10000.0000000000,3.0000000000,0.5000000000,7569,7569,7790,7790,-3273443.2569954116,421.2109444153,421.2109444153,0,0,800,-8000000.0000000000,3.6269920600
2,lap_fixed_dec,0.5000000000,0.0500000000,0.3689305929,0.0810694071,150.0000000000,0.0800000000,800,1.0000000000,10000.0000000000,3.0000000000,0.5000000000,7569,7569,7790,7790,-2193063.3624387863,282.5228963336,282.5228963336,0,0,800,-8000000.0000000000,3.6375122600
3,lap_fixed_dec,0.5000000000,0.0500000000,0.3653997617,0.0846002383,150.0000000000,0.0800000000,800,1.0000000000,10000.0000000000,3.0000000000,0.5000000000,7569,7569,7790,7790,-3437573.3637539125,442.2802777605,442.2802777605,0,0,800,-8000000.0000000000,3.5880863580
4,lap_fixed_dec,0.5000000000,0.0500000000,0.3627069933,0.0872930067,150.0000000000,0.0800000000,800,1.0000000000,10000.0000000000,3.0000000000,0.5000000000,7569,7569,7790,7790,-2738135.5733580315,352.4936551166,352.4936551166,0,0,800,-8000000.0000000000,3.6039690590
0,lap_fixed_dec,0.5000000000,0.0500000000,0.3712254748,0.0787745252,150.0000000000,0.1000000000,1000,1.0000000000,10000.0000000000,3.0000000000,0.5000000000,7569,7569,7790,7790,-3043404.6284150616,391.6809535834,391.6809535834,0,0,1000,-10000000.0000000000,3.5592926580
1,lap_fixed_dec,0.5000000000,0.0500000000,0.3658954251,0.0841045749,150.0000000000,0.1000000000,1000,1.0000000000,10000.0000000000,3.0000000000,0.5000000000,7569,7569,7790,7790,-3994319.3418647558,513.7495945911,513.7495945911,0,0,1000,-10000000.0000000000,3.5936501590
2,lap_fixed_dec,0.5000000000,0.0500000000,0.3689305929,0.0810694071,150.0000000000,0.1000000000,1000,1.0000000000,10000.0000000000,3.0000000000,0.5000000000,7569,7569,7790,7790,-2977947.7639867826,383.2782752230,383.2782752230,0,0,1000,-10000000.0000000000,3.5960538590
3,lap_fixed_dec,0.5000000000,0.0500000000,0.3653997617,0.0846002383,150.0000000000,0.1000000000,1000,1.0000000000,10000.0000000000,3.0000000000,0.5000000000,7569,7569,7790,7790,-4047140.8555116584,520.5302767024,520.5302767024,0,0,1000,-10000000.0000000000,3.5655584580
4,lap_fixed_dec,0.5000000000,0.0500000000,0.3627069933,0.0872930067,150.0000000000,0.1000000000,1000,1.0000000000,10000.0000000000,3.0000000000,0.5000000000,7569,7569,7790,7790,-3277260.8965972583,421.7010136839,421.7010136839,0,0,1000,-10000000.0000000000,3.6195436600
0,lap_fixed_dec,0.5000000000,0.0500000000,0.3712254748,0.0787745252,150.0000000000,0.1300000000,1300,1.0000000000,10000.0000000000,3.0000000000,0.5000000000,7569,7569,7790,7790,-4338213.1133625405,557.8951365035,557.8951365035,0,0,1300,-13000000.0000000000,3.5749874580
1,lap_fixed_dec,0.5000000000,0.0500000000,0.3658954251,0.0841045749,150.0000000000,0.1300000000,1300,1.0000000000,10000.0000000000,3.0000000000,0.5000000000,7569,7569,7790,7790,-4925215.4820390195,633.2484572579,633.2484572579,0,0,1300,-13000000.0000000000,3.5435252580
2,lap_fixed_dec,0.5000000000,0.0500000000,0.3689305929,0.0810694071,150.0000000000,0.1300000000,1300,1.0000000000,10000.0000000000,3.0000000000,0.5000000000,7569,7569,7790,7790,-3843448.4703656510,494.3823453614,494.3823453614,0,0,1300,-13000000.0000000000,3.5299134570
3,lap_fixed_dec,0.5000000000,0.0500000000,0.3653997617,0.0846002383,150.0000000000,0.1300000000,1300,1.0000000000,10000.0000000000,3.0000000000,0.5000000000,7569,7569,7790,7790,-4901974.4201127775,630.2650090004,630.2650090004,0,0,1300,-13000000.0000000000,3.5905529590
4,lap_fixed_dec,0.5000000000,0.0500000000,0.3627069933,0.0872930067,150.0000000000,0.1300000000,1300,1.0000000000,10000.0000000000,3.0000000000,0.5000000000,7569,7569,7790,7790,-4310450.0505434452,554.3312003265,554.3312003265,0,0,1300,-13000000.0000000000,3.5312724580
0,lap_fixed_dec,0.5000000000,0.0500000000,0.3712254748,0.0787745252,150.0000000000,0.1500000000,1500,1.0000000000,10000.0000000000,3.0000000000,0.5000000000,7569,7569,7790,7790,-4650775.3188511385,598.0186545380,598.0186545380,0,0,1500,-15000000.0000000000,3.4643518570
1,lap_fixed_dec,0.5000000000,0.0500000000,0.3658954251,0.0841045749,150.0000000000,0.1500000000,1500,1.0000000000,10000.0000000000,3.0000000000,0.5000000000,7569,7569,7790,7790,-5605135.0988300815,720.5295377189,720.5295377189,0,0,1500,-15000000.0000000000,3.4776396570
2,lap_fixed_dec,0.5000000000,0.0500000000,0.3689305929,0.0810694071,150.0000000000,0.1500000000,1500,1.0000000000,10000.0000000000,3.0000000000,0.5000000000,7569,7569,7790,7790,-4578756.3551507862,588.7736014314,588.7736014314,0,0,1500,-15000000.0000000000,3.4428338560
3,lap_fixed_dec,0.5000000000,0.0500000000,0.3653997617,0.0846002383,150.0000000000,0.1500000000,1500,1.0000000000,10000.0000000000,3.0000000000,0.5000000000,7569,7569,7790,7790,-5451885.3591304915,700.8569138807,700.8569138807,0,0,1500,-15000000.0000000000,3.5431532580
4,lap_fixed_dec,0.5000000000,0.0500000000,0.3627069933,0.0872930067,150.0000000000,0.1500000000,1500,1.0000000000,10000.0000000000,3.0000000000,0.5000000000,7569,7569,7790,7790,-5049563.7597153531,649.2110089493,649.2110089493,0,0,1500,-15000000.0000000000,3.6023680590
0,lap_fixed_dec,0.5000000000,0.0500000000,0.3712254748,0.0787745252,150.0000000000,0.1800000000,1800,1.0000000000,10000.0000000000,3.0000000000,0.5000000000,7569,7569,7790,7790,-5712011.0285406047,734.2491692607,734.2491692607,0,0,1800,-18000000.0000000000,3.5332486580
1,lap_fixed_dec,0.5000000000,0.0500000000,0.3658954251,0.0841045749,150.0000000000,0.1800000000,1800,1.0000000000,10000.0000000000,3.0000000000,0.5000000000,7569,7569,7790,7790,-6681094.1344667049,858.6500814463,858.6500814463,0,0,1800,-18000000.0000000000,3.5087209570
2,lap_fixed_dec,0.5000000000,0.0500000000,0.3689305929,0.0810694071,150.0000000000,0.1800000000,1800,1.0000000000,10000.0000000000,3.0000000000,0.5000000000,7569,7569,7790,7790,-5763114.7244518837,740.8093356164,740.8093356164,0,0,1800,-18000000.0000000000,3.5362475570
3,lap_fixed_dec,0.5000000000,0.0500000000,0.3653997617,0.0846002383,150.0000000000,0.1800000000,1800,1.0000000000,10000.0000000000,3.0000000000,0.5000000000,7569,7569,7790,7790,-6387720.2465730570,820.9897620761,820.9897620761,0,0,1800,-18000000.0000000000,3.5495753590
4,lap_fixed_dec,0.5000000000,0.0500000000,0.3627069933,0.0872930067,150.0000000000,0.1800000000,1800,1.0000000000,10000.0000000000,3.0000000000,0.5000000000,7569,7569,7790,7790,-5891982.9338929020,757.3521096140,757.3521096140,0,0,1800,-18000000.0000000000,3.5222310580
0,lap_fixed_dec,0.5000000000,0.0500000000,0.3712254748,0.0787745252,150.0000000000,0.2000000000,2000,1.0000000000,10000.0000000000,3.0000000000,0.5000000000,7569,7569,7790,7790,-6749672.5170988506,867.4534681770,867.4534681770,0,0,2000,-20000000.0000000000,3.6579649600
1,lap_fixed_dec,0.5000000000,0.0500000000,0.3658954251,0.0841045749,150.0000000000,0.2000000000,2000,1.0000000000,10000.0000000000,3.0000000000,0.5000000000,7569,7569,7790,7790,-7093189.9813722400,911.5507036421,911.5507036421,0,0,2000,-20000000.0000000000,3.6592044600
2,lap_fixed_dec,0.5000000000,0.0500000000,0.3689305929,0.0810694071,150.0000000000,0.2000000000,2000,1.0000000000,10000.0000000000,3.0000000000,0.5000000000,7569,7569,7790,7790,-6338544.3742278973,814.6770698624,814.6770698624,0,0,2000,-20000000.0000000000,3.6627218590
3,lap_fixed_dec,0.5000000000,0.0500000000,0.3653997617,0.0846002383,150.0000000000,0.2000000000,2000,1.0000000000,10000.0000000000,3.0000000000,0.5000000000,7569,7569,7790,7790,-7163431.0613436298,920.5675303394,920.5675303394,0,0,2000,-20000000.0000000000,3.5528571590
4,lap_fixed_dec,0.5000000000,0.0500000000,0.3627069933,0.0872930067,150.0000000000,0.2000000000,2000,1.0000000000,10000.0000000000,3.0000000000,0.5000000000,7569,7569,7790,7790,-6704550.9584471621,861.6612270150,861.6612270150,0,0,2000,-20000000.0000000000,3.5407710580
0,lap_scale_inc,0.5000000000,0.0500000000,0.3712254748,0.0787745252,150.0000000000,0.0300000000,300,1.0000000000,10000.0000000000,3.0000000000,0.5000000000,7569,7569,7790,7790,2008051.2697353724,256.7729486181,256.7729486181,0,0,300,5619711.2744386578,3.5845682580
1,lap_scale_inc,0.5000000000,0.0500000000,0.3658954251,0.0841045749,150.0000000000,0.0300000000,300,1.0000000000,10000.0000000000,3.0000000000,0.5000000000,7569,7569,7790,7790,1072336.6716249960,136.6555419288,136.6555419288,0,0,300,5343823.1068465440,3.5810170590
2,lap_scale_inc,0.5000000000,0.0500000000,0.3689305929,0.0810694071,150.0000000000,0.0300000000,300,1.0000000000,10000.0000000000,3.0000000000,0.5000000000,7569,7569,7790,7790,2355824.2912304914,301.4164687074,301.4164687074,0,0,300,5467790.3395244600,3.6166672590
3,lap_scale_inc,0.5000000000,0.0500000000,0.3653997617,0.0846002383,150.0000000000,0.0300000000,300,1.0000000000,10000.0000000000,3.0000000000,0.5000000000,7569,7569,7790,7790,1204263.2617027576,153.5909193457,153.5909193457,0,0,300,5257610.4634875385,3.6494101600
4,lap_scale_inc,0.5000000000,0.0500000000,0.3627069933,0.0872930067,150.0000000000,0.0300000000,300,1.0000000000,10000.0000000000,3.0000000000,0.5000000000,7569,7569,7790,7790,1621483.4709042206,207.1493544165,207.1493544165,0,0,300,5209332.4376482107,3.6982974600
0,lap_scale_inc,0.5000000000,0.0500000000,0.3712254748,0.0787745252,150.0000000000,0.0500000000,500,1.0000000000,10000.0000000000,3.0000000000,0.5000000000,7569,7569,7790,7790,3282718.0952411997,420.4015526625,420.4015526625,0,0,500,9397440.7355442792,3.4750404570
1,lap_scale_inc,0.5000000000,0.0500000000,0.3658954251,0.0841045749,150.0000000000,0.0500000000,500,1.0000000000,10000.0000000000,3.0000000000,0.5000000000,7569,7569,7790,7790,2238937.7044299468,286.4117720706,286.4117720706,0,0,500,8834300.3346333690,3.5904094590
2,lap_scale_inc,0.5000000000,0.0500000000,0.3689305929,0.0810694071,150.0000000000,0.0500000000,500,1.0000000000,10000.0000000000,3.0000000000,0.5000000000,7569,7569,7790,7790,3443057.0977345421,440.9842230725,440.9842230725,0,0,500,9068495.4157964624,3.4845251570
3,lap_scale_inc,0.5000000000,0.0500000000,0.3653997617,0.0846002383,150.0000000000,0.0500000000,500,1.0000000000,10000.0000000000,3.0000000000,0.5000000000,7569,7569,7790,7790,2184991.8274928802,279.4867557757,279.4867557757,0,0,500,8730498.2620687615,3.5490716580
4,lap_scale_inc,0.5000000000,0.0500000000,0.3627069933,0.0872930067,150.0000000000,0.0500000000,500,1.0000000000,10000.0000000000,3.0000000000,0.5000000000,7569,7569,7790,7790,2717657.5383646735,347.8648958106,347.8648958106,0,0,500,8641950.8036288880,3.5994509590
0,lap_scale_inc,0.5000000000,0.0500000000,0.3712254748,0.0787745252,150.0000000000,0.0800000000,800,1.0000000000,10000.0000000000,3.0000000000,0.5000000000,7569,7569,7790,7790,5179661.0555432392,663.9115604035,663.9115604035,0,0,800,15047975.3682722300,3.5249235580
1,lap_scale_inc,0.5000000000,0.0500000000,0.3658954251,0.0841045749,150.0000000000,0.0800000000,800,1.0000000000,10000.0000000000,3.0000000000,0.5000000000,7569,7569,7790,7790,4082898.6059808414,523.1204885726,523.1204885726,0,0,800,14069025.5889286995,3.5349418580
2,lap_scale_inc,0.5000000000,0.0500000000,0.3689305929,0.0810694071,150.0000000000,0.0800000000,800,1.0000000000,10000.0000000000,3.0000000000,0.5000000000,7569,7569,7790,7790,5346634.1806847425,685.3458511790,685.3458511790,0,0,800,14619092.6293706037,3.5427657580
3,lap_scale_inc,0.5000000000,0.0500000000,0.3653997617,0.0846002383,150.0000000000,0.0800000000,800,1.0000000000,10000.0000000000,3.0000000000,0.5000000000,7569,7569,7790,7790,3910178.1841410236,500.9484190168,500.9484190168,0,0,800,14043254.6436848119,3.6005301580
4,lap_scale_inc,0.5000000000,0.0500000000,0.3627069933,0.0872930067,150.0000000000,0.0800000000,800,1.0000000000,10000.0000000000,3.0000000000,0.5000000000,7569,7569,7790,7790,4517249.6766026029,578.8780072661,578.8780072661,0,0,800,13766155.7498818655,3.5524493580
0,lap_scale_inc,0.5000000000,0.0500000000,0.3712254748,0.0787745252,150.0000000000,0.1000000000,1000,1.0000000000,10000.0000000000,3.0000000000,0.5000000000,7569,7569,7790,7790,6548901.2279553721,839.6805170674,839.6805170674,0,0,1000,18776917.5691112205,3.5150303580
1,lap_scale_inc,0.5000000000,0.0500000000,0.3658954251,0.0841045749,150.0000000000,0.1000000000,1000,1.0000000000,10000.0000000000,3.0000000000,0.5000000000,7569,7569,7790,7790,5209175.1945411945,667.7002817126,667.7002817126,0,0,1000,17610483.6092178784,3.5382197580
2,lap_scale_inc,0.5000000000,0.0500000000,0.3689305929,0.0810694071,150.0000000000,0.1000000000,1000,1.0000000000,10000.0000000000,3.0000000000,0.5000000000,7569,7569,7790,7790,6432732.2241117330,824.7679363430,824.7679363430,0,0,1000,18232039.9642955512,3.5185008580
3,lap_scale_inc,0.5000000000,0.0500000000,0.3653997617,0.0846002383,150.0000000000,0.1000000000,1000,1.0000000000,10000.0000000000,3.0000000000,0.5000000000,7569,7569,7790,7790,5112501.0976639036,655.2902564395,655.2902564395,0,0,1000,17478925.8595267124,3.5216252580
4,lap_scale_inc,0.5000000000,0.0500000000,0.3627069933,0.0872930067,150.0000000000,0.1000000000,1000,1.0000000000,10000.0000000000,3.0000000000,0.5000000000,7569,7569,7790,7790,5780280.3593462175,741.0128830996,741.0128830996,0,0,1000,17172623.7678303979,3.5601888580
0,lap_scale_inc,0.5000000000,0.0500000000,0.3712254748,0.0787745252,150.0000000000,0.1300000000,1300,1.0000000000,10000.0000000000,3.0000000000,0.5000000000,7569,7569,7790,7790,8118294.8555233004,1041.1431136744,1041.1431136744,0,0,1300,24369523.9066574238,3.4518181560
1,lap_scale_inc,0.5000000000,0.0500000000,0.3658954251,0.0841045749,150.0000000000,0.1300000000,1300,1.0000000000,10000.0000000000,3.0000000000,0.5000000000,7569,7569,7790,7790,7037069.1149600185,902.3464845905,902.3464845905,0,0,1300,22886853.7909971811,3.4733727570
2,lap_scale_inc,0.5000000000,0.0500000000,0.3689305929,0.0810694071,150.0000000000,0.1300000000,1300,1.0000000000,10000.0000000000,3.0000000000,0.5000000000,7569,7569,7790,7790,8353636.2946863649,1071.3538247351,1071.3538247351,0,0,1300,23591254.2951561548,3.5230598580
3,lap_scale_inc,0.5000000000,0.0500000000,0.3653997617,0.0846002383,150.0000000000,0.1300000000,1300,1.0000000000,10000.0000000000,3.0000000000,0.5000000000,7569,7569,7790,7790,6982145.6021152949,895.2959694628,895.2959694628,0,0,1300,22652360.0666841865,3.4673740570
4,lap_scale_inc,0.5000000000,0.0500000000,0.3627069933,0.0872930067,150.0000000000,0.1300000000,1300,1.0000000000,10000.0000000000,3.0000000000,0.5000000000,7569,7569,7790,7790,7453900.7811220959,955.8550425060,955.8550425060,0,0,1300,22293052.4949967004,3.4956396580
0,lap_scale_inc,0.5000000000,0.0500000000,0.3712254748,0.0787745252,150.0000000000,0.1500000000,1500,1.0000000000,10000.0000000000,3.0000000000,0.5000000000,7569,7569,7790,7790,9716028.7237471845,1246.2437386068,1246.2437386068,0,0,1500,28100412.1277949214,3.5234445580
1,lap_scale_inc,0.5000000000,0.0500000000,0.3658954251,0.0841045749,150.0000000000,0.1500000000,1500,1.0000000000,10000.0000000000,3.0000000000,0.5000000000,7569,7569,7790,7790,8221578.9430363970,1054.4016614938,1054.4016614938,0,0,1500,26480142.1255994141,3.6100126590
2,lap_scale_inc,0.5000000000,0.0500000000,0.3689305929,0.0810694071,150.0000000000,0.1500000000,1500,1.0000000000,10000.0000000000,3.0000000000,0.5000000000,7569,7569,7790,7790,9475976.4032171182,1215.4282930959,1215.4282930959,0,0,1500,27164198.2751036845,3.5068499570
3,lap_scale_inc,0.5000000000,0.0500000000,0.3653997617,0.0846002383,150.0000000000,0.1500000000,1500,1.0000000000,10000.0000000000,3.0000000000,0.5000000000,7569,7569,7790,7790,8274258.1050467491,1061.1640699675,1061.1640699675,0,0,1500,26178430.3925317302,3.5016878570
4,lap_scale_inc,0.5000000000,0.0500000000,0.3627069933,0.0872930067,150.0000000000,0.1500000000,1500,1.0000000000,10000.0000000000,3.0000000000,0.5000000000,7569,7569,7790,7790,8539216.4189878218,1095.1766904991,1095.1766904991,0,0,1500,25766340.5361095145,3.5505872580
0,lap_scale_inc,0.5000000000,0.0500000000,0.3712254748,0.0787745252,150.0000000000,0.1800000000,1800,1.0000000000,10000.0000000000,3.0000000000,0.5000000000,7569,7569,7790,7790,11554239.8856857251,1482.2143627324,1482.2143627324,0,0,1800,33798752.7426789850,3.5993867590
1,lap_scale_inc,0.5000000000,0.0500000000,0.3658954251,0.0841045749,150.0000000000,0.1800000000,1800,1.0000000000,10000.0000000000,3.0000000000,0.5000000000,7569,7569,7790,7790,9891503.1086277887,1268.7693335851,1268.7693335851,0,0,1800,31717791.7292835228,3.5758777590
2,lap_scale_inc,0.5000000000,0.0500000000,0.3689305929,0.0810694071,150.0000000000,0.1800000000,1800,1.0000000000,10000.0000000000,3.0000000000,0.5000000000,7569,7569,7790,7790,11123987.7662777156,1426.9830251961,1426.9830251961,0,0,1800,32661307.4721886627,3.5746230590
3,lap_scale_inc,0.5000000000,0.0500000000,0.3653997617,0.0846002383,150.0000000000,0.1800000000,1800,1.0000000000,10000.0000000000,3.0000000000,0.5000000000,7569,7569,7790,7790,10049896.1610369366,1289.1022029572,1289.1022029572,0,0,1800,31312849.2228299081,3.6595228600
4,lap_scale_inc,0.5000000000,0.0500000000,0.3627069933,0.0872930067,150.0000000000,0.1800000000,1800,1.0000000000,10000.0000000000,3.0000000000,0.5000000000,7569,7569,7790,7790,10411153.0908071212,1335.4766483706,1335.4766483706,0,0,1800,30909408.0741001219,3.9388287640
0,lap_scale_inc,0.5000000000,0.0500000000,0.3712254748,0.0787745252,150.0000000000,0.2000000000,2000,1.0000000000,10000.0000000000,3.0000000000,0.5000000000,7569,7569,7790,7790,12444004.3668623101,1596.4331664778,1596.4331664778,0,0,2000,37581030.6518834606,3.5410721580
1,lap_scale_inc,0.5000000000,0.0500000000,0.3658954251,0.0841045749,150.0000000000,0.2000000000,2000,1.0000000000,10000.0000000000,3.0000000000,0.5000000000,7569,7569,7790,7790,11310728.3901818320,1450.9548639515,1450.9548639515,0,0,2000,35211755.1146621034,3.4969658570
2,lap_scale_inc,0.5000000000,0.0500000000,0.3689305929,0.0810694071,150.0000000000,0.2000000000,2000,1.0000000000,10000.0000000000,3.0000000000,0.5000000000,7569,7569,7790,7790,12430069.0214864444,1594.6442903063,1594.6442903063,0,0,2000,36305840.1871429086,3.5057387580
3,lap_scale_inc,0.5000000000,0.0500000000,0.3653997617,0.0846002383,150.0000000000,0.2000000000,2000,1.0000000000,10000.0000000000,3.0000000000,0.5000000000,7569,7569,7790,7790,11114095.7751189601,1425.7131932117,1425.7131932117,0,0,2000,34832580.5093878359,3.6694338600
4,lap_scale_inc,0.5000000000,0.0500000000,0.3627069933,0.0872930067,150.0000000000,0.2000000000,2000,1.0000000000,10000.0000000000,3.0000000000,0.5000000000,7569,7569,7790,7790,11404124.7017104123,1462.9441208871,1462.9441208871,0,0,2000,34326026.9804729000,3.6029803590
0,lap_scale_dec,0.5000000000,0.0500000000,0.3712254748,0.0787745252,150.0000000000,0.0300000000,300,1.0000000000,10000.0000000000,3.0000000000,0.5000000000,7569,7569,7790,7790,-1738422.9132237304,224.1608361006,224.1608361006,0,0,300,-5619711.2744386578,3.4885163570
1,lap_scale_dec,0.5000000000,0.0500000000,0.3658954251,0.0841045749,150.0000000000,0.0300000000,300,1.0000000000,10000.0000000000,3.0000000000,0.5000000000,7569,7569,7790,7790,-2490212.0662727049,320.6677877115,320.6677877115,0,0,300,-5343823.1068465440,3.4796454570
2,lap_scale_dec,0.5000000000,0.0500000000,0.3689305929,0.0810694071,150.0000000000,0.0300000000,300,1.0000000000,10000.0000000000,3.0000000000,0.5000000000,7569,7569,7790,7790,-1289369.2684524863,166.5159523046,166.5159523046,0,0,300,-5467790.3395244600,3.5629465590
3,lap_scale_dec,0.5000000000,0.0500000000,0.3653997617,0.0846002383,150.0000000000,0.0300000000,300,1.0000000000,10000.0000000000,3.0000000000,0.5000000000,7569,7569,7790,7790,-2300810.3806222607,296.3543492455,296.3543492455,0,0,300,-5257610.4634875385,3.5151995570
4,lap_scale_dec,0.5000000000,0.0500000000,0.3627069933,0.0872930067,150.0000000000,0.0300000000,300,1.0000000000,10000.0000000000,3.0000000000,0.5000000000,7569,7569,7790,7790,-1851404.8208612509,238.6642902261,238.6642902261,0,0,300,-5209332.4376482107,3.5149114580
0,lap_scale_dec,0.5000000000,0.0500000000,0.3712254748,0.0787745252,150.0000000000,0.0500000000,500,1.0000000000,10000.0000000000,3.0000000000,0.5000000000,7569,7569,7790,7790,-2982242.3951216652,383.8295757537,383.8295757537,0,0,500,-9397440.7355442792,3.4805424570
1,lap_scale_dec,0.5000000000,0.0500000000,0.3658954251,0.0841045749,150.0000000000,0.0500000000,500,1.0000000000,10000.0000000000,3.0000000000,0.5000000000,7569,7569,7790,7790,-3650595.8519922979,469.6259116807,469.6259116807,0,0,500,-8834300.3346333690,3.4708598570
2,lap_scale_dec,0.5000000000,0.0500000000,0.3689305929,0.0810694071,150.0000000000,0.0500000000,500,1.0000000000,10000.0000000000,3.0000000000,0.5000000000,7569,7569,7790,7790,-2602606.5127964434,335.0958296273,335.0958296273,0,0,500,-9068495.4157964624,3.4527010560
3,lap_scale_dec,0.5000000000,0.0500000000,0.3653997617,0.0846002383,150.0000000000,0.0500000000,500,1.0000000000,10000.0000000000,3.0000000000,0.5000000000,7569,7569,7790,7790,-3635340.3472196287,467.6675670372,467.6675670372,0,0,500,-8730498.2620687615,3.4672802570
4,lap_scale_dec,0.5000000000,0.0500000000,0.3627069933,0.0872930067,150.0000000000,0.0500000000,500,1.0000000000,10000.0000000000,3.0000000000,0.5000000000,7569,7569,7790,7790,-3043642.9973879270,391.7115529381,391.7115529381,0,0,500,-8641950.8036288880,3.4613346560
0,lap_scale_dec,0.5000000000,0.0500000000,0.3712254748,0.0787745252,150.0000000000,0.0800000000,800,1.0000000000,10000.0000000000,3.0000000000,0.5000000000,7569,7569,7790,7790,-4852322.5233049002,623.8912096669,623.8912096669,0,0,800,-15047975.3682722300,3.3884829550
1,lap_scale_dec,0.5000000000,0.0500000000,0.3658954251,0.0841045749,150.0000000000,0.0800000000,800,1.0000000000,10000.0000000000,3.0000000000,0.5000000000,7569,7569,7790,7790,-5296451.7866383092,680.9039520717,680.9039520717,0,0,800,-14069025.5889286995,3.4493235560
2,lap_scale_dec,0.5000000000,0.0500000000,0.3689305929,0.0810694071,150.0000000000,0.0800000000,800,1.0000000000,10000.0000000000,3.0000000000,0.5000000000,7569,7569,7790,7790,-4399427.5722289709,565.7532185146,565.7532185146,0,0,800,-14619092.6293706037,3.4858571570
3,lap_scale_dec,0.5000000000,0.0500000000,0.3653997617,0.0846002383,150.0000000000,0.0800000000,800,1.0000000000,10000.0000000000,3.0000000000,0.5000000000,7569,7569,7790,7790,-5451991.5783155216,700.8705492061,700.8705492061,0,0,800,-14043254.6436848119,3.4334390560
4,lap_scale_dec,0.5000000000,0.0500000000,0.3627069933,0.0872930067,150.0000000000,0.0800000000,800,1.0000000000,10000.0000000000,3.0000000000,0.5000000000,7569,7569,7790,7790,-4660187.4899852946,599.2268921676,599.2268921676,0,0,800,-13766155.7498818655,3.4471089560
0,lap_scale_dec,0.5000000000,0.0500000000,0.3712254748,0.0787745252,150.0000000000,0.1000000000,1000,1.0000000000,10000.0000000000,3.0000000000,0.5000000000,7569,7569,7790,7790,-5969043.8181187687,767.2443925698,767.2443925698,0,0,1000,-18776917.5691112205,3.5188088570
1,lap_scale_dec,0.5000000000,0.0500000000,0.3658954251,0.0841045749,150.0000000000,0.1000000000,1000,1.0000000000,10000.0000000000,3.0000000000,0.5000000000,7569,7569,7790,7790,-6531147.2116040746,839.4014392303,839.4014392303,0,0,1000,-17610483.6092178784,3.5937321590
2,lap_scale_dec,0.5000000000,0.0500000000,0.3689305929,0.0810694071,150.0000000000,0.1000000000,1000,1.0000000000,10000.0000000000,3.0000000000,0.5000000000,7569,7569,7790,7790,-5721961.0854186341,735.5264551243,735.5264551243,0,0,1000,-18232039.9642955512,3.4536513570
3,lap_scale_dec,0.5000000000,0.0500000000,0.3653997617,0.0846002383,150.0000000000,0.1000000000,1000,1.0000000000,10000.0000000000,3.0000000000,0.5000000000,7569,7569,7790,7790,-6540116.1420205459,840.5527781798,840.5527781798,0,0,1000,-17478925.8595267124,3.4473666560
4,lap_scale_dec,0.5000000000,0.0500000000,0.3627069933,0.0872930067,150.0000000000,0.1000000000,1000,1.0000000000,10000.0000000000,3.0000000000,0.5000000000,7569,7569,7790,7790,-5668135.4858740522,728.6168788028,728.6168788028,0,0,1000,-17172623.7678303979,3.4934557570
0,lap_scale_dec,0.5000000000,0.0500000000,0.3712254748,0.0787745252,150.0000000000,0.1300000000,1300,1.0000000000,10000.0000000000,3.0000000000,0.5000000000,7569,7569,7790,7790,-8128054.4155816017,1044.3959455175,1044.3959455175,0,0,1300,-24369523.9066574238,3.5487371580
1,lap_scale_dec,0.5000000000,0.0500000000,0.3658954251,0.0841045749,150.0000000000,0.1300000000,1300,1.0000000000,10000.0000000000,3.0000000000,0.5000000000,7569,7569,7790,7790,-8220833.4123714156,1056.3059579424,1056.3059579424,0,0,1300,-22886853.7909971811,3.4968985570
2,lap_scale_dec,0.5000000000,0.0500000000,0.3689305929,0.0810694071,150.0000000000,0.1300000000,1300,1.0000000000,10000.0000000000,3.0000000000,0.5000000000,7569,7569,7790,7790,-7373866.5687510408,947.5810742941,947.5810742941,0,0,1300,-23591254.2951561548,3.4685898570
3,lap_scale_dec,0.5000000000,0.0500000000,0.3653997617,0.0846002383,150.0000000000,0.1300000000,1300,1.0000000000,10000.0000000000,3.0000000000,0.5000000000,7569,7569,7790,7790,-8119427.7756741652,1043.2885462996,1043.2885462996,0,0,1300,-22652360.0666841865,3.4997329570
4,lap_scale_dec,0.5000000000,0.0500000000,0.3627069933,0.0872930067,150.0000000000,0.1300000000,1300,1.0000000000,10000.0000000000,3.0000000000,0.5000000000,7569,7569,7790,7790,-7408134.2155423360,951.9800019952,951.9800019952,0,0,1300,-22293052.4949967004,3.4746217570
0,lap_scale_dec,0.5000000000,0.0500000000,0.3712254748,0.0787745252,150.0000000000,0.1500000000,1500,1.0000000000,10000.0000000000,3.0000000000,0.5000000000,7569,7569,7790,7790,-9017579.3614493888,1158.5840001861,1158.5840001861,0,0,1500,-28100412.1277949214,3.4866345570
1,lap_scale_dec,0.5000000000,0.0500000000,0.3658954251,0.0841045749,150.0000000000,0.1500000000,1500,1.0000000000,10000.0000000000,3.0000000000,0.5000000000,7569,7569,7790,7790,-9431849.1406965256,1211.7636894347,1211.7636894347,0,0,1500,-26480142.1255994141,3.5120852580
2,lap_scale_dec,0.5000000000,0.0500000000,0.3689305929,0.0810694071,150.0000000000,0.1500000000,1500,1.0000000000,10000.0000000000,3.0000000000,0.5000000000,7569,7569,7790,7790,-8633489.1135186628,1109.2784484620,1109.2784484620,0,0,1500,-27164198.2751036845,3.5041715580
3,lap_scale_dec,0.5000000000,0.0500000000,0.3653997617,0.0846002383,150.0000000000,0.1500000000,1500,1.0000000000,10000.0000000000,3.0000000000,0.5000000000,7569,7569,7790,7790,-9178028.8233077135,1179.1808502321,1179.1808502321,0,0,1500,-26178430.3925317302,3.5473413580
4,lap_scale_dec,0.5000000000,0.0500000000,0.3627069933,0.0872930067,150.0000000000,0.1500000000,1500,1.0000000000,10000.0000000000,3.0000000000,0.5000000000,7569,7569,7790,7790,-8638343.9384185094,1109.9016609010,1109.9016609010,0,0,1500,-25766340.5361095145,3.5890922590
0,lap_scale_dec,0.5000000000,0.0500000000,0.3712254748,0.0787745252,150.0000000000,0.1800000000,1800,1.0000000000,10000.0000000000,3.0000000000,0.5000000000,7569,7569,7790,7790,-10978261.9427669328,1410.2762442576,1410.2762442576,0,0,1800,-33798752.7426789850,3.4418674560
1,lap_scale_dec,0.5000000000,0.0500000000,0.3658954251,0.0841045749,150.0000000000,0.1800000000,1800,1.0000000000,10000.0000000000,3.0000000000,0.5000000000,7569,7569,7790,7790,-11253691.3775612134,1445.6330394815,1445.6330394815,0,0,1800,-31717791.7292835228,3.4508317570
2,lap_scale_dec,0.5000000000,0.0500000000,0.3689305929,0.0810694071,150.0000000000,0.1800000000,1800,1.0000000000,10000.0000000000,3.0000000000,0.5000000000,7569,7569,7790,7790,-10650217.2151813637,1368.1652394328,1368.1652394328,0,0,1800,-32661307.4721886627,3.4907882570
3,lap_scale_dec,0.5000000000,0.0500000000,0.3653997617,0.0846002383,150.0000000000,0.1800000000,1800,1.0000000000,10000.0000000000,3.0000000000,0.5000000000,7569,7569,7790,7790,-10825336.6541830190,1390.6452701134,1390.6452701134,0,0,1800,-31312849.2228299081,3.5837232590
4,lap_scale_dec,0.5000000000,0.0500000000,0.3627069933,0.0872930067,150.0000000000,0.1800000000,1800,1.0000000000,10000.0000000000,3.0000000000,0.5000000000,7569,7569,7790,7790,-10195118.9585929234,1309.7444106024,1309.7444106024,0,0,1800,-30909408.0741001219,3.4784945570
0,lap_scale_dec,0.5000000000,0.0500000000,0.3712254748,0.0787745252,150.0000000000,0.2000000000,2000,1.0000000000,10000.0000000000,3.0000000000,0.5000000000,7569,7569,7790,7790,-12610016.0677266866,1619.7440395028,1619.7440395028,0,0,2000,-37581030.6518834606,3.5250324570
1,lap_scale_dec,0.5000000000,0.0500000000,0.3658954251,0.0841045749,150.0000000000,0.2000000000,2000,1.0000000000,10000.0000000000,3.0000000000,0.5000000000,7569,7569,7790,7790,-12163775.0195929129,1562.4602079067,1562.4602079067,0,0,2000,-35211755.1146621034,3.5259807570
2,lap_scale_dec,0.5000000000,0.0500000000,0.3689305929,0.0810694071,150.0000000000,0.2000000000,2000,1.0000000000,10000.0000000000,3.0000000000,0.5000000000,7569,7569,7790,7790,-11773824.4366087765,1512.4023667020,1512.4023667020,0,0,2000,-36305840.1871429086,3.5098555580
3,lap_scale_dec,0.5000000000,0.0500000000,0.3653997617,0.0846002383,150.0000000000,0.2000000000,2000,1.0000000000,10000.0000000000,3.0000000000,0.5000000000,7569,7569,7790,7790,-12107624.5644728784,1555.2521905613,1555.2521905613,0,0,2000,-34832580.5093878359,3.5187355570
4,lap_scale_dec,0.5000000000,0.0500000000,0.3627069933,0.0872930067,150.0000000000,0.2000000000,2000,1.0000000000,10000.0000000000,3.0000000000,0.5000000000,7569,7569,7790,7790,-11479893.2852714509,1474.6705115881,1474.6705115881,0,0,2000,-34326026.9804729000,3.5399574580
0,lap_local_inc,0.5000000000,0.0500000000,0.3712254748,0.0787745252,150.0000000000,0.0300000000,300,1.0000000000,10000.0000000000,3.0000000000,0.5000000000,7569,7569,7790,7790,135070.1141029696,16.3389106679,16.3389106679,0,0,300,767.8075414613,3.5241308570
1,lap_local_inc,0.5000000000,0.0500000000,0.3658954251,0.0841045749,150.0000000000,0.0300000000,300,1.0000000000,10000.0000000000,3.0000000000,0.5000000000,7569,7569,7790,7790,-708775.9992250669,91.9853657542,91.9853657542,0,0,300,485.0942963598,3.5313077580
2,lap_local_inc,0.5000000000,0.0500000000,0.3689305929,0.0810694071,150.0000000000,0.0300000000,300,1.0000000000,10000.0000000000,3.0000000000,0.5000000000,7569,7569,7790,7790,533404.9536103421,67.4730364070,67.4730364070,0,0,300,532.3266640039,3.5214408570
3,lap_local_inc,0.5000000000,0.0500000000,0.3653997617,0.0846002383,150.0000000000,0.0300000000,300,1.0000000000,10000.0000000000,3.0000000000,0.5000000000,7569,7569,7790,7790,-548135.7467190704,71.3640239691,71.3640239691,0,0,300,413.4382220402,3.4982680570
4,lap_local_inc,0.5000000000,0.0500000000,0.3627069933,0.0872930067,150.0000000000,0.0300000000,300,1.0000000000,10000.0000000000,3.0000000000,0.5000000000,7569,7569,7790,7790,-114832.3155421253,15.7409904419,15.7409904419,0,0,300,385.0783091768,3.4972692570
0,lap_local_inc,0.5000000000,0.0500000000,0.3712254748,0.0787745252,150.0000000000,0.0500000000,500,1.0000000000,10000.0000000000,3.0000000000,0.5000000000,7569,7569,7790,7790,150592.5843390197,18.3315255891,18.3315255891,0,0,500,1064.2028377290,3.5930101590
1,lap_local_inc,0.5000000000,0.0500000000,0.3658954251,0.0841045749,150.0000000000,0.0500000000,500,1.0000000000,10000.0000000000,3.0000000000,0.5000000000,7569,7569,7790,7790,-705546.2653985332,91.5707657764,91.5707657764,0,0,500,848.4251479278,3.4856068570
2,lap_local_inc,0.5000000000,0.0500000000,0.3689305929,0.0810694071,150.0000000000,0.0500000000,500,1.0000000000,10000.0000000000,3.0000000000,0.5000000000,7569,7569,7790,7790,420537.5320598516,52.9842788267,52.9842788267,0,0,500,936.7187723865,3.4976179570
3,lap_local_inc,0.5000000000,0.0500000000,0.3653997617,0.0846002383,150.0000000000,0.0500000000,500,1.0000000000,10000.0000000000,3.0000000000,0.5000000000,7569,7569,7790,7790,-724828.7123083468,94.0460477931,94.0460477931,0,0,500,1036.6426650780,3.5110975580
4,lap_local_inc,0.5000000000,0.0500000000,0.3627069933,0.0872930067,150.0000000000,0.0500000000,500,1.0000000000,10000.0000000000,3.0000000000,0.5000000000,7569,7569,7790,7790,-162616.4162026627,21.8750213354,21.8750213354,0,0,500,1128.9399268441,3.5045427570
0,lap_local_inc,0.5000000000,0.0500000000,0.3712254748,0.0787745252,150.0000000000,0.0800000000,800,1.0000000000,10000.0000000000,3.0000000000,0.5000000000,7569,7569,7790,7790,164256.1394330312,20.0855121223,20.0855121223,0,0,800,1760.6199415516,3.6485914600
1,lap_local_inc,0.5000000000,0.0500000000,0.3658954251,0.0841045749,150.0000000000,0.0800000000,800,1.0000000000,10000.0000000000,3.0000000000,0.5000000000,7569,7569,7790,7790,-606286.3427495735,78.8287988125,78.8287988125,0,0,800,1470.7427375214,3.6097468590
2,lap_local_inc,0.5000000000,0.0500000000,0.3689305929,0.0810694071,150.0000000000,0.0800000000,800,1.0000000000,10000.0000000000,3.0000000000,0.5000000000,7569,7569,7790,7790,474072.7674535906,59.8565811879,59.8565811879,0,0,800,1408.3896771202,3.6136525590
3,lap_local_inc,0.5000000000,0.0500000000,0.3653997617,0.0846002383,150.0000000000,0.0800000000,800,1.0000000000,10000.0000000000,3.0000000000,0.5000000000,7569,7569,7790,7790,-770351.5251619584,99.8897978385,99.8897978385,0,0,800,1665.5157759491,3.5125241580
4,lap_local_inc,0.5000000000,0.0500000000,0.3627069933,0.0872930067,150.0000000000,0.0800000000,800,1.0000000000,10000.0000000000,3.0000000000,0.5000000000,7569,7569,7790,7790,-70919.2382844918,10.1038816797,10.1038816797,0,0,800,1649.0052206118,3.4919627570
0,lap_local_inc,0.5000000000,0.0500000000,0.3712254748,0.0787745252,150.0000000000,0.1000000000,1000,1.0000000000,10000.0000000000,3.0000000000,0.5000000000,7569,7569,7790,7790,290621.0118893725,36.3069334903,36.3069334903,0,0,1000,2076.9209132774,3.5868815580
1,lap_local_inc,0.5000000000,0.0500000000,0.3658954251,0.0841045749,150.0000000000,0.1000000000,1000,1.0000000000,10000.0000000000,3.0000000000,0.5000000000,7569,7569,7790,7790,-660427.5180374980,85.7788854990,85.7788854990,0,0,1000,1675.4714817988,3.5386025580
2,lap_local_inc,0.5000000000,0.0500000000,0.3689305929,0.0810694071,150.0000000000,0.1000000000,1000,1.0000000000,10000.0000000000,3.0000000000,0.5000000000,7569,7569,7790,7790,356036.6507468070,44.7043197364,44.7043197364,0,0,1000,1953.2442007886,3.5683614590
3,lap_local_inc,0.5000000000,0.0500000000,0.3653997617,0.0846002383,150.0000000000,0.1000000000,1000,1.0000000000,10000.0000000000,3.0000000000,0.5000000000,7569,7569,7790,7790,-713149.9885495397,92.5468534723,92.5468534723,0,0,1000,1972.6008863734,3.8273012620
4,lap_local_inc,0.5000000000,0.0500000000,0.3627069933,0.0872930067,150.0000000000,0.1000000000,1000,1.0000000000,10000.0000000000,3.0000000000,0.5000000000,7569,7569,7790,7790,56765.5764175440,6.2869802847,6.2869802847,0,0,1000,2079.4190443969,3.7656369620
0,lap_local_inc,0.5000000000,0.0500000000,0.3712254748,0.0787745252,150.0000000000,0.1300000000,1300,1.0000000000,10000.0000000000,3.0000000000,0.5000000000,7569,7569,7790,7790,-3969.5019599811,1.5095637946,1.5095637946,0,0,1300,2730.8342076452,3.5313684580
1,lap_local_inc,0.5000000000,0.0500000000,0.3658954251,0.0841045749,150.0000000000,0.1300000000,1300,1.0000000000,10000.0000000000,3.0000000000,0.5000000000,7569,7569,7790,7790,-591221.2872086180,76.8949020807,76.8949020807,0,0,1300,1982.5844911767,3.5086880580
2,lap_local_inc,0.5000000000,0.0500000000,0.3689305929,0.0810694071,150.0000000000,0.1300000000,1300,1.0000000000,10000.0000000000,3.0000000000,0.5000000000,7569,7569,7790,7790,490752.1011236030,61.9977023265,61.9977023265,0,0,1300,2601.7144677508,3.5714122590
3,lap_local_inc,0.5000000000,0.0500000000,0.3653997617,0.0846002383,150.0000000000,0.1300000000,1300,1.0000000000,10000.0000000000,3.0000000000,0.5000000000,7569,7569,7790,7790,-567859.0520396008,73.8958988498,73.8958988498,0,0,1300,2346.1042195826,3.6470178600
4,lap_local_inc,0.5000000000,0.0500000000,0.3627069933,0.0872930067,150.0000000000,0.1300000000,1300,1.0000000000,10000.0000000000,3.0000000000,0.5000000000,7569,7569,7790,7790,23783.6100204806,2.0530949962,2.0530949962,0,0,1300,2700.9816917384,3.7399806610
0,lap_local_inc,0.5000000000,0.0500000000,0.3712254748,0.0787745252,150.0000000000,0.1500000000,1500,1.0000000000,10000.0000000000,3.0000000000,0.5000000000,7569,7569,7790,7790,350284.4593929602,43.9659126307,43.9659126307,0,0,1500,3179.3347322322,3.5391979580
1,lap_local_inc,0.5000000000,0.0500000000,0.3658954251,0.0841045749,150.0000000000,0.1500000000,1500,1.0000000000,10000.0000000000,3.0000000000,0.5000000000,7569,7569,7790,7790,-604279.1054887596,78.5711303580,78.5711303580,0,0,1500,2567.9800239991,3.5849890590
2,lap_local_inc,0.5000000000,0.0500000000,0.3689305929,0.0810694071,150.0000000000,0.1500000000,1500,1.0000000000,10000.0000000000,3.0000000000,0.5000000000,7569,7569,7790,7790,422265.6260235706,53.2061137386,53.2061137386,0,0,1500,3065.9435230760,3.5784406580
3,lap_local_inc,0.5000000000,0.0500000000,0.3653997617,0.0846002383,150.0000000000,0.1500000000,1500,1.0000000000,10000.0000000000,3.0000000000,0.5000000000,7569,7569,7790,7790,-450930.2779467022,58.8857866427,58.8857866427,0,0,1500,2865.2435514514,3.5694579590
4,lap_local_inc,0.5000000000,0.0500000000,0.3627069933,0.0872930067,150.0000000000,0.1500000000,1500,1.0000000000,10000.0000000000,3.0000000000,0.5000000000,7569,7569,7790,7790,-48451.7649600520,7.2197387625,7.2197387625,0,0,1500,3335.9842659239,3.5528181580
0,lap_local_inc,0.5000000000,0.0500000000,0.3712254748,0.0787745252,150.0000000000,0.1800000000,1800,1.0000000000,10000.0000000000,3.0000000000,0.5000000000,7569,7569,7790,7790,289235.5386764692,36.1290807030,36.1290807030,0,0,1800,3739.7016512097,3.5179035580
1,lap_local_inc,0.5000000000,0.0500000000,0.3658954251,0.0841045749,150.0000000000,0.1800000000,1800,1.0000000000,10000.0000000000,3.0000000000,0.5000000000,7569,7569,7790,7790,-680026.8157248481,88.2948415565,88.2948415565,0,0,1800,3201.9562255721,3.5261385580
2,lap_local_inc,0.5000000000,0.0500000000,0.3689305929,0.0810694071,150.0000000000,0.1800000000,1800,1.0000000000,10000.0000000000,3.0000000000,0.5000000000,7569,7569,7790,7790,238091.2225654239,29.5636999442,29.5636999442,0,0,1800,3617.8410518724,3.4769957570
3,lap_local_inc,0.5000000000,0.0500000000,0.3653997617,0.0846002383,150.0000000000,0.1800000000,1800,1.0000000000,10000.0000000000,3.0000000000,0.5000000000,7569,7569,7790,7790,-386576.9272416893,50.6247660131,50.6247660131,0,0,1800,3429.9579941168,3.4766219560
4,lap_local_inc,0.5000000000,0.0500000000,0.3627069933,0.0872930067,150.0000000000,0.1800000000,1800,1.0000000000,10000.0000000000,3.0000000000,0.5000000000,7569,7569,7790,7790,109295.2414507151,13.0301978756,13.0301978756,0,0,1800,3834.5260308182,3.5089844580
0,lap_local_inc,0.5000000000,0.0500000000,0.3712254748,0.0787745252,150.0000000000,0.2000000000,2000,1.0000000000,10000.0000000000,3.0000000000,0.5000000000,7569,7569,7790,7790,-81637.7421396493,11.4798128549,11.4798128549,0,0,2000,4104.3248776290,3.5220168570
1,lap_local_inc,0.5000000000,0.0500000000,0.3658954251,0.0841045749,150.0000000000,0.2000000000,2000,1.0000000000,10000.0000000000,3.0000000000,0.5000000000,7569,7569,7790,7790,-425236.4376419781,55.5874759489,55.5874759489,0,0,2000,3860.6311906825,3.5566674580
2,lap_local_inc,0.5000000000,0.0500000000,0.3689305929,0.0810694071,150.0000000000,0.2000000000,2000,1.0000000000,10000.0000000000,3.0000000000,0.5000000000,7569,7569,7790,7790,329499.5628783932,41.2977616018,41.2977616018,0,0,2000,4131.8113188347,3.5652281590
3,lap_local_inc,0.5000000000,0.0500000000,0.3653997617,0.0846002383,150.0000000000,0.2000000000,2000,1.0000000000,10000.0000000000,3.0000000000,0.5000000000,7569,7569,7790,7790,-495441.2044568891,64.5996411370,64.5996411370,0,0,2000,3969.5706603118,3.5393901580
4,lap_local_inc,0.5000000000,0.0500000000,0.3627069933,0.0872930067,150.0000000000,0.2000000000,2000,1.0000000000,10000.0000000000,3.0000000000,0.5000000000,7569,7569,7790,7790,-36501.1399416979,5.6856405573,5.6856405573,0,0,2000,4149.4555164387,3.5461729590
0,lap_local_dec,0.5000000000,0.0500000000,0.3712254748,0.0787745252,150.0000000000,0.0300000000,300,1.0000000000,10000.0000000000,3.0000000000,0.5000000000,7569,7569,7790,7790,134558.2424086622,16.2732018496,16.2732018496,0,0,300,-767.8075414613,3.5769106580
1,lap_local_dec,0.5000000000,0.0500000000,0.3658954251,0.0841045749,150.0000000000,0.0300000000,300,1.0000000000,10000.0000000000,3.0000000000,0.5000000000,7569,7569,7790,7790,-709099.3954226398,92.0268800286,92.0268800286,0,0,300,-485.0942963598,3.5146023570
2,lap_local_dec,0.5000000000,0.0500000000,0.3689305929,0.0810694071,150.0000000000,0.0300000000,300,1.0000000000,10000.0000000000,3.0000000000,0.5000000000,7569,7569,7790,7790,533050.0691676723,67.4274799959,67.4274799959,0,0,300,-532.3266640039,3.5470902580
3,lap_local_dec,0.5000000000,0.0500000000,0.3653997617,0.0846002383,150.0000000000,0.0300000000,300,1.0000000000,10000.0000000000,3.0000000000,0.5000000000,7569,7569,7790,7790,-548411.3722004305,71.3994059307,71.3994059307,0,0,300,-413.4382220402,3.5469960570
4,lap_local_dec,0.5000000000,0.0500000000,0.3627069933,0.0872930067,150.0000000000,0.0300000000,300,1.0000000000,10000.0000000000,3.0000000000,0.5000000000,7569,7569,7790,7790,-115089.0344149097,15.7739453678,15.7739453678,0,0,300,-385.0783091768,3.5371549570
0,lap_local_dec,0.5000000000,0.0500000000,0.3712254748,0.0787745252,150.0000000000,0.0500000000,500,1.0000000000,10000.0000000000,3.0000000000,0.5000000000,7569,7569,7790,7790,149883.1157805337,18.2404513197,18.2404513197,0,0,500,-1064.2028377290,3.5196888570
1,lap_local_dec,0.5000000000,0.0500000000,0.3658954251,0.0841045749,150.0000000000,0.0500000000,500,1.0000000000,10000.0000000000,3.0000000000,0.5000000000,7569,7569,7790,7790,-706111.8821638189,91.6433738336,91.6433738336,0,0,500,-848.4251479278,3.5540083590
2,lap_local_dec,0.5000000000,0.0500000000,0.3689305929,0.0810694071,150.0000000000,0.0500000000,500,1.0000000000,10000.0000000000,3.0000000000,0.5000000000,7569,7569,7790,7790,419913.0528782604,52.9041146185,52.9041146185,0,0,500,-936.7187723865,3.6495087600
3,lap_local_dec,0.5000000000,0.0500000000,0.3653997617,0.0846002383,150.0000000000,0.0500000000,500,1.0000000000,10000.0000000000,3.0000000000,0.5000000000,7569,7569,7790,7790,-725519.8074183987,94.1347634683,94.1347634683,0,0,500,-1036.6426650780,3.5617685590
4,lap_local_dec,0.5000000000,0.0500000000,0.3627069933,0.0872930067,150.0000000000,0.0500000000,500,1.0000000000,10000.0000000000,3.0000000000,0.5000000000,7569,7569,7790,7790,-163369.0428205586,21.9716357921,21.9716357921,0,0,500,-1128.9399268441,3.5273051580
0,lap_local_dec,0.5000000000,0.0500000000,0.3712254748,0.0787745252,150.0000000000,0.0800000000,800,1.0000000000,10000.0000000000,3.0000000000,0.5000000000,7569,7569,7790,7790,163082.3928053302,19.9348386143,19.9348386143,0,0,800,-1760.6199415516,3.4338886570
1,lap_local_dec,0.5000000000,0.0500000000,0.3658954251,0.0841045749,150.0000000000,0.0800000000,800,1.0000000000,10000.0000000000,3.0000000000,0.5000000000,7569,7569,7790,7790,-607266.8379079213,78.9546646865,78.9546646865,0,0,800,-1470.7427375214,3.4932180580
2,lap_local_dec,0.5000000000,0.0500000000,0.3689305929,0.0810694071,150.0000000000,0.0800000000,800,1.0000000000,10000.0000000000,3.0000000000,0.5000000000,7569,7569,7790,7790,473133.8410021773,59.7360514765,59.7360514765,0,0,800,-1408.3896771202,3.4739204560
3,lap_local_dec,0.5000000000,0.0500000000,0.3653997617,0.0846002383,150.0000000000,0.0800000000,800,1.0000000000,10000.0000000000,3.0000000000,0.5000000000,7569,7569,7790,7790,-771461.8690125914,100.0323323508,100.0323323508,0,0,800,-1665.5157759491,3.4943453570
4,lap_local_dec,0.5000000000,0.0500000000,0.3627069933,0.0872930067,150.0000000000,0.0800000000,800,1.0000000000,10000.0000000000,3.0000000000,0.5000000000,7569,7569,7790,7790,-72018.5750982330,10.2450032219,10.2450032219,0,0,800,-1649.0052206118,3.5982513590
0,lap_local_dec,0.5000000000,0.0500000000,0.3712254748,0.0787745252,150.0000000000,0.1000000000,1000,1.0000000000,10000.0000000000,3.0000000000,0.5000000000,7569,7569,7790,7790,289236.3979471878,36.1291910073,36.1291910073,0,0,1000,-2076.9209132774,3.4214364560
1,lap_local_dec,0.5000000000,0.0500000000,0.3658954251,0.0841045749,150.0000000000,0.1000000000,1000,1.0000000000,10000.0000000000,3.0000000000,0.5000000000,7569,7569,7790,7790,-661544.4990253641,85.9222720187,85.9222720187,0,0,1000,-1675.4714817988,3.4972885580
2,lap_local_dec,0.5000000000,0.0500000000,0.3689305929,0.0810694071,150.0000000000,0.1000000000,1000,1.0000000000,10000.0000000000,3.0000000000,0.5000000000,7569,7569,7790,7790,354734.4879462810,44.5371614822,44.5371614822,0,0,1000,-1953.2442007886,3.4942505570
3,lap_local_dec,0.5000000000,0.0500000000,0.3653997617,0.0846002383,150.0000000000,0.1000000000,1000,1.0000000000,10000.0000000000,3.0000000000,0.5000000000,7569,7569,7790,7790,-714465.0558071225,92.7156682679,92.7156682679,0,0,1000,-1972.6008863734,3.5585655580
4,lap_local_dec,0.5000000000,0.0500000000,0.3627069933,0.0872930067,150.0000000000,0.1000000000,1000,1.0000000000,10000.0000000000,3.0000000000,0.5000000000,7569,7569,7790,7790,55379.2970546128,6.1090240121,6.1090240121,0,0,1000,-2079.4190443969,3.5673523580
0,lap_local_dec,0.5000000000,0.0500000000,0.3712254748,0.0787745252,150.0000000000,0.1300000000,1300,1.0000000000,10000.0000000000,3.0000000000,0.5000000000,7569,7569,7790,7790,-5790.0580984110,1.7432680486,1.7432680486,0,0,1300,-2730.8342076452,3.5213119580
1,lap_local_dec,0.5000000000,0.0500000000,0.3658954251,0.0841045749,150.0000000000,0.1300000000,1300,1.0000000000,10000.0000000000,3.0000000000,0.5000000000,7569,7569,7790,7790,-592543.0102027358,77.0645712712,77.0645712712,0,0,1300,-1982.5844911767,3.4891168570
2,lap_local_dec,0.5000000000,0.0500000000,0.3689305929,0.0810694071,150.0000000000,0.1300000000,1300,1.0000000000,10000.0000000000,3.0000000000,0.5000000000,7569,7569,7790,7790,489017.6248117689,61.7750481145,61.7750481145,0,0,1300,-2601.7144677508,3.4859858570
3,lap_local_dec,0.5000000000,0.0500000000,0.3653997617,0.0846002383,150.0000000000,0.1300000000,1300,1.0000000000,10000.0000000000,3.0000000000,0.5000000000,7569,7569,7790,7790,-569423.1215193231,74.0966779871,74.0966779871,0,0,1300,-2346.1042195826,3.4463752560
4,lap_local_dec,0.5000000000,0.0500000000,0.3627069933,0.0872930067,150.0000000000,0.1300000000,1300,1.0000000000,10000.0000000000,3.0000000000,0.5000000000,7569,7569,7790,7790,21982.9555593216,1.8219455147,1.8219455147,0,0,1300,-2700.9816917384,3.5499376580
0,lap_local_dec,0.5000000000,0.0500000000,0.3712254748,0.0787745252,150.0000000000,0.1500000000,1500,1.0000000000,10000.0000000000,3.0000000000,0.5000000000,7569,7569,7790,7790,348164.9029048053,43.6938257901,43.6938257901,0,0,1500,-3179.3347322322,3.4662266560
1,lap_local_dec,0.5000000000,0.0500000000,0.3658954251,0.0841045749,150.0000000000,0.1500000000,1500,1.0000000000,10000.0000000000,3.0000000000,0.5000000000,7569,7569,7790,7790,-605991.0921714252,78.7908975830,78.7908975830,0,0,1500,-2567.9800239991,3.4438675560
2,lap_local_dec,0.5000000000,0.0500000000,0.3689305929,0.0810694071,150.0000000000,0.1500000000,1500,1.0000000000,10000.0000000000,3.0000000000,0.5000000000,7569,7569,7790,7790,420221.6636748536,52.9437308954,52.9437308954,0,0,1500,-3065.9435230760,3.5190319580
3,lap_local_dec,0.5000000000,0.0500000000,0.3653997617,0.0846002383,150.0000000000,0.1500000000,1500,1.0000000000,10000.0000000000,3.0000000000,0.5000000000,7569,7569,7790,7790,-452840.4403143367,59.1309936219,59.1309936219,0,0,1500,-2865.2435514514,3.5154399570
4,lap_local_dec,0.5000000000,0.0500000000,0.3627069933,0.0872930067,150.0000000000,0.1500000000,1500,1.0000000000,10000.0000000000,3.0000000000,0.5000000000,7569,7569,7790,7790,-50675.7544706681,7.5052316394,7.5052316394,0,0,1500,-3335.9842659239,3.5919346590
0,lap_local_dec,0.5000000000,0.0500000000,0.3712254748,0.0787745252,150.0000000000,0.1800000000,1800,1.0000000000,10000.0000000000,3.0000000000,0.5000000000,7569,7569,7790,7790,286742.4042423294,35.8090377718,35.8090377718,0,0,1800,-3739.7016512097,3.4187980570
1,lap_local_dec,0.5000000000,0.0500000000,0.3658954251,0.0841045749,150.0000000000,0.1800000000,1800,1.0000000000,10000.0000000000,3.0000000000,0.5000000000,7569,7569,7790,7790,-682161.4532085632,88.5688643400,88.5688643400,0,0,1800,-3201.9562255721,3.4757913560
2,lap_local_dec,0.5000000000,0.0500000000,0.3689305929,0.0810694071,150.0000000000,0.1800000000,1800,1.0000000000,10000.0000000000,3.0000000000,0.5000000000,7569,7569,7790,7790,235679.3285308421,29.2540858191,29.2540858191,0,0,1800,-3617.8410518724,3.5465565580
3,lap_local_dec,0.5000000000,0.0500000000,0.3653997617,0.0846002383,150.0000000000,0.1800000000,1800,1.0000000000,10000.0000000000,3.0000000000,0.5000000000,7569,7569,7790,7790,-388863.5659044334,50.9183011431,50.9183011431,0,0,1800,-3429.9579941168,3.5553686580
4,lap_local_dec,0.5000000000,0.0500000000,0.3627069933,0.0872930067,150.0000000000,0.1800000000,1800,1.0000000000,10000.0000000000,3.0000000000,0.5000000000,7569,7569,7790,7790,106738.8907635030,12.7020398926,12.7020398926,0,0,1800,-3834.5260308182,3.5984685590
0,lap_local_dec,0.5000000000,0.0500000000,0.3712254748,0.0787745252,150.0000000000,0.2000000000,2000,1.0000000000,10000.0000000000,3.0000000000,0.5000000000,7569,7569,7790,7790,-84373.9587247349,11.8310601701,11.8310601701,0,0,2000,-4104.3248776290,3.6152475600
1,lap_local_dec,0.5000000000,0.0500000000,0.3658954251,0.0841045749,150.0000000000,0.2000000000,2000,1.0000000000,10000.0000000000,3.0000000000,0.5000000000,7569,7569,7790,7790,-427810.1917691003,55.9178680063,55.9178680063,0,0,2000,-3860.6311906825,3.5758325580
2,lap_local_dec,0.5000000000,0.0500000000,0.3689305929,0.0810694071,150.0000000000,0.2000000000,2000,1.0000000000,10000.0000000000,3.0000000000,0.5000000000,7569,7569,7790,7790,326745.0219991700,40.9441620025,40.9441620025,0,0,2000,-4131.8113188347,3.6038377590
3,lap_local_dec,0.5000000000,0.0500000000,0.3653997617,0.0846002383,150.0000000000,0.2000000000,2000,1.0000000000,10000.0000000000,3.0000000000,0.5000000000,7569,7569,7790,7790,-498087.5848970973,64.9393562127,64.9393562127,0,0,2000,-3969.5706603118,3.5078598570
4,lap_local_dec,0.5000000000,0.0500000000,0.3627069933,0.0872930067,150.0000000000,0.2000000000,2000,1.0000000000,10000.0000000000,3.0000000000,0.5000000000,7569,7569,7790,7790,-39267.4436193240,6.0407501437,6.0407501437,0,0,2000,-4149.4555164387,3.4162029560
0,none,1.0000000000,0.1000000000,0.7439524484,0.1560475516,150.0000000000,0.0000000000,0,0.0000000000,10000.0000000000,3.0000000000,0.5000000000,7569,7569,7790,7790,31734.3344781350,3.0737271474,3.0737271474,0,0,0,0.0000000000,3.4802740570
1,none,1.0000000000,0.1000000000,0.7364488409,0.1635511591,150.0000000000,0.0000000000,0,0.0000000000,10000.0000000000,3.0000000000,0.5000000000,7569,7569,7790,7790,-204404.0927417922,27.2392930349,27.2392930349,0,0,0,0.0000000000,3.4599181570
2,none,1.0000000000,0.1000000000,0.7404953091,0.1595046909,150.0000000000,0.0000000000,0,0.0000000000,10000.0000000000,3.0000000000,0.5000000000,7569,7569,7790,7790,140230.5336141827,17.0013521969,17.0013521969,0,0,0,0.0000000000,3.4662883570
3,none,1.0000000000,0.1000000000,0.7361341779,0.1638658221,150.0000000000,0.0000000000,0,0.0000000000,10000.0000000000,3.0000000000,0.5000000000,7569,7569,7790,7790,-222547.7793933263,29.5683927334,29.5683927334,0,0,0,0.0000000000,3.4857570570
4,none,1.0000000000,0.1000000000,0.7322080387,0.1677919613,150.0000000000,0.0000000000,0,0.0000000000,10000.0000000000,3.0000000000,0.5000000000,7569,7569,7790,7790,-17493.3420962967,3.2456151600,3.2456151600,0,0,0,0.0000000000,3.6420558600
0,orig_inc,1.0000000000,0.1000000000,0.8112430026,0.0887569974,150.0000000000,0.0300000000,300,1.0000000000,10000.0000000000,3.0000000000,0.5000000000,7569,52407,7790,4462935,4552781.7616827125,583.4392505369,0.0201317657,44838,0,0,0.0000000000,5.7365105940
1,orig_inc,1.0000000000,0.1000000000,0.8095586084,0.0904413916,150.0000000000,0.0300000000,300,1.0000000000,10000.0000000000,3.0000000000,0.5000000000,7569,52414,7790,4462920,4255687.0062609231,545.3012845008,0.0464343958,44845,0,0,0.0000000000,5.6714946930
2,orig_inc,1.0000000000,0.1000000000,0.8147430304,0.0852569696,150.0000000000,0.0300000000,300,1.0000000000,10000.0000000000,3.0000000000,0.5000000000,7569,52411,7790,4462934,4002748.6528169834,512.8316627493,0.1031127387,44842,0,0,0.0000000000,5.4714621890
3,orig_inc,1.0000000000,0.1000000000,0.8097570873,0.0902429127,150.0000000000,0.0300000000,300,1.0000000000,10000.0000000000,3.0000000000,0.5000000000,7569,52413,7790,4462942,4277616.5015059691,548.1163673307,0.0415254105,44844,0,0,0.0000000000,5.8415558960
4,orig_inc,1.0000000000,0.1000000000,0.8106097030,0.0893902970,150.0000000000,0.0300000000,300,1.0000000000,10000.0000000000,3.0000000000,0.5000000000,7569,52412,7790,4462930,4316537.1307443678,553.1125970147,0.0328019640,44843,0,0,0.0000000000,5.6920084930
0,orig_inc,1.0000000000,0.1000000000,0.8256698600,0.0743301400,150.0000000000,0.0500000000,500,1.0000000000,10000.0000000000,3.0000000000,0.5000000000,7569,132296,7790,20716425,20896361.0073043145,2681.4596928504,0.0086856688,124727,0,0,0.0000000000,5.7357147940
1,orig_inc,1.0000000000,0.1000000000,0.8257973020,0.0742026980,150.0000000000,0.0500000000,500,1.0000000000,10000.0000000000,3.0000000000,0.5000000000,7569,132299,7790,20716370,20005533.9338742569,2567.1044844511,0.0343127713,124730,0,0,0.0000000000,5.7242074940
2,orig_inc,1.0000000000,0.1000000000,0.8274529312,0.0725470688,150.0000000000,0.0500000000,500,1.0000000000,10000.0000000000,3.0000000000,0.5000000000,7569,132297,7790,20716412,20522471.2597292624,2633.4635763452,0.0093616955,124728,0,0,0.0000000000,5.7448885930
3,orig_inc,1.0000000000,0.1000000000,0.8257889307,0.0742110693,150.0000000000,0.0500000000,500,1.0000000000,10000.0000000000,3.0000000000,0.5000000000,7569,132303,7790,20716398,20821408.9226124324,2671.8381158681,0.0050689759,124734,0,0,0.0000000000,5.7640612940
4,orig_inc,1.0000000000,0.1000000000,0.8302977555,0.0697022445,150.0000000000,0.0500000000,500,1.0000000000,10000.0000000000,3.0000000000,0.5000000000,7569,132285,7790,20716412,19934980.2514208890,2558.0475290656,0.0377204194,124716,0,0,0.0000000000,5.8438802950
0,orig_inc,1.0000000000,0.1000000000,0.8325497244,0.0674502756,150.0000000000,0.0800000000,800,1.0000000000,10000.0000000000,3.0000000000,0.5000000000,7569,327109,7790,85021719,84786882.5009499639,10883.0670732927,0.0027620766,319540,0,0,0.0000000000,10.2805630680
1,orig_inc,1.0000000000,0.1000000000,0.8322800685,0.0677199315,150.0000000000,0.0800000000,800,1.0000000000,10000.0000000000,3.0000000000,0.5000000000,7569,327117,7790,85021595,84828861.1853994727,10888.4558646212,0.0022668807,319548,0,0,0.0000000000,10.3268861690
2,orig_inc,1.0000000000,0.1000000000,0.8320152699,0.0679847301,150.0000000000,0.0800000000,800,1.0000000000,10000.0000000000,3.0000000000,0.5000000000,7569,327120,7790,85021653,84321352.3911299407,10823.3071105430,0.0082367325,319551,0,0,0.0000000000,10.3197835680
3,orig_inc,1.0000000000,0.1000000000,0.8323933029,0.0676066971,150.0000000000,0.0800000000,800,1.0000000000,10000.0000000000,3.0000000000,0.5000000000,7569,327123,7790,85021626,85051259.5648951977,10917.0050789339,0.0003485415,319554,0,0,0.0000000000,10.4188253700
4,orig_inc,1.0000000000,0.1000000000,0.8326085515,0.0673914485,150.0000000000,0.0800000000,800,1.0000000000,10000.0000000000,3.0000000000,0.5000000000,7569,327099,7790,85021659,84661241.1485883743,10866.9385299857,0.0042391298,319530,0,0,0.0000000000,10.1679067670
0,orig_inc,1.0000000000,0.1000000000,0.8333991078,0.0666008922,150.0000000000,0.1000000000,1000,1.0000000000,10000.0000000000,3.0000000000,0.5000000000,7569,506974,7790,166175274,165956112.1138551831,21302.7371134602,0.0013188598,499405,0,0,0.0000000000,15.7135753570
1,orig_inc,1.0000000000,0.1000000000,0.8350577910,0.0649422090,150.0000000000,0.1000000000,1000,1.0000000000,10000.0000000000,3.0000000000,0.5000000000,7569,506998,7790,166175117,167011125.7544656098,21438.1689030123,0.0050308901,499429,0,0,0.0000000000,15.7938462580
2,orig_inc,1.0000000000,0.1000000000,0.8338516581,0.0661483419,150.0000000000,0.1000000000,1000,1.0000000000,10000.0000000000,3.0000000000,0.5000000000,7569,506989,7790,166175250,166387083.6619180143,21358.0608038406,0.0012747606,499420,0,0,0.0000000000,15.7522494580
3,orig_inc,1.0000000000,0.1000000000,0.8336251431,0.0663748569,150.0000000000,0.1000000000,1000,1.0000000000,10000.0000000000,3.0000000000,0.5000000000,7569,507004,7790,166175135,166515917.7433605492,21374.5991968370,0.0020507445,499435,0,0,0.0000000000,15.5335909540
4,orig_inc,1.0000000000,0.1000000000,0.8344638104,0.0655361896,150.0000000000,0.1000000000,1000,1.0000000000,10000.0000000000,3.0000000000,0.5000000000,7569,506969,7790,166175180,166759667.7521013319,21405.8893134918,0.0035172987,499400,0,0,0.0000000000,15.6824668570
0,orig_inc,1.0000000000,0.1000000000,0.8338211912,0.0661788088,150.0000000000,0.1300000000,1300,1.0000000000,10000.0000000000,3.0000000000,0.5000000000,7569,851763,7790,365330666,365885129.2069160938,46967.5660085900,0.0015177023,844194,0,0,0.0000000000,21.7256271560
1,orig_inc,1.0000000000,0.1000000000,0.8335058793,0.0664941207,150.0000000000,0.1300000000,1300,1.0000000000,10000.0000000000,3.0000000000,0.5000000000,7569,851812,7790,365330372,366250983.4948963523,47014.5306155194,0.0025199424,844243,0,0,0.0000000000,21.3300710480
2,orig_inc,1.0000000000,0.1000000000,0.8337210762,0.0662789238,150.0000000000,0.1300000000,1300,1.0000000000,10000.0000000000,3.0000000000,0.5000000000,7569,851779,7790,365330593,364167489.4188507199,46747.0730961297,0.0031837016,844210,0,0,0.0000000000,21.4766031510
3,orig_inc,1.0000000000,0.1000000000,0.8333174402,0.0666825598,150.0000000000,0.1300000000,1300,1.0000000000,10000.0000000000,3.0000000000,0.5000000000,7569,851821,7790,365330417,366275633.1014590859,47017.6948782361,0.0025872910,844252,0,0,0.0000000000,21.3970255500
4,orig_inc,1.0000000000,0.1000000000,0.8356949042,0.0643050958,150.0000000000,0.1300000000,1300,1.0000000000,10000.0000000000,3.0000000000,0.5000000000,7569,851757,7790,365330536,364701383.4249089360,46815.6089120551,0.0017221461,844188,0,0,0.0000000000,21.8811641580
0,orig_inc,1.0000000000,0.1000000000,0.8337391226,0.0662608774,150.0000000000,0.1500000000,1500,1.0000000000,10000.0000000000,3.0000000000,0.5000000000,7569,1131616,7790,561384280,559578664.1423598528,71831.9479001746,0.0032163634,1124047,0,0,0.0000000000,25.5664844180
1,orig_inc,1.0000000000,0.1000000000,0.8335449617,0.0664550383,150.0000000000,0.1500000000,1500,1.0000000000,10000.0000000000,3.0000000000,0.5000000000,7569,1131670,7790,561383983,559588215.0139951706,71833.1739427465,0.0031988230,1124101,0,0,0.0000000000,25.2418515120
2,orig_inc,1.0000000000,0.1000000000,0.8334122291,0.0665877709,150.0000000000,0.1500000000,1500,1.0000000000,10000.0000000000,3.0000000000,0.5000000000,7569,1131636,7790,561384168,561808477.3754793406,72118.1883665570,0.0007558271,1124067,0,0,0.0000000000,25.4458761160
3,orig_inc,1.0000000000,0.1000000000,0.8333763937,0.0666236063,150.0000000000,0.1500000000,1500,1.0000000000,10000.0000000000,3.0000000000,0.5000000000,7569,1131670,7790,561384011,561009641.4482177496,72015.6420344310,0.0006668689,1124101,0,0,0.0000000000,25.5100115170
4,orig_inc,1.0000000000,0.1000000000,0.8344969792,0.0655030208,150.0000000000,0.1500000000,1500,1.0000000000,10000.0000000000,3.0000000000,0.5000000000,7569,1131598,7790,561384143,562218433.7018932104,72170.8143391390,0.0014861316,1124029,0,0,0.0000000000,25.5067566170
0,orig_inc,1.0000000000,0.1000000000,0.8330767094,0.0669232906,150.0000000000,0.1800000000,1800,1.0000000000,10000.0000000000,3.0000000000,0.5000000000,7569,1626395,7790,970389702,969850229.3960298300,124498.3875989769,0.0005559340,1618826,0,0,0.0000000000,38.9147179360
1,orig_inc,1.0000000000,0.1000000000,0.8337110934,0.0662889066,150.0000000000,0.1800000000,1800,1.0000000000,10000.0000000000,3.0000000000,0.5000000000,7569,1626434,7790,970389370,968773084.3564840555,124360.1148082778,0.0016656053,1618865,0,0,0.0000000000,38.2047092250
2,orig_inc,1.0000000000,0.1000000000,0.8330640885,0.0669359115,150.0000000000,0.1800000000,1800,1.0000000000,10000.0000000000,3.0000000000,0.5000000000,7569,1626425,7790,970389534,968251837.9858322144,124293.2025655754,0.0022029257,1618856,0,0,0.0000000000,39.2951133430
3,orig_inc,1.0000000000,0.1000000000,0.8339950731,0.0660049269,150.0000000000,0.1800000000,1800,1.0000000000,10000.0000000000,3.0000000000,0.5000000000,7569,1626451,7790,970389423,970972859.9802942276,124642.4993556219,0.0006012400,1618882,0,0,0.0000000000,38.4952583300
4,orig_inc,1.0000000000,0.1000000000,0.8335421979,0.0664578021,150.0000000000,0.1800000000,1800,1.0000000000,10000.0000000000,3.0000000000,0.5000000000,7569,1626362,7790,970389535,970626492.2407994270,124598.0362311681,0.0002441878,1618793,0,0,0.0000000000,38.9460028360
0,orig_inc,1.0000000000,0.1000000000,0.8332368858,0.0667631142,150.0000000000,0.2000000000,2000,1.0000000000,10000.0000000000,3.0000000000,0.5000000000,7569,2006229,7790,1331343297,1333528178.7682220936,171183.6185838539,0.0016411107,1998660,0,0,0.0000000000,50.4243536250
1,orig_inc,1.0000000000,0.1000000000,0.8331655334,0.0668344666,150.0000000000,0.2000000000,2000,1.0000000000,10000.0000000000,3.0000000000,0.5000000000,7569,2006277,7790,1331343012,1328876771.1186735630,170586.5187572110,0.0018524459,1998708,0,0,0.0000000000,51.0620238350
2,orig_inc,1.0000000000,0.1000000000,0.8332596501,0.0667403499,150.0000000000,0.2000000000,2000,1.0000000000,10000.0000000000,3.0000000000,0.5000000000,7569,2006274,7790,1331343167,1329970107.0774281025,170726.8699714285,0.0010313343,1998705,0,0,0.0000000000,50.3301990240
3,orig_inc,1.0000000000,0.1000000000,0.8332495109,0.0667504891,150.0000000000,0.2000000000,2000,1.0000000000,10000.0000000000,3.0000000000,0.5000000000,7569,2006278,7790,1331342984,1334479779.0811061859,171305.7752350586,0.0023561134,1998709,0,0,0.0000000000,49.6336009110
4,orig_inc,1.0000000000,0.1000000000,0.8341005827,0.0658994173,150.0000000000,0.2000000000,2000,1.0000000000,10000.0000000000,3.0000000000,0.5000000000,7569,2006202,7790,1331343080,1330399236.8440699577,170781.9572328716,0.0007089406,1998633,0,0,0.0000000000,49.9826460180
0,orig_dec,1.0000000000,0.1000000000,0.7281097258,0.1718902742,150.0000000000,0.0300000000,300,1.0000000000,10000.0000000000,3.0000000000,0.5000000000,7569,7557,7790,7757,56068.3343386918,6.1974755249,6.2280951835,12,0,0,0.0000000000,3.4505947560
1,orig_dec,1.0000000000,0.1000000000,0.7269376252,0.1730623748,150.0000000000,0.0300000000,300,1.0000000000,10000.0000000000,3.0000000000,0.5000000000,7569,7564,7790,7766,-75453.8740180422,10.6859915299,10.7159250603,5,0,0,0.0000000000,3.4715551570
2,orig_dec,1.0000000000,0.1000000000,0.7400120221,0.1599879779,150.0000000000,0.0300000000,300,1.0000000000,10000.0000000000,3.0000000000,0.5000000000,7569,7561,7790,7771,-201289.7347378343,26.8395038174,26.9026810884,8,0,0,0.0000000000,3.4617424560
3,orig_dec,1.0000000000,0.1000000000,0.7412838034,0.1587161966,150.0000000000,0.0300000000,300,1.0000000000,10000.0000000000,3.0000000000,0.5000000000,7569,7563,7790,7772,-60774.6436970953,8.8016230677,8.8196916749,6,0,0,0.0000000000,3.5188803570
4,orig_dec,1.0000000000,0.1000000000,0.7413044272,0.1586955728,150.0000000000,0.0300000000,300,1.0000000000,10000.0000000000,3.0000000000,0.5000000000,7569,7562,7790,7770,-17539.9827085637,3.2516024016,3.2573980320,7,0,0,0.0000000000,3.4558035560
0,orig_dec,1.0000000000,0.1000000000,0.7452564837,0.1547435163,150.0000000000,0.0500000000,500,1.0000000000,10000.0000000000,3.0000000000,0.5000000000,7569,7546,7790,7720,138913.2884778772,16.8322578277,16.9939492847,23,0,0,0.0000000000,3.4205767560
1,orig_dec,1.0000000000,0.1000000000,0.7430391602,0.1569608398,150.0000000000,0.0500000000,500,1.0000000000,10000.0000000000,3.0000000000,0.5000000000,7569,7549,7790,7741,-121079.6087144843,16.5429536219,16.6413394541,20,0,0,0.0000000000,3.5831313580
2,orig_dec,1.0000000000,0.1000000000,0.7306147020,0.1693852980,150.0000000000,0.0500000000,500,1.0000000000,10000.0000000000,3.0000000000,0.5000000000,7569,7547,7790,7749,-113015.6165494019,15.5077813285,15.5845420763,22,0,0,0.0000000000,3.5604373580
3,orig_dec,1.0000000000,0.1000000000,0.7510582365,0.1489417635,150.0000000000,0.0500000000,500,1.0000000000,10000.0000000000,3.0000000000,0.5000000000,7569,7553,7790,7723,-37298.9692021800,5.7880576640,5.8295959086,16,0,0,0.0000000000,3.5632698590
4,orig_dec,1.0000000000,0.1000000000,0.7481555991,0.1518444009,150.0000000000,0.0500000000,500,1.0000000000,10000.0000000000,3.0000000000,0.5000000000,7569,7535,7790,7676,-243607.2661345505,32.2717928286,32.7362253953,34,0,0,0.0000000000,3.5710420580
0,orig_dec,1.0000000000,0.1000000000,0.7320638092,0.1679361908,150.0000000000,0.0800000000,800,1.0000000000,10000.0000000000,3.0000000000,0.5000000000,7569,7509,7790,7567,-65052.8446109921,9.3508144558,9.5969135207,60,0,0,0.0000000000,3.5683288590
1,orig_dec,1.0000000000,0.1000000000,0.7420474576,0.1579525424,150.0000000000,0.0800000000,800,1.0000000000,10000.0000000000,3.0000000000,0.5000000000,7569,7517,7790,7676,-45114.0903641141,6.7912824601,6.8772916055,52,0,0,0.0000000000,3.5575337580
2,orig_dec,1.0000000000,0.1000000000,0.7411419312,0.1588580688,150.0000000000,0.0800000000,800,1.0000000000,10000.0000000000,3.0000000000,0.5000000000,7569,7520,7790,7680,-240207.3008057915,31.8353402832,32.2769922924,49,0,0,0.0000000000,3.5851580580
3,orig_dec,1.0000000000,0.1000000000,0.7350681488,0.1649318512,150.0000000000,0.0800000000,800,1.0000000000,10000.0000000000,3.0000000000,0.5000000000,7569,7523,7790,7632,-92525.7929271817,12.8775087198,13.1234005408,46,0,0,0.0000000000,3.5787366580
4,orig_dec,1.0000000000,0.1000000000,0.7391059595,0.1608940405,150.0000000000,0.0800000000,800,1.0000000000,10000.0000000000,3.0000000000,0.5000000000,7569,7499,7790,7597,-133164.3602186113,18.0942696044,18.5285455073,70,0,0,0.0000000000,3.4867279570
0,orig_dec,1.0000000000,0.1000000000,0.7363261859,0.1636738141,150.0000000000,0.1000000000,1000,1.0000000000,10000.0000000000,3.0000000000,0.5000000000,7569,7474,7790,7509,-40733.9996424344,6.2290115074,6.4246903239,95,0,0,0.0000000000,3.5106698570
1,orig_dec,1.0000000000,0.1000000000,0.7422677740,0.1577322260,150.0000000000,0.1000000000,1000,1.0000000000,10000.0000000000,3.0000000000,0.5000000000,7569,7498,7790,7659,44949.9018382954,4.7702056275,4.8688995741,71,0,0,0.0000000000,3.5243170570
2,orig_dec,1.0000000000,0.1000000000,0.7359363404,0.1640636596,150.0000000000,0.1000000000,1000,1.0000000000,10000.0000000000,3.0000000000,0.5000000000,7569,7489,7790,7609,-18438.6429747577,3.3669631547,3.4232675746,80,0,0,0.0000000000,3.5422595580
3,orig_dec,1.0000000000,0.1000000000,0.7425735981,0.1574264019,150.0000000000,0.1000000000,1000,1.0000000000,10000.0000000000,3.0000000000,0.5000000000,7569,7504,7790,7591,7337.8240185492,0.0580456972,0.0333521251,65,0,0,0.0000000000,3.4760021570
4,orig_dec,1.0000000000,0.1000000000,0.7355211678,0.1644788322,150.0000000000,0.1000000000,1000,1.0000000000,10000.0000000000,3.0000000000,0.5000000000,7569,7469,7790,7535,-80910.1420878932,11.3864110511,11.7379087044,100,0,0,0.0000000000,3.4023243550
0,orig_dec,1.0000000000,0.1000000000,0.7282712236,0.1717287764,150.0000000000,0.1300000000,1300,1.0000000000,10000.0000000000,3.0000000000,0.5000000000,7569,7413,7790,7299,88902.2138046215,10.4123509377,11.1800539532,156,0,0,0.0000000000,3.4943788560
1,orig_dec,1.0000000000,0.1000000000,0.7506690253,0.1493309747,150.0000000000,0.1300000000,1300,1.0000000000,10000.0000000000,3.0000000000,0.5000000000,7569,7462,7790,7610,38861.8868396416,3.9886889396,4.1066868383,107,0,0,0.0000000000,3.6456077590
2,orig_dec,1.0000000000,0.1000000000,0.7438695992,0.1561304008,150.0000000000,0.1300000000,1300,1.0000000000,10000.0000000000,3.0000000000,0.5000000000,7569,7429,7790,7460,-141507.4296825910,19.1652669682,19.9688243542,140,0,0,0.0000000000,3.6057672590
3,orig_dec,1.0000000000,0.1000000000,0.7497752364,0.1502247636,150.0000000000,0.1300000000,1300,1.0000000000,10000.0000000000,3.0000000000,0.5000000000,7569,7471,7790,7538,121985.6880619336,14.6592667602,15.1827657286,98,0,0,0.0000000000,3.5111774580
4,orig_dec,1.0000000000,0.1000000000,0.7529349918,0.1470650082,150.0000000000,0.1300000000,1300,1.0000000000,10000.0000000000,3.0000000000,0.5000000000,7569,7407,7790,7331,72691.6902699536,8.3314108177,8.9156582008,162,0,0,0.0000000000,3.4522387560
0,orig_dec,1.0000000000,0.1000000000,0.7378104897,0.1621895103,150.0000000000,0.1500000000,1500,1.0000000000,10000.0000000000,3.0000000000,0.5000000000,7569,7366,7790,7176,1813.8086586521,0.7671619180,0.7472395961,203,0,0,0.0000000000,3.4626687570
1,orig_dec,1.0000000000,0.1000000000,0.7299904766,0.1700095234,150.0000000000,0.1500000000,1500,1.0000000000,10000.0000000000,3.0000000000,0.5000000000,7569,7420,7790,7507,-103279.1352782741,14.2579121025,14.7577108403,149,0,0,0.0000000000,3.5231557580
2,orig_dec,1.0000000000,0.1000000000,0.7337356622,0.1662643378,150.0000000000,0.1500000000,1500,1.0000000000,10000.0000000000,3.0000000000,0.5000000000,7569,7386,7790,7363,85387.3343107534,9.9611468948,10.5968130260,183,0,0,0.0000000000,3.5809604590
3,orig_dec,1.0000000000,0.1000000000,0.7294615493,0.1705384507,150.0000000000,0.1500000000,1500,1.0000000000,10000.0000000000,3.0000000000,0.5000000000,7569,7420,7790,7402,-27529.2235898633,4.5339183042,4.7191601716,149,0,0,0.0000000000,3.5120059570
4,orig_dec,1.0000000000,0.1000000000,0.7425389162,0.1574610838,150.0000000000,0.1500000000,1500,1.0000000000,10000.0000000000,3.0000000000,0.5000000000,7569,7348,7790,7139,19720.5480458269,1.5315209301,1.7623684054,221,0,0,0.0000000000,3.4518647570
0,orig_dec,1.0000000000,0.1000000000,0.7326115983,0.1673884017,150.0000000000,0.1800000000,1800,1.0000000000,10000.0000000000,3.0000000000,0.5000000000,7569,7295,7790,7023,78529.7978374528,9.0808469624,10.1818023405,274,0,0,0.0000000000,3.5183297580
1,orig_dec,1.0000000000,0.1000000000,0.7397234256,0.1602765744,150.0000000000,0.1800000000,1800,1.0000000000,10000.0000000000,3.0000000000,0.5000000000,7569,7334,7790,7313,-151800.8999164176,20.4866367030,21.7576780961,235,0,0,0.0000000000,3.5312955580
2,orig_dec,1.0000000000,0.1000000000,0.7304614638,0.1695385362,150.0000000000,0.1800000000,1800,1.0000000000,10000.0000000000,3.0000000000,0.5000000000,7569,7325,7790,7223,81571.2969260056,9.4712833024,10.2932710683,244,0,0,0.0000000000,3.5561391580
3,orig_dec,1.0000000000,0.1000000000,0.7417354041,0.1582645959,150.0000000000,0.1800000000,1800,1.0000000000,10000.0000000000,3.0000000000,0.5000000000,7569,7351,7790,7266,-27380.2199858115,4.5147907556,4.7682658940,218,0,0,0.0000000000,3.6326294590
4,orig_dec,1.0000000000,0.1000000000,0.7383287705,0.1616712295,150.0000000000,0.1800000000,1800,1.0000000000,10000.0000000000,3.0000000000,0.5000000000,7569,7262,7790,6960,-2007.7792618071,1.2577380310,1.2884740319,307,0,0,0.0000000000,3.6069671600
0,orig_dec,1.0000000000,0.1000000000,0.7611910511,0.1388089489,150.0000000000,0.2000000000,2000,1.0000000000,10000.0000000000,3.0000000000,0.5000000000,7569,7229,7790,6848,145541.2792809285,17.6830910502,20.2531073716,340,0,0,0.0000000000,3.4946385580
1,orig_dec,1.0000000000,0.1000000000,0.7381148623,0.1618851377,150.0000000000,0.2000000000,2000,1.0000000000,10000.0000000000,3.0000000000,0.5000000000,7569,7277,7790,7142,-205659.6931390701,27.4004740872,29.7958125370,292,0,0,0.0000000000,3.6538130600
2,orig_dec,1.0000000000,0.1000000000,0.7377662658,0.1622337342,150.0000000000,0.2000000000,2000,1.0000000000,10000.0000000000,3.0000000000,0.5000000000,7569,7274,7790,6968,26150.5455765685,2.3569378147,2.7529485615,295,0,0,0.0000000000,3.6689367600
3,orig_dec,1.0000000000,0.1000000000,0.7297127668,0.1702872332,150.0000000000,0.2000000000,2000,1.0000000000,10000.0000000000,3.0000000000,0.5000000000,7569,7278,7790,7054,-33055.7484649091,5.2433566707,5.6860998674,291,0,0,0.0000000000,3.6273104590
4,orig_dec,1.0000000000,0.1000000000,0.7439011602,0.1560988398,150.0000000000,0.2000000000,2000,1.0000000000,10000.0000000000,3.0000000000,0.5000000000,7569,7202,7790,6833,-6369.6678534886,1.8176723817,1.9321919879,367,0,0,0.0000000000,3.6039351590
0,rr_inc,1.0000000000,0.1000000000,0.7439524484,0.1560475516,150.0000000000,0.0300000000,300,1.0000000000,10000.0000000000,3.0000000000,0.5000000000,7569,7569,7790,7790,38110.4508033795,3.8922273175,3.8922273175,0,30437,0,0.0000000000,3.5739499580
1,rr_inc,1.0000000000,0.1000000000,0.7364488409,0.1635511591,150.0000000000,0.0300000000,300,1.0000000000,10000.0000000000,3.0000000000,0.5000000000,7569,7569,7790,7790,-79999.8045849471,11.2695512946,11.2695512946,0,30236,0,0.0000000000,3.5544184580
2,rr_inc,1.0000000000,0.1000000000,0.7404953091,0.1595046909,150.0000000000,0.0300000000,300,1.0000000000,10000.0000000000,3.0000000000,0.5000000000,7569,7569,7790,7790,-191265.2886793326,25.5526686366,25.5526686366,0,30400,0,0.0000000000,3.4781421570
3,rr_inc,1.0000000000,0.1000000000,0.7361341779,0.1638658221,150.0000000000,0.0300000000,300,1.0000000000,10000.0000000000,3.0000000000,0.5000000000,7569,7569,7790,7790,-27287.4225672490,4.5028783783,4.5028783783,0,30454,0,0.0000000000,3.4802334570
4,rr_inc,1.0000000000,0.1000000000,0.7322080387,0.1677919613,150.0000000000,0.0300000000,300,1.0000000000,10000.0000000000,3.0000000000,0.5000000000,7569,7569,7790,7790,-23577.0882529831,4.0265838579,4.0265838579,0,30187,0,0.0000000000,3.4569505570
0,rr_inc,1.0000000000,0.1000000000,0.7439524484,0.1560475516,150.0000000000,0.0500000000,500,1.0000000000,10000.0000000000,3.0000000000,0.5000000000,7569,7569,7790,7790,142787.6032396067,17.3296024698,17.3296024698,0,84731,0,0.0000000000,3.4752526560
1,rr_inc,1.0000000000,0.1000000000,0.7364488409,0.1635511591,150.0000000000,0.0500000000,500,1.0000000000,10000.0000000000,3.0000000000,0.5000000000,7569,7569,7790,7790,-107922.0897768468,14.8539268006,14.8539268006,0,84380,0,0.0000000000,3.4576527560
2,rr_inc,1.0000000000,0.1000000000,0.7404953091,0.1595046909,150.0000000000,0.0500000000,500,1.0000000000,10000.0000000000,3.0000000000,0.5000000000,7569,7569,7790,7790,-109774.1286036169,15.0916724780,15.0916724780,0,84589,0,0.0000000000,3.5680327590
3,rr_inc,1.0000000000,0.1000000000,0.7361341779,0.1638658221,150.0000000000,0.0500000000,500,1.0000000000,10000.0000000000,3.0000000000,0.5000000000,7569,7569,7790,7790,-31979.2500935931,5.1051668926,5.1051668926,0,84154,0,0.0000000000,3.4573466560
4,rr_inc,1.0000000000,0.1000000000,0.7322080387,0.1677919613,150.0000000000,0.0500000000,500,1.0000000000,10000.0000000000,3.0000000000,0.5000000000,7569,7569,7790,7790,-251188.4212962077,33.2449834783,33.2449834783,0,84321,0,0.0000000000,3.4832736570
0,rr_inc,1.0000000000,0.1000000000,0.7439524484,0.1560475516,150.0000000000,0.0800000000,800,1.0000000000,10000.0000000000,3.0000000000,0.5000000000,7569,7569,7790,7790,-77366.9978649961,10.9315786733,10.9315786733,0,217077,0,0.0000000000,3.4095941560
1,rr_inc,1.0000000000,0.1000000000,0.7364488409,0.1635511591,150.0000000000,0.0800000000,800,1.0000000000,10000.0000000000,3.0000000000,0.5000000000,7569,7569,7790,7790,-70821.4377416647,10.0913270528,10.0913270528,0,215850,0,0.0000000000,3.4520928570
2,rr_inc,1.0000000000,0.1000000000,0.7404953091,0.1595046909,150.0000000000,0.0800000000,800,1.0000000000,10000.0000000000,3.0000000000,0.5000000000,7569,7569,7790,7790,-221692.0138430291,29.4585383624,29.4585383624,0,216281,0,0.0000000000,3.4717167570
3,rr_inc,1.0000000000,0.1000000000,0.7361341779,0.1638658221,150.0000000000,0.0800000000,800,1.0000000000,10000.0000000000,3.0000000000,0.5000000000,7569,7569,7790,7790,-86443.6492877651,12.0967457366,12.0967457366,0,215758,0,0.0000000000,3.4521467560
4,rr_inc,1.0000000000,0.1000000000,0.7322080387,0.1677919613,150.0000000000,0.0800000000,800,1.0000000000,10000.0000000000,3.0000000000,0.5000000000,7569,7569,7790,7790,-118188.7481419157,16.1718547037,16.1718547037,0,215937,0,0.0000000000,3.5709276590
0,rr_inc,1.0000000000,0.1000000000,0.7439524484,0.1560475516,150.0000000000,0.1000000000,1000,1.0000000000,10000.0000000000,3.0000000000,0.5000000000,7569,7569,7790,7790,-49157.4792044579,7.3103310917,7.3103310917,0,339394,0,0.0000000000,3.4180159560
1,rr_inc,1.0000000000,0.1000000000,0.7364488409,0.1635511591,150.0000000000,0.1000000000,1000,1.0000000000,10000.0000000000,3.0000000000,0.5000000000,7569,7569,7790,7790,50115.3676872032,5.4332949534,5.4332949534,0,337134,0,0.0000000000,3.4992386570
2,rr_inc,1.0000000000,0.1000000000,0.7404953091,0.1595046909,150.0000000000,0.1000000000,1000,1.0000000000,10000.0000000000,3.0000000000,0.5000000000,7569,7569,7790,7790,-31793.1502637499,5.0812773124,5.0812773124,0,337877,0,0.0000000000,3.4981663570
3,rr_inc,1.0000000000,0.1000000000,0.7361341779,0.1638658221,150.0000000000,0.1000000000,1000,1.0000000000,10000.0000000000,3.0000000000,0.5000000000,7569,7569,7790,7790,11066.4359068884,0.4205951100,0.4205951100,0,337490,0,0.0000000000,3.5191024580
4,rr_inc,1.0000000000,0.1000000000,0.7322080387,0.1677919613,150.0000000000,0.1000000000,1000,1.0000000000,10000.0000000000,3.0000000000,0.5000000000,7569,7569,7790,7790,-41914.3670417363,6.3805349219,6.3805349219,0,337440,0,0.0000000000,3.4870498570
0,rr_inc,1.0000000000,0.1000000000,0.7439524484,0.1560475516,150.0000000000,0.1300000000,1300,1.0000000000,10000.0000000000,3.0000000000,0.5000000000,7569,7569,7790,7790,111864.4811895991,13.3600104223,13.3600104223,0,573053,0,0.0000000000,3.5619229580
1,rr_inc,1.0000000000,0.1000000000,0.7364488409,0.1635511591,150.0000000000,0.1300000000,1300,1.0000000000,10000.0000000000,3.0000000000,0.5000000000,7569,7569,7790,7790,29265.4521798132,2.7567974557,2.7567974557,0,569950,0,0.0000000000,3.6603363600
2,rr_inc,1.0000000000,0.1000000000,0.7404953091,0.1595046909,150.0000000000,0.1300000000,1300,1.0000000000,10000.0000000000,3.0000000000,0.5000000000,7569,7569,7790,7790,-124730.1152294630,17.0115680654,17.0115680654,0,572023,0,0.0000000000,3.5743576580
3,rr_inc,1.0000000000,0.1000000000,0.7361341779,0.1638658221,150.0000000000,0.1300000000,1300,1.0000000000,10000.0000000000,3.0000000000,0.5000000000,7569,7569,7790,7790,116513.6298792155,13.9568202669,13.9568202669,0,570767,0,0.0000000000,3.5894934580
4,rr_inc,1.0000000000,0.1000000000,0.7322080387,0.1677919613,150.0000000000,0.1300000000,1300,1.0000000000,10000.0000000000,3.0000000000,0.5000000000,7569,7569,7790,7790,71106.8136850161,8.1279606784,8.1279606784,0,570475,0,0.0000000000,3.6392106600
0,rr_inc,1.0000000000,0.1000000000,0.7439524484,0.1560475516,150.0000000000,0.1500000000,1500,1.0000000000,10000.0000000000,3.0000000000,0.5000000000,7569,7569,7790,7790,-6442.2624885712,1.8269913336,1.8269913336,0,762504,0,0.0000000000,3.5740246590
1,rr_inc,1.0000000000,0.1000000000,0.7364488409,0.1635511591,150.0000000000,0.1500000000,1500,1.0000000000,10000.0000000000,3.0000000000,0.5000000000,7569,7569,7790,7790,-110230.7945418786,15.1502945497,15.1502945497,0,759367,0,0.0000000000,3.5782591580
2,rr_inc,1.0000000000,0.1000000000,0.7404953091,0.1595046909,150.0000000000,0.1500000000,1500,1.0000000000,10000.0000000000,3.0000000000,0.5000000000,7569,7569,7790,7790,100106.1509702421,11.8505970437,11.8505970437,0,762121,0,0.0000000000,3.5752627590
3,rr_inc,1.0000000000,0.1000000000,0.7361341779,0.1638658221,150.0000000000,0.1500000000,1500,1.0000000000,10000.0000000000,3.0000000000,0.5000000000,7569,7569,7790,7790,-21444.5763866668,3.7528339392,3.7528339392,0,760495,0,0.0000000000,3.6361953590
4,rr_inc,1.0000000000,0.1000000000,0.7322080387,0.1677919613,150.0000000000,0.1500000000,1500,1.0000000000,10000.0000000000,3.0000000000,0.5000000000,7569,7569,7790,7790,33292.1197355376,3.2736995809,3.2736995809,0,759424,0,0.0000000000,3.5796753590
0,rr_inc,1.0000000000,0.1000000000,0.7439524484,0.1560475516,150.0000000000,0.1800000000,1800,1.0000000000,10000.0000000000,3.0000000000,0.5000000000,7569,7569,7790,7790,114510.4968650057,13.6996786733,13.6996786733,0,1098267,0,0.0000000000,3.6556199600
1,rr_inc,1.0000000000,0.1000000000,0.7364488409,0.1635511591,150.0000000000,0.1800000000,1800,1.0000000000,10000.0000000000,3.0000000000,0.5000000000,7569,7569,7790,7790,-139312.3285441521,18.8834824832,18.8834824832,0,1093814,0,0.0000000000,3.6114605590
2,rr_inc,1.0000000000,0.1000000000,0.7404953091,0.1595046909,150.0000000000,0.1800000000,1800,1.0000000000,10000.0000000000,3.0000000000,0.5000000000,7569,7569,7790,7790,83440.5897785803,9.7112438740,9.7112438740,0,1096719,0,0.0000000000,3.5291938580
3,rr_inc,1.0000000000,0.1000000000,0.7361341779,0.1638658221,150.0000000000,0.1800000000,1800,1.0000000000,10000.0000000000,3.0000000000,0.5000000000,7569,7569,7790,7790,-21142.5995985581,3.7140692681,3.7140692681,0,1094691,0,0.0000000000,3.5730043580
4,rr_inc,1.0000000000,0.1000000000,0.7322080387,0.1677919613,150.0000000000,0.1800000000,1800,1.0000000000,10000.0000000000,3.0000000000,0.5000000000,7569,7569,7790,7790,18514.4921684953,1.3766998933,1.3766998933,0,1093646,0,0.0000000000,3.6372062600
0,rr_inc,1.0000000000,0.1000000000,0.7439524484,0.1560475516,150.0000000000,0.2000000000,2000,1.0000000000,10000.0000000000,3.0000000000,0.5000000000,7569,7569,7790,7790,140511.6203761489,17.0374352216,17.0374352216,0,1355788,0,0.0000000000,3.5329756570
1,rr_inc,1.0000000000,0.1000000000,0.7364488409,0.1635511591,150.0000000000,0.2000000000,2000,1.0000000000,10000.0000000000,3.0000000000,0.5000000000,7569,7569,7790,7790,-199230.4865783407,26.5751587392,26.5751587392,0,1350770,0,0.0000000000,3.7218945620
2,rr_inc,1.0000000000,0.1000000000,0.7404953091,0.1595046909,150.0000000000,0.2000000000,2000,1.0000000000,10000.0000000000,3.0000000000,0.5000000000,7569,7569,7790,7790,34867.1404830045,3.4758845293,3.4758845293,0,1353967,0,0.0000000000,3.7590399620
3,rr_inc,1.0000000000,0.1000000000,0.7361341779,0.1638658221,150.0000000000,0.2000000000,2000,1.0000000000,10000.0000000000,3.0000000000,0.5000000000,7569,7569,7790,7790,-39625.9827263018,6.0867757030,6.0867757030,0,1351553,0,0.0000000000,3.6978948600
4,rr_inc,1.0000000000,0.1000000000,0.7322080387,0.1677919613,150.0000000000,0.2000000000,2000,1.0000000000,10000.0000000000,3.0000000000,0.5000000000,7569,7569,7790,7790,-3618.4622990799,1.4645009370,1.4645009370,0,1350259,0,0.0000000000,3.7026407610
0,rr_dec,1.0000000000,0.1000000000,0.7439524484,0.1560475516,150.0000000000,0.0300000000,300,1.0000000000,10000.0000000000,3.0000000000,0.5000000000,7569,7569,7790,7790,38027.9887298999,3.8816416855,3.8816416855,0,14413,0,0.0000000000,3.4983577570
1,rr_dec,1.0000000000,0.1000000000,0.7364488409,0.1635511591,150.0000000000,0.0300000000,300,1.0000000000,10000.0000000000,3.0000000000,0.5000000000,7569,7569,7790,7790,-80050.8774476219,11.2761075029,11.2761075029,0,14614,0,0.0000000000,3.4739945570
2,rr_dec,1.0000000000,0.1000000000,0.7404953091,0.1595046909,150.0000000000,0.0300000000,300,1.0000000000,10000.0000000000,3.0000000000,0.5000000000,7569,7569,7790,7790,-191325.5168909952,25.5604001144,25.5604001144,0,14450,0,0.0000000000,3.4982120570
3,rr_dec,1.0000000000,0.1000000000,0.7361341779,0.1638658221,150.0000000000,0.0300000000,300,1.0000000000,10000.0000000000,3.0000000000,0.5000000000,7569,7569,7790,7790,-27354.6001889417,4.5115019498,4.5115019498,0,14396,0,0.0000000000,3.5027160580
4,rr_dec,1.0000000000,0.1000000000,0.7322080387,0.1677919613,150.0000000000,0.0300000000,300,1.0000000000,10000.0000000000,3.0000000000,0.5000000000,7569,7569,7790,7790,-23635.0875025387,4.0340292044,4.0340292044,0,14663,0,0.0000000000,3.5324516580
0,rr_dec,1.0000000000,0.1000000000,0.7439524484,0.1560475516,150.0000000000,0.0500000000,500,1.0000000000,10000.0000000000,3.0000000000,0.5000000000,7569,7569,7790,7790,142574.8885727901,17.3022963508,17.3022963508,0,40019,0,0.0000000000,3.5279435570
1,rr_dec,1.0000000000,0.1000000000,0.7364488409,0.1635511591,150.0000000000,0.0500000000,500,1.0000000000,10000.0000000000,3.0000000000,0.5000000000,7569,7569,7790,7790,-108057.3382835594,14.8712886115,14.8712886115,0,40370,0,0.0000000000,3.5092169570
2,rr_dec,1.0000000000,0.1000000000,0.7404953091,0.1595046909,150.0000000000,0.0500000000,500,1.0000000000,10000.0000000000,3.0000000000,0.5000000000,7569,7569,7790,7790,-109935.0508566529,15.1123300201,15.1123300201,0,40161,0,0.0000000000,3.4705750570
3,rr_dec,1.0000000000,0.1000000000,0.7361341779,0.1638658221,150.0000000000,0.0500000000,500,1.0000000000,10000.0000000000,3.0000000000,0.5000000000,7569,7569,7790,7790,-32155.2365391541,5.1277582207,5.1277582207,0,40596,0,0.0000000000,3.5168580580
4,rr_dec,1.0000000000,0.1000000000,0.7322080387,0.1677919613,150.0000000000,0.0500000000,500,1.0000000000,10000.0000000000,3.0000000000,0.5000000000,7569,7569,7790,7790,-251443.2376713042,33.2776941812,33.2776941812,0,40429,0,0.0000000000,3.4656372570
0,rr_dec,1.0000000000,0.1000000000,0.7439524484,0.1560475516,150.0000000000,0.0800000000,800,1.0000000000,10000.0000000000,3.0000000000,0.5000000000,7569,7569,7790,7790,-77941.4211723031,11.0053172237,11.0053172237,0,102523,0,0.0000000000,3.4512998560
1,rr_dec,1.0000000000,0.1000000000,0.7364488409,0.1635511591,150.0000000000,0.0800000000,800,1.0000000000,10000.0000000000,3.0000000000,0.5000000000,7569,7569,7790,7790,-71168.5440491023,10.1358849870,10.1358849870,0,103750,0,0.0000000000,3.5034511570
2,rr_dec,1.0000000000,0.1000000000,0.7404953091,0.1595046909,150.0000000000,0.0800000000,800,1.0000000000,10000.0000000000,3.0000000000,0.5000000000,7569,7569,7790,7790,-222074.0865607640,29.5075849244,29.5075849244,0,103319,0,0.0000000000,3.4915263580
3,rr_dec,1.0000000000,0.1000000000,0.7361341779,0.1638658221,150.0000000000,0.0800000000,800,1.0000000000,10000.0000000000,3.0000000000,0.5000000000,7569,7569,7790,7790,-86872.2614374378,12.1517665517,12.1517665517,0,103842,0,0.0000000000,3.4570623560
4,rr_dec,1.0000000000,0.1000000000,0.7322080387,0.1677919613,150.0000000000,0.0800000000,800,1.0000000000,10000.0000000000,3.0000000000,0.5000000000,7569,7569,7790,7790,-118703.1349289575,16.2378863837,16.2378863837,0,103663,0,0.0000000000,3.6280886600
0,rr_dec,1.0000000000,0.1000000000,0.7439524484,0.1560475516,150.0000000000,0.1000000000,1000,1.0000000000,10000.0000000000,3.0000000000,0.5000000000,7569,7569,7790,7790,-49977.4145941700,7.4155859556,7.4155859556,0,160106,0,0.0000000000,3.4790506570
1,rr_dec,1.0000000000,0.1000000000,0.7364488409,0.1635511591,150.0000000000,0.1000000000,1000,1.0000000000,10000.0000000000,3.0000000000,0.5000000000,7569,7569,7790,7790,49628.2839042868,5.3707681520,5.3707681520,0,162366,0,0.0000000000,3.5020558570
2,rr_dec,1.0000000000,0.1000000000,0.7404953091,0.1595046909,150.0000000000,0.1000000000,1000,1.0000000000,10000.0000000000,3.0000000000,0.5000000000,7569,7569,7790,7790,-32460.3659210753,5.1669275894,5.1669275894,0,161623,0,0.0000000000,3.4661684570
3,rr_dec,1.0000000000,0.1000000000,0.7361341779,0.1638658221,150.0000000000,0.1000000000,1000,1.0000000000,10000.0000000000,3.0000000000,0.5000000000,7569,7569,7790,7790,10486.4375674858,0.3461408944,0.3461408944,0,162010,0,0.0000000000,3.5438329580
4,rr_dec,1.0000000000,0.1000000000,0.7322080387,0.1677919613,150.0000000000,0.1000000000,1000,1.0000000000,10000.0000000000,3.0000000000,0.5000000000,7569,7569,7790,7790,-42641.7346796047,6.4739068908,6.4739068908,0,162060,0,0.0000000000,3.5698710580
0,rr_dec,1.0000000000,0.1000000000,0.7439524484,0.1560475516,150.0000000000,0.1300000000,1300,1.0000000000,10000.0000000000,3.0000000000,0.5000000000,7569,7569,7790,7790,110453.2552502776,13.1788517651,13.1788517651,0,271297,0,0.0000000000,3.5075411570
1,rr_dec,1.0000000000,0.1000000000,0.7364488409,0.1635511591,150.0000000000,0.1300000000,1300,1.0000000000,10000.0000000000,3.0000000000,0.5000000000,7569,7569,7790,7790,28558.9442461462,2.6661032408,2.6661032408,0,274400,0,0.0000000000,3.5029286580
2,rr_dec,1.0000000000,0.1000000000,0.7404953091,0.1595046909,150.0000000000,0.1300000000,1300,1.0000000000,10000.0000000000,3.0000000000,0.5000000000,7569,7569,7790,7790,-125880.0976458964,17.1591909687,17.1591909687,0,272327,0,0.0000000000,3.4857344570
3,rr_dec,1.0000000000,0.1000000000,0.7361341779,0.1638658221,150.0000000000,0.1300000000,1300,1.0000000000,10000.0000000000,3.0000000000,0.5000000000,7569,7569,7790,7790,115683.8443267585,13.8503009405,13.8503009405,0,273583,0,0.0000000000,3.4865809570
4,rr_dec,1.0000000000,0.1000000000,0.7322080387,0.1677919613,150.0000000000,0.1300000000,1300,1.0000000000,10000.0000000000,3.0000000000,0.5000000000,7569,7569,7790,7790,69825.1253505755,7.9634307254,7.9634307254,0,273875,0,0.0000000000,3.6165215590
0,rr_dec,1.0000000000,0.1000000000,0.7439524484,0.1560475516,150.0000000000,0.1500000000,1500,1.0000000000,10000.0000000000,3.0000000000,0.5000000000,7569,7569,7790,7790,-8250.8056910217,2.0591534905,2.0591534905,0,361746,0,0.0000000000,3.5067781580
1,rr_dec,1.0000000000,0.1000000000,0.7364488409,0.1635511591,150.0000000000,0.1500000000,1500,1.0000000000,10000.0000000000,3.0000000000,0.5000000000,7569,7569,7790,7790,-111283.4629892297,15.2854252874,15.2854252874,0,364883,0,0.0000000000,3.4832119560
2,rr_dec,1.0000000000,0.1000000000,0.7404953091,0.1595046909,150.0000000000,0.1500000000,1500,1.0000000000,10000.0000000000,3.0000000000,0.5000000000,7569,7569,7790,7790,98630.5597845074,11.6611758388,11.6611758388,0,362129,0,0.0000000000,3.4849923570
3,rr_dec,1.0000000000,0.1000000000,0.7361341779,0.1638658221,150.0000000000,0.1500000000,1500,1.0000000000,10000.0000000000,3.0000000000,0.5000000000,7569,7569,7790,7790,-22694.4586156241,3.9132809519,3.9132809519,0,363755,0,0.0000000000,3.5589957570
4,rr_dec,1.0000000000,0.1000000000,0.7322080387,0.1677919613,150.0000000000,0.1500000000,1500,1.0000000000,10000.0000000000,3.0000000000,0.5000000000,7569,7569,7790,7790,31472.2744298114,3.0400865764,3.0400865764,0,364826,0,0.0000000000,3.5446840580
0,rr_dec,1.0000000000,0.1000000000,0.7439524484,0.1560475516,150.0000000000,0.1800000000,1800,1.0000000000,10000.0000000000,3.0000000000,0.5000000000,7569,7569,7790,7790,112140.6493214834,13.3954620438,13.3954620438,0,520833,0,0.0000000000,3.5668393580
1,rr_dec,1.0000000000,0.1000000000,0.7364488409,0.1635511591,150.0000000000,0.1800000000,1800,1.0000000000,10000.0000000000,3.0000000000,0.5000000000,7569,7569,7790,7790,-140995.8414249114,19.0995945346,19.0995945346,0,525286,0,0.0000000000,3.5414370580
2,rr_dec,1.0000000000,0.1000000000,0.7404953091,0.1595046909,150.0000000000,0.1800000000,1800,1.0000000000,10000.0000000000,3.0000000000,0.5000000000,7569,7569,7790,7790,81478.4675705083,9.4593668255,9.4593668255,0,522381,0,0.0000000000,3.5774061590
3,rr_dec,1.0000000000,0.1000000000,0.7361341779,0.1638658221,150.0000000000,0.1800000000,1800,1.0000000000,10000.0000000000,3.0000000000,0.5000000000,7569,7569,7790,7790,-22905.3025452255,3.9403469249,3.9403469249,0,524409,0,0.0000000000,3.5205947570
4,rr_dec,1.0000000000,0.1000000000,0.7322080387,0.1677919613,150.0000000000,0.1800000000,1800,1.0000000000,10000.0000000000,3.0000000000,0.5000000000,7569,7569,7790,7790,16010.0655565398,1.0552073885,1.0552073885,0,525454,0,0.0000000000,3.5846625590
0,rr_dec,1.0000000000,0.1000000000,0.7439524484,0.1560475516,150.0000000000,0.2000000000,2000,1.0000000000,10000.0000000000,3.0000000000,0.5000000000,7569,7569,7790,7790,137594.5245268072,16.6629684887,16.6629684887,0,643212,0,0.0000000000,3.5835257580
1,rr_dec,1.0000000000,0.1000000000,0.7364488409,0.1635511591,150.0000000000,0.2000000000,2000,1.0000000000,10000.0000000000,3.0000000000,0.5000000000,7569,7569,7790,7790,-201430.4028483670,26.8575613413,26.8575613413,0,648230,0,0.0000000000,3.4970190580
2,rr_dec,1.0000000000,0.1000000000,0.7404953091,0.1595046909,150.0000000000,0.2000000000,2000,1.0000000000,10000.0000000000,3.0000000000,0.5000000000,7569,7569,7790,7790,32323.4396060652,3.1493503987,3.1493503987,0,645033,0,0.0000000000,3.5387554570
3,rr_dec,1.0000000000,0.1000000000,0.7361341779,0.1638658221,150.0000000000,0.2000000000,2000,1.0000000000,10000.0000000000,3.0000000000,0.5000000000,7569,7569,7790,7790,-41966.7916850002,6.3872646579,6.3872646579,0,647447,0,0.0000000000,3.6292257600
4,rr_dec,1.0000000000,0.1000000000,0.7322080387,0.1677919613,150.0000000000,0.2000000000,2000,1.0000000000,10000.0000000000,3.0000000000,0.5000000000,7569,7569,7790,7790,-6522.2280063359,1.8372564835,1.8372564835,0,648741,0,0.0000000000,3.5209967580
0,lap_fixed_inc,1.0000000000,0.1000000000,0.7439524484,0.1560475516,150.0000000000,0.0300000000,300,1.0000000000,10000.0000000000,3.0000000000,0.5000000000,7569,7569,7790,7790,1044197.4740529613,133.0433214445,133.0433214445,0,0,300,3000000.0000000000,3.4352142560
1,lap_fixed_inc,1.0000000000,0.1000000000,0.7364488409,0.1635511591,150.0000000000,0.0300000000,300,1.0000000000,10000.0000000000,3.0000000000,0.5000000000,7569,7569,7790,7790,792222.5304562560,100.6973723307,100.6973723307,0,0,300,3000000.0000000000,3.4688010570
2,lap_fixed_inc,1.0000000000,0.1000000000,0.7404953091,0.1595046909,150.0000000000,0.0300000000,300,1.0000000000,10000.0000000000,3.0000000000,0.5000000000,7569,7569,7790,7790,1141339.5054041364,145.5134153279,145.5134153279,0,0,300,3000000.0000000000,3.4457006560
3,lap_fixed_inc,1.0000000000,0.1000000000,0.7361341779,0.1638658221,150.0000000000,0.0300000000,300,1.0000000000,10000.0000000000,3.0000000000,0.5000000000,7569,7569,7790,7790,843168.1383283618,107.2372449715,107.2372449715,0,0,300,3000000.0000000000,3.4687733570
4,lap_fixed_inc,1.0000000000,0.1000000000,0.7322080387,0.1677919613,150.0000000000,0.0300000000,300,1.0000000000,10000.0000000000,3.0000000000,0.5000000000,7569,7569,7790,7790,972978.6546366257,123.9009826234,123.9009826234,0,0,300,3000000.0000000000,3.4940015570
0,lap_fixed_inc,1.0000000000,0.1000000000,0.7439524484,0.1560475516,150.0000000000,0.0500000000,500,1.0000000000,10000.0000000000,3.0000000000,0.5000000000,7569,7569,7790,7790,1705769.7525904367,217.9691595110,217.9691595110,0,0,500,5000000.0000000000,3.5527709580
1,lap_fixed_inc,1.0000000000,0.1000000000,0.7364488409,0.1635511591,150.0000000000,0.0500000000,500,1.0000000000,10000.0000000000,3.0000000000,0.5000000000,7569,7569,7790,7790,1473262.2557439879,188.1222407887,188.1222407887,0,0,500,5000000.0000000000,3.5656270580
2,lap_fixed_inc,1.0000000000,0.1000000000,0.7404953091,0.1595046909,150.0000000000,0.0500000000,500,1.0000000000,10000.0000000000,3.0000000000,0.5000000000,7569,7569,7790,7790,1785030.8622256217,228.1438847530,228.1438847530,0,0,500,5000000.0000000000,3.5280018580
3,lap_fixed_inc,1.0000000000,0.1000000000,0.7361341779,0.1638658221,150.0000000000,0.0500000000,500,1.0000000000,10000.0000000000,3.0000000000,0.5000000000,7569,7569,7790,7790,1473993.8913646762,188.2161606373,188.2161606373,0,0,500,5000000.0000000000,3.5524162580
4,lap_fixed_inc,1.0000000000,0.1000000000,0.7322080387,0.1677919613,150.0000000000,0.0500000000,500,1.0000000000,10000.0000000000,3.0000000000,0.5000000000,7569,7569,7790,7790,1629678.4066762661,208.2013359020,208.2013359020,0,0,500,5000000.0000000000,3.4943372570
0,lap_fixed_inc,1.0000000000,0.1000000000,0.7439524484,0.1560475516,150.0000000000,0.0800000000,800,1.0000000000,10000.0000000000,3.0000000000,0.5000000000,7569,7569,7790,7790,2721908.9532842361,348.4106486886,348.4106486886,0,0,800,8000000.0000000000,3.4676459570
1,lap_fixed_inc,1.0000000000,0.1000000000,0.7364488409,0.1635511591,150.0000000000,0.0800000000,800,1.0000000000,10000.0000000000,3.0000000000,0.5000000000,7569,7569,7790,7790,2458412.6306601134,314.5857035507,314.5857035507,0,0,800,8000000.0000000000,3.5076127580
2,lap_fixed_inc,1.0000000000,0.1000000000,0.7404953091,0.1595046909,150.0000000000,0.0800000000,800,1.0000000000,10000.0000000000,3.0000000000,0.5000000000,7569,7569,7790,7790,2785396.1147929956,356.5604768669,356.5604768669,0,0,800,8000000.0000000000,3.5410697580
3,lap_fixed_inc,1.0000000000,0.1000000000,0.7361341779,0.1638658221,150.0000000000,0.0800000000,800,1.0000000000,10000.0000000000,3.0000000000,0.5000000000,7569,7569,7790,7790,2496944.1438510129,319.5319825226,319.5319825226,0,0,800,8000000.0000000000,3.4621092560
4,lap_fixed_inc,1.0000000000,0.1000000000,0.7322080387,0.1677919613,150.0000000000,0.0800000000,800,1.0000000000,10000.0000000000,3.0000000000,0.5000000000,7569,7569,7790,7790,2656021.9939339040,339.9527591699,339.9527591699,0,0,800,8000000.0000000000,3.4456707560
0,lap_fixed_inc,1.0000000000,0.1000000000,0.7439524484,0.1560475516,150.0000000000,0.1000000000,1000,1.0000000000,10000.0000000000,3.0000000000,0.5000000000,7569,7569,7790,7790,3428042.6877130368,439.0568276910,439.0568276910,0,0,1000,10000000.0000000000,3.4272307560
1,lap_fixed_inc,1.0000000000,0.1000000000,0.7364488409,0.1635511591,150.0000000000,0.1000000000,1000,1.0000000000,10000.0000000000,3.0000000000,0.5000000000,7569,7569,7790,7790,3155213.6082319152,404.0338393109,404.0338393109,0,0,1000,10000000.0000000000,3.4366692560
2,lap_fixed_inc,1.0000000000,0.1000000000,0.7404953091,0.1595046909,150.0000000000,0.1000000000,1000,1.0000000000,10000.0000000000,3.0000000000,0.5000000000,7569,7569,7790,7790,3462247.0943310931,443.4476372697,443.4476372697,0,0,1000,10000000.0000000000,3.4554501570
3,lap_fixed_inc,1.0000000000,0.1000000000,0.7361341779,0.1638658221,150.0000000000,0.1000000000,1000,1.0000000000,10000.0000000000,3.0000000000,0.5000000000,7569,7569,7790,7790,3146358.4917244096,402.8971106193,402.8971106193,0,0,1000,10000000.0000000000,3.5094366570
4,lap_fixed_inc,1.0000000000,0.1000000000,0.7322080387,0.1677919613,150.0000000000,0.1000000000,1000,1.0000000000,10000.0000000000,3.0000000000,0.5000000000,7569,7569,7790,7790,3366821.3582087527,431.1978636982,431.1978636982,0,0,1000,10000000.0000000000,3.5034376580
0,lap_fixed_inc,1.0000000000,0.1000000000,0.7439524484,0.1560475516,150.0000000000,0.1300000000,1300,1.0000000000,10000.0000000000,3.0000000000,0.5000000000,7569,7569,7790,7790,4355332.3712486038,558.0927305839,558.0927305839,0,0,1300,13000000.0000000000,3.5725085590
1,lap_fixed_inc,1.0000000000,0.1000000000,0.7364488409,0.1635511591,150.0000000000,0.1300000000,1300,1.0000000000,10000.0000000000,3.0000000000,0.5000000000,7569,7569,7790,7790,4179190.5969551336,535.4814630238,535.4814630238,0,0,1300,13000000.0000000000,3.6526272600
2,lap_fixed_inc,1.0000000000,0.1000000000,0.7404953091,0.1595046909,150.0000000000,0.1300000000,1300,1.0000000000,10000.0000000000,3.0000000000,0.5000000000,7569,7569,7790,7790,4454142.1614506710,570.7769141785,570.7769141785,0,0,1300,13000000.0000000000,3.7383918610
3,lap_fixed_inc,1.0000000000,0.1000000000,0.7361341779,0.1638658221,150.0000000000,0.1300000000,1300,1.0000000000,10000.0000000000,3.0000000000,0.5000000000,7569,7569,7790,7790,4123702.0658694380,528.3584166713,528.3584166713,0,0,1300,13000000.0000000000,3.5494540580
4,lap_fixed_inc,1.0000000000,0.1000000000,0.7322080387,0.1677919613,150.0000000000,0.1300000000,1300,1.0000000000,10000.0000000000,3.0000000000,0.5000000000,7569,7569,7790,7790,4355059.8495970871,558.0577470600,558.0577470600,0,0,1300,13000000.0000000000,3.6459187600
0,lap_fixed_inc,1.0000000000,0.1000000000,0.7439524484,0.1560475516,150.0000000000,0.1500000000,1500,1.0000000000,10000.0000000000,3.0000000000,0.5000000000,7569,7569,7790,7790,5099416.9277782096,653.6106454144,653.6106454144,0,0,1500,15000000.0000000000,3.5964737590
1,lap_fixed_inc,1.0000000000,0.1000000000,0.7364488409,0.1635511591,150.0000000000,0.1500000000,1500,1.0000000000,10000.0000000000,3.0000000000,0.5000000000,7569,7569,7790,7790,4815338.3562713983,617.1435630644,617.1435630644,0,0,1500,15000000.0000000000,3.5032965570
2,lap_fixed_inc,1.0000000000,0.1000000000,0.7404953091,0.1595046909,150.0000000000,0.1500000000,1500,1.0000000000,10000.0000000000,3.0000000000,0.5000000000,7569,7569,7790,7790,5161369.8791861767,661.5635274950,661.5635274950,0,0,1500,15000000.0000000000,3.5243304570
3,lap_fixed_inc,1.0000000000,0.1000000000,0.7361341779,0.1638658221,150.0000000000,0.1500000000,1500,1.0000000000,10000.0000000000,3.0000000000,0.5000000000,7569,7569,7790,7790,4842294.1593432063,620.6038715460,620.6038715460,0,0,1500,15000000.0000000000,3.6092776590
4,lap_fixed_inc,1.0000000000,0.1000000000,0.7322080387,0.1677919613,150.0000000000,0.1500000000,1500,1.0000000000,10000.0000000000,3.0000000000,0.5000000000,7569,7569,7790,7790,4984684.3959082710,638.8824641731,638.8824641731,0,0,1500,15000000.0000000000,3.5943840590
0,lap_fixed_inc,1.0000000000,0.1000000000,0.7439524484,0.1560475516,150.0000000000,0.1800000000,1800,1.0000000000,10000.0000000000,3.0000000000,0.5000000000,7569,7569,7790,7790,6090750.7544798553,780.8678760565,780.8678760565,0,0,1800,18000000.0000000000,3.4177708560
1,lap_fixed_inc,1.0000000000,0.1000000000,0.7364488409,0.1635511591,150.0000000000,0.1800000000,1800,1.0000000000,10000.0000000000,3.0000000000,0.5000000000,7569,7569,7790,7790,5874569.8909145137,753.1168024281,753.1168024281,0,0,1800,18000000.0000000000,3.4848580570
2,lap_fixed_inc,1.0000000000,0.1000000000,0.7404953091,0.1595046909,150.0000000000,0.1800000000,1800,1.0000000000,10000.0000000000,3.0000000000,0.5000000000,7569,7569,7790,7790,6098596.3928396525,781.8750183363,781.8750183363,0,0,1800,18000000.0000000000,3.5188058570
3,lap_fixed_inc,1.0000000000,0.1000000000,0.7361341779,0.1638658221,150.0000000000,0.1800000000,1800,1.0000000000,10000.0000000000,3.0000000000,0.5000000000,7569,7569,7790,7790,5754280.0360623738,737.6752292763,737.6752292763,0,0,1800,18000000.0000000000,3.3955477560
4,lap_fixed_inc,1.0000000000,0.1000000000,0.7322080387,0.1677919613,150.0000000000,0.1800000000,1800,1.0000000000,10000.0000000000,3.0000000000,0.5000000000,7569,7569,7790,7790,6045797.3042876543,775.0972149278,775.0972149278,0,0,1800,18000000.0000000000,3.5032489570
0,lap_fixed_inc,1.0000000000,0.1000000000,0.7439524484,0.1560475516,150.0000000000,0.2000000000,2000,1.0000000000,10000.0000000000,3.0000000000,0.5000000000,7569,7569,7790,7790,6653643.0527190035,853.1261941873,853.1261941873,0,0,2000,20000000.0000000000,3.6276266590
1,lap_fixed_inc,1.0000000000,0.1000000000,0.7364488409,0.1635511591,150.0000000000,0.2000000000,2000,1.0000000000,10000.0000000000,3.0000000000,0.5000000000,7569,7569,7790,7790,6514075.2975983201,835.2099226699,835.2099226699,0,0,2000,20000000.0000000000,3.5596866590
2,lap_fixed_inc,1.0000000000,0.1000000000,0.7404953091,0.1595046909,150.0000000000,0.2000000000,2000,1.0000000000,10000.0000000000,3.0000000000,0.5000000000,7569,7569,7790,7790,6788876.4439100847,870.4860646868,870.4860646868,0,0,2000,20000000.0000000000,3.5806530580
3,lap_fixed_inc,1.0000000000,0.1000000000,0.7361341779,0.1638658221,150.0000000000,0.2000000000,2000,1.0000000000,10000.0000000000,3.0000000000,0.5000000000,7569,7569,7790,7790,6490582.1159971580,832.1941098841,832.1941098841,0,0,2000,20000000.0000000000,3.5589579590
4,lap_fixed_inc,1.0000000000,0.1000000000,0.7322080387,0.1677919613,150.0000000000,0.2000000000,2000,1.0000000000,10000.0000000000,3.0000000000,0.5000000000,7569,7569,7790,7790,6656084.7962084627,853.4396400781,853.4396400781,0,0,2000,20000000.0000000000,3.4235380560
0,lap_fixed_dec,1.0000000000,0.1000000000,0.7439524484,0.1560475516,150.0000000000,0.0300000000,300,1.0000000000,10000.0000000000,3.0000000000,0.5000000000,7569,7569,7790,7790,-955802.5259470390,123.6960880548,123.6960880548,0,0,300,-3000000.0000000000,3.4301271560
1,lap_fixed_dec,1.0000000000,0.1000000000,0.7364488409,0.1635511591,150.0000000000,0.0300000000,300,1.0000000000,10000.0000000000,3.0000000000,0.5000000000,7569,7569,7790,7790,-1207777.4695437453,156.0420371686,156.0420371686,0,0,300,-3000000.0000000000,3.4374114560
2,lap_fixed_dec,1.0000000000,0.1000000000,0.7404953091,0.1595046909,150.0000000000,0.0300000000,300,1.0000000000,10000.0000000000,3.0000000000,0.5000000000,7569,7569,7790,7790,-858660.4945958639,111.2259941715,111.2259941715,0,0,300,-3000000.0000000000,3.4759884560
3,lap_fixed_dec,1.0000000000,0.1000000000,0.7361341779,0.1638658221,150.0000000000,0.0300000000,300,1.0000000000,10000.0000000000,3.0000000000,0.5000000000,7569,7569,7790,7790,-1156831.8616716370,149.5021645278,149.5021645278,0,0,300,-3000000.0000000000,3.4554467570
4,lap_fixed_dec,1.0000000000,0.1000000000,0.7322080387,0.1677919613,150.0000000000,0.0300000000,300,1.0000000000,10000.0000000000,3.0000000000,0.5000000000,7569,7569,7790,7790,-1027021.3453633753,132.8384268759,132.8384268759,0,0,300,-3000000.0000000000,3.5062768570
0,lap_fixed_dec,1.0000000000,0.1000000000,0.7439524484,0.1560475516,150.0000000000,0.0500000000,500,1.0000000000,10000.0000000000,3.0000000000,0.5000000000,7569,7569,7790,7790,-1627563.5807428968,209.9298563213,209.9298563213,0,0,500,-5000000.0000000000,3.3492145550
1,lap_fixed_dec,1.0000000000,0.1000000000,0.7364488409,0.1635511591,150.0000000000,0.0500000000,500,1.0000000000,10000.0000000000,3.0000000000,0.5000000000,7569,7569,7790,7790,-1860071.0775893556,239.7767750436,239.7767750436,0,0,500,-5000000.0000000000,3.3916078550
2,lap_fixed_dec,1.0000000000,0.1000000000,0.7404953091,0.1595046909,150.0000000000,0.0500000000,500,1.0000000000,10000.0000000000,3.0000000000,0.5000000000,7569,7569,7790,7790,-1548302.4711077092,199.7551310793,199.7551310793,0,0,500,-5000000.0000000000,3.4877776570
3,lap_fixed_dec,1.0000000000,0.1000000000,0.7361341779,0.1638658221,150.0000000000,0.0500000000,500,1.0000000000,10000.0000000000,3.0000000000,0.5000000000,7569,7569,7790,7790,-1859339.4419686634,239.6828551950,239.6828551950,0,0,500,-5000000.0000000000,3.5499941580
4,lap_fixed_dec,1.0000000000,0.1000000000,0.7322080387,0.1677919613,150.0000000000,0.0500000000,500,1.0000000000,10000.0000000000,3.0000000000,0.5000000000,7569,7569,7790,7790,-1703654.9266570697,219.6976799303,219.6976799303,0,0,500,-5000000.0000000000,3.4961472580
0,lap_fixed_dec,1.0000000000,0.1000000000,0.7439524484,0.1560475516,150.0000000000,0.0800000000,800,1.0000000000,10000.0000000000,3.0000000000,0.5000000000,7569,7569,7790,7790,-2611424.3800490969,336.2277766430,336.2277766430,0,0,800,-8000000.0000000000,3.4716630570
1,lap_fixed_dec,1.0000000000,0.1000000000,0.7364488409,0.1635511591,150.0000000000,0.0800000000,800,1.0000000000,10000.0000000000,3.0000000000,0.5000000000,7569,7569,7790,7790,-2874920.7026732215,370.0527217809,370.0527217809,0,0,800,-8000000.0000000000,3.4263887560
2,lap_fixed_dec,1.0000000000,0.1000000000,0.7404953091,0.1595046909,150.0000000000,0.0800000000,800,1.0000000000,10000.0000000000,3.0000000000,0.5000000000,7569,7569,7790,7790,-2547937.2185403374,328.0779484647,328.0779484647,0,0,800,-8000000.0000000000,3.4788292570
3,lap_fixed_dec,1.0000000000,0.1000000000,0.7361341779,0.1638658221,150.0000000000,0.0800000000,800,1.0000000000,10000.0000000000,3.0000000000,0.5000000000,7569,7569,7790,7790,-2836389.1894823215,365.1064428090,365.1064428090,0,0,800,-8000000.0000000000,3.4301630560
4,lap_fixed_dec,1.0000000000,0.1000000000,0.7322080387,0.1677919613,150.0000000000,0.0800000000,800,1.0000000000,10000.0000000000,3.0000000000,0.5000000000,7569,7569,7790,7790,-2677311.3393994295,344.6856661617,344.6856661617,0,0,800,-8000000.0000000000,3.7786057620
0,lap_fixed_dec,1.0000000000,0.1000000000,0.7439524484,0.1560475516,150.0000000000,0.1000000000,1000,1.0000000000,10000.0000000000,3.0000000000,0.5000000000,7569,7569,7790,7790,-3238623.9789536279,416.7412039735,416.7412039735,0,0,1000,-10000000.0000000000,3.5183176580
1,lap_fixed_dec,1.0000000000,0.1000000000,0.7364488409,0.1635511591,150.0000000000,0.1000000000,1000,1.0000000000,10000.0000000000,3.0000000000,0.5000000000,7569,7569,7790,7790,-3511453.0584347565,451.7641923536,451.7641923536,0,0,1000,-10000000.0000000000,3.4580180560
2,lap_fixed_dec,1.0000000000,0.1000000000,0.7404953091,0.1595046909,150.0000000000,0.1000000000,1000,1.0000000000,10000.0000000000,3.0000000000,0.5000000000,7569,7569,7790,7790,-3204419.5723355734,412.3503943948,412.3503943948,0,0,1000,-10000000.0000000000,3.5004350580
3,lap_fixed_dec,1.0000000000,0.1000000000,0.7361341779,0.1638658221,150.0000000000,0.1000000000,1000,1.0000000000,10000.0000000000,3.0000000000,0.5000000000,7569,7569,7790,7790,-3520308.1749422555,452.9009210452,452.9009210452,0,0,1000,-10000000.0000000000,3.6260764590
4,lap_fixed_dec,1.0000000000,0.1000000000,0.7322080387,0.1677919613,150.0000000000,0.1000000000,1000,1.0000000000,10000.0000000000,3.0000000000,0.5000000000,7569,7569,7790,7790,-3299845.3084579096,424.6001679664,424.6001679664,0,0,1000,-10000000.0000000000,3.4427036560
0,lap_fixed_dec,1.0000000000,0.1000000000,0.7439524484,0.1560475516,150.0000000000,0.1300000000,1300,1.0000000000,10000.0000000000,3.0000000000,0.5000000000,7569,7569,7790,7790,-4311334.2954180641,554.4447105800,554.4447105800,0,0,1300,-13000000.0000000000,3.4194137550
1,lap_fixed_dec,1.0000000000,0.1000000000,0.7364488409,0.1635511591,150.0000000000,0.1300000000,1300,1.0000000000,10000.0000000000,3.0000000000,0.5000000000,7569,7569,7790,7790,-4487476.0697115343,577.0559781401,577.0559781401,0,0,1300,-13000000.0000000000,3.4393647570
2,lap_fixed_dec,1.0000000000,0.1000000000,0.7404953091,0.1595046909,150.0000000000,0.1300000000,1300,1.0000000000,10000.0000000000,3.0000000000,0.5000000000,7569,7569,7790,7790,-4212524.5052159969,541.7605269854,541.7605269854,0,0,1300,-13000000.0000000000,3.4822903570
3,lap_fixed_dec,1.0000000000,0.1000000000,0.7361341779,0.1638658221,150.0000000000,0.1300000000,1300,1.0000000000,10000.0000000000,3.0000000000,0.5000000000,7569,7569,7790,7790,-4542964.6007972257,584.1790244926,584.1790244926,0,0,1300,-13000000.0000000000,3.5010645570
4,lap_fixed_dec,1.0000000000,0.1000000000,0.7322080387,0.1677919613,150.0000000000,0.1300000000,1300,1.0000000000,10000.0000000000,3.0000000000,0.5000000000,7569,7569,7790,7790,-4311606.8170695798,554.4796941039,554.4796941039,0,0,1300,-13000000.0000000000,3.5223603580
0,lap_fixed_dec,1.0000000000,0.1000000000,0.7439524484,0.1560475516,150.0000000000,0.1500000000,1500,1.0000000000,10000.0000000000,3.0000000000,0.5000000000,7569,7569,7790,7790,-4900583.0722217904,630.0864020824,630.0864020824,0,0,1500,-15000000.0000000000,3.5022159570
1,lap_fixed_dec,1.0000000000,0.1000000000,0.7364488409,0.1635511591,150.0000000000,0.1500000000,1500,1.0000000000,10000.0000000000,3.0000000000,0.5000000000,7569,7569,7790,7790,-5184661.6437285971,666.5534844324,666.5534844324,0,0,1500,-15000000.0000000000,3.4062216550
2,lap_fixed_dec,1.0000000000,0.1000000000,0.7404953091,0.1595046909,150.0000000000,0.1500000000,1500,1.0000000000,10000.0000000000,3.0000000000,0.5000000000,7569,7569,7790,7790,-4838630.1208138196,622.1335200018,622.1335200018,0,0,1500,-15000000.0000000000,3.4577464570
3,lap_fixed_dec,1.0000000000,0.1000000000,0.7361341779,0.1638658221,150.0000000000,0.1500000000,1500,1.0000000000,10000.0000000000,3.0000000000,0.5000000000,7569,7569,7790,7790,-5157705.8406567965,663.0931759508,663.0931759508,0,0,1500,-15000000.0000000000,3.5168505570
4,lap_fixed_dec,1.0000000000,0.1000000000,0.7322080387,0.1677919613,150.0000000000,0.1500000000,1500,1.0000000000,10000.0000000000,3.0000000000,0.5000000000,7569,7569,7790,7790,-5015315.6040917290,644.8145833237,644.8145833237,0,0,1500,-15000000.0000000000,3.4916203580
0,lap_fixed_dec,1.0000000000,0.1000000000,0.7439524484,0.1560475516,150.0000000000,0.1800000000,1800,1.0000000000,10000.0000000000,3.0000000000,0.5000000000,7569,7569,7790,7790,-5909249.2455201410,759.5685809397,759.5685809397,0,0,1800,-18000000.0000000000,3.4532400570
1,lap_fixed_dec,1.0000000000,0.1000000000,0.7364488409,0.1635511591,150.0000000000,0.1800000000,1800,1.0000000000,10000.0000000000,3.0000000000,0.5000000000,7569,7569,7790,7790,-6125430.1090854974,787.3196545681,787.3196545681,0,0,1800,-18000000.0000000000,3.4777958570
2,lap_fixed_dec,1.0000000000,0.1000000000,0.7404953091,0.1595046909,150.0000000000,0.1800000000,1800,1.0000000000,10000.0000000000,3.0000000000,0.5000000000,7569,7569,7790,7790,-5901403.6071603671,758.5614386599,758.5614386599,0,0,1800,-18000000.0000000000,3.3880694560
3,lap_fixed_dec,1.0000000000,0.1000000000,0.7361341779,0.1638658221,150.0000000000,0.1800000000,1800,1.0000000000,10000.0000000000,3.0000000000,0.5000000000,7569,7569,7790,7790,-6245719.9639376141,802.7612277198,802.7612277198,0,0,1800,-18000000.0000000000,3.4906053570
4,lap_fixed_dec,1.0000000000,0.1000000000,0.7322080387,0.1677919613,150.0000000000,0.1800000000,1800,1.0000000000,10000.0000000000,3.0000000000,0.5000000000,7569,7569,7790,7790,-5954202.6957123494,765.3392420683,765.3392420683,0,0,1800,-18000000.0000000000,3.4936891570
0,lap_fixed_dec,1.0000000000,0.1000000000,0.7439524484,0.1560475516,150.0000000000,0.2000000000,2000,1.0000000000,10000.0000000000,3.0000000000,0.5000000000,7569,7569,7790,7790,-6679690.2806143304,858.4698691418,858.4698691418,0,0,2000,-20000000.0000000000,3.6390782590
1,lap_fixed_dec,1.0000000000,0.1000000000,0.7364488409,0.1635511591,150.0000000000,0.2000000000,2000,1.0000000000,10000.0000000000,3.0000000000,0.5000000000,7569,7569,7790,7790,-6819258.0357350148,876.3861406592,876.3861406592,0,0,2000,-20000000.0000000000,3.6766540610
2,lap_fixed_dec,1.0000000000,0.1000000000,0.7404953091,0.1595046909,150.0000000000,0.2000000000,2000,1.0000000000,10000.0000000000,3.0000000000,0.5000000000,7569,7569,7790,7790,-6544456.8894232521,841.1099986423,841.1099986423,0,0,2000,-20000000.0000000000,3.4447817570
3,lap_fixed_dec,1.0000000000,0.1000000000,0.7361341779,0.1638658221,150.0000000000,0.2000000000,2000,1.0000000000,10000.0000000000,3.0000000000,0.5000000000,7569,7569,7790,7790,-6842751.2173361741,879.4019534450,879.4019534450,0,0,2000,-20000000.0000000000,3.5226250570
4,lap_fixed_dec,1.0000000000,0.1000000000,0.7322080387,0.1677919613,150.0000000000,0.2000000000,2000,1.0000000000,10000.0000000000,3.0000000000,0.5000000000,7569,7569,7790,7790,-6677248.5371248713,858.1564232509,858.1564232509,0,0,2000,-20000000.0000000000,3.5999993580
0,lap_scale_inc,1.0000000000,0.1000000000,0.7439524484,0.1560475516,150.0000000000,0.0300000000,300,1.0000000000,10000.0000000000,3.0000000000,0.5000000000,7569,7569,7790,7790,602339.3369583463,76.3221228445,76.3221228445,0,0,300,1674425.5887161572,3.4707921560
1,lap_scale_inc,1.0000000000,0.1000000000,0.7364488409,0.1635511591,150.0000000000,0.0300000000,300,1.0000000000,10000.0000000000,3.0000000000,0.5000000000,7569,7569,7790,7790,328041.3850740907,41.1105757476,41.1105757476,0,0,300,1607456.5638534913,3.4379399570
2,lap_scale_inc,1.0000000000,0.1000000000,0.7404953091,0.1595046909,150.0000000000,0.0300000000,300,1.0000000000,10000.0000000000,3.0000000000,0.5000000000,7569,7569,7790,7790,687087.3754639454,87.2012035255,87.2012035255,0,0,300,1637243.6101794371,3.4333978570
3,lap_scale_inc,1.0000000000,0.1000000000,0.7361341779,0.1638658221,150.0000000000,0.0300000000,300,1.0000000000,10000.0000000000,3.0000000000,0.5000000000,7569,7569,7790,7790,374830.8631688119,47.1169272360,47.1169272360,0,0,300,1594988.1745213554,3.5136978570
4,lap_scale_inc,1.0000000000,0.1000000000,0.7322080387,0.1677919613,150.0000000000,0.0300000000,300,1.0000000000,10000.0000000000,3.0000000000,0.5000000000,7569,7569,7790,7790,498211.6451818485,62.9552817948,62.9552817948,0,0,300,1575698.9716356830,3.4979174580
0,lap_scale_inc,1.0000000000,0.1000000000,0.7439524484,0.1560475516,150.0000000000,0.0500000000,500,1.0000000000,10000.0000000000,3.0000000000,0.5000000000,7569,7569,7790,7790,969987.8260622384,123.5170508424,123.5170508424,0,0,500,2792654.2204153868,3.4149146560
1,lap_scale_inc,1.0000000000,0.1000000000,0.7364488409,0.1635511591,150.0000000000,0.0500000000,500,1.0000000000,10000.0000000000,3.0000000000,0.5000000000,7569,7569,7790,7790,696048.1293084860,88.3514928509,88.3514928509,0,0,500,2668357.6206934974,3.4808837570
2,lap_scale_inc,1.0000000000,0.1000000000,0.7404953091,0.1595046909,150.0000000000,0.0500000000,500,1.0000000000,10000.0000000000,3.0000000000,0.5000000000,7569,7569,7790,7790,1025743.3102266993,130.6743658828,130.6743658828,0,0,500,2722137.3440032420,3.4897401570
3,lap_scale_inc,1.0000000000,0.1000000000,0.7361341779,0.1638658221,150.0000000000,0.0500000000,500,1.0000000000,10000.0000000000,3.0000000000,0.5000000000,7569,7569,7790,7790,692070.3350298192,87.8408645738,87.8408645738,0,0,500,2654229.3309954414,3.4431377560
4,lap_scale_inc,1.0000000000,0.1000000000,0.7322080387,0.1677919613,150.0000000000,0.0500000000,500,1.0000000000,10000.0000000000,3.0000000000,0.5000000000,7569,7569,7790,7790,837394.8455278274,106.4961290793,106.4961290793,0,0,500,2623149.3165546912,3.5600126590
0,lap_scale_inc,1.0000000000,0.1000000000,0.7439524484,0.1560475516,150.0000000000,0.0800000000,800,1.0000000000,10000.0000000000,3.0000000000,0.5000000000,7569,7569,7790,7790,1545074.8214255581,197.3407986426,197.3407986426,0,0,800,4469497.6044239784,3.5254380570
1,lap_scale_inc,1.0000000000,0.1000000000,0.7364488409,0.1635511591,150.0000000000,0.0800000000,800,1.0000000000,10000.0000000000,3.0000000000,0.5000000000,7569,7569,7790,7790,1211593.8969378287,154.5319508264,154.5319508264,0,0,800,4259543.7988331160,3.4897508570
2,lap_scale_inc,1.0000000000,0.1000000000,0.7404953091,0.1595046909,150.0000000000,0.0800000000,800,1.0000000000,10000.0000000000,3.0000000000,0.5000000000,7569,7569,7790,7790,1575735.7878883211,201.2767378547,201.2767378547,0,0,800,4371019.0192859806,3.4470847560
3,lap_scale_inc,1.0000000000,0.1000000000,0.7361341779,0.1638658221,150.0000000000,0.0800000000,800,1.0000000000,10000.0000000000,3.0000000000,0.5000000000,7569,7569,7790,7790,1249681.6150353551,159.4212599532,159.4212599532,0,0,800,4258212.4135530246,3.5454058580
4,lap_scale_inc,1.0000000000,0.1000000000,0.7322080387,0.1677919613,150.0000000000,0.0800000000,800,1.0000000000,10000.0000000000,3.0000000000,0.5000000000,7569,7569,7790,7790,1385231.7143000111,176.8217861746,176.8217861746,0,0,800,4187629.1610983703,3.4642244570
0,lap_scale_inc,1.0000000000,0.1000000000,0.7439524484,0.1560475516,150.0000000000,0.1000000000,1000,1.0000000000,10000.0000000000,3.0000000000,0.5000000000,7569,7569,7790,7790,1955158.2665176957,249.9830894118,249.9830894118,0,0,1000,5581346.7364139995,3.4858303570
1,lap_scale_inc,1.0000000000,0.1000000000,0.7364488409,0.1635511591,150.0000000000,0.1000000000,1000,1.0000000000,10000.0000000000,3.0000000000,0.5000000000,7569,7569,7790,7790,1597549.5382818088,204.0769625522,204.0769625522,0,0,1000,5327007.7901496505,3.4575384560
2,lap_scale_inc,1.0000000000,0.1000000000,0.7404953091,0.1595046909,150.0000000000,0.1000000000,1000,1.0000000000,10000.0000000000,3.0000000000,0.5000000000,7569,7569,7790,7790,1948444.6054002300,249.1212587163,249.1212587163,0,0,1000,5458592.5332074203,3.4648772570
3,lap_scale_inc,1.0000000000,0.1000000000,0.7361341779,0.1638658221,150.0000000000,0.1000000000,1000,1.0000000000,10000.0000000000,3.0000000000,0.5000000000,7569,7569,7790,7790,1583025.2978371382,202.2124900946,202.2124900946,0,0,1000,5310000.4183381665,3.4438752560
4,lap_scale_inc,1.0000000000,0.1000000000,0.7322080387,0.1677919613,150.0000000000,0.1000000000,1000,1.0000000000,10000.0000000000,3.0000000000,0.5000000000,7569,7569,7790,7790,1776370.8113396193,227.0321965776,227.0321965776,0,0,1000,5228648.3593925750,3.4859742570
0,lap_scale_inc,1.0000000000,0.1000000000,0.7439524484,0.1560475516,150.0000000000,0.1300000000,1300,1.0000000000,10000.0000000000,3.0000000000,0.5000000000,7569,7569,7790,7790,2438320.1823988552,312.0064418997,312.0064418997,0,0,1300,7248963.4334507789,3.5500505580
1,lap_scale_inc,1.0000000000,0.1000000000,0.7364488409,0.1635511591,150.0000000000,0.1300000000,1300,1.0000000000,10000.0000000000,3.0000000000,0.5000000000,7569,7569,7790,7790,2153348.1325658620,275.4246640008,275.4246640008,0,0,1300,6922472.6068322510,3.4729401570
2,lap_scale_inc,1.0000000000,0.1000000000,0.7404953091,0.1595046909,150.0000000000,0.1300000000,1300,1.0000000000,10000.0000000000,3.0000000000,0.5000000000,7569,7569,7790,7790,2480585.1953742965,317.4319891366,317.4319891366,0,0,1300,7079329.1017709030,3.4547284570
3,lap_scale_inc,1.0000000000,0.1000000000,0.7361341779,0.1638658221,150.0000000000,0.1300000000,1300,1.0000000000,10000.0000000000,3.0000000000,0.5000000000,7569,7569,7790,7790,2087504.7235714120,266.9723650284,266.9723650284,0,0,1300,6891407.9731059102,3.4816582570
4,lap_scale_inc,1.0000000000,0.1000000000,0.7322080387,0.1677919613,150.0000000000,0.1300000000,1300,1.0000000000,10000.0000000000,3.0000000000,0.5000000000,7569,7569,7790,7790,2286146.0562886489,292.4718942604,292.4718942604,0,0,1300,6793258.6200747071,3.4782364570
0,lap_scale_inc,1.0000000000,0.1000000000,0.7439524484,0.1560475516,150.0000000000,0.1500000000,1500,1.0000000000,10000.0000000000,3.0000000000,0.5000000000,7569,7569,7790,7790,2886213.0772119742,369.5023205664,369.5023205664,0,0,1500,8360388.4483012930,3.4982280570
1,lap_scale_inc,1.0000000000,0.1000000000,0.7364488409,0.1635511591,150.0000000000,0.1500000000,1500,1.0000000000,10000.0000000000,3.0000000000,0.5000000000,7569,7569,7790,7790,2481860.3057747851,317.5956746823,317.5956746823,0,0,1500,7999565.8485101825,3.4636751570
2,lap_scale_inc,1.0000000000,0.1000000000,0.7404953091,0.1595046909,150.0000000000,0.1500000000,1500,1.0000000000,10000.0000000000,3.0000000000,0.5000000000,7569,7569,7790,7790,2881192.8034702451,368.8578695084,368.8578695084,0,0,1500,8159468.7728522252,3.4783727570
3,lap_scale_inc,1.0000000000,0.1000000000,0.7361341779,0.1638658221,150.0000000000,0.1500000000,1500,1.0000000000,10000.0000000000,3.0000000000,0.5000000000,7569,7569,7790,7790,2495555.9980376754,319.3537866544,319.3537866544,0,0,1500,7959785.5160833998,3.4321269560
4,lap_scale_inc,1.0000000000,0.1000000000,0.7322080387,0.1677919613,150.0000000000,0.1500000000,1500,1.0000000000,10000.0000000000,3.0000000000,0.5000000000,7569,7569,7790,7790,2599861.2145732134,332.7434165049,332.7434165049,0,0,1500,7845530.4559948836,3.4984165570
0,lap_scale_inc,1.0000000000,0.1000000000,0.7439524484,0.1560475516,150.0000000000,0.1800000000,1800,1.0000000000,10000.0000000000,3.0000000000,0.5000000000,7569,7569,7790,7790,3438120.5773281469,440.3505234054,440.3505234054,0,0,1800,10042109.4685447775,3.4709011570
1,lap_scale_inc,1.0000000000,0.1000000000,0.7364488409,0.1635511591,150.0000000000,0.1800000000,1800,1.0000000000,10000.0000000000,3.0000000000,0.5000000000,7569,7569,7790,7790,3071677.9380768980,393.3103899970,393.3103899970,0,0,1800,9591324.1414870843,3.4668020560
2,lap_scale_inc,1.0000000000,0.1000000000,0.7404953091,0.1595046909,150.0000000000,0.1800000000,1800,1.0000000000,10000.0000000000,3.0000000000,0.5000000000,7569,7569,7790,7790,3365116.6171221281,430.9790265882,430.9790265882,0,0,1800,9799560.6728474572,3.4277917570
3,lap_scale_inc,1.0000000000,0.1000000000,0.7361341779,0.1638658221,150.0000000000,0.1800000000,1800,1.0000000000,10000.0000000000,3.0000000000,0.5000000000,7569,7569,7790,7790,2933030.2915079002,375.5122325427,375.5122325427,0,0,1800,9536250.7663365863,3.4119157550
4,lap_scale_inc,1.0000000000,0.1000000000,0.7322080387,0.1677919613,150.0000000000,0.1800000000,1800,1.0000000000,10000.0000000000,3.0000000000,0.5000000000,7569,7569,7790,7790,3183310.9816812482,407.6406908448,407.6406908448,0,0,1800,9412541.0321807545,3.4746345570
0,lap_scale_inc,1.0000000000,0.1000000000,0.7439524484,0.1560475516,150.0000000000,0.2000000000,2000,1.0000000000,10000.0000000000,3.0000000000,0.5000000000,7569,7569,7790,7790,3707370.1860262807,474.9140161780,474.9140161780,0,0,2000,11161181.3999218270,3.4800007570
1,lap_scale_inc,1.0000000000,0.1000000000,0.7364488409,0.1635511591,150.0000000000,0.2000000000,2000,1.0000000000,10000.0000000000,3.0000000000,0.5000000000,7569,7569,7790,7790,3398659.5834600013,435.2849272734,435.2849272734,0,0,2000,10653752.8575849999,3.4669303560
2,lap_scale_inc,1.0000000000,0.1000000000,0.7404953091,0.1595046909,150.0000000000,0.2000000000,2000,1.0000000000,10000.0000000000,3.0000000000,0.5000000000,7569,7569,7790,7790,3752233.2792109479,480.6730782042,480.6730782042,0,0,2000,10890070.5059026647,3.5397114580
3,lap_scale_inc,1.0000000000,0.1000000000,0.7361341779,0.1638658221,150.0000000000,0.2000000000,2000,1.0000000000,10000.0000000000,3.0000000000,0.5000000000,7569,7569,7790,7790,3358277.8777156826,430.1011396297,430.1011396297,0,0,2000,10603087.2851556111,3.4200013560
4,lap_scale_inc,1.0000000000,0.1000000000,0.7322080387,0.1677919613,150.0000000000,0.2000000000,2000,1.0000000000,10000.0000000000,3.0000000000,0.5000000000,7569,7569,7790,7790,3474241.5794651532,444.9873657850,444.9873657850,0,0,2000,10454470.3497700766,3.3738103550
0,lap_scale_dec,1.0000000000,0.1000000000,0.7439524484,0.1560475516,150.0000000000,0.0300000000,300,1.0000000000,10000.0000000000,3.0000000000,0.5000000000,7569,7569,7790,7790,-513944.3888524256,66.9748894547,66.9748894547,0,0,300,-1674425.5887161572,3.5544597580
1,lap_scale_dec,1.0000000000,0.1000000000,0.7364488409,0.1635511591,150.0000000000,0.0300000000,300,1.0000000000,10000.0000000000,3.0000000000,0.5000000000,7569,7569,7790,7790,-743596.3241615715,96.4552405856,96.4552405856,0,0,300,-1607456.5638534913,3.5142860570
2,lap_scale_dec,1.0000000000,0.1000000000,0.7404953091,0.1595046909,150.0000000000,0.0300000000,300,1.0000000000,10000.0000000000,3.0000000000,0.5000000000,7569,7569,7790,7790,-404408.3646556796,52.9137823692,52.9137823692,0,0,300,-1637243.6101794371,3.4252976570
3,lap_scale_dec,1.0000000000,0.1000000000,0.7361341779,0.1638658221,150.0000000000,0.0300000000,300,1.0000000000,10000.0000000000,3.0000000000,0.5000000000,7569,7569,7790,7790,-688494.5865120903,89.3818467923,89.3818467923,0,0,300,-1594988.1745213554,3.4952296570
4,lap_scale_dec,1.0000000000,0.1000000000,0.7322080387,0.1677919613,150.0000000000,0.0300000000,300,1.0000000000,10000.0000000000,3.0000000000,0.5000000000,7569,7569,7790,7790,-552254.3359086065,71.8927260473,71.8927260473,0,0,300,-1575698.9716356830,3.4635170560
0,lap_scale_dec,1.0000000000,0.1000000000,0.7439524484,0.1560475516,150.0000000000,0.0500000000,500,1.0000000000,10000.0000000000,3.0000000000,0.5000000000,7569,7569,7790,7790,-891781.6542146867,115.4777476527,115.4777476527,0,0,500,-2792654.2204153868,3.5400171580
1,lap_scale_dec,1.0000000000,0.1000000000,0.7364488409,0.1635511591,150.0000000000,0.0500000000,500,1.0000000000,10000.0000000000,3.0000000000,0.5000000000,7569,7569,7790,7790,-1082856.9511538425,140.0060271058,140.0060271058,0,0,500,-2668357.6206934974,3.4731112580
2,lap_scale_dec,1.0000000000,0.1000000000,0.7404953091,0.1595046909,150.0000000000,0.0500000000,500,1.0000000000,10000.0000000000,3.0000000000,0.5000000000,7569,7569,7790,7790,-789014.9191087930,102.2856122091,102.2856122091,0,0,500,-2722137.3440032420,3.5555114580
3,lap_scale_dec,1.0000000000,0.1000000000,0.7361341779,0.1638658221,150.0000000000,0.0500000000,500,1.0000000000,10000.0000000000,3.0000000000,0.5000000000,7569,7569,7790,7790,-1077415.8856338093,139.3075591314,139.3075591314,0,0,500,-2654229.3309954414,3.4519669570
4,lap_scale_dec,1.0000000000,0.1000000000,0.7322080387,0.1677919613,150.0000000000,0.0500000000,500,1.0000000000,10000.0000000000,3.0000000000,0.5000000000,7569,7569,7790,7790,-911371.3655086305,117.9924731077,117.9924731077,0,0,500,-2623149.3165546912,3.4369724570
0,lap_scale_dec,1.0000000000,0.1000000000,0.7439524484,0.1560475516,150.0000000000,0.0800000000,800,1.0000000000,10000.0000000000,3.0000000000,0.5000000000,7569,7569,7790,7790,-1434590.2481904272,185.1579265970,185.1579265970,0,0,800,-4469497.6044239784,3.4847318580
1,lap_scale_dec,1.0000000000,0.1000000000,0.7364488409,0.1635511591,150.0000000000,0.0800000000,800,1.0000000000,10000.0000000000,3.0000000000,0.5000000000,7569,7569,7790,7790,-1628101.9689509196,209.9989690566,209.9989690566,0,0,800,-4259543.7988331160,3.4185708560
2,lap_scale_dec,1.0000000000,0.1000000000,0.7404953091,0.1595046909,150.0000000000,0.0800000000,800,1.0000000000,10000.0000000000,3.0000000000,0.5000000000,7569,7569,7790,7790,-1338276.8916356622,172.7942094526,172.7942094526,0,0,800,-4371019.0192859806,3.4668445560
3,lap_scale_dec,1.0000000000,0.1000000000,0.7361341779,0.1638658221,150.0000000000,0.0800000000,800,1.0000000000,10000.0000000000,3.0000000000,0.5000000000,7569,7569,7790,7790,-1589126.6606666611,204.9957202396,204.9957202396,0,0,800,-4258212.4135530246,3.5478387580
4,lap_scale_dec,1.0000000000,0.1000000000,0.7322080387,0.1677919613,150.0000000000,0.0800000000,800,1.0000000000,10000.0000000000,3.0000000000,0.5000000000,7569,7569,7790,7790,-1406521.0597655668,181.5546931663,181.5546931663,0,0,800,-4187629.1610983703,3.5041724580
0,lap_scale_dec,1.0000000000,0.1000000000,0.7439524484,0.1560475516,150.0000000000,0.1000000000,1000,1.0000000000,10000.0000000000,3.0000000000,0.5000000000,7569,7569,7790,7790,-1765739.5577583041,227.6674656943,227.6674656943,0,0,1000,-5581346.7364139995,3.4251848560
1,lap_scale_dec,1.0000000000,0.1000000000,0.7364488409,0.1635511591,150.0000000000,0.1000000000,1000,1.0000000000,10000.0000000000,3.0000000000,0.5000000000,7569,7569,7790,7790,-1953788.9884846294,251.8073155949,251.8073155949,0,0,1000,-5327007.7901496505,3.4117253560
2,lap_scale_dec,1.0000000000,0.1000000000,0.7404953091,0.1595046909,150.0000000000,0.1000000000,1000,1.0000000000,10000.0000000000,3.0000000000,0.5000000000,7569,7569,7790,7790,-1690617.0834047236,218.0240158414,218.0240158414,0,0,1000,-5458592.5332074203,3.5850337590
3,lap_scale_dec,1.0000000000,0.1000000000,0.7361341779,0.1638658221,150.0000000000,0.1000000000,1000,1.0000000000,10000.0000000000,3.0000000000,0.5000000000,7569,7569,7790,7790,-1956974.9810549738,252.2163005205,252.2163005205,0,0,1000,-5310000.4183381665,3.4167407560
4,lap_scale_dec,1.0000000000,0.1000000000,0.7322080387,0.1677919613,150.0000000000,0.1000000000,1000,1.0000000000,10000.0000000000,3.0000000000,0.5000000000,7569,7569,7790,7790,-1709394.7615887607,220.4345008458,220.4345008458,0,0,1000,-5228648.3593925750,3.4289040560
0,lap_scale_dec,1.0000000000,0.1000000000,0.7439524484,0.1560475516,150.0000000000,0.1300000000,1300,1.0000000000,10000.0000000000,3.0000000000,0.5000000000,7569,7569,7790,7790,-2394322.1065683281,308.3584218958,308.3584218958,0,0,1300,-7248963.4334507789,3.4621750560
1,lap_scale_dec,1.0000000000,0.1000000000,0.7364488409,0.1635511591,150.0000000000,0.1300000000,1300,1.0000000000,10000.0000000000,3.0000000000,0.5000000000,7569,7569,7790,7790,-2461633.6053222963,316.9991791171,316.9991791171,0,0,1300,-6922472.6068322510,3.5094301580
2,lap_scale_dec,1.0000000000,0.1000000000,0.7404953091,0.1595046909,150.0000000000,0.1300000000,1300,1.0000000000,10000.0000000000,3.0000000000,0.5000000000,7569,7569,7790,7790,-2238967.5391396433,288.4156019435,288.4156019435,0,0,1300,-7079329.1017709030,3.4574267560
3,lap_scale_dec,1.0000000000,0.1000000000,0.7361341779,0.1638658221,150.0000000000,0.1300000000,1300,1.0000000000,10000.0000000000,3.0000000000,0.5000000000,7569,7569,7790,7790,-2506767.2584992009,322.7929728497,322.7929728497,0,0,1300,-6891407.9731059102,3.4615380560
4,lap_scale_dec,1.0000000000,0.1000000000,0.7322080387,0.1677919613,150.0000000000,0.1300000000,1300,1.0000000000,10000.0000000000,3.0000000000,0.5000000000,7569,7569,7790,7790,-2242693.0237611523,288.8938413044,288.8938413044,0,0,1300,-6793258.6200747071,3.4152374560
0,lap_scale_dec,1.0000000000,0.1000000000,0.7439524484,0.1560475516,150.0000000000,0.1500000000,1500,1.0000000000,10000.0000000000,3.0000000000,0.5000000000,7569,7569,7790,7790,-2687379.2216555444,345.9780772343,345.9780772343,0,0,1500,-8360388.4483012930,3.3277172540
1,lap_scale_dec,1.0000000000,0.1000000000,0.7364488409,0.1635511591,150.0000000000,0.1500000000,1500,1.0000000000,10000.0000000000,3.0000000000,0.5000000000,7569,7569,7790,7790,-2851183.5932320007,367.0055960503,367.0055960503,0,0,1500,-7999565.8485101825,3.4519705570
2,lap_scale_dec,1.0000000000,0.1000000000,0.7404953091,0.1595046909,150.0000000000,0.1500000000,1500,1.0000000000,10000.0000000000,3.0000000000,0.5000000000,7569,7569,7790,7790,-2558453.0450979085,329.4278620151,329.4278620151,0,0,1500,-8159468.7728522252,3.5271524580
3,lap_scale_dec,1.0000000000,0.1000000000,0.7361341779,0.1638658221,150.0000000000,0.1500000000,1500,1.0000000000,10000.0000000000,3.0000000000,0.5000000000,7569,7569,7790,7790,-2810967.6793512534,361.8430910592,361.8430910592,0,0,1500,-7959785.5160833998,3.4181644560
4,lap_scale_dec,1.0000000000,0.1000000000,0.7322080387,0.1677919613,150.0000000000,0.1500000000,1500,1.0000000000,10000.0000000000,3.0000000000,0.5000000000,7569,7569,7790,7790,-2630492.4227567073,338.6755356555,338.6755356555,0,0,1500,-7845530.4559948836,3.4216412560
0,lap_scale_dec,1.0000000000,0.1000000000,0.7439524484,0.1560475516,150.0000000000,0.1800000000,1800,1.0000000000,10000.0000000000,3.0000000000,0.5000000000,7569,7569,7790,7790,-3256619.0683683977,419.0512282886,419.0512282886,0,0,1800,-10042109.4685447775,3.8018253630
1,lap_scale_dec,1.0000000000,0.1000000000,0.7364488409,0.1635511591,150.0000000000,0.1800000000,1800,1.0000000000,10000.0000000000,3.0000000000,0.5000000000,7569,7569,7790,7790,-3322538.1562478286,427.5132421371,427.5132421371,0,0,1800,-9591324.1414870843,3.6923338610
2,lap_scale_dec,1.0000000000,0.1000000000,0.7404953091,0.1595046909,150.0000000000,0.1800000000,1800,1.0000000000,10000.0000000000,3.0000000000,0.5000000000,7569,7569,7790,7790,-3167923.8314428418,407.6654469118,407.6654469118,0,0,1800,-9799560.6728474572,3.6414180600
3,lap_scale_dec,1.0000000000,0.1000000000,0.7361341779,0.1638658221,150.0000000000,0.1800000000,1800,1.0000000000,10000.0000000000,3.0000000000,0.5000000000,7569,7569,7790,7790,-3424470.2193831671,440.5982309863,440.5982309863,0,0,1800,-9536250.7663365863,3.5585760580
4,lap_scale_dec,1.0000000000,0.1000000000,0.7322080387,0.1677919613,150.0000000000,0.1800000000,1800,1.0000000000,10000.0000000000,3.0000000000,0.5000000000,7569,7569,7790,7790,-3091716.3731059297,397.8827179854,397.8827179854,0,0,1800,-9412541.0321807545,3.4774851570
0,lap_scale_dec,1.0000000000,0.1000000000,0.7439524484,0.1560475516,150.0000000000,0.2000000000,2000,1.0000000000,10000.0000000000,3.0000000000,0.5000000000,7569,7569,7790,7790,-3733417.4139216258,480.2576911324,480.2576911324,0,0,2000,-11161181.3999218270,3.5833674590
1,lap_scale_dec,1.0000000000,0.1000000000,0.7364488409,0.1635511591,150.0000000000,0.2000000000,2000,1.0000000000,10000.0000000000,3.0000000000,0.5000000000,7569,7569,7790,7790,-3703842.3215966783,476.4611452627,476.4611452627,0,0,2000,-10653752.8575849999,3.6111867590
2,lap_scale_dec,1.0000000000,0.1000000000,0.7404953091,0.1595046909,150.0000000000,0.2000000000,2000,1.0000000000,10000.0000000000,3.0000000000,0.5000000000,7569,7569,7790,7790,-3507813.7247241526,451.2970121597,451.2970121597,0,0,2000,-10890070.5059026647,3.5802481590
3,lap_scale_dec,1.0000000000,0.1000000000,0.7361341779,0.1638658221,150.0000000000,0.2000000000,2000,1.0000000000,10000.0000000000,3.0000000000,0.5000000000,7569,7569,7790,7790,-3710446.9790547155,477.3089831906,477.3089831906,0,0,2000,-10603087.2851556111,3.6459526590
4,lap_scale_dec,1.0000000000,0.1000000000,0.7322080387,0.1677919613,150.0000000000,0.2000000000,2000,1.0000000000,10000.0000000000,3.0000000000,0.5000000000,7569,7569,7790,7790,-3495405.3203815441,449.7041489578,449.7041489578,0,0,2000,-10454470.3497700766,3.4629205560
0,lap_local_inc,1.0000000000,0.1000000000,0.7439524484,0.1560475516,150.0000000000,0.0300000000,300,1.0000000000,10000.0000000000,3.0000000000,0.5000000000,7569,7569,7790,7790,44427.9790748979,4.7032065565,4.7032065565,0,0,300,691.5150658165,3.5258039570
1,lap_local_inc,1.0000000000,0.1000000000,0.7364488409,0.1635511591,150.0000000000,0.0300000000,300,1.0000000000,10000.0000000000,3.0000000000,0.5000000000,7569,7569,7790,7790,-207637.9873186494,27.6544271269,27.6544271269,0,0,300,418.4466752718,3.5773467590
2,lap_local_inc,1.0000000000,0.1000000000,0.7404953091,0.1595046909,150.0000000000,0.0300000000,300,1.0000000000,10000.0000000000,3.0000000000,0.5000000000,7569,7569,7790,7790,141477.8268258343,17.1614668583,17.1614668583,0,0,300,414.9642651024,3.5808121590
3,lap_local_inc,1.0000000000,0.1000000000,0.7361341779,0.1638658221,150.0000000000,0.0300000000,300,1.0000000000,10000.0000000000,3.0000000000,0.5000000000,7569,7569,7790,7790,-156721.7091036290,21.1183195255,21.1183195255,0,0,300,330.4577040311,3.5388400570
4,lap_local_inc,1.0000000000,0.1000000000,0.7322080387,0.1677919613,150.0000000000,0.0300000000,300,1.0000000000,10000.0000000000,3.0000000000,0.5000000000,7569,7569,7790,7790,-26912.7482611970,4.4547815483,4.4547815483,0,0,300,325.7913065437,3.5858223590
0,lap_local_inc,1.0000000000,0.1000000000,0.7439524484,0.1560475516,150.0000000000,0.0500000000,500,1.0000000000,10000.0000000000,3.0000000000,0.5000000000,7569,7569,7790,7790,39424.4085463049,4.0608996850,4.0608996850,0,0,500,963.9678675791,3.4236910550
1,lap_local_inc,1.0000000000,0.1000000000,0.7364488409,0.1635511591,150.0000000000,0.0500000000,500,1.0000000000,10000.0000000000,3.0000000000,0.5000000000,7569,7569,7790,7790,-193165.5168704498,25.7966003685,25.7966003685,0,0,500,716.6821566868,3.4684958570
2,lap_local_inc,1.0000000000,0.1000000000,0.7404953091,0.1595046909,150.0000000000,0.0500000000,500,1.0000000000,10000.0000000000,3.0000000000,0.5000000000,7569,7569,7790,7790,118611.6007843099,14.2261361726,14.2261361726,0,0,500,742.2156760603,3.4502696560
3,lap_local_inc,1.0000000000,0.1000000000,0.7361341779,0.1638658221,150.0000000000,0.0500000000,500,1.0000000000,10000.0000000000,3.0000000000,0.5000000000,7569,7569,7790,7790,-192389.5153063384,25.6969852768,25.6969852768,0,0,500,849.7799869780,3.4576918570
4,lap_local_inc,1.0000000000,0.1000000000,0.7322080387,0.1677919613,150.0000000000,0.0500000000,500,1.0000000000,10000.0000000000,3.0000000000,0.5000000000,7569,7569,7790,7790,-36635.4495950834,5.7028818479,5.7028818479,0,0,500,1058.4311859590,3.5010471580
0,lap_local_inc,1.0000000000,0.1000000000,0.7439524484,0.1560475516,150.0000000000,0.0800000000,800,1.0000000000,10000.0000000000,3.0000000000,0.5000000000,7569,7569,7790,7790,55781.5802180802,6.1606649831,6.1606649831,0,0,800,1617.8808015375,3.6214527590
1,lap_local_inc,1.0000000000,0.1000000000,0.7364488409,0.1635511591,150.0000000000,0.0800000000,800,1.0000000000,10000.0000000000,3.0000000000,0.5000000000,7569,7569,7790,7790,-207855.6109786923,27.6823634119,27.6823634119,0,0,800,1195.2750835721,3.5860113590
2,lap_local_inc,1.0000000000,0.1000000000,0.7404953091,0.1595046909,150.0000000000,0.0800000000,800,1.0000000000,10000.0000000000,3.0000000000,0.5000000000,7569,7569,7790,7790,119106.5248271021,14.2896694258,14.2896694258,0,0,800,1131.2301023073,3.6077525590
3,lap_local_inc,1.0000000000,0.1000000000,0.7361341779,0.1638658221,150.0000000000,0.0800000000,800,1.0000000000,10000.0000000000,3.0000000000,0.5000000000,7569,7569,7790,7790,-169259.7957804311,22.7278300103,22.7278300103,0,0,800,1388.1811056629,3.5613988580
4,lap_local_inc,1.0000000000,0.1000000000,0.7322080387,0.1677919613,150.0000000000,0.0800000000,800,1.0000000000,10000.0000000000,3.0000000000,0.5000000000,7569,7569,7790,7790,-10152.7119755929,2.3033006387,2.3033006387,0,0,800,1475.8822715356,3.5764083590
0,lap_local_inc,1.0000000000,0.1000000000,0.7439524484,0.1560475516,150.0000000000,0.1000000000,1000,1.0000000000,10000.0000000000,3.0000000000,0.5000000000,7569,7569,7790,7790,95328.2109112017,11.2372542890,11.2372542890,0,0,1000,1856.5695944871,3.6178370600
1,lap_local_inc,1.0000000000,0.1000000000,0.7364488409,0.1635511591,150.0000000000,0.1000000000,1000,1.0000000000,10000.0000000000,3.0000000000,0.5000000000,7569,7569,7790,7790,-177663.6932442667,23.8066358465,23.8066358465,0,0,1000,1368.0955714409,3.4956940570
2,lap_local_inc,1.0000000000,0.1000000000,0.7404953091,0.1595046909,150.0000000000,0.1000000000,1000,1.0000000000,10000.0000000000,3.0000000000,0.5000000000,7569,7569,7790,7790,129444.7142918583,15.6167797551,15.6167797551,0,0,1000,1592.8598823253,3.4721054570
3,lap_local_inc,1.0000000000,0.1000000000,0.7361341779,0.1638658221,150.0000000000,0.1000000000,1000,1.0000000000,10000.0000000000,3.0000000000,0.5000000000,7569,7569,7790,7790,-186421.5226192265,24.9308758176,24.9308758176,0,0,1000,1659.9569690928,3.4892402570
4,lap_local_inc,1.0000000000,0.1000000000,0.7322080387,0.1677919613,150.0000000000,0.1000000000,1000,1.0000000000,10000.0000000000,3.0000000000,0.5000000000,7569,7569,7790,7790,34090.1361518787,3.3761407127,3.3761407127,0,0,1000,1806.3338293499,3.4415153560
0,lap_local_inc,1.0000000000,0.1000000000,0.7439524484,0.1560475516,150.0000000000,0.1300000000,1300,1.0000000000,10000.0000000000,3.0000000000,0.5000000000,7569,7569,7790,7790,22820.7130517341,1.9294881966,1.9294881966,0,0,1300,2465.0254094130,3.4522464560
1,lap_local_inc,1.0000000000,0.1000000000,0.7364488409,0.1635511591,150.0000000000,0.1300000000,1300,1.0000000000,10000.0000000000,3.0000000000,0.5000000000,7569,7569,7790,7790,-153598.8738278809,20.7174420832,20.7174420832,0,0,1300,1631.5876510095,3.5173031580
2,lap_local_inc,1.0000000000,0.1000000000,0.7404953091,0.1595046909,150.0000000000,0.1300000000,1300,1.0000000000,10000.0000000000,3.0000000000,0.5000000000,7569,7569,7790,7790,121524.2272859940,14.6000291766,14.6000291766,0,0,1300,2146.1975059941,3.5070509570
3,lap_local_inc,1.0000000000,0.1000000000,0.7361341779,0.1638658221,150.0000000000,0.1300000000,1300,1.0000000000,10000.0000000000,3.0000000000,0.5000000000,7569,7569,7790,7790,-208972.1718758279,27.8256960046,27.8256960046,0,0,1300,1977.2867641975,3.4796793570
4,lap_local_inc,1.0000000000,0.1000000000,0.7322080387,0.1677919613,150.0000000000,0.1300000000,1300,1.0000000000,10000.0000000000,3.0000000000,0.5000000000,7569,7569,7790,7790,22525.5766892666,1.8916016289,1.8916016289,0,0,1300,2397.1812765548,3.4696398570
0,lap_local_inc,1.0000000000,0.1000000000,0.7439524484,0.1560475516,150.0000000000,0.1500000000,1500,1.0000000000,10000.0000000000,3.0000000000,0.5000000000,7569,7569,7790,7790,100364.8693669790,11.8838086479,11.8838086479,0,0,1500,2843.8247662853,3.4292124560
1,lap_local_inc,1.0000000000,0.1000000000,0.7364488409,0.1635511591,150.0000000000,0.1500000000,1500,1.0000000000,10000.0000000000,3.0000000000,0.5000000000,7569,7569,7790,7790,-183937.1998689004,24.6119640397,24.6119640397,0,0,1500,2173.3315791200,3.4839243570
2,lap_local_inc,1.0000000000,0.1000000000,0.7404953091,0.1595046909,150.0000000000,0.1500000000,1500,1.0000000000,10000.0000000000,3.0000000000,0.5000000000,7569,7569,7790,7790,162220.5941327058,19.8242097731,19.8242097731,0,0,1500,2552.1448396025,3.5068125570
3,lap_local_inc,1.0000000000,0.1000000000,0.7361341779,0.1638658221,150.0000000000,0.1500000000,1500,1.0000000000,10000.0000000000,3.0000000000,0.5000000000,7569,7569,7790,7790,-156914.8094654634,21.1431077619,21.1431077619,0,0,1500,2373.0935739721,3.4895383580
4,lap_local_inc,1.0000000000,0.1000000000,0.7322080387,0.1677919613,150.0000000000,0.1500000000,1500,1.0000000000,10000.0000000000,3.0000000000,0.5000000000,7569,7569,7790,7790,-14337.5155959074,2.8405026439,2.8405026439,0,0,1500,2934.2654875465,3.5483108580
0,lap_local_inc,1.0000000000,0.1000000000,0.7439524484,0.1560475516,150.0000000000,0.1800000000,1800,1.0000000000,10000.0000000000,3.0000000000,0.5000000000,7569,7569,7790,7790,91850.3159717693,10.7907979425,10.7907979425,0,0,1800,3298.6844756797,3.5041784580
1,lap_local_inc,1.0000000000,0.1000000000,0.7364488409,0.1635511591,150.0000000000,0.1800000000,1800,1.0000000000,10000.0000000000,3.0000000000,0.5000000000,7569,7569,7790,7790,-124522.3850417402,16.9849018025,16.9849018025,0,0,1800,2723.1721311994,3.5005469570
2,lap_local_inc,1.0000000000,0.1000000000,0.7404953091,0.1595046909,150.0000000000,0.1800000000,1800,1.0000000000,10000.0000000000,3.0000000000,0.5000000000,7569,7569,7790,7790,99603.7006795549,11.7860976482,11.7860976482,0,0,1800,3021.9235197109,3.5588565580
3,lap_local_inc,1.0000000000,0.1000000000,0.7361341779,0.1638658221,150.0000000000,0.1800000000,1800,1.0000000000,10000.0000000000,3.0000000000,0.5000000000,7569,7569,7790,7790,-244778.4547517193,32.4221379656,32.4221379656,0,0,1800,2824.5275577349,3.4773822570
4,lap_local_inc,1.0000000000,0.1000000000,0.7322080387,0.1677919613,150.0000000000,0.1800000000,1800,1.0000000000,10000.0000000000,3.0000000000,0.5000000000,7569,7569,7790,7790,46912.6361804935,5.0221612555,5.0221612555,0,0,1800,3345.9956785247,3.5254040580
0,lap_local_inc,1.0000000000,0.1000000000,0.7439524484,0.1560475516,150.0000000000,0.2000000000,2000,1.0000000000,10000.0000000000,3.0000000000,0.5000000000,7569,7569,7790,7790,-11815.9482178922,2.5168097841,2.5168097841,0,0,2000,3622.9971893118,3.4811881570
1,lap_local_inc,1.0000000000,0.1000000000,0.7364488409,0.1635511591,150.0000000000,0.2000000000,2000,1.0000000000,10000.0000000000,3.0000000000,0.5000000000,7569,7569,7790,7790,-151519.7520293083,20.4505458317,20.4505458317,0,0,2000,3214.8511170665,3.5806536580
2,lap_local_inc,1.0000000000,0.1000000000,0.7404953091,0.1595046909,150.0000000000,0.2000000000,2000,1.0000000000,10000.0000000000,3.0000000000,0.5000000000,7569,7569,7790,7790,123378.4965764483,14.8380611780,14.8380611780,0,0,2000,3506.1579991747,3.4847992570
3,lap_local_inc,1.0000000000,0.1000000000,0.7361341779,0.1638658221,150.0000000000,0.2000000000,2000,1.0000000000,10000.0000000000,3.0000000000,0.5000000000,7569,7569,7790,7790,-174982.7319247961,23.4624816335,23.4624816335,0,0,2000,3305.4562341546,3.4804253560
4,lap_local_inc,1.0000000000,0.1000000000,0.7322080387,0.1677919613,150.0000000000,0.2000000000,2000,1.0000000000,10000.0000000000,3.0000000000,0.5000000000,7569,7569,7790,7790,-9379.0525218140,2.2039862031,2.2039862031,0,0,2000,3608.4538091476,3.5255242580
0,lap_local_dec,1.0000000000,0.1000000000,0.7439524484,0.1560475516,150.0000000000,0.0300000000,300,1.0000000000,10000.0000000000,3.0000000000,0.5000000000,7569,7569,7790,7790,43966.9690310203,4.6440268333,4.6440268333,0,0,300,-691.5150658165,3.4896017570
1,lap_local_dec,1.0000000000,0.1000000000,0.7364488409,0.1635511591,150.0000000000,0.0300000000,300,1.0000000000,10000.0000000000,3.0000000000,0.5000000000,7569,7569,7790,7790,-207916.9517688305,27.6902377110,27.6902377110,0,0,300,-418.4466752718,3.5292536580
2,lap_local_dec,1.0000000000,0.1000000000,0.7404953091,0.1595046909,150.0000000000,0.0300000000,300,1.0000000000,10000.0000000000,3.0000000000,0.5000000000,7569,7569,7790,7790,141201.1839824327,17.1259542981,17.1259542981,0,0,300,-414.9642651024,3.5035098570
3,lap_local_dec,1.0000000000,0.1000000000,0.7361341779,0.1638658221,150.0000000000,0.0300000000,300,1.0000000000,10000.0000000000,3.0000000000,0.5000000000,7569,7569,7790,7790,-156942.0142396497,21.1466000308,21.1466000308,0,0,300,-330.4577040311,3.4693734570
4,lap_local_dec,1.0000000000,0.1000000000,0.7322080387,0.1677919613,150.0000000000,0.0300000000,300,1.0000000000,10000.0000000000,3.0000000000,0.5000000000,7569,7569,7790,7790,-27129.9424655595,4.4826627042,4.4826627042,0,0,300,-325.7913065437,3.4420549560
0,lap_local_dec,1.0000000000,0.1000000000,0.7439524484,0.1560475516,150.0000000000,0.0500000000,500,1.0000000000,10000.0000000000,3.0000000000,0.5000000000,7569,7569,7790,7790,38781.7633012522,3.9784035047,3.9784035047,0,0,500,-963.9678675791,3.4641583560
1,lap_local_dec,1.0000000000,0.1000000000,0.7364488409,0.1635511591,150.0000000000,0.0500000000,500,1.0000000000,10000.0000000000,3.0000000000,0.5000000000,7569,7569,7790,7790,-193643.3049749078,25.8579338864,25.8579338864,0,0,500,-716.6821566868,3.5601680580
2,lap_local_dec,1.0000000000,0.1000000000,0.7404953091,0.1595046909,150.0000000000,0.0500000000,500,1.0000000000,10000.0000000000,3.0000000000,0.5000000000,7569,7569,7790,7790,118116.7903336031,14.1626175011,14.1626175011,0,0,500,-742.2156760603,3.4289971570
3,lap_local_dec,1.0000000000,0.1000000000,0.7361341779,0.1638658221,150.0000000000,0.0500000000,500,1.0000000000,10000.0000000000,3.0000000000,0.5000000000,7569,7569,7790,7790,-192956.0352976571,25.7697092808,25.7697092808,0,0,500,-849.7799869780,3.4899378570
4,lap_local_dec,1.0000000000,0.1000000000,0.7322080387,0.1677919613,150.0000000000,0.0500000000,500,1.0000000000,10000.0000000000,3.0000000000,0.5000000000,7569,7569,7790,7790,-37341.0703857227,5.7934621805,5.7934621805,0,0,500,-1058.4311859590,3.5568292580
0,lap_local_dec,1.0000000000,0.1000000000,0.7439524484,0.1560475516,150.0000000000,0.0800000000,800,1.0000000000,10000.0000000000,3.0000000000,0.5000000000,7569,7569,7790,7790,54702.9930170552,6.0222070625,6.0222070625,0,0,800,-1617.8808015375,3.5392410580
1,lap_local_dec,1.0000000000,0.1000000000,0.7364488409,0.1635511591,150.0000000000,0.0800000000,800,1.0000000000,10000.0000000000,3.0000000000,0.5000000000,7569,7569,7790,7790,-208652.4610344069,27.7846548183,27.7846548183,0,0,800,-1195.2750835721,3.4827098570
2,lap_local_dec,1.0000000000,0.1000000000,0.7404953091,0.1595046909,150.0000000000,0.0800000000,800,1.0000000000,10000.0000000000,3.0000000000,0.5000000000,7569,7569,7790,7790,118352.3714255639,14.1928589763,14.1928589763,0,0,800,-1131.2301023073,3.4974547570
3,lap_local_dec,1.0000000000,0.1000000000,0.7361341779,0.1638658221,150.0000000000,0.0800000000,800,1.0000000000,10000.0000000000,3.0000000000,0.5000000000,7569,7569,7790,7790,-170185.2498508730,22.8466302761,22.8466302761,0,0,800,-1388.1811056629,3.4281034570
4,lap_local_dec,1.0000000000,0.1000000000,0.7322080387,0.1677919613,150.0000000000,0.0800000000,800,1.0000000000,10000.0000000000,3.0000000000,0.5000000000,7569,7569,7790,7790,-11136.6334899500,2.4296063530,2.4296063530,0,0,800,-1475.8822715356,3.4469018570
0,lap_local_dec,1.0000000000,0.1000000000,0.7439524484,0.1560475516,150.0000000000,0.1000000000,1000,1.0000000000,10000.0000000000,3.0000000000,0.5000000000,7569,7569,7790,7790,94090.4978482103,11.0783694285,11.0783694285,0,0,1000,-1856.5695944871,3.4690669570
1,lap_local_dec,1.0000000000,0.1000000000,0.7364488409,0.1635511591,150.0000000000,0.1000000000,1000,1.0000000000,10000.0000000000,3.0000000000,0.5000000000,7569,7569,7790,7790,-178575.7569585605,23.9237171962,23.9237171962,0,0,1000,-1368.0955714409,3.5741932590
2,lap_local_dec,1.0000000000,0.1000000000,0.7404953091,0.1595046909,150.0000000000,0.1000000000,1000,1.0000000000,10000.0000000000,3.0000000000,0.5000000000,7569,7569,7790,7790,128382.8077036414,15.4804631199,15.4804631199,0,0,1000,-1592.8598823253,3.4648987560
3,lap_local_dec,1.0000000000,0.1000000000,0.7361341779,0.1638658221,150.0000000000,0.1000000000,1000,1.0000000000,10000.0000000000,3.0000000000,0.5000000000,7569,7569,7790,7790,-187528.1605986217,25.0729346083,25.0729346083,0,0,1000,-1659.9569690928,3.4549788570
4,lap_local_dec,1.0000000000,0.1000000000,0.7322080387,0.1677919613,150.0000000000,0.1000000000,1000,1.0000000000,10000.0000000000,3.0000000000,0.5000000000,7569,7569,7790,7790,32885.9135989787,3.2215550191,3.2215550191,0,0,1000,-1806.3338293499,3.4961845570
0,lap_local_dec,1.0000000000,0.1000000000,0.7439524484,0.1560475516,150.0000000000,0.1300000000,1300,1.0000000000,10000.0000000000,3.0000000000,0.5000000000,7569,7569,7790,7790,21177.3627787921,1.7185318073,1.7185318073,0,0,1300,-2465.0254094130,3.6162738590
1,lap_local_dec,1.0000000000,0.1000000000,0.7364488409,0.1635511591,150.0000000000,0.1300000000,1300,1.0000000000,10000.0000000000,3.0000000000,0.5000000000,7569,7569,7790,7790,-154686.5989285540,20.8570730332,20.8570730332,0,0,1300,-1631.5876510095,3.6306652600
2,lap_local_dec,1.0000000000,0.1000000000,0.7404953091,0.1595046909,150.0000000000,0.1300000000,1300,1.0000000000,10000.0000000000,3.0000000000,0.5000000000,7569,7569,7790,7790,120093.4289486646,14.4163580165,14.4163580165,0,0,1300,-2146.1975059941,3.6378604590
3,lap_local_dec,1.0000000000,0.1000000000,0.7361341779,0.1638658221,150.0000000000,0.1300000000,1300,1.0000000000,10000.0000000000,3.0000000000,0.5000000000,7569,7569,7790,7790,-210290.3630519593,27.9949118167,27.9949118167,0,0,1300,-1977.2867641975,3.4723587570
4,lap_local_dec,1.0000000000,0.1000000000,0.7322080387,0.1677919613,150.0000000000,0.1300000000,1300,1.0000000000,10000.0000000000,3.0000000000,0.5000000000,7569,7569,7790,7790,20927.4558382302,1.6864513271,1.6864513271,0,0,1300,-2397.1812765548,3.5113225570
0,lap_local_dec,1.0000000000,0.1000000000,0.7439524484,0.1560475516,150.0000000000,0.1500000000,1500,1.0000000000,10000.0000000000,3.0000000000,0.5000000000,7569,7569,7790,7790,98468.9861894555,11.6404346841,11.6404346841,0,0,1500,-2843.8247662853,3.5920924590
1,lap_local_dec,1.0000000000,0.1000000000,0.7364488409,0.1635511591,150.0000000000,0.1500000000,1500,1.0000000000,10000.0000000000,3.0000000000,0.5000000000,7569,7569,7790,7790,-185386.0875883139,24.7979573284,24.7979573284,0,0,1500,-2173.3315791200,3.6143373590
2,lap_local_dec,1.0000000000,0.1000000000,0.7404953091,0.1595046909,150.0000000000,0.1500000000,1500,1.0000000000,10000.0000000000,3.0000000000,0.5000000000,7569,7569,7790,7790,160519.1642396376,19.6057977201,19.6057977201,0,0,1500,-2552.1448396025,3.5643564580
3,lap_local_dec,1.0000000000,0.1000000000,0.7361341779,0.1638658221,150.0000000000,0.1500000000,1500,1.0000000000,10000.0000000000,3.0000000000,0.5000000000,7569,7569,7790,7790,-158496.8718481114,21.3461966429,21.3461966429,0,0,1500,-2373.0935739721,3.5967125580
4,lap_local_dec,1.0000000000,0.1000000000,0.7322080387,0.1677919613,150.0000000000,0.1500000000,1500,1.0000000000,10000.0000000000,3.0000000000,0.5000000000,7569,7569,7790,7790,-16293.6925876050,3.0916165068,3.0916165068,0,0,1500,-2934.2654875465,3.4487790570
0,lap_local_dec,1.0000000000,0.1000000000,0.7439524484,0.1560475516,150.0000000000,0.1800000000,1800,1.0000000000,10000.0000000000,3.0000000000,0.5000000000,7569,7569,7790,7790,89651.1929879827,10.5084971743,10.5084971743,0,0,1800,-3298.6844756797,3.5059325570
1,lap_local_dec,1.0000000000,0.1000000000,0.7364488409,0.1635511591,150.0000000000,0.1800000000,1800,1.0000000000,10000.0000000000,3.0000000000,0.5000000000,7569,7569,7790,7790,-126337.8331292066,17.2179503375,17.2179503375,0,0,1800,-2723.1721311994,3.4461571560
2,lap_local_dec,1.0000000000,0.1000000000,0.7404953091,0.1595046909,150.0000000000,0.1800000000,1800,1.0000000000,10000.0000000000,3.0000000000,0.5000000000,7569,7569,7790,7790,97589.0849997478,11.5274820282,11.5274820282,0,0,1800,-3021.9235197109,3.4333471560
3,lap_local_dec,1.0000000000,0.1000000000,0.7361341779,0.1638658221,150.0000000000,0.1800000000,1800,1.0000000000,10000.0000000000,3.0000000000,0.5000000000,7569,7569,7790,7790,-246661.4731235426,32.6638604780,32.6638604780,0,0,1800,-2824.5275577349,3.4619490570
4,lap_local_dec,1.0000000000,0.1000000000,0.7322080387,0.1677919613,150.0000000000,0.1800000000,1800,1.0000000000,10000.0000000000,3.0000000000,0.5000000000,7569,7569,7790,7790,44681.9723948104,4.7358116040,4.7358116040,0,0,1800,-3345.9956785247,3.5078006570
0,lap_local_dec,1.0000000000,0.1000000000,0.7439524484,0.1560475516,150.0000000000,0.2000000000,2000,1.0000000000,10000.0000000000,3.0000000000,0.5000000000,7569,7569,7790,7790,-14231.2796774335,2.8268651704,2.8268651704,0,0,2000,-3622.9971893118,3.5363028580
1,lap_local_dec,1.0000000000,0.1000000000,0.7364488409,0.1635511591,150.0000000000,0.2000000000,2000,1.0000000000,10000.0000000000,3.0000000000,0.5000000000,7569,7569,7790,7790,-153662.9861073532,20.7256721576,20.7256721576,0,0,2000,-3214.8511170665,3.5682591580
2,lap_local_dec,1.0000000000,0.1000000000,0.7404953091,0.1595046909,150.0000000000,0.2000000000,2000,1.0000000000,10000.0000000000,3.0000000000,0.5000000000,7569,7569,7790,7790,121041.0579103317,14.5380048665,14.5380048665,0,0,2000,-3506.1579991747,3.5847457590
3,lap_local_dec,1.0000000000,0.1000000000,0.7361341779,0.1638658221,150.0000000000,0.2000000000,2000,1.0000000000,10000.0000000000,3.0000000000,0.5000000000,7569,7569,7790,7790,-177186.3694142324,23.7453619274,23.7453619274,0,0,2000,-3305.4562341546,3.5789978580
4,lap_local_dec,1.0000000000,0.1000000000,0.7322080387,0.1677919613,150.0000000000,0.2000000000,2000,1.0000000000,10000.0000000000,3.0000000000,0.5000000000,7569,7569,7790,7790,-11784.6883945790,2.5127969698,2.5127969698,0,0,2000,-3608.4538091476,3.5614269580
0,none,2.0000000000,0.2000000000,1.4920550801,0.3079449199,150.0000000000,0.0000000000,0,0.0000000000,10000.0000000000,3.0000000000,0.5000000000,7569,7569,7790,7790,17359.2583093896,1.2284028638,1.2284028638,0,0,0,0.0000000000,3.4886681570
1,none,2.0000000000,0.2000000000,1.4879103214,0.3120896786,150.0000000000,0.0000000000,0,0.0000000000,10000.0000000000,3.0000000000,0.5000000000,7569,7569,7790,7790,-67736.8033406400,9.6953534455,9.6953534455,0,0,0,0.0000000000,3.5289895570
2,none,2.0000000000,0.2000000000,1.4981921579,0.3018078421,150.0000000000,0.0000000000,0,0.0000000000,10000.0000000000,3.0000000000,0.5000000000,7569,7569,7790,7790,53581.0062560246,5.8781779533,5.8781779533,0,0,0,0.0000000000,3.5587395590
3,none,2.0000000000,0.2000000000,1.4930368362,0.3069631638,150.0000000000,0.0000000000,0,0.0000000000,10000.0000000000,3.0000000000,0.5000000000,7569,7569,7790,7790,-72055.8395471451,10.2497868482,10.2497868482,0,0,0,0.0000000000,3.4804453570
4,none,2.0000000000,0.2000000000,1.4911254430,0.3088745570,150.0000000000,0.0000000000,0,0.0000000000,10000.0000000000,3.0000000000,0.5000000000,7569,7569,7790,7790,-2990.4508478012,1.3838832924,1.3838832924,0,0,0,0.0000000000,3.4098146550
0,orig_inc,2.0000000000,0.2000000000,1.6520917329,0.1479082671,150.0000000000,0.0300000000,300,1.0000000000,10000.0000000000,3.0000000000,0.5000000000,7569,52407,7790,4462935,4487760.5448458847,575.0924961291,0.0055626051,44838,0,0,0.0000000000,5.5123469900
1,orig_inc,2.0000000000,0.2000000000,1.6498020703,0.1501979297,150.0000000000,0.0300000000,300,1.0000000000,10000.0000000000,3.0000000000,0.5000000000,7569,52414,7790,4462920,4377197.5049378304,560.8995513399,0.0192077149,44845,0,0,0.0000000000,5.6051872920
2,orig_inc,2.0000000000,0.2000000000,1.6512277222,0.1487722778,150.0000000000,0.0300000000,300,1.0000000000,10000.0000000000,3.0000000000,0.5000000000,7569,52411,7790,4462934,4281006.3771359818,548.5515246644,0.0407641302,44842,0,0,0.0000000000,5.6187974920
3,orig_inc,2.0000000000,0.2000000000,1.6501205684,0.1498794316,150.0000000000,0.0300000000,300,1.0000000000,10000.0000000000,3.0000000000,0.5000000000,7569,52413,7790,4462942,4388362.5178983500,562.3328007572,0.0167108338,44844,0,0,0.0000000000,5.5190708900
4,orig_inc,2.0000000000,0.2000000000,1.6475466708,0.1524533292,150.0000000000,0.0300000000,300,1.0000000000,10000.0000000000,3.0000000000,0.5000000000,7569,52412,7790,4462930,4412515.2821242064,565.4332839697,0.0112963273,44843,0,0,0.0000000000,5.7993361940
0,orig_inc,2.0000000000,0.2000000000,1.6759473331,0.1240526669,150.0000000000,0.0500000000,500,1.0000000000,10000.0000000000,3.0000000000,0.5000000000,7569,132296,7790,20716425,20806337.1349344440,2669.9033549338,0.0043401376,124727,0,0,0.0000000000,5.6376537920
1,orig_inc,2.0000000000,0.2000000000,1.6751643839,0.1248356161,150.0000000000,0.0500000000,500,1.0000000000,10000.0000000000,3.0000000000,0.5000000000,7569,132299,7790,20716370,20422605.2326313742,2620.6438039321,0.0141803206,124730,0,0,0.0000000000,5.6765358930
2,orig_inc,2.0000000000,0.2000000000,1.6784053403,0.1215946597,150.0000000000,0.0500000000,500,1.0000000000,10000.0000000000,3.0000000000,0.5000000000,7569,132297,7790,20716412,20613401.2411423326,2645.1362312121,0.0049724228,124728,0,0,0.0000000000,5.8083709950
3,orig_inc,2.0000000000,0.2000000000,1.6760629608,0.1239370392,150.0000000000,0.0500000000,500,1.0000000000,10000.0000000000,3.0000000000,0.5000000000,7569,132303,7790,20716398,20751348.7176917903,2662.8445080477,0.0016871040,124734,0,0,0.0000000000,5.7121659940
4,orig_inc,2.0000000000,0.2000000000,1.6791691345,0.1208308655,150.0000000000,0.0500000000,500,1.0000000000,10000.0000000000,3.0000000000,0.5000000000,7569,132285,7790,20716412,20391381.1454469822,2616.6355770792,0.0156895342,124716,0,0,0.0000000000,5.8257043950
0,orig_inc,2.0000000000,0.2000000000,1.6875771011,0.1124228989,150.0000000000,0.0800000000,800,1.0000000000,10000.0000000000,3.0000000000,0.5000000000,7569,327109,7790,85021719,84941917.6933568120,10902.9688951678,0.0009385991,319540,0,0,0.0000000000,10.3657096700
1,orig_inc,2.0000000000,0.2000000000,1.6877739857,0.1122260143,150.0000000000,0.0800000000,800,1.0000000000,10000.0000000000,3.0000000000,0.5000000000,7569,327117,7790,85021595,84933167.1504651606,10901.8455905604,0.0010400634,319548,0,0,0.0000000000,10.4609067710
2,orig_inc,2.0000000000,0.2000000000,1.6871498413,0.1128501587,150.0000000000,0.0800000000,800,1.0000000000,10000.0000000000,3.0000000000,0.5000000000,7569,327120,7790,85021653,84701279.2060041726,10872.0782035949,0.0037681436,319551,0,0,0.0000000000,10.5681729730
3,orig_inc,2.0000000000,0.2000000000,1.6875623110,0.1124376890,150.0000000000,0.0800000000,800,1.0000000000,10000.0000000000,3.0000000000,0.5000000000,7569,327123,7790,85021626,85075340.2795061767,10920.0963131587,0.0006317720,319554,0,0,0.0000000000,10.5111222720
4,orig_inc,2.0000000000,0.2000000000,1.6894342404,0.1105657596,150.0000000000,0.0800000000,800,1.0000000000,10000.0000000000,3.0000000000,0.5000000000,7569,327099,7790,85021659,84797997.8884547502,10884.4939523048,0.0026306369,319530,0,0,0.0000000000,10.3463319690
0,orig_inc,2.0000000000,0.2000000000,1.6905047794,0.1094952206,150.0000000000,0.1000000000,1000,1.0000000000,10000.0000000000,3.0000000000,0.5000000000,7569,506974,7790,166175274,166024555.9980248213,21311.5232346630,0.0009069821,499405,0,0,0.0000000000,15.6233814560
1,orig_inc,2.0000000000,0.2000000000,1.6908956049,0.1091043951,150.0000000000,0.1000000000,1000,1.0000000000,10000.0000000000,3.0000000000,0.5000000000,7569,506998,7790,166175117,166603423.5644899905,21385.8322932593,0.0025774410,499429,0,0,0.0000000000,15.4059751520
2,orig_inc,2.0000000000,0.2000000000,1.6898867000,0.1101133000,150.0000000000,0.1000000000,1000,1.0000000000,10000.0000000000,3.0000000000,0.5000000000,7569,506989,7790,166175250,165989479.9827048182,21307.0205369326,0.0011179163,499420,0,0,0.0000000000,15.6980386560
3,orig_inc,2.0000000000,0.2000000000,1.6898507138,0.1101492862,150.0000000000,0.1000000000,1000,1.0000000000,10000.0000000000,3.0000000000,0.5000000000,7569,507004,7790,166175135,166253626.8640900850,21340.9289941066,0.0004723442,499435,0,0,0.0000000000,16.1301002640
4,orig_inc,2.0000000000,0.2000000000,1.6914905911,0.1085094089,150.0000000000,0.1000000000,1000,1.0000000000,10000.0000000000,3.0000000000,0.5000000000,7569,506969,7790,166175180,166494030.6707395315,21371.7895597868,0.0019187623,499400,0,0,0.0000000000,15.5290816540
0,orig_inc,2.0000000000,0.2000000000,1.6909855016,0.1090144984,150.0000000000,0.1300000000,1300,1.0000000000,10000.0000000000,3.0000000000,0.5000000000,7569,851763,7790,365330666,365897751.6845919490,46969.1863523225,0.0015522532,844194,0,0,0.0000000000,21.9198184590
1,orig_inc,2.0000000000,0.2000000000,1.6906644648,0.1093355352,150.0000000000,0.1300000000,1300,1.0000000000,10000.0000000000,3.0000000000,0.5000000000,7569,851812,7790,365330372,365562020.2838388085,46926.0886115326,0.0006340789,844243,0,0,0.0000000000,21.6751639550
2,orig_inc,2.0000000000,0.2000000000,1.6905013734,0.1094986266,150.0000000000,0.1300000000,1300,1.0000000000,10000.0000000000,3.0000000000,0.5000000000,7569,851779,7790,365330593,364965936.0889265537,46849.5694594257,0.0009981560,844210,0,0,0.0000000000,22.1426471620
3,orig_inc,2.0000000000,0.2000000000,1.6906899657,0.1093100343,150.0000000000,0.1300000000,1300,1.0000000000,10000.0000000000,3.0000000000,0.5000000000,7569,851821,7790,365330417,365814564.1155233383,46958.5075886423,0.0013252308,844252,0,0,0.0000000000,21.4680135510
4,orig_inc,2.0000000000,0.2000000000,1.6925152014,0.1074847986,150.0000000000,0.1300000000,1300,1.0000000000,10000.0000000000,3.0000000000,0.5000000000,7569,851757,7790,365330536,364985767.0893915296,46852.1151591003,0.0009437177,844188,0,0,0.0000000000,21.6585682540
0,orig_inc,2.0000000000,0.2000000000,1.6907969564,0.1092030436,150.0000000000,0.1500000000,1500,1.0000000000,10000.0000000000,3.0000000000,0.5000000000,7569,1131616,7790,561384280,560516250.9779158831,71952.3056454321,0.0015462297,1124047,0,0,0.0000000000,25.4039276160
1,orig_inc,2.0000000000,0.2000000000,1.6910582956,0.1089417044,150.0000000000,0.1500000000,1500,1.0000000000,10000.0000000000,3.0000000000,0.5000000000,7569,1131670,7790,561383983,560177448.4649330378,71908.8136668720,0.0021492144,1124101,0,0,0.0000000000,25.2357427130
2,orig_inc,2.0000000000,0.2000000000,1.6910830609,0.1089169391,150.0000000000,0.1500000000,1500,1.0000000000,10000.0000000000,3.0000000000,0.5000000000,7569,1131636,7790,561384168,561585297.2981895208,72089.5388059293,0.0003582739,1124067,0,0,0.0000000000,25.7112020210
3,orig_inc,2.0000000000,0.2000000000,1.6903929991,0.1096070009,150.0000000000,0.1500000000,1500,1.0000000000,10000.0000000000,3.0000000000,0.5000000000,7569,1131670,7790,561384011,561232455.1678966284,72044.2445658404,0.0002699682,1124101,0,0,0.0000000000,25.2502363130
4,orig_inc,2.0000000000,0.2000000000,1.6915221102,0.1084778898,150.0000000000,0.1500000000,1500,1.0000000000,10000.0000000000,3.0000000000,0.5000000000,7569,1131598,7790,561384143,561619301.5378578901,72093.9039201358,0.0004188906,1124029,0,0,0.0000000000,25.6371061190
0,orig_inc,2.0000000000,0.2000000000,1.6903814267,0.1096185733,150.0000000000,0.1800000000,1800,1.0000000000,10000.0000000000,3.0000000000,0.5000000000,7569,1626395,7790,970389702,970375856.7178610563,124565.8622230887,0.0000142678,1618826,0,0,0.0000000000,39.3347869440
1,orig_inc,2.0000000000,0.2000000000,1.6907987070,0.1092012930,150.0000000000,0.1800000000,1800,1.0000000000,10000.0000000000,3.0000000000,0.5000000000,7569,1626434,7790,970389370,969869927.0095809698,124500.9161758127,0.0005352934,1618865,0,0,0.0000000000,38.6197421310
2,orig_inc,2.0000000000,0.2000000000,1.6907744839,0.1092255161,150.0000000000,0.1800000000,1800,1.0000000000,10000.0000000000,3.0000000000,0.5000000000,7569,1626425,7790,970389534,970141180.5662521124,124535.7369147949,0.0002559317,1618856,0,0,0.0000000000,38.1020902230
3,orig_inc,2.0000000000,0.2000000000,1.6909617260,0.1090382740,150.0000000000,0.1800000000,1800,1.0000000000,10000.0000000000,3.0000000000,0.5000000000,7569,1626451,7790,970389423,970661851.6699086428,124602.5753106430,0.0002807416,1618882,0,0,0.0000000000,38.5120287300
4,orig_inc,2.0000000000,0.2000000000,1.6906092706,0.1093907294,150.0000000000,0.1800000000,1800,1.0000000000,10000.0000000000,3.0000000000,0.5000000000,7569,1626362,7790,970389535,970422999.5853270292,124571.9139390664,0.0000344857,1618793,0,0,0.0000000000,38.2919031260
0,orig_inc,2.0000000000,0.2000000000,1.6904923153,0.1095076847,150.0000000000,0.2000000000,2000,1.0000000000,10000.0000000000,3.0000000000,0.5000000000,7569,2006229,7790,1331343297,1332778281.4821264744,171087.3544906453,0.0010778471,1998660,0,0,0.0000000000,50.6835825290
1,orig_inc,2.0000000000,0.2000000000,1.6904568824,0.1095431176,150.0000000000,0.2000000000,2000,1.0000000000,10000.0000000000,3.0000000000,0.5000000000,7569,2006277,7790,1331343012,1331054998.5734908581,170866.1371724635,0.0002163330,1998708,0,0,0.0000000000,50.9173538320
2,orig_inc,2.0000000000,0.2000000000,1.6907153917,0.1092846083,150.0000000000,0.2000000000,2000,1.0000000000,10000.0000000000,3.0000000000,0.5000000000,7569,2006274,7790,1331343167,1331037788.6718266010,170863.9279424681,0.0002293761,1998705,0,0,0.0000000000,52.2703304550
3,orig_inc,2.0000000000,0.2000000000,1.6904988596,0.1095011404,150.0000000000,0.2000000000,2000,1.0000000000,10000.0000000000,3.0000000000,0.5000000000,7569,2006278,7790,1331342984,1332889833.0444328785,171101.6743317629,0.0011618712,1998709,0,0,0.0000000000,50.2070067210
4,orig_inc,2.0000000000,0.2000000000,1.6910480669,0.1089519331,150.0000000000,0.2000000000,2000,1.0000000000,10000.0000000000,3.0000000000,0.5000000000,7569,2006202,7790,1331343080,1331243051.3322372437,170890.2774495812,0.0000751337,1998633,0,0,0.0000000000,50.4291883250
0,orig_dec,2.0000000000,0.2000000000,1.4897508420,0.3102491580,150.0000000000,0.0300000000,300,1.0000000000,10000.0000000000,3.0000000000,0.5000000000,7569,7557,7790,7757,22515.1707753349,1.8902658248,1.9025616573,12,0,0,0.0000000000,3.4814685570
1,orig_dec,2.0000000000,0.2000000000,1.4873192910,0.3126807090,150.0000000000,0.0300000000,300,1.0000000000,10000.0000000000,3.0000000000,0.5000000000,7569,7564,7790,7766,-22133.9590370144,3.8413297865,3.8501106151,5,0,0,0.0000000000,3.5578490580
2,orig_dec,2.0000000000,0.2000000000,1.5088057368,0.2911942632,150.0000000000,0.0300000000,300,1.0000000000,10000.0000000000,3.0000000000,0.5000000000,7569,7561,7790,7771,-67005.8568011217,9.6015220541,9.6225526703,8,0,0,0.0000000000,3.5584511580
3,orig_dec,2.0000000000,0.2000000000,1.4914036532,0.3085963468,150.0000000000,0.0300000000,300,1.0000000000,10000.0000000000,3.0000000000,0.5000000000,7569,7563,7790,7772,-13293.0613295434,2.7064263581,2.7103784521,6,0,0,0.0000000000,3.6008708590
4,orig_dec,2.0000000000,0.2000000000,1.4954080305,0.3045919695,150.0000000000,0.0300000000,300,1.0000000000,10000.0000000000,3.0000000000,0.5000000000,7569,7562,7790,7770,-2136.8041459690,1.2743009173,1.2750069686,7,0,0,0.0000000000,3.5980444590
0,orig_dec,2.0000000000,0.2000000000,1.5016381508,0.2983618492,150.0000000000,0.0500000000,500,1.0000000000,10000.0000000000,3.0000000000,0.5000000000,7569,7546,7790,7720,54997.6646677925,6.0600339753,6.1240498274,23,0,0,0.0000000000,3.5002464570
1,orig_dec,2.0000000000,0.2000000000,1.4902812373,0.3097187627,150.0000000000,0.0500000000,500,1.0000000000,10000.0000000000,3.0000000000,0.5000000000,7569,7549,7790,7741,-35452.1294034830,5.5509793843,5.5797867722,20,0,0,0.0000000000,3.5808548580
2,orig_dec,2.0000000000,0.2000000000,1.4938559098,0.3061440902,150.0000000000,0.0500000000,500,1.0000000000,10000.0000000000,3.0000000000,0.5000000000,7569,7547,7790,7749,-36210.1497121767,5.6482862275,5.6728803345,22,0,0,0.0000000000,3.6696264600
3,orig_dec,2.0000000000,0.2000000000,1.5029675585,0.2970324415,150.0000000000,0.0500000000,500,1.0000000000,10000.0000000000,3.0000000000,0.5000000000,7569,7553,7790,7723,-7070.3996093045,1.9076251103,1.9154991078,16,0,0,0.0000000000,3.5567973590
4,orig_dec,2.0000000000,0.2000000000,1.4972513946,0.3027486054,150.0000000000,0.0500000000,500,1.0000000000,10000.0000000000,3.0000000000,0.5000000000,7569,7535,7790,7676,-80384.2974510295,11.3189085303,11.4721596471,34,0,0,0.0000000000,3.5406680580
0,orig_dec,2.0000000000,0.2000000000,1.4868219045,0.3131780955,150.0000000000,0.0800000000,800,1.0000000000,10000.0000000000,3.0000000000,0.5000000000,7569,7509,7790,7567,-19089.6994971290,3.4505390882,3.5227566403,60,0,0,0.0000000000,3.4558582570
1,orig_dec,2.0000000000,0.2000000000,1.4897287717,0.3102712283,150.0000000000,0.0800000000,800,1.0000000000,10000.0000000000,3.0000000000,0.5000000000,7569,7517,7790,7676,-12748.4293879985,2.6365121166,2.6608167520,52,0,0,0.0000000000,3.5094492570
2,orig_dec,2.0000000000,0.2000000000,1.4918148983,0.3081851017,150.0000000000,0.0800000000,800,1.0000000000,10000.0000000000,3.0000000000,0.5000000000,7569,7520,7790,7680,-78516.7357831110,11.0791701904,11.2235333051,49,0,0,0.0000000000,3.5337746570
3,orig_dec,2.0000000000,0.2000000000,1.4886361263,0.3113638737,150.0000000000,0.0800000000,800,1.0000000000,10000.0000000000,3.0000000000,0.5000000000,7569,7523,7790,7632,-26548.2350879988,4.4079890999,4.4785423333,46,0,0,0.0000000000,3.6485468590
4,orig_dec,2.0000000000,0.2000000000,1.4949360748,0.3050639252,150.0000000000,0.0800000000,800,1.0000000000,10000.0000000000,3.0000000000,0.5000000000,7569,7499,7790,7597,-40712.3832260072,6.2262366144,6.3590079276,70,0,0,0.0000000000,3.6355902600
0,orig_dec,2.0000000000,0.2000000000,1.4836022363,0.3163977637,150.0000000000,0.1000000000,1000,1.0000000000,10000.0000000000,3.0000000000,0.5000000000,7569,7474,7790,7509,-9983.4535259615,2.2815729815,2.3295316988,95,0,0,0.0000000000,3.4699147570
1,orig_dec,2.0000000000,0.2000000000,1.4910717855,0.3089282145,150.0000000000,0.1000000000,1000,1.0000000000,10000.0000000000,3.0000000000,0.5000000000,7569,7498,7790,7659,22079.9221531367,1.8343930877,1.8828727188,71,0,0,0.0000000000,3.4606625560
2,orig_dec,2.0000000000,0.2000000000,1.5034692101,0.2965307899,150.0000000000,0.1000000000,1000,1.0000000000,10000.0000000000,3.0000000000,0.5000000000,7569,7489,7790,7609,-3016.5654492295,1.3872356161,1.3964470297,80,0,0,0.0000000000,3.6102275590
3,orig_dec,2.0000000000,0.2000000000,1.4976847380,0.3023152620,150.0000000000,0.1000000000,1000,1.0000000000,10000.0000000000,3.0000000000,0.5000000000,7569,7504,7790,7591,6035.4402041196,0.2252323230,0.2049215908,65,0,0,0.0000000000,3.6179495590
4,orig_dec,2.0000000000,0.2000000000,1.4981874083,0.3018125917,150.0000000000,0.1000000000,1000,1.0000000000,10000.0000000000,3.0000000000,0.5000000000,7569,7469,7790,7535,-21630.5525396269,3.7767076431,3.8706771785,100,0,0,0.0000000000,3.5783769590
0,orig_dec,2.0000000000,0.2000000000,1.4954870880,0.3045129120,150.0000000000,0.1300000000,1300,1.0000000000,10000.0000000000,3.0000000000,0.5000000000,7569,7413,7790,7299,36868.8306633620,3.7328409067,4.0512166959,156,0,0,0.0000000000,3.5401553580
1,orig_dec,2.0000000000,0.2000000000,1.4997738280,0.3002261720,150.0000000000,0.1300000000,1300,1.0000000000,10000.0000000000,3.0000000000,0.5000000000,7569,7462,7790,7610,17235.8701792926,1.2125635660,1.2648975268,107,0,0,0.0000000000,3.6683045600
2,orig_dec,2.0000000000,0.2000000000,1.4937940290,0.3062059710,150.0000000000,0.1300000000,1300,1.0000000000,10000.0000000000,3.0000000000,0.5000000000,7569,7429,7790,7460,-42813.7742905466,6.4959915649,6.7391118352,140,0,0,0.0000000000,3.4946331570
3,orig_dec,2.0000000000,0.2000000000,1.4998658894,0.3001341106,150.0000000000,0.1300000000,1300,1.0000000000,10000.0000000000,3.0000000000,0.5000000000,7569,7471,7790,7538,47057.3111584269,5.0407331397,5.2426785830,98,0,0,0.0000000000,3.5375357570
4,orig_dec,2.0000000000,0.2000000000,1.5129983667,0.2870016333,150.0000000000,0.1300000000,1300,1.0000000000,10000.0000000000,3.0000000000,0.5000000000,7569,7407,7790,7331,29486.5537792467,2.7851802027,3.0221734796,162,0,0,0.0000000000,3.5800039580
0,orig_dec,2.0000000000,0.2000000000,1.4909275764,0.3090724236,150.0000000000,0.1500000000,1500,1.0000000000,10000.0000000000,3.0000000000,0.5000000000,7569,7366,7790,7176,5498.2212402691,0.2941949627,0.2338041750,203,0,0,0.0000000000,3.5748629580
1,orig_dec,2.0000000000,0.2000000000,1.4948614814,0.3051385186,150.0000000000,0.1500000000,1500,1.0000000000,10000.0000000000,3.0000000000,0.5000000000,7569,7420,7790,7507,-33602.5487953602,5.3135492677,5.4761620881,149,0,0,0.0000000000,3.4837677570
2,orig_dec,2.0000000000,0.2000000000,1.4909179237,0.3090820763,150.0000000000,0.1500000000,1500,1.0000000000,10000.0000000000,3.0000000000,0.5000000000,7569,7386,7790,7363,35414.9434762574,3.5462058378,3.8098524346,183,0,0,0.0000000000,3.4396462570
3,orig_dec,2.0000000000,0.2000000000,1.4897347457,0.3102652543,150.0000000000,0.1500000000,1500,1.0000000000,10000.0000000000,3.0000000000,0.5000000000,7569,7420,7790,7402,-5198.7022412251,1.6673558718,1.7023375089,149,0,0,0.0000000000,3.4702898570
4,orig_dec,2.0000000000,0.2000000000,1.4993990747,0.3006009253,150.0000000000,0.1500000000,1500,1.0000000000,10000.0000000000,3.0000000000,0.5000000000,7569,7348,7790,7139,13743.1087385257,0.7641988111,0.9250747638,221,0,0,0.0000000000,3.4733122570
0,orig_dec,2.0000000000,0.2000000000,1.4860048401,0.3139951599,150.0000000000,0.1800000000,1800,1.0000000000,10000.0000000000,3.0000000000,0.5000000000,7569,7295,7790,7023,34346.4484896666,3.4090434518,3.8905664943,274,0,0,0.0000000000,3.5414088580
1,orig_dec,2.0000000000,0.2000000000,1.4862776953,0.3137223047,150.0000000000,0.1800000000,1800,1.0000000000,10000.0000000000,3.0000000000,0.5000000000,7569,7334,7790,7313,-48248.7074868839,7.1936723346,7.5976627221,235,0,0,0.0000000000,3.5488221580
2,orig_dec,2.0000000000,0.2000000000,1.4975147126,0.3024852874,150.0000000000,0.1800000000,1800,1.0000000000,10000.0000000000,3.0000000000,0.5000000000,7569,7325,7790,7223,33833.2034452048,3.3431583370,3.6840929593,244,0,0,0.0000000000,3.4519663570
3,orig_dec,2.0000000000,0.2000000000,1.4893762635,0.3106237365,150.0000000000,0.1800000000,1800,1.0000000000,10000.0000000000,3.0000000000,0.5000000000,7569,7351,7790,7266,-3826.6079953128,1.4912205386,1.5266457467,218,0,0,0.0000000000,3.5239636570
4,orig_dec,2.0000000000,0.2000000000,1.4859605515,0.3140394485,150.0000000000,0.1800000000,1800,1.0000000000,10000.0000000000,3.0000000000,0.5000000000,7569,7262,7790,6960,5554.2803068825,0.2869986769,0.2019712203,307,0,0,0.0000000000,3.5332254580
0,orig_dec,2.0000000000,0.2000000000,1.5173261934,0.2826738066,150.0000000000,0.2000000000,2000,1.0000000000,10000.0000000000,3.0000000000,0.5000000000,7569,7229,7790,6848,54084.0445674527,5.9427528328,6.8977868819,340,0,0,0.0000000000,3.4728721570
1,orig_dec,2.0000000000,0.2000000000,1.4968481709,0.3031518291,150.0000000000,0.2000000000,2000,1.0000000000,10000.0000000000,3.0000000000,0.5000000000,7569,7277,7790,7142,-70094.1764632626,9.9979687373,10.8143624283,292,0,0,0.0000000000,3.4667479570
2,orig_dec,2.0000000000,0.2000000000,1.4860812582,0.3139187418,150.0000000000,0.2000000000,2000,1.0000000000,10000.0000000000,3.0000000000,0.5000000000,7569,7274,7790,6968,14762.2268201348,0.8950226983,1.1185744575,295,0,0,0.0000000000,3.6040118590
3,orig_dec,2.0000000000,0.2000000000,1.4780911320,0.3219088680,150.0000000000,0.2000000000,2000,1.0000000000,10000.0000000000,3.0000000000,0.5000000000,7569,7278,7790,7054,-7757.2110207184,1.9957908884,2.0996896826,291,0,0,0.0000000000,3.4851696570
4,orig_dec,2.0000000000,0.2000000000,1.4913723806,0.3086276194,150.0000000000,0.2000000000,2000,1.0000000000,10000.0000000000,3.0000000000,0.5000000000,7569,7202,7790,6833,3560.8388192759,0.5428961721,0.4788762155,367,0,0,0.0000000000,3.5058421570
0,rr_inc,2.0000000000,0.2000000000,1.4920550801,0.3079449199,150.0000000000,0.0300000000,300,1.0000000000,10000.0000000000,3.0000000000,0.5000000000,7569,7569,7790,7790,18947.5591260894,1.4322925707,1.4322925707,0,36531,0,0.0000000000,3.4709818570
1,rr_inc,2.0000000000,0.2000000000,1.4879103214,0.3120896786,150.0000000000,0.0300000000,300,1.0000000000,10000.0000000000,3.0000000000,0.5000000000,7569,7569,7790,7790,-22480.3822888014,3.8858000371,3.8858000371,0,36443,0,0.0000000000,3.5285591580
2,rr_inc,2.0000000000,0.2000000000,1.4981921579,0.3018078421,150.0000000000,0.0300000000,300,1.0000000000,10000.0000000000,3.0000000000,0.5000000000,7569,7569,7790,7790,-62579.9138792067,9.0333650679,9.0333650679,0,36508,0,0.0000000000,3.5452007580
3,rr_inc,2.0000000000,0.2000000000,1.4930368362,0.3069631638,150.0000000000,0.0300000000,300,1.0000000000,10000.0000000000,3.0000000000,0.5000000000,7569,7569,7790,7790,-7518.7290060401,1.9651770226,1.9651770226,0,36716,0,0.0000000000,3.4244083560
4,rr_inc,2.0000000000,0.2000000000,1.4911254430,0.3088745570,150.0000000000,0.0300000000,300,1.0000000000,10000.0000000000,3.0000000000,0.5000000000,7569,7569,7790,7790,-3420.1491799239,1.4390435404,1.4390435404,0,36551,0,0.0000000000,3.5540827590
0,rr_inc,2.0000000000,0.2000000000,1.4920550801,0.3079449199,150.0000000000,0.0500000000,500,1.0000000000,10000.0000000000,3.0000000000,0.5000000000,7569,7569,7790,7790,54455.3764126235,5.9904205921,5.9904205921,0,101667,0,0.0000000000,3.6360383600
1,rr_inc,2.0000000000,0.2000000000,1.4879103214,0.3120896786,150.0000000000,0.0500000000,500,1.0000000000,10000.0000000000,3.0000000000,0.5000000000,7569,7569,7790,7790,-33678.3464258613,5.3232793871,5.3232793871,0,101568,0,0.0000000000,3.5777649580
2,rr_inc,2.0000000000,0.2000000000,1.4981921579,0.3018078421,150.0000000000,0.0500000000,500,1.0000000000,10000.0000000000,3.0000000000,0.5000000000,7569,7569,7790,7790,-35004.2163423324,5.4934809169,5.4934809169,0,101875,0,0.0000000000,3.6433863600
3,rr_inc,2.0000000000,0.2000000000,1.4930368362,0.3069631638,150.0000000000,0.0500000000,500,1.0000000000,10000.0000000000,3.0000000000,0.5000000000,7569,7569,7790,7790,-6003.4164835387,1.7706568015,1.7706568015,0,101710,0,0.0000000000,3.7183828610
4,rr_inc,2.0000000000,0.2000000000,1.4911254430,0.3088745570,150.0000000000,0.0500000000,500,1.0000000000,10000.0000000000,3.0000000000,0.5000000000,7569,7569,7790,7790,-83753.7658436573,11.7514461930,11.7514461930,0,101935,0,0.0000000000,3.5508941580
0,rr_inc,2.0000000000,0.2000000000,1.4920550801,0.3079449199,150.0000000000,0.0800000000,800,1.0000000000,10000.0000000000,3.0000000000,0.5000000000,7569,7569,7790,7790,-20646.6860702857,3.6504089949,3.6504089949,0,260795,0,0.0000000000,3.4519236560
1,rr_inc,2.0000000000,0.2000000000,1.4879103214,0.3120896786,150.0000000000,0.0800000000,800,1.0000000000,10000.0000000000,3.0000000000,0.5000000000,7569,7569,7790,7790,-17243.8795482202,3.2135917263,3.2135917263,0,260270,0,0.0000000000,3.5372242580
2,rr_inc,2.0000000000,0.2000000000,1.4981921579,0.3018078421,150.0000000000,0.0800000000,800,1.0000000000,10000.0000000000,3.0000000000,0.5000000000,7569,7569,7790,7790,-76761.3518374117,10.8538320716,10.8538320716,0,260958,0,0.0000000000,3.4882395570
3,rr_inc,2.0000000000,0.2000000000,1.4930368362,0.3069631638,150.0000000000,0.0800000000,800,1.0000000000,10000.0000000000,3.0000000000,0.5000000000,7569,7569,7790,7790,-25498.3997801906,4.2732220514,4.2732220514,0,260893,0,0.0000000000,3.4288711560
4,rr_inc,2.0000000000,0.2000000000,1.4911254430,0.3088745570,150.0000000000,0.0800000000,800,1.0000000000,10000.0000000000,3.0000000000,0.5000000000,7569,7569,7790,7790,-38219.4200169678,5.9062156633,5.9062156633,0,261026,0,0.0000000000,3.5334103580
0,rr_inc,2.0000000000,0.2000000000,1.4920550801,0.3079449199,150.0000000000,0.1000000000,1000,1.0000000000,10000.0000000000,3.0000000000,0.5000000000,7569,7569,7790,7790,-11011.8060516338,2.4135822916,2.4135822916,0,407859,0,0.0000000000,3.5059205570
1,rr_inc,2.0000000000,0.2000000000,1.4879103214,0.3120896786,150.0000000000,0.1000000000,1000,1.0000000000,10000.0000000000,3.0000000000,0.5000000000,7569,7569,7790,7790,23252.9417637060,1.9849732688,1.9849732688,0,406748,0,0.0000000000,3.4961140580
2,rr_inc,2.0000000000,0.2000000000,1.4981921579,0.3018078421,150.0000000000,0.1000000000,1000,1.0000000000,10000.0000000000,3.0000000000,0.5000000000,7569,7569,7790,7790,-4781.3523235763,1.6137807861,1.6137807861,0,407938,0,0.0000000000,3.4544700570
3,rr_inc,2.0000000000,0.2000000000,1.4930368362,0.3069631638,150.0000000000,0.1000000000,1000,1.0000000000,10000.0000000000,3.0000000000,0.5000000000,7569,7569,7790,7790,7051.7250088164,0.0947721426,0.0947721426,0,407828,0,0.0000000000,3.5175791580
4,rr_inc,2.0000000000,0.2000000000,1.4911254430,0.3088745570,150.0000000000,0.1000000000,1000,1.0000000000,10000.0000000000,3.0000000000,0.5000000000,7569,7569,7790,7790,-13809.4856641057,2.7727195974,2.7727195974,0,407859,0,0.0000000000,3.4356106560
0,rr_inc,2.0000000000,0.2000000000,1.4920550801,0.3079449199,150.0000000000,0.1300000000,1300,1.0000000000,10000.0000000000,3.0000000000,0.5000000000,7569,7569,7790,7790,40056.3339538145,4.1420197630,4.1420197630,0,689333,0,0.0000000000,3.4566733570
1,rr_inc,2.0000000000,0.2000000000,1.4879103214,0.3120896786,150.0000000000,0.1300000000,1300,1.0000000000,10000.0000000000,3.0000000000,0.5000000000,7569,7569,7790,7790,16022.9705633747,1.0568640004,1.0568640004,0,687656,0,0.0000000000,3.5604764590
2,rr_inc,2.0000000000,0.2000000000,1.4981921579,0.3018078421,150.0000000000,0.1300000000,1300,1.0000000000,10000.0000000000,3.0000000000,0.5000000000,7569,7569,7790,7790,-40378.5181674187,6.1833784554,6.1833784554,0,689852,0,0.0000000000,3.4482076560
3,rr_inc,2.0000000000,0.2000000000,1.4930368362,0.3069631638,150.0000000000,0.1300000000,1300,1.0000000000,10000.0000000000,3.0000000000,0.5000000000,7569,7569,7790,7790,47265.6303974808,5.0674750189,5.0674750189,0,689525,0,0.0000000000,3.4581393570
4,rr_inc,2.0000000000,0.2000000000,1.4911254430,0.3088745570,150.0000000000,0.1300000000,1300,1.0000000000,10000.0000000000,3.0000000000,0.5000000000,7569,7569,7790,7790,29674.6788750944,2.8093297657,2.8093297657,0,689529,0,0.0000000000,3.4979818570
0,rr_inc,2.0000000000,0.2000000000,1.4920550801,0.3079449199,150.0000000000,0.1500000000,1500,1.0000000000,10000.0000000000,3.0000000000,0.5000000000,7569,7569,7790,7790,4962.5678556970,0.3629566296,0.3629566296,0,917665,0,0.0000000000,3.6015696590
1,rr_inc,2.0000000000,0.2000000000,1.4879103214,0.3120896786,150.0000000000,0.1500000000,1500,1.0000000000,10000.0000000000,3.0000000000,0.5000000000,7569,7569,7790,7790,-32993.4337425571,5.2353573482,5.2353573482,0,916173,0,0.0000000000,3.5062205570
2,rr_inc,2.0000000000,0.2000000000,1.4981921579,0.3018078421,150.0000000000,0.1500000000,1500,1.0000000000,10000.0000000000,3.0000000000,0.5000000000,7569,7569,7790,7790,38838.9385629230,3.9857430761,3.9857430761,0,918796,0,0.0000000000,3.5226141580
3,rr_inc,2.0000000000,0.2000000000,1.4930368362,0.3069631638,150.0000000000,0.1500000000,1500,1.0000000000,10000.0000000000,3.0000000000,0.5000000000,7569,7569,7790,7790,-3310.6671926913,1.4249893701,1.4249893701,0,918529,0,0.0000000000,3.5065890580
4,rr_inc,2.0000000000,0.2000000000,1.4911254430,0.3088745570,150.0000000000,0.1500000000,1500,1.0000000000,10000.0000000000,3.0000000000,0.5000000000,7569,7569,7790,7790,17063.3674747006,1.1904194448,1.1904194448,0,917925,0,0.0000000000,3.5454618570
0,rr_inc,2.0000000000,0.2000000000,1.4920550801,0.3079449199,150.0000000000,0.1800000000,1800,1.0000000000,10000.0000000000,3.0000000000,0.5000000000,7569,7569,7790,7790,41457.5067099680,4.3218878960,4.3218878960,0,1321806,0,0.0000000000,3.4871282570
1,rr_inc,2.0000000000,0.2000000000,1.4879103214,0.3120896786,150.0000000000,0.1800000000,1800,1.0000000000,10000.0000000000,3.0000000000,0.5000000000,7569,7569,7790,7790,-45969.7946695276,6.9011289691,6.9011289691,0,1319859,0,0.0000000000,3.5580906580
2,rr_inc,2.0000000000,0.2000000000,1.4981921579,0.3018078421,150.0000000000,0.1800000000,1800,1.0000000000,10000.0000000000,3.0000000000,0.5000000000,7569,7569,7790,7790,34491.8966948522,3.4277145950,3.4277145950,0,1322897,0,0.0000000000,3.5345716580
3,rr_inc,2.0000000000,0.2000000000,1.4930368362,0.3069631638,150.0000000000,0.1800000000,1800,1.0000000000,10000.0000000000,3.0000000000,0.5000000000,7569,7569,7790,7790,-2134.9838473917,1.2740672461,1.2740672461,0,1322166,0,0.0000000000,3.5395549580
4,rr_inc,2.0000000000,0.2000000000,1.4911254430,0.3088745570,150.0000000000,0.1800000000,1800,1.0000000000,10000.0000000000,3.0000000000,0.5000000000,7569,7569,7790,7790,10460.4589162534,0.3428060226,0.3428060226,0,1321529,0,0.0000000000,3.5041220570
0,rr_inc,2.0000000000,0.2000000000,1.4920550801,0.3079449199,150.0000000000,0.2000000000,2000,1.0000000000,10000.0000000000,3.0000000000,0.5000000000,7569,7569,7790,7790,53422.9994626115,5.8578946679,5.8578946679,0,1631823,0,0.0000000000,3.5220428580
1,rr_inc,2.0000000000,0.2000000000,1.4879103214,0.3120896786,150.0000000000,0.2000000000,2000,1.0000000000,10000.0000000000,3.0000000000,0.5000000000,7569,7569,7790,7790,-66238.0666890874,9.5029610641,9.5029610641,0,1629600,0,0.0000000000,3.6121689590
2,rr_inc,2.0000000000,0.2000000000,1.4981921579,0.3018078421,150.0000000000,0.2000000000,2000,1.0000000000,10000.0000000000,3.0000000000,0.5000000000,7569,7569,7790,7790,17924.2040393627,1.3009247804,1.3009247804,0,1633532,0,0.0000000000,3.6138293590
3,rr_inc,2.0000000000,0.2000000000,1.4930368362,0.3069631638,150.0000000000,0.2000000000,2000,1.0000000000,10000.0000000000,3.0000000000,0.5000000000,7569,7569,7790,7790,-8211.6993787937,2.0541334247,2.0541334247,0,1632432,0,0.0000000000,3.6524095600
4,rr_inc,2.0000000000,0.2000000000,1.4911254430,0.3088745570,150.0000000000,0.2000000000,2000,1.0000000000,10000.0000000000,3.0000000000,0.5000000000,7569,7569,7790,7790,5291.0938650023,0.3207838427,0.3207838427,0,1631830,0,0.0000000000,3.6608214600
0,rr_dec,2.0000000000,0.2000000000,1.4920550801,0.3079449199,150.0000000000,0.0300000000,300,1.0000000000,10000.0000000000,3.0000000000,0.5000000000,7569,7569,7790,7790,18901.2023272206,1.4263417622,1.4263417622,0,8319,0,0.0000000000,3.5985821590
1,rr_dec,2.0000000000,0.2000000000,1.4879103214,0.3120896786,150.0000000000,0.0300000000,300,1.0000000000,10000.0000000000,3.0000000000,0.5000000000,7569,7569,7790,7790,-22508.8845504296,3.8894588640,3.8894588640,0,8407,0,0.0000000000,3.5331411580
2,rr_dec,2.0000000000,0.2000000000,1.4981921579,0.3018078421,150.0000000000,0.0300000000,300,1.0000000000,10000.0000000000,3.0000000000,0.5000000000,7569,7569,7790,7790,-62613.5303590927,9.0376804055,9.0376804055,0,8342,0,0.0000000000,3.6492768600
3,rr_dec,2.0000000000,0.2000000000,1.4930368362,0.3069631638,150.0000000000,0.0300000000,300,1.0000000000,10000.0000000000,3.0000000000,0.5000000000,7569,7569,7790,7790,-7556.1131306746,1.9699760116,1.9699760116,0,8134,0,0.0000000000,3.4931210570
4,rr_dec,2.0000000000,0.2000000000,1.4911254430,0.3088745570,150.0000000000,0.0300000000,300,1.0000000000,10000.0000000000,3.0000000000,0.5000000000,7569,7569,7790,7790,-3452.2970337092,1.4431703509,1.4431703509,0,8299,0,0.0000000000,3.5579199580
0,rr_dec,2.0000000000,0.2000000000,1.4920550801,0.3079449199,150.0000000000,0.0500000000,500,1.0000000000,10000.0000000000,3.0000000000,0.5000000000,7569,7569,7790,7790,54335.7969428142,5.9750702109,5.9750702109,0,23083,0,0.0000000000,3.5410344580
1,rr_dec,2.0000000000,0.2000000000,1.4879103214,0.3120896786,150.0000000000,0.0500000000,500,1.0000000000,10000.0000000000,3.0000000000,0.5000000000,7569,7569,7790,7790,-33753.8246372101,5.3329685029,5.3329685029,0,23182,0,0.0000000000,3.5014133570
2,rr_dec,2.0000000000,0.2000000000,1.4981921579,0.3018078421,150.0000000000,0.0500000000,500,1.0000000000,10000.0000000000,3.0000000000,0.5000000000,7569,7569,7790,7790,-35094.0353745277,5.5050109595,5.5050109595,0,22875,0,0.0000000000,3.5180861580
3,rr_dec,2.0000000000,0.2000000000,1.4930368362,0.3069631638,150.0000000000,0.0500000000,500,1.0000000000,10000.0000000000,3.0000000000,0.5000000000,7569,7569,7790,7790,-6101.3523593417,1.7832288009,1.7832288009,0,23040,0,0.0000000000,3.5283676570
4,rr_dec,2.0000000000,0.2000000000,1.4911254430,0.3088745570,150.0000000000,0.0500000000,500,1.0000000000,10000.0000000000,3.0000000000,0.5000000000,7569,7569,7790,7790,-83895.0055947141,11.7695770982,11.7695770982,0,22815,0,0.0000000000,3.4830297570
0,rr_dec,2.0000000000,0.2000000000,1.4920550801,0.3079449199,150.0000000000,0.0800000000,800,1.0000000000,10000.0000000000,3.0000000000,0.5000000000,7569,7569,7790,7790,-20969.6033169509,3.6918617865,3.6918617865,0,58805,0,0.0000000000,3.6324479590
1,rr_dec,2.0000000000,0.2000000000,1.4879103214,0.3120896786,150.0000000000,0.0800000000,800,1.0000000000,10000.0000000000,3.0000000000,0.5000000000,7569,7569,7790,7790,-17437.5893633602,3.2384581981,3.2384581981,0,59330,0,0.0000000000,3.5683485580
2,rr_dec,2.0000000000,0.2000000000,1.4981921579,0.3018078421,150.0000000000,0.0800000000,800,1.0000000000,10000.0000000000,3.0000000000,0.5000000000,7569,7569,7790,7790,-76974.6063816884,10.8812074944,10.8812074944,0,58642,0,0.0000000000,3.5503567580
3,rr_dec,2.0000000000,0.2000000000,1.4930368362,0.3069631638,150.0000000000,0.0800000000,800,1.0000000000,10000.0000000000,3.0000000000,0.5000000000,7569,7569,7790,7790,-25736.9210260977,4.3038409533,4.3038409533,0,58707,0,0.0000000000,3.4456586570
4,rr_dec,2.0000000000,0.2000000000,1.4911254430,0.3088745570,150.0000000000,0.0800000000,800,1.0000000000,10000.0000000000,3.0000000000,0.5000000000,7569,7569,7790,7790,-38504.5345890637,5.9428157367,5.9428157367,0,58574,0,0.0000000000,3.4408500570
0,rr_dec,2.0000000000,0.2000000000,1.4920550801,0.3079449199,150.0000000000,0.1000000000,1000,1.0000000000,10000.0000000000,3.0000000000,0.5000000000,7569,7569,7790,7790,-11472.7401312945,2.4727522633,2.4727522633,0,91641,0,0.0000000000,3.5417727580
1,rr_dec,2.0000000000,0.2000000000,1.4879103214,0.3120896786,150.0000000000,0.1000000000,1000,1.0000000000,10000.0000000000,3.0000000000,0.5000000000,7569,7569,7790,7790,22981.1146389183,1.9500789010,1.9500789010,0,92752,0,0.0000000000,3.4825469570
2,rr_dec,2.0000000000,0.2000000000,1.4981921579,0.3018078421,150.0000000000,0.1000000000,1000,1.0000000000,10000.0000000000,3.0000000000,0.5000000000,7569,7569,7790,7790,-5153.7598898132,1.6615866354,1.6615866354,0,91562,0,0.0000000000,3.4961608570
3,rr_dec,2.0000000000,0.2000000000,1.4930368362,0.3069631638,150.0000000000,0.1000000000,1000,1.0000000000,10000.0000000000,3.0000000000,0.5000000000,7569,7569,7790,7790,6728.9578482400,0.1362056677,0.1362056677,0,91672,0,0.0000000000,3.5925533580
4,rr_dec,2.0000000000,0.2000000000,1.4911254430,0.3088745570,150.0000000000,0.1000000000,1000,1.0000000000,10000.0000000000,3.0000000000,0.5000000000,7569,7569,7790,7790,-14212.6513714134,2.8244738603,2.8244738603,0,91641,0,0.0000000000,3.4882310570
0,rr_dec,2.0000000000,0.2000000000,1.4920550801,0.3079449199,150.0000000000,0.1300000000,1300,1.0000000000,10000.0000000000,3.0000000000,0.5000000000,7569,7569,7790,7790,39263.0005549927,4.0401797888,4.0401797888,0,155017,0,0.0000000000,3.5175644570
1,rr_dec,2.0000000000,0.2000000000,1.4879103214,0.3120896786,150.0000000000,0.1300000000,1300,1.0000000000,10000.0000000000,3.0000000000,0.5000000000,7569,7569,7790,7790,15628.6892775175,1.0062502282,1.0062502282,0,156694,0,0.0000000000,3.4851848560
2,rr_dec,2.0000000000,0.2000000000,1.4981921579,0.3018078421,150.0000000000,0.1300000000,1300,1.0000000000,10000.0000000000,3.0000000000,0.5000000000,7569,7569,7790,7790,-41020.3828302417,6.2657744326,6.2657744326,0,154498,0,0.0000000000,3.5017247580
3,rr_dec,2.0000000000,0.2000000000,1.4930368362,0.3069631638,150.0000000000,0.1300000000,1300,1.0000000000,10000.0000000000,3.0000000000,0.5000000000,7569,7569,7790,7790,46803.8574777002,5.0081973656,5.0081973656,0,154825,0,0.0000000000,3.4731825570
4,rr_dec,2.0000000000,0.2000000000,1.4911254430,0.3088745570,150.0000000000,0.1300000000,1300,1.0000000000,10000.0000000000,3.0000000000,0.5000000000,7569,7569,7790,7790,28964.2640078386,2.7181340190,2.7181340190,0,154821,0,0.0000000000,3.4919193570
0,rr_dec,2.0000000000,0.2000000000,1.4920550801,0.3079449199,150.0000000000,0.1500000000,1500,1.0000000000,10000.0000000000,3.0000000000,0.5000000000,7569,7569,7790,7790,3945.8789714168,0.4934686815,0.4934686815,0,206585,0,0.0000000000,3.5481444580
1,rr_dec,2.0000000000,0.2000000000,1.4879103214,0.3120896786,150.0000000000,0.1500000000,1500,1.0000000000,10000.0000000000,3.0000000000,0.5000000000,7569,7569,7790,7790,-33580.8970238945,5.3107698362,5.3107698362,0,208077,0,0.0000000000,3.5134450580
2,rr_dec,2.0000000000,0.2000000000,1.4981921579,0.3018078421,150.0000000000,0.1500000000,1500,1.0000000000,10000.0000000000,3.0000000000,0.5000000000,7569,7569,7790,7790,38015.3348057163,3.8800173050,3.8800173050,0,205454,0,0.0000000000,3.4990417580
3,rr_dec,2.0000000000,0.2000000000,1.4930368362,0.3069631638,150.0000000000,0.1500000000,1500,1.0000000000,10000.0000000000,3.0000000000,0.5000000000,7569,7569,7790,7790,-4006.2225256788,1.5142776028,1.5142776028,0,205721,0,0.0000000000,3.5274238580
4,rr_dec,2.0000000000,0.2000000000,1.4911254430,0.3088745570,150.0000000000,0.1500000000,1500,1.0000000000,10000.0000000000,3.0000000000,0.5000000000,7569,7569,7790,7790,16054.6626854368,1.0609323088,1.0609323088,0,206325,0,0.0000000000,3.4638523570
0,rr_dec,2.0000000000,0.2000000000,1.4920550801,0.3079449199,150.0000000000,0.1800000000,1800,1.0000000000,10000.0000000000,3.0000000000,0.5000000000,7569,7569,7790,7790,40125.2755242972,4.1508697721,4.1508697721,0,297294,0,0.0000000000,3.7171193610
1,rr_dec,2.0000000000,0.2000000000,1.4879103214,0.3120896786,150.0000000000,0.1800000000,1800,1.0000000000,10000.0000000000,3.0000000000,0.5000000000,7569,7569,7790,7790,-46909.3136639396,7.0217347451,7.0217347451,0,299241,0,0.0000000000,3.5758014590
2,rr_dec,2.0000000000,0.2000000000,1.4981921579,0.3018078421,150.0000000000,0.1800000000,1800,1.0000000000,10000.0000000000,3.0000000000,0.5000000000,7569,7569,7790,7790,33396.7348110665,3.2871289873,3.2871289873,0,296203,0,0.0000000000,3.6147654590
3,rr_dec,2.0000000000,0.2000000000,1.4930368362,0.3069631638,150.0000000000,0.1800000000,1800,1.0000000000,10000.0000000000,3.0000000000,0.5000000000,7569,7569,7790,7790,-3115.9222163211,1.3999900149,1.3999900149,0,296934,0,0.0000000000,3.5272661590
4,rr_dec,2.0000000000,0.2000000000,1.4911254430,0.3088745570,150.0000000000,0.1800000000,1800,1.0000000000,10000.0000000000,3.0000000000,0.5000000000,7569,7569,7790,7790,9072.3040495235,0.1646089922,0.1646089922,0,297571,0,0.0000000000,3.5828861590
0,rr_dec,2.0000000000,0.2000000000,1.4920550801,0.3079449199,150.0000000000,0.2000000000,2000,1.0000000000,10000.0000000000,3.0000000000,0.5000000000,7569,7569,7790,7790,51783.1277026299,5.6473848142,5.6473848142,0,367177,0,0.0000000000,3.4933267580
1,rr_dec,2.0000000000,0.2000000000,1.4879103214,0.3120896786,150.0000000000,0.2000000000,2000,1.0000000000,10000.0000000000,3.0000000000,0.5000000000,7569,7569,7790,7790,-67465.7752177401,9.6605616454,9.6605616454,0,369400,0,0.0000000000,3.5762569580
2,rr_dec,2.0000000000,0.2000000000,1.4981921579,0.3018078421,150.0000000000,0.2000000000,2000,1.0000000000,10000.0000000000,3.0000000000,0.5000000000,7569,7569,7790,7790,16504.4330216781,1.1186691941,1.1186691941,0,365468,0,0.0000000000,3.6049498590
3,rr_dec,2.0000000000,0.2000000000,1.4930368362,0.3069631638,150.0000000000,0.2000000000,2000,1.0000000000,10000.0000000000,3.0000000000,0.5000000000,7569,7569,7790,7790,-9514.3518343661,2.2213545359,2.2213545359,0,366568,0,0.0000000000,3.6480349590
4,rr_dec,2.0000000000,0.2000000000,1.4911254430,0.3088745570,150.0000000000,0.2000000000,2000,1.0000000000,10000.0000000000,3.0000000000,0.5000000000,7569,7569,7790,7790,3681.5931197506,0.5273949782,0.5273949782,0,367170,0,0.0000000000,3.5370006570
0,lap_fixed_inc,2.0000000000,0.2000000000,1.4920550801,0.3079449199,150.0000000000,0.0300000000,300,1.0000000000,10000.0000000000,3.0000000000,0.5000000000,7569,7569,7790,7790,1020061.3452496427,129.9449737163,129.9449737163,0,0,300,3000000.0000000000,3.4333829560
1,lap_fixed_inc,2.0000000000,0.2000000000,1.4879103214,0.3120896786,150.0000000000,0.0300000000,300,1.0000000000,10000.0000000000,3.0000000000,0.5000000000,7569,7569,7790,7790,931869.3176855571,118.6237891766,118.6237891766,0,0,300,3000000.0000000000,3.4170062550
2,lap_fixed_inc,2.0000000000,0.2000000000,1.4981921579,0.3018078421,150.0000000000,0.0300000000,300,1.0000000000,10000.0000000000,3.0000000000,0.5000000000,7569,7569,7790,7790,1054465.6547751499,134.3614447722,134.3614447722,0,0,300,3000000.0000000000,3.5719718590
3,lap_fixed_inc,2.0000000000,0.2000000000,1.4930368362,0.3069631638,150.0000000000,0.0300000000,300,1.0000000000,10000.0000000000,3.0000000000,0.5000000000,7569,7569,7790,7790,947373.9427568307,120.6141133192,120.6141133192,0,0,300,3000000.0000000000,3.4041110560
4,lap_fixed_inc,2.0000000000,0.2000000000,1.4911254430,0.3088745570,150.0000000000,0.0300000000,300,1.0000000000,10000.0000000000,3.0000000000,0.5000000000,7569,7569,7790,7790,995462.0320780608,126.7871671474,126.7871671474,0,0,300,3000000.0000000000,3.4350464570
0,lap_fixed_inc,2.0000000000,0.2000000000,1.4920550801,0.3079449199,150.0000000000,0.0500000000,500,1.0000000000,10000.0000000000,3.0000000000,0.5000000000,7569,7569,7790,7790,1683317.0251636468,215.0869095204,215.0869095204,0,0,500,5000000.0000000000,3.5788764580
1,lap_fixed_inc,2.0000000000,0.2000000000,1.4879103214,0.3120896786,150.0000000000,0.0500000000,500,1.0000000000,10000.0000000000,3.0000000000,0.5000000000,7569,7569,7790,7790,1600270.2966474311,204.4262255003,204.4262255003,0,0,500,5000000.0000000000,3.4993229570
2,lap_fixed_inc,2.0000000000,0.2000000000,1.4981921579,0.3018078421,150.0000000000,0.0500000000,500,1.0000000000,10000.0000000000,3.0000000000,0.5000000000,7569,7569,7790,7790,1715195.7532458941,219.1791724321,219.1791724321,0,0,500,5000000.0000000000,3.4400701560
3,lap_fixed_inc,2.0000000000,0.2000000000,1.4930368362,0.3069631638,150.0000000000,0.0500000000,500,1.0000000000,10000.0000000000,3.0000000000,0.5000000000,7569,7569,7790,7790,1603632.9620232768,204.8578898618,204.8578898618,0,0,500,5000000.0000000000,3.4112848560
4,lap_fixed_inc,2.0000000000,0.2000000000,1.4911254430,0.3088745570,150.0000000000,0.0500000000,500,1.0000000000,10000.0000000000,3.0000000000,0.5000000000,7569,7569,7790,7790,1659352.0328549463,212.0105305334,212.0105305334,0,0,500,5000000.0000000000,3.4049634560
0,lap_fixed_inc,2.0000000000,0.2000000000,1.4920550801,0.3079449199,150.0000000000,0.0800000000,800,1.0000000000,10000.0000000000,3.0000000000,0.5000000000,7569,7569,7790,7790,2690935.3154495694,344.4345719447,344.4345719447,0,0,800,8000000.0000000000,3.3359038540
1,lap_fixed_inc,2.0000000000,0.2000000000,1.4879103214,0.3120896786,150.0000000000,0.0800000000,800,1.0000000000,10000.0000000000,3.0000000000,0.5000000000,7569,7569,7790,7790,2596505.9695790061,332.3127046956,332.3127046956,0,0,800,8000000.0000000000,3.4447842560
2,lap_fixed_inc,2.0000000000,0.2000000000,1.4981921579,0.3018078421,150.0000000000,0.0800000000,800,1.0000000000,10000.0000000000,3.0000000000,0.5000000000,7569,7569,7790,7790,2713071.1007416565,347.2761361671,347.2761361671,0,0,800,8000000.0000000000,3.4840907570
3,lap_fixed_inc,2.0000000000,0.2000000000,1.4930368362,0.3069631638,150.0000000000,0.0800000000,800,1.0000000000,10000.0000000000,3.0000000000,0.5000000000,7569,7569,7790,7790,2611617.5124829770,334.2525689965,334.2525689965,0,0,800,8000000.0000000000,3.3954934560
4,lap_fixed_inc,2.0000000000,0.2000000000,1.4911254430,0.3088745570,150.0000000000,0.0800000000,800,1.0000000000,10000.0000000000,3.0000000000,0.5000000000,7569,7569,7790,7790,2668656.5573381637,341.5746543438,341.5746543438,0,0,800,8000000.0000000000,3.5053264580
0,lap_fixed_inc,2.0000000000,0.2000000000,1.4920550801,0.3079449199,150.0000000000,0.1000000000,1000,1.0000000000,10000.0000000000,3.0000000000,0.5000000000,7569,7569,7790,7790,3371451.5130305081,431.7922353056,431.7922353056,0,0,1000,10000000.0000000000,3.4889940570
1,lap_fixed_inc,2.0000000000,0.2000000000,1.4879103214,0.3120896786,150.0000000000,0.1000000000,1000,1.0000000000,10000.0000000000,3.0000000000,0.5000000000,7569,7569,7790,7790,3273913.6105934996,419.2713235678,419.2713235678,0,0,1000,10000000.0000000000,3.5448012580
2,lap_fixed_inc,2.0000000000,0.2000000000,1.4981921579,0.3018078421,150.0000000000,0.1000000000,1000,1.0000000000,10000.0000000000,3.0000000000,0.5000000000,7569,7569,7790,7790,3384203.9865562520,433.4292665669,433.4292665669,0,0,1000,10000000.0000000000,3.4215898550
3,lap_fixed_inc,2.0000000000,0.2000000000,1.4930368362,0.3069631638,150.0000000000,0.1000000000,1000,1.0000000000,10000.0000000000,3.0000000000,0.5000000000,7569,7569,7790,7790,3269170.9362432933,418.6625078618,418.6625078618,0,0,1000,10000000.0000000000,3.3963022550
4,lap_fixed_inc,2.0000000000,0.2000000000,1.4911254430,0.3088745570,150.0000000000,0.1000000000,1000,1.0000000000,10000.0000000000,3.0000000000,0.5000000000,7569,7569,7790,7790,3352341.3489239584,429.3390691815,429.3390691815,0,0,1000,10000000.0000000000,3.4675522570
0,lap_fixed_inc,2.0000000000,0.2000000000,1.4920550801,0.3079449199,150.0000000000,0.1300000000,1300,1.0000000000,10000.0000000000,3.0000000000,0.5000000000,7569,7569,7790,7790,4349119.5059523610,557.2951869002,557.2951869002,0,0,1300,13000000.0000000000,3.4980109580
1,lap_fixed_inc,2.0000000000,0.2000000000,1.4879103214,0.3120896786,150.0000000000,0.1300000000,1300,1.0000000000,10000.0000000000,3.0000000000,0.5000000000,7569,7569,7790,7790,4282931.1034766650,548.7986012165,548.7986012165,0,0,1300,13000000.0000000000,3.5372141580
2,lap_fixed_inc,2.0000000000,0.2000000000,1.4981921579,0.3018078421,150.0000000000,0.1300000000,1300,1.0000000000,10000.0000000000,3.0000000000,0.5000000000,7569,7569,7790,7790,4383865.6552690426,561.7555398291,561.7555398291,0,0,1300,13000000.0000000000,3.4877034570
3,lap_fixed_inc,2.0000000000,0.2000000000,1.4930368362,0.3069631638,150.0000000000,0.1300000000,1300,1.0000000000,10000.0000000000,3.0000000000,0.5000000000,7569,7569,7790,7790,4263036.7464589532,546.2447684800,546.2447684800,0,0,1300,13000000.0000000000,3.5744081590
4,lap_fixed_inc,2.0000000000,0.2000000000,1.4911254430,0.3088745570,150.0000000000,0.1300000000,1300,1.0000000000,10000.0000000000,3.0000000000,0.5000000000,7569,7569,7790,7790,4347761.5247342875,557.1208632522,557.1208632522,0,0,1300,13000000.0000000000,3.5106295580
0,lap_fixed_inc,2.0000000000,0.2000000000,1.4920550801,0.3079449199,150.0000000000,0.1500000000,1500,1.0000000000,10000.0000000000,3.0000000000,0.5000000000,7569,7569,7790,7790,5037506.4050687226,645.6632098933,645.6632098933,0,0,1500,15000000.0000000000,3.4852858570
1,lap_fixed_inc,2.0000000000,0.2000000000,1.4879103214,0.3120896786,150.0000000000,0.1500000000,1500,1.0000000000,10000.0000000000,3.0000000000,0.5000000000,7569,7569,7790,7790,4940165.1998911826,633.1675481247,633.1675481247,0,0,1500,15000000.0000000000,3.4245726560
2,lap_fixed_inc,2.0000000000,0.2000000000,1.4981921579,0.3018078421,150.0000000000,0.1500000000,1500,1.0000000000,10000.0000000000,3.0000000000,0.5000000000,7569,7569,7790,7790,5061596.0314985132,648.7555881256,648.7555881256,0,0,1500,15000000.0000000000,3.4309118560
3,lap_fixed_inc,2.0000000000,0.2000000000,1.4930368362,0.3069631638,150.0000000000,0.1500000000,1500,1.0000000000,10000.0000000000,3.0000000000,0.5000000000,7569,7569,7790,7790,4948043.4297869783,634.1788741703,634.1788741703,0,0,1500,15000000.0000000000,3.4207882560
4,lap_fixed_inc,2.0000000000,0.2000000000,1.4911254430,0.3088745570,150.0000000000,0.1500000000,1500,1.0000000000,10000.0000000000,3.0000000000,0.5000000000,7569,7569,7790,7790,4998224.6516809473,640.6206228089,640.6206228089,0,0,1500,15000000.0000000000,3.4329495560
0,lap_fixed_inc,2.0000000000,0.2000000000,1.4920550801,0.3079449199,150.0000000000,0.1800000000,1800,1.0000000000,10000.0000000000,3.0000000000,0.5000000000,7569,7569,7790,7790,6036180.2508720951,773.8626766203,773.8626766203,0,0,1800,18000000.0000000000,3.5681822580
1,lap_fixed_inc,2.0000000000,0.2000000000,1.4879103214,0.3120896786,150.0000000000,0.1800000000,1800,1.0000000000,10000.0000000000,3.0000000000,0.5000000000,7569,7569,7790,7790,5958014.0439038808,763.8285037104,763.8285037104,0,0,1800,18000000.0000000000,3.4401228570
2,lap_fixed_inc,2.0000000000,0.2000000000,1.4981921579,0.3018078421,150.0000000000,0.1800000000,1800,1.0000000000,10000.0000000000,3.0000000000,0.5000000000,7569,7569,7790,7790,6040027.3607621202,774.3565289810,774.3565289810,0,0,1800,18000000.0000000000,3.4199083560
3,lap_fixed_inc,2.0000000000,0.2000000000,1.4930368362,0.3069631638,150.0000000000,0.1800000000,1800,1.0000000000,10000.0000000000,3.0000000000,0.5000000000,7569,7569,7790,7790,5918798.7303028218,758.7944454817,758.7944454817,0,0,1800,18000000.0000000000,3.3630497550
4,lap_fixed_inc,2.0000000000,0.2000000000,1.4911254430,0.3088745570,150.0000000000,0.1800000000,1800,1.0000000000,10000.0000000000,3.0000000000,0.5000000000,7569,7569,7790,7790,6022846.4078107579,772.1510151233,772.1510151233,0,0,1800,18000000.0000000000,3.4482503560
0,lap_fixed_inc,2.0000000000,0.2000000000,1.4920550801,0.3079449199,150.0000000000,0.2000000000,2000,1.0000000000,10000.0000000000,3.0000000000,0.5000000000,7569,7569,7790,7790,6668427.3408025978,855.0240488835,855.0240488835,0,0,2000,20000000.0000000000,3.4667736570
1,lap_fixed_inc,2.0000000000,0.2000000000,1.4879103214,0.3120896786,150.0000000000,0.2000000000,2000,1.0000000000,10000.0000000000,3.0000000000,0.5000000000,7569,7569,7790,7790,6618768.6029225169,848.6493713636,848.6493713636,0,0,2000,20000000.0000000000,3.4531057560
2,lap_fixed_inc,2.0000000000,0.2000000000,1.4981921579,0.3018078421,150.0000000000,0.2000000000,2000,1.0000000000,10000.0000000000,3.0000000000,0.5000000000,7569,7569,7790,7790,6715818.0938528506,861.1075858604,861.1075858604,0,0,2000,20000000.0000000000,3.4977947570
3,lap_fixed_inc,2.0000000000,0.2000000000,1.4930368362,0.3069631638,150.0000000000,0.2000000000,2000,1.0000000000,10000.0000000000,3.0000000000,0.5000000000,7569,7569,7790,7790,6610571.4673673660,847.5971074926,847.5971074926,0,0,2000,20000000.0000000000,3.5384068570
4,lap_fixed_inc,2.0000000000,0.2000000000,1.4911254430,0.3088745570,150.0000000000,0.2000000000,2000,1.0000000000,10000.0000000000,3.0000000000,0.5000000000,7569,7569,7790,7790,6666827.7017428167,854.8187036897,854.8187036897,0,0,2000,20000000.0000000000,3.4390537560
0,lap_fixed_dec,2.0000000000,0.2000000000,1.4920550801,0.3079449199,150.0000000000,0.0300000000,300,1.0000000000,10000.0000000000,3.0000000000,0.5000000000,7569,7569,7790,7790,-979938.6547503569,126.7944357831,126.7944357831,0,0,300,-3000000.0000000000,3.4448757560
1,lap_fixed_dec,2.0000000000,0.2000000000,1.4879103214,0.3120896786,150.0000000000,0.0300000000,300,1.0000000000,10000.0000000000,3.0000000000,0.5000000000,7569,7569,7790,7790,-1068130.6823144432,138.1156203228,138.1156203228,0,0,300,-3000000.0000000000,3.5578965580
2,lap_fixed_dec,2.0000000000,0.2000000000,1.4981921579,0.3018078421,150.0000000000,0.0300000000,300,1.0000000000,10000.0000000000,3.0000000000,0.5000000000,7569,7569,7790,7790,-945534.3452248517,122.3779647272,122.3779647272,0,0,300,-3000000.0000000000,3.5320189570
3,lap_fixed_dec,2.0000000000,0.2000000000,1.4930368362,0.3069631638,150.0000000000,0.0300000000,300,1.0000000000,10000.0000000000,3.0000000000,0.5000000000,7569,7569,7790,7790,-1052626.0572431686,136.1252961801,136.1252961801,0,0,300,-3000000.0000000000,3.5461244580
4,lap_fixed_dec,2.0000000000,0.2000000000,1.4911254430,0.3088745570,150.0000000000,0.0300000000,300,1.0000000000,10000.0000000000,3.0000000000,0.5000000000,7569,7569,7790,7790,-1004537.9679219397,129.9522423520,129.9522423520,0,0,300,-3000000.0000000000,3.6021731590
0,lap_fixed_dec,2.0000000000,0.2000000000,1.4920550801,0.3079449199,150.0000000000,0.0500000000,500,1.0000000000,10000.0000000000,3.0000000000,0.5000000000,7569,7569,7790,7790,-1650016.3081696879,212.8121063119,212.8121063119,0,0,500,-5000000.0000000000,3.4275690560
1,lap_fixed_dec,2.0000000000,0.2000000000,1.4879103214,0.3120896786,150.0000000000,0.0500000000,500,1.0000000000,10000.0000000000,3.0000000000,0.5000000000,7569,7569,7790,7790,-1733063.0366858970,223.4727903320,223.4727903320,0,0,500,-5000000.0000000000,3.4488495560
2,lap_fixed_dec,2.0000000000,0.2000000000,1.4981921579,0.3018078421,150.0000000000,0.0500000000,500,1.0000000000,10000.0000000000,3.0000000000,0.5000000000,7569,7569,7790,7790,-1618137.5800874410,208.7198434002,208.7198434002,0,0,500,-5000000.0000000000,3.5792660590
3,lap_fixed_dec,2.0000000000,0.2000000000,1.4930368362,0.3069631638,150.0000000000,0.0500000000,500,1.0000000000,10000.0000000000,3.0000000000,0.5000000000,7569,7569,7790,7790,-1729700.3713100541,223.0411259705,223.0411259705,0,0,500,-5000000.0000000000,3.4344538560
4,lap_fixed_dec,2.0000000000,0.2000000000,1.4911254430,0.3088745570,150.0000000000,0.0500000000,500,1.0000000000,10000.0000000000,3.0000000000,0.5000000000,7569,7569,7790,7790,-1673981.3004783876,215.8884852989,215.8884852989,0,0,500,-5000000.0000000000,3.4339086560
0,lap_fixed_dec,2.0000000000,0.2000000000,1.4920550801,0.3079449199,150.0000000000,0.0800000000,800,1.0000000000,10000.0000000000,3.0000000000,0.5000000000,7569,7569,7790,7790,-2642398.0178837632,340.2038533869,340.2038533869,0,0,800,-8000000.0000000000,3.4959359570
1,lap_fixed_dec,2.0000000000,0.2000000000,1.4879103214,0.3120896786,150.0000000000,0.0800000000,800,1.0000000000,10000.0000000000,3.0000000000,0.5000000000,7569,7569,7790,7790,-2736827.3637543269,352.3257206360,352.3257206360,0,0,800,-8000000.0000000000,3.6074633590
2,lap_fixed_dec,2.0000000000,0.2000000000,1.4981921579,0.3018078421,150.0000000000,0.0800000000,800,1.0000000000,10000.0000000000,3.0000000000,0.5000000000,7569,7569,7790,7790,-2620262.2325916779,337.3622891645,337.3622891645,0,0,800,-8000000.0000000000,3.5104961570
3,lap_fixed_dec,2.0000000000,0.2000000000,1.4930368362,0.3069631638,150.0000000000,0.0800000000,800,1.0000000000,10000.0000000000,3.0000000000,0.5000000000,7569,7569,7790,7790,-2721715.8208503537,350.3858563351,350.3858563351,0,0,800,-8000000.0000000000,3.4676549570
4,lap_fixed_dec,2.0000000000,0.2000000000,1.4911254430,0.3088745570,150.0000000000,0.0800000000,800,1.0000000000,10000.0000000000,3.0000000000,0.5000000000,7569,7569,7790,7790,-2664676.7759951707,343.0637709878,343.0637709878,0,0,800,-8000000.0000000000,3.5643678590
0,lap_fixed_dec,2.0000000000,0.2000000000,1.4920550801,0.3079449199,150.0000000000,0.1000000000,1000,1.0000000000,10000.0000000000,3.0000000000,0.5000000000,7569,7569,7790,7790,-3295215.1536361631,424.0057963589,424.0057963589,0,0,1000,-10000000.0000000000,3.3929124560
1,lap_fixed_dec,2.0000000000,0.2000000000,1.4879103214,0.3120896786,150.0000000000,0.1000000000,1000,1.0000000000,10000.0000000000,3.0000000000,0.5000000000,7569,7569,7790,7790,-3392753.0560731660,436.5267080967,436.5267080967,0,0,1000,-10000000.0000000000,3.5200773570
2,lap_fixed_dec,2.0000000000,0.2000000000,1.4981921579,0.3018078421,150.0000000000,0.1000000000,1000,1.0000000000,10000.0000000000,3.0000000000,0.5000000000,7569,7569,7790,7790,-3282462.6801104154,422.3687650976,422.3687650976,0,0,1000,-10000000.0000000000,3.6852047610
3,lap_fixed_dec,2.0000000000,0.2000000000,1.4930368362,0.3069631638,150.0000000000,0.1000000000,1000,1.0000000000,10000.0000000000,3.0000000000,0.5000000000,7569,7569,7790,7790,-3397495.7304233755,437.1355238027,437.1355238027,0,0,1000,-10000000.0000000000,3.5911836580
4,lap_fixed_dec,2.0000000000,0.2000000000,1.4911254430,0.3088745570,150.0000000000,0.1000000000,1000,1.0000000000,10000.0000000000,3.0000000000,0.5000000000,7569,7569,7790,7790,-3314325.3177427105,426.4589624830,426.4589624830,0,0,1000,-10000000.0000000000,3.5462879570
0,lap_fixed_dec,2.0000000000,0.2000000000,1.4920550801,0.3079449199,150.0000000000,0.1300000000,1300,1.0000000000,10000.0000000000,3.0000000000,0.5000000000,7569,7569,7790,7790,-4317547.1607143087,555.2422542637,555.2422542637,0,0,1300,-13000000.0000000000,3.6291924590
1,lap_fixed_dec,2.0000000000,0.2000000000,1.4879103214,0.3120896786,150.0000000000,0.1300000000,1300,1.0000000000,10000.0000000000,3.0000000000,0.5000000000,7569,7569,7790,7790,-4383735.5631900039,563.7388399474,563.7388399474,0,0,1300,-13000000.0000000000,3.6157505600
2,lap_fixed_dec,2.0000000000,0.2000000000,1.4981921579,0.3018078421,150.0000000000,0.1300000000,1300,1.0000000000,10000.0000000000,3.0000000000,0.5000000000,7569,7569,7790,7790,-4282801.0113976216,550.7819013347,550.7819013347,0,0,1300,-13000000.0000000000,3.4586438560
3,lap_fixed_dec,2.0000000000,0.2000000000,1.4930368362,0.3069631638,150.0000000000,0.1300000000,1300,1.0000000000,10000.0000000000,3.0000000000,0.5000000000,7569,7569,7790,7790,-4403629.9202077156,566.2926726839,566.2926726839,0,0,1300,-13000000.0000000000,3.4780220570
4,lap_fixed_dec,2.0000000000,0.2000000000,1.4911254430,0.3088745570,150.0000000000,0.1300000000,1300,1.0000000000,10000.0000000000,3.0000000000,0.5000000000,7569,7569,7790,7790,-4318905.1419323785,555.4165779117,555.4165779117,0,0,1300,-13000000.0000000000,3.6804902600
0,lap_fixed_dec,2.0000000000,0.2000000000,1.4920550801,0.3079449199,150.0000000000,0.1500000000,1500,1.0000000000,10000.0000000000,3.0000000000,0.5000000000,7569,7569,7790,7790,-4962493.5949312793,638.0338376035,638.0338376035,0,0,1500,-15000000.0000000000,3.5388318580
1,lap_fixed_dec,2.0000000000,0.2000000000,1.4879103214,0.3120896786,150.0000000000,0.1500000000,1500,1.0000000000,10000.0000000000,3.0000000000,0.5000000000,7569,7569,7790,7790,-5059834.8001088155,650.5294993721,650.5294993721,0,0,1500,-15000000.0000000000,3.4290248560
2,lap_fixed_dec,2.0000000000,0.2000000000,1.4981921579,0.3018078421,150.0000000000,0.1500000000,1500,1.0000000000,10000.0000000000,3.0000000000,0.5000000000,7569,7569,7790,7790,-4938403.9685014850,634.9414593712,634.9414593712,0,0,1500,-15000000.0000000000,3.5051707570
3,lap_fixed_dec,2.0000000000,0.2000000000,1.4930368362,0.3069631638,150.0000000000,0.1500000000,1500,1.0000000000,10000.0000000000,3.0000000000,0.5000000000,7569,7569,7790,7790,-5051956.5702130217,649.5181733264,649.5181733264,0,0,1500,-15000000.0000000000,3.3990691560
4,lap_fixed_dec,2.0000000000,0.2000000000,1.4911254430,0.3088745570,150.0000000000,0.1500000000,1500,1.0000000000,10000.0000000000,3.0000000000,0.5000000000,7569,7569,7790,7790,-5001775.3483190509,643.0764246879,643.0764246879,0,0,1500,-15000000.0000000000,3.5263376580
0,lap_fixed_dec,2.0000000000,0.2000000000,1.4920550801,0.3079449199,150.0000000000,0.1800000000,1800,1.0000000000,10000.0000000000,3.0000000000,0.5000000000,7569,7569,7790,7790,-5963819.7491278984,766.5737803759,766.5737803759,0,0,1800,-18000000.0000000000,3.4833224570
1,lap_fixed_dec,2.0000000000,0.2000000000,1.4879103214,0.3120896786,150.0000000000,0.1800000000,1800,1.0000000000,10000.0000000000,3.0000000000,0.5000000000,7569,7569,7790,7790,-6041985.9560961211,776.6079532858,776.6079532858,0,0,1800,-18000000.0000000000,3.5113767570
2,lap_fixed_dec,2.0000000000,0.2000000000,1.4981921579,0.3018078421,150.0000000000,0.1800000000,1800,1.0000000000,10000.0000000000,3.0000000000,0.5000000000,7569,7569,7790,7790,-5959972.6392378844,766.0799280151,766.0799280151,0,0,1800,-18000000.0000000000,3.4685623570
3,lap_fixed_dec,2.0000000000,0.2000000000,1.4930368362,0.3069631638,150.0000000000,0.1800000000,1800,1.0000000000,10000.0000000000,3.0000000000,0.5000000000,7569,7569,7790,7790,-6081201.2696971679,781.6420115144,781.6420115144,0,0,1800,-18000000.0000000000,3.4634333560
4,lap_fixed_dec,2.0000000000,0.2000000000,1.4911254430,0.3088745570,150.0000000000,0.1800000000,1800,1.0000000000,10000.0000000000,3.0000000000,0.5000000000,7569,7569,7790,7790,-5977153.5921892421,768.2854418728,768.2854418728,0,0,1800,-18000000.0000000000,3.4193078570
0,lap_fixed_dec,2.0000000000,0.2000000000,1.4920550801,0.3079449199,150.0000000000,0.2000000000,2000,1.0000000000,10000.0000000000,3.0000000000,0.5000000000,7569,7569,7790,7790,-6664905.9925307333,856.5720144455,856.5720144455,0,0,2000,-20000000.0000000000,3.6014485590
1,lap_fixed_dec,2.0000000000,0.2000000000,1.4879103214,0.3120896786,150.0000000000,0.2000000000,2000,1.0000000000,10000.0000000000,3.0000000000,0.5000000000,7569,7569,7790,7790,-6714564.7304108189,862.9466919654,862.9466919654,0,0,2000,-20000000.0000000000,3.5814225580
2,lap_fixed_dec,2.0000000000,0.2000000000,1.4981921579,0.3018078421,150.0000000000,0.2000000000,2000,1.0000000000,10000.0000000000,3.0000000000,0.5000000000,7569,7569,7790,7790,-6617515.2394804806,850.4884774686,850.4884774686,0,0,2000,-20000000.0000000000,3.6332496600
3,lap_fixed_dec,2.0000000000,0.2000000000,1.4930368362,0.3069631638,150.0000000000,0.2000000000,2000,1.0000000000,10000.0000000000,3.0000000000,0.5000000000,7569,7569,7790,7790,-6722761.8659659699,863.9989558365,863.9989558365,0,0,2000,-20000000.0000000000,3.5775039580
4,lap_fixed_dec,2.0000000000,0.2000000000,1.4911254430,0.3088745570,150.0000000000,0.2000000000,2000,1.0000000000,10000.0000000000,3.0000000000,0.5000000000,7569,7569,7790,7790,-6666505.6315905163,856.7773596393,856.7773596393,0,0,2000,-20000000.0000000000,3.5435823590
0,lap_scale_inc,2.0000000000,0.2000000000,1.4920550801,0.3079449199,150.0000000000,0.0300000000,300,1.0000000000,10000.0000000000,3.0000000000,0.5000000000,7569,7569,7790,7790,211433.9562987302,26.1417145441,26.1417145441,0,0,300,574117.8331472551,3.4698336570
1,lap_scale_inc,2.0000000000,0.2000000000,1.4879103214,0.3120896786,150.0000000000,0.0300000000,300,1.0000000000,10000.0000000000,3.0000000000,0.5000000000,7569,7569,7790,7790,120429.8768082625,14.4595477289,14.4595477289,0,0,300,565681.6773681140,3.4921257570
2,lap_scale_inc,2.0000000000,0.2000000000,1.4981921579,0.3018078421,150.0000000000,0.0300000000,300,1.0000000000,10000.0000000000,3.0000000000,0.5000000000,7569,7569,7790,7790,248679.3541904821,30.9228952748,30.9228952748,0,0,300,582641.0982460068,3.4926275570
3,lap_scale_inc,2.0000000000,0.2000000000,1.4930368362,0.3069631638,150.0000000000,0.0300000000,300,1.0000000000,10000.0000000000,3.0000000000,0.5000000000,7569,7569,7790,7790,138135.8254576330,16.7324551293,16.7324551293,0,0,300,572285.6481024175,3.5682634590
4,lap_scale_inc,2.0000000000,0.2000000000,1.4911254430,0.3088745570,150.0000000000,0.0300000000,300,1.0000000000,10000.0000000000,3.0000000000,0.5000000000,7569,7569,7790,7790,185874.4077956115,22.8606428492,22.8606428492,0,0,300,571237.1271526498,3.5320032570
0,lap_scale_inc,2.0000000000,0.2000000000,1.4920550801,0.3079449199,150.0000000000,0.0500000000,500,1.0000000000,10000.0000000000,3.0000000000,0.5000000000,7569,7569,7790,7790,335405.1906680503,42.0558652976,42.0558652976,0,0,500,956264.4965132111,3.4241034560
1,lap_scale_inc,2.0000000000,0.2000000000,1.4879103214,0.3120896786,150.0000000000,0.0500000000,500,1.0000000000,10000.0000000000,3.0000000000,0.5000000000,7569,7569,7790,7790,247258.5208903456,30.7405033235,30.7405033235,0,0,500,940964.6727287251,3.4633471570
2,lap_scale_inc,2.0000000000,0.2000000000,1.4981921579,0.3018078421,150.0000000000,0.0500000000,500,1.0000000000,10000.0000000000,3.0000000000,0.5000000000,7569,7569,7790,7790,371834.6233393191,46.7323008138,46.7323008138,0,0,500,969916.6102802940,3.6227750590
3,lap_scale_inc,2.0000000000,0.2000000000,1.4930368362,0.3069631638,150.0000000000,0.0500000000,500,1.0000000000,10000.0000000000,3.0000000000,0.5000000000,7569,7569,7790,7790,254753.7990085941,31.7026699626,31.7026699626,0,0,500,953362.5109559537,3.4528425570
4,lap_scale_inc,2.0000000000,0.2000000000,1.4911254430,0.3088745570,150.0000000000,0.0500000000,500,1.0000000000,10000.0000000000,3.0000000000,0.5000000000,7569,7569,7790,7790,310235.2166591775,38.8248031655,38.8248031655,0,0,500,952649.5514126717,3.4732472560
0,lap_scale_inc,2.0000000000,0.2000000000,1.4920550801,0.3079449199,150.0000000000,0.0800000000,800,1.0000000000,10000.0000000000,3.0000000000,0.5000000000,7569,7569,7790,7790,534285.0602638043,67.5860154382,67.5860154382,0,0,800,1530049.2344427172,3.5195980580
1,lap_scale_inc,2.0000000000,0.2000000000,1.4879103214,0.3120896786,150.0000000000,0.0800000000,800,1.0000000000,10000.0000000000,3.0000000000,0.5000000000,7569,7569,7790,7790,431143.5559069339,54.3457709765,54.3457709765,0,0,800,1503912.7589837869,3.4992003570
2,lap_scale_inc,2.0000000000,0.2000000000,1.4981921579,0.3018078421,150.0000000000,0.0800000000,800,1.0000000000,10000.0000000000,3.0000000000,0.5000000000,7569,7569,7790,7790,564522.5670257806,71.4675952536,71.4675952536,0,0,800,1554354.3988523874,3.4836136570
3,lap_scale_inc,2.0000000000,0.2000000000,1.4930368362,0.3069631638,150.0000000000,0.0800000000,800,1.0000000000,10000.0000000000,3.0000000000,0.5000000000,7569,7569,7790,7790,454113.6903633797,57.2944403547,57.2944403547,0,0,800,1527488.5336411884,3.4521668560
4,lap_scale_inc,2.0000000000,0.2000000000,1.4911254430,0.3088745570,150.0000000000,0.0800000000,800,1.0000000000,10000.0000000000,3.0000000000,0.5000000000,7569,7569,7790,7790,509484.6551140850,64.4023947515,64.4023947515,0,0,800,1522484.2933277716,3.5548777590
0,lap_scale_inc,2.0000000000,0.2000000000,1.4920550801,0.3079449199,150.0000000000,0.1000000000,1000,1.0000000000,10000.0000000000,3.0000000000,0.5000000000,7569,7569,7790,7790,675254.6750317473,85.6822432647,85.6822432647,0,0,1000,1911409.4860037421,3.4146203570
1,lap_scale_inc,2.0000000000,0.2000000000,1.4879103214,0.3120896786,150.0000000000,0.1000000000,1000,1.0000000000,10000.0000000000,3.0000000000,0.5000000000,7569,7569,7790,7790,567230.2569953537,71.8151806156,71.8151806156,0,0,1000,1879949.9392055622,3.4384655560
2,lap_scale_inc,2.0000000000,0.2000000000,1.4981921579,0.3018078421,150.0000000000,0.1000000000,1000,1.0000000000,10000.0000000000,3.0000000000,0.5000000000,7569,7569,7790,7790,698339.9309163168,88.6456907466,88.6456907466,0,0,1000,1942407.8330802086,3.4383093560
3,lap_scale_inc,2.0000000000,0.2000000000,1.4930368362,0.3069631638,150.0000000000,0.1000000000,1000,1.0000000000,10000.0000000000,3.0000000000,0.5000000000,7569,7569,7790,7790,571364.0340864136,72.3458323603,72.3458323603,0,0,1000,1906579.2935294313,3.5091517570
4,lap_scale_inc,2.0000000000,0.2000000000,1.4911254430,0.3088745570,150.0000000000,0.1000000000,1000,1.0000000000,10000.0000000000,3.0000000000,0.5000000000,7569,7569,7790,7790,652953.4966144590,82.8194475757,82.8194475757,0,0,1000,1901836.4430715104,3.4763748570
0,lap_scale_inc,2.0000000000,0.2000000000,1.4920550801,0.3079449199,150.0000000000,0.1300000000,1300,1.0000000000,10000.0000000000,3.0000000000,0.5000000000,7569,7569,7790,7790,843589.6267193110,107.2913513118,107.2913513118,0,0,1300,2483410.3623009436,3.5350554570
1,lap_scale_inc,2.0000000000,0.2000000000,1.4879103214,0.3120896786,150.0000000000,0.1300000000,1300,1.0000000000,10000.0000000000,3.0000000000,0.5000000000,7569,7569,7790,7790,763892.0869393256,97.0606016610,97.0606016610,0,0,1300,2442882.9503880097,3.5922539590
2,lap_scale_inc,2.0000000000,0.2000000000,1.4981921579,0.3018078421,150.0000000000,0.1300000000,1300,1.0000000000,10000.0000000000,3.0000000000,0.5000000000,7569,7569,7790,7790,891207.9779241957,113.4041049967,113.4041049967,0,0,1300,2522026.9679654436,3.5253086580
3,lap_scale_inc,2.0000000000,0.2000000000,1.4930368362,0.3069631638,150.0000000000,0.1300000000,1300,1.0000000000,10000.0000000000,3.0000000000,0.5000000000,7569,7569,7790,7790,755110.3817503519,95.9332967587,95.9332967587,0,0,1300,2476220.9058742048,3.4930647570
4,lap_scale_inc,2.0000000000,0.2000000000,1.4911254430,0.3088745570,150.0000000000,0.1300000000,1300,1.0000000000,10000.0000000000,3.0000000000,0.5000000000,7569,7569,7790,7790,838412.1492370772,106.6267200561,106.6267200561,0,0,1300,2471951.8735083863,3.5370344570
0,lap_scale_inc,2.0000000000,0.2000000000,1.4920550801,0.3079449199,150.0000000000,0.1500000000,1500,1.0000000000,10000.0000000000,3.0000000000,0.5000000000,7569,7569,7790,7790,992323.9941691082,126.3843381475,126.3843381475,0,0,1500,2864452.7673011427,3.6120767600
1,lap_scale_inc,2.0000000000,0.2000000000,1.4879103214,0.3120896786,150.0000000000,0.1500000000,1500,1.0000000000,10000.0000000000,3.0000000000,0.5000000000,7569,7569,7790,7790,880634.2838663448,112.0467630124,112.0467630124,0,0,1500,2821407.2519255155,3.5828813580
2,lap_scale_inc,2.0000000000,0.2000000000,1.4981921579,0.3018078421,150.0000000000,0.1500000000,1500,1.0000000000,10000.0000000000,3.0000000000,0.5000000000,7569,7569,7790,7790,1031010.9931118409,131.3505767794,131.3505767794,0,0,1500,2908244.8848400218,3.6089023590
3,lap_scale_inc,2.0000000000,0.2000000000,1.4930368362,0.3069631638,150.0000000000,0.1500000000,1500,1.0000000000,10000.0000000000,3.0000000000,0.5000000000,7569,7569,7790,7790,901150.4596767115,114.6804184437,114.6804184437,0,0,1500,2859321.0896691936,3.5985404590
4,lap_scale_inc,2.0000000000,0.2000000000,1.4911254430,0.3088745570,150.0000000000,0.1500000000,1500,1.0000000000,10000.0000000000,3.0000000000,0.5000000000,7569,7569,7790,7790,949471.4280180885,120.8833668829,120.8833668829,0,0,1500,2853740.3290115069,3.5650161580
0,lap_scale_inc,2.0000000000,0.2000000000,1.4920550801,0.3079449199,150.0000000000,0.1800000000,1800,1.0000000000,10000.0000000000,3.0000000000,0.5000000000,7569,7569,7790,7790,1182280.6632408947,150.7690196715,150.7690196715,0,0,1800,3438301.2371064136,3.5136931580
1,lap_scale_inc,2.0000000000,0.2000000000,1.4879103214,0.3120896786,150.0000000000,0.1800000000,1800,1.0000000000,10000.0000000000,3.0000000000,0.5000000000,7569,7569,7790,7790,1086161.9922975670,138.4302942616,138.4302942616,0,0,1800,3384443.8451809278,3.5708820580
2,lap_scale_inc,2.0000000000,0.2000000000,1.4981921579,0.3018078421,150.0000000000,0.1800000000,1800,1.0000000000,10000.0000000000,3.0000000000,0.5000000000,7569,7569,7790,7790,1203641.5577239888,153.5111113895,153.5111113895,0,0,1800,3490842.5908856229,3.5017305580
3,lap_scale_inc,2.0000000000,0.2000000000,1.4930368362,0.3069631638,150.0000000000,0.1800000000,1800,1.0000000000,10000.0000000000,3.0000000000,0.5000000000,7569,7569,7790,7790,1061579.0246990439,135.2745859691,135.2745859691,0,0,1800,3428340.8831885876,3.4073794550
4,lap_scale_inc,2.0000000000,0.2000000000,1.4911254430,0.3088745570,150.0000000000,0.1800000000,1800,1.0000000000,10000.0000000000,3.0000000000,0.5000000000,7569,7569,7790,7790,1164149.8296904638,148.4415699218,148.4415699218,0,0,1800,3423910.2656390965,3.4442135570
0,lap_scale_inc,2.0000000000,0.2000000000,1.4920550801,0.3079449199,150.0000000000,0.2000000000,2000,1.0000000000,10000.0000000000,3.0000000000,0.5000000000,7569,7569,7790,7790,1275310.3812235650,162.7112171019,162.7112171019,0,0,2000,3820649.1212628479,3.5121735570
1,lap_scale_inc,2.0000000000,0.2000000000,1.4879103214,0.3120896786,150.0000000000,0.2000000000,2000,1.0000000000,10000.0000000000,3.0000000000,0.5000000000,7569,7569,7790,7790,1205560.2838903686,153.7574177009,153.7574177009,0,0,2000,3760375.0429035150,3.5227422580
2,lap_scale_inc,2.0000000000,0.2000000000,1.4981921579,0.3018078421,150.0000000000,0.2000000000,2000,1.0000000000,10000.0000000000,3.0000000000,0.5000000000,7569,7569,7790,7790,1342077.6581091762,171.2821127226,171.2821127226,0,0,2000,3878778.6927689025,3.4880965570
3,lap_scale_inc,2.0000000000,0.2000000000,1.4930368362,0.3069631638,150.0000000000,0.2000000000,2000,1.0000000000,10000.0000000000,3.0000000000,0.5000000000,7569,7569,7790,7790,1214223.6850260436,154.8695359469,154.8695359469,0,0,2000,3810956.6529759672,3.5101236570
4,lap_scale_inc,2.0000000000,0.2000000000,1.4911254430,0.3088745570,150.0000000000,0.2000000000,2000,1.0000000000,10000.0000000000,3.0000000000,0.5000000000,7569,7569,7790,7790,1267893.0853552227,161.7590610212,161.7590610212,0,0,2000,3803196.1508373148,3.7388816610
0,lap_scale_dec,2.0000000000,0.2000000000,1.4920550801,0.3079449199,150.0000000000,0.0300000000,300,1.0000000000,10000.0000000000,3.0000000000,0.5000000000,7569,7569,7790,7790,-171311.2657994398,22.9911766110,22.9911766110,0,0,300,-574117.8331472551,3.5422540580
1,lap_scale_dec,2.0000000000,0.2000000000,1.4879103214,0.3120896786,150.0000000000,0.0300000000,300,1.0000000000,10000.0000000000,3.0000000000,0.5000000000,7569,7569,7790,7790,-256691.2414371466,33.9513788751,33.9513788751,0,0,300,-565681.6773681140,3.5820837590
2,lap_scale_dec,2.0000000000,0.2000000000,1.4981921579,0.3018078421,150.0000000000,0.0300000000,300,1.0000000000,10000.0000000000,3.0000000000,0.5000000000,7569,7569,7790,7790,-139748.0446401895,18.9394152298,18.9394152298,0,0,300,-582641.0982460068,3.6969472600
3,lap_scale_dec,2.0000000000,0.2000000000,1.4930368362,0.3069631638,150.0000000000,0.0300000000,300,1.0000000000,10000.0000000000,3.0000000000,0.5000000000,7569,7569,7790,7790,-243387.9399439808,32.2436379902,32.2436379902,0,0,300,-572285.6481024175,3.5286055580
4,lap_scale_dec,2.0000000000,0.2000000000,1.4911254430,0.3088745570,150.0000000000,0.0300000000,300,1.0000000000,10000.0000000000,3.0000000000,0.5000000000,7569,7569,7790,7790,-194950.3436394885,26.0257180538,26.0257180538,0,0,300,-571237.1271526498,3.4963714570
0,lap_scale_dec,2.0000000000,0.2000000000,1.4920550801,0.3079449199,150.0000000000,0.0500000000,500,1.0000000000,10000.0000000000,3.0000000000,0.5000000000,7569,7569,7790,7790,-302104.4736740895,39.7810620891,39.7810620891,0,0,500,-956264.4965132111,3.5279639570
1,lap_scale_dec,2.0000000000,0.2000000000,1.4879103214,0.3120896786,150.0000000000,0.0500000000,500,1.0000000000,10000.0000000000,3.0000000000,0.5000000000,7569,7569,7790,7790,-380051.2609288024,49.7870681552,49.7870681552,0,0,500,-940964.6727287251,3.5697219590
2,lap_scale_dec,2.0000000000,0.2000000000,1.4981921579,0.3018078421,150.0000000000,0.0500000000,500,1.0000000000,10000.0000000000,3.0000000000,0.5000000000,7569,7569,7790,7790,-274776.4501808776,36.2729717819,36.2729717819,0,0,500,-969916.6102802940,3.4086263550
3,lap_scale_dec,2.0000000000,0.2000000000,1.4930368362,0.3069631638,150.0000000000,0.0500000000,500,1.0000000000,10000.0000000000,3.0000000000,0.5000000000,7569,7569,7790,7790,-380821.2082953753,49.8859060713,49.8859060713,0,0,500,-953362.5109559537,3.4995211570
4,lap_scale_dec,2.0000000000,0.2000000000,1.4911254430,0.3088745570,150.0000000000,0.0500000000,500,1.0000000000,10000.0000000000,3.0000000000,0.5000000000,7569,7569,7790,7790,-324864.4842826041,42.7027579310,42.7027579310,0,0,500,-952649.5514126717,3.4459101560
0,lap_scale_dec,2.0000000000,0.2000000000,1.4920550801,0.3079449199,150.0000000000,0.0800000000,800,1.0000000000,10000.0000000000,3.0000000000,0.5000000000,7569,7569,7790,7790,-485747.7626980058,63.3552968804,63.3552968804,0,0,800,-1530049.2344427172,3.5334301580
1,lap_scale_dec,2.0000000000,0.2000000000,1.4879103214,0.3120896786,150.0000000000,0.0800000000,800,1.0000000000,10000.0000000000,3.0000000000,0.5000000000,7569,7569,7790,7790,-571464.9500822582,74.3587869168,74.3587869168,0,0,800,-1503912.7589837869,3.6140599590
2,lap_scale_dec,2.0000000000,0.2000000000,1.4981921579,0.3018078421,150.0000000000,0.0800000000,800,1.0000000000,10000.0000000000,3.0000000000,0.5000000000,7569,7569,7790,7790,-471713.6988758116,61.5537482511,61.5537482511,0,0,800,-1554354.3988523874,3.5280890580
3,lap_scale_dec,2.0000000000,0.2000000000,1.4930368362,0.3069631638,150.0000000000,0.0800000000,800,1.0000000000,10000.0000000000,3.0000000000,0.5000000000,7569,7569,7790,7790,-564211.9987307446,73.4277276933,73.4277276933,0,0,800,-1527488.5336411884,3.5762104580
4,lap_scale_dec,2.0000000000,0.2000000000,1.4911254430,0.3088745570,150.0000000000,0.0800000000,800,1.0000000000,10000.0000000000,3.0000000000,0.5000000000,7569,7569,7790,7790,-505504.8737710956,65.8915113955,65.8915113955,0,0,800,-1522484.2933277716,3.6160927590
0,lap_scale_dec,2.0000000000,0.2000000000,1.4920550801,0.3079449199,150.0000000000,0.1000000000,1000,1.0000000000,10000.0000000000,3.0000000000,0.5000000000,7569,7569,7790,7790,-599018.3156374120,77.8958043180,77.8958043180,0,0,1000,-1911409.4860037421,3.5185835580
1,lap_scale_dec,2.0000000000,0.2000000000,1.4879103214,0.3120896786,150.0000000000,0.1000000000,1000,1.0000000000,10000.0000000000,3.0000000000,0.5000000000,7569,7569,7790,7790,-686069.7024750214,89.0705651444,89.0705651444,0,0,1000,-1879949.9392055622,3.5293385580
2,lap_scale_dec,2.0000000000,0.2000000000,1.4981921579,0.3018078421,150.0000000000,0.1000000000,1000,1.0000000000,10000.0000000000,3.0000000000,0.5000000000,7569,7569,7790,7790,-596598.6244704879,77.5851892773,77.5851892773,0,0,1000,-1942407.8330802086,3.4120954550
3,lap_scale_dec,2.0000000000,0.2000000000,1.4930368362,0.3069631638,150.0000000000,0.1000000000,1000,1.0000000000,10000.0000000000,3.0000000000,0.5000000000,7569,7569,7790,7790,-699688.8282665405,90.8188483012,90.8188483012,0,0,1000,-1906579.2935294313,3.5705793580
4,lap_scale_dec,2.0000000000,0.2000000000,1.4911254430,0.3088745570,150.0000000000,0.1000000000,1000,1.0000000000,10000.0000000000,3.0000000000,0.5000000000,7569,7569,7790,7790,-614937.4654332149,79.9393408772,79.9393408772,0,0,1000,-1901836.4430715104,3.5589327590
0,lap_scale_dec,2.0000000000,0.2000000000,1.4920550801,0.3079449199,150.0000000000,0.1300000000,1300,1.0000000000,10000.0000000000,3.0000000000,0.5000000000,7569,7569,7790,7790,-812017.2814813164,105.2384186754,105.2384186754,0,0,1300,-2483410.3623009436,3.4777319570
1,lap_scale_dec,2.0000000000,0.2000000000,1.4879103214,0.3120896786,150.0000000000,0.1300000000,1300,1.0000000000,10000.0000000000,3.0000000000,0.5000000000,7569,7569,7790,7790,-864696.5466526840,112.0008403919,112.0008403919,0,0,1300,-2442882.9503880097,3.5882860590
2,lap_scale_dec,2.0000000000,0.2000000000,1.4981921579,0.3018078421,150.0000000000,0.1300000000,1300,1.0000000000,10000.0000000000,3.0000000000,0.5000000000,7569,7569,7790,7790,-790143.3340527653,102.4304665023,102.4304665023,0,0,1300,-2522026.9679654436,3.5358831580
3,lap_scale_dec,2.0000000000,0.2000000000,1.4930368362,0.3069631638,150.0000000000,0.1300000000,1300,1.0000000000,10000.0000000000,3.0000000000,0.5000000000,7569,7569,7790,7790,-895703.5554991225,115.9812009627,115.9812009627,0,0,1300,-2476220.9058742048,3.5346085580
4,lap_scale_dec,2.0000000000,0.2000000000,1.4911254430,0.3088745570,150.0000000000,0.1300000000,1300,1.0000000000,10000.0000000000,3.0000000000,0.5000000000,7569,7569,7790,7790,-809555.7664351780,104.9224347157,104.9224347157,0,0,1300,-2471951.8735083863,3.6200952590
0,lap_scale_dec,2.0000000000,0.2000000000,1.4920550801,0.3079449199,150.0000000000,0.1500000000,1500,1.0000000000,10000.0000000000,3.0000000000,0.5000000000,7569,7569,7790,7790,-917311.1840316528,118.7549658577,118.7549658577,0,0,1500,-2864452.7673011427,3.6055737590
1,lap_scale_dec,2.0000000000,0.2000000000,1.4879103214,0.3120896786,150.0000000000,0.1500000000,1500,1.0000000000,10000.0000000000,3.0000000000,0.5000000000,7569,7569,7790,7790,-1000303.8840839923,129.4087142598,129.4087142598,0,0,1500,-2821407.2519255155,3.4529393570
2,lap_scale_dec,2.0000000000,0.2000000000,1.4981921579,0.3018078421,150.0000000000,0.1500000000,1500,1.0000000000,10000.0000000000,3.0000000000,0.5000000000,7569,7569,7790,7790,-907818.9301148350,117.5364480250,117.5364480250,0,0,1500,-2908244.8848400218,3.3903286550
3,lap_scale_dec,2.0000000000,0.2000000000,1.4930368362,0.3069631638,150.0000000000,0.1500000000,1500,1.0000000000,10000.0000000000,3.0000000000,0.5000000000,7569,7569,7790,7790,-1005063.6001027552,130.0197175998,130.0197175998,0,0,1500,-2859321.0896691936,3.5629745580
4,lap_scale_dec,2.0000000000,0.2000000000,1.4911254430,0.3088745570,150.0000000000,0.1500000000,1500,1.0000000000,10000.0000000000,3.0000000000,0.5000000000,7569,7569,7790,7790,-953022.1246562490,123.3391687620,123.3391687620,0,0,1500,-2853740.3290115069,3.4334990560
0,lap_scale_dec,2.0000000000,0.2000000000,1.4920550801,0.3079449199,150.0000000000,0.1800000000,1800,1.0000000000,10000.0000000000,3.0000000000,0.5000000000,7569,7569,7790,7790,-1109920.1614967131,143.4801234270,143.4801234270,0,0,1800,-3438301.2371064136,3.5332212580
1,lap_scale_dec,2.0000000000,0.2000000000,1.4879103214,0.3120896786,150.0000000000,0.1800000000,1800,1.0000000000,10000.0000000000,3.0000000000,0.5000000000,7569,7569,7790,7790,-1170133.9044897174,151.2097438369,151.2097438369,0,0,1800,-3384443.8451809278,3.4236168560
2,lap_scale_dec,2.0000000000,0.2000000000,1.4981921579,0.3018078421,150.0000000000,0.1800000000,1800,1.0000000000,10000.0000000000,3.0000000000,0.5000000000,7569,7569,7790,7790,-1123586.8361997616,145.2345104236,145.2345104236,0,0,1800,-3490842.5908856229,3.5017749570
3,lap_scale_dec,2.0000000000,0.2000000000,1.4930368362,0.3069631638,150.0000000000,0.1800000000,1800,1.0000000000,10000.0000000000,3.0000000000,0.5000000000,7569,7569,7790,7790,-1223981.5640933558,158.1221520017,158.1221520017,0,0,1800,-3428340.8831885876,3.4480183570
4,lap_scale_dec,2.0000000000,0.2000000000,1.4911254430,0.3088745570,150.0000000000,0.1800000000,1800,1.0000000000,10000.0000000000,3.0000000000,0.5000000000,7569,7569,7790,7790,-1118457.0140689309,144.5759966712,144.5759966712,0,0,1800,-3423910.2656390965,3.5218739580
0,lap_scale_dec,2.0000000000,0.2000000000,1.4920550801,0.3079449199,150.0000000000,0.2000000000,2000,1.0000000000,10000.0000000000,3.0000000000,0.5000000000,7569,7569,7790,7790,-1271789.0329516658,164.2591826639,164.2591826639,0,0,2000,-3820649.1212628479,3.9248876640
1,lap_scale_dec,2.0000000000,0.2000000000,1.4879103214,0.3120896786,150.0000000000,0.2000000000,2000,1.0000000000,10000.0000000000,3.0000000000,0.5000000000,7569,7569,7790,7790,-1301356.4113786414,168.0547383028,168.0547383028,0,0,2000,-3760375.0429035150,3.7128202600
2,lap_scale_dec,2.0000000000,0.2000000000,1.4981921579,0.3018078421,150.0000000000,0.2000000000,2000,1.0000000000,10000.0000000000,3.0000000000,0.5000000000,7569,7569,7790,7790,-1243774.8037367582,160.6630043308,160.6630043308,0,0,2000,-3878778.6927689025,3.5743128590
3,lap_scale_dec,2.0000000000,0.2000000000,1.4930368362,0.3069631638,150.0000000000,0.2000000000,2000,1.0000000000,10000.0000000000,3.0000000000,0.5000000000,7569,7569,7790,7790,-1326414.0836246063,171.2713842907,171.2713842907,0,0,2000,-3810956.6529759672,3.6010201590
4,lap_scale_dec,2.0000000000,0.2000000000,1.4911254430,0.3088745570,150.0000000000,0.2000000000,2000,1.0000000000,10000.0000000000,3.0000000000,0.5000000000,7569,7569,7790,7790,-1267571.0152029800,163.7177169709,163.7177169709,0,0,2000,-3803196.1508373148,3.4943838570
0,lap_local_inc,2.0000000000,0.2000000000,1.4920550801,0.3079449199,150.0000000000,0.0300000000,300,1.0000000000,10000.0000000000,3.0000000000,0.5000000000,7569,7569,7790,7790,20281.9482698829,1.6035877112,1.6035877112,0,0,300,661.8090607116,3.6214319590
1,lap_local_inc,2.0000000000,0.2000000000,1.4879103214,0.3120896786,150.0000000000,0.0300000000,300,1.0000000000,10000.0000000000,3.0000000000,0.5000000000,7569,7569,7790,7790,-68011.0412242464,9.7305572817,9.7305572817,0,0,300,358.9232705891,3.6517875600
2,lap_local_inc,2.0000000000,0.2000000000,1.4981921579,0.3018078421,150.0000000000,0.0300000000,300,1.0000000000,10000.0000000000,3.0000000000,0.5000000000,7569,7569,7790,7790,54587.7579288244,6.0074143683,6.0074143683,0,0,300,366.3094610352,3.4716412570
3,lap_local_inc,2.0000000000,0.2000000000,1.4930368362,0.3069631638,150.0000000000,0.0300000000,300,1.0000000000,10000.0000000000,3.0000000000,0.5000000000,7569,7569,7790,7790,-52520.1832615582,7.7420004187,7.7420004187,0,0,300,317.6219448437,3.4807475570
4,lap_local_inc,2.0000000000,0.2000000000,1.4911254430,0.3088745570,150.0000000000,0.0300000000,300,1.0000000000,10000.0000000000,3.0000000000,0.5000000000,7569,7569,7790,7790,-4431.5790533424,1.5688804947,1.5688804947,0,0,300,319.1666057877,3.5214418570
0,lap_local_inc,2.0000000000,0.2000000000,1.4920550801,0.3079449199,150.0000000000,0.0500000000,500,1.0000000000,10000.0000000000,3.0000000000,0.5000000000,7569,7569,7790,7790,16956.0977492694,1.1766492618,1.1766492618,0,0,500,917.2177568700,3.5291616580
1,lap_local_inc,2.0000000000,0.2000000000,1.4879103214,0.3120896786,150.0000000000,0.0500000000,500,1.0000000000,10000.0000000000,3.0000000000,0.5000000000,7569,7569,7790,7790,-66190.9522401862,9.4969129962,9.4969129962,0,0,500,616.2533371261,3.4868099560
2,lap_local_inc,2.0000000000,0.2000000000,1.4981921579,0.3018078421,150.0000000000,0.0500000000,500,1.0000000000,10000.0000000000,3.0000000000,0.5000000000,7569,7569,7790,7790,48744.2298659140,5.2572823961,5.2572823961,0,0,500,645.4298600765,3.4539823570
3,lap_local_inc,2.0000000000,0.2000000000,1.4930368362,0.3069631638,150.0000000000,0.0500000000,500,1.0000000000,10000.0000000000,3.0000000000,0.5000000000,7569,7569,7790,7790,-62763.2399742994,9.0568985846,9.0568985846,0,0,500,811.3940072703,3.5468766580
4,lap_local_inc,2.0000000000,0.2000000000,1.4911254430,0.3088745570,150.0000000000,0.0500000000,500,1.0000000000,10000.0000000000,3.0000000000,0.5000000000,7569,7569,7790,7790,-6982.5288920248,1.8963451723,1.8963451723,0,0,500,996.3147590664,3.4679608560
0,lap_local_inc,2.0000000000,0.2000000000,1.4920550801,0.3079449199,150.0000000000,0.0800000000,800,1.0000000000,10000.0000000000,3.0000000000,0.5000000000,7569,7569,7790,7790,24787.6805309221,2.1819872312,2.1819872312,0,0,800,1557.0952440725,3.4400977560
1,lap_local_inc,2.0000000000,0.2000000000,1.4879103214,0.3120896786,150.0000000000,0.0800000000,800,1.0000000000,10000.0000000000,3.0000000000,0.5000000000,7569,7569,7790,7790,-69817.4439833875,9.9624446705,9.9624446705,0,0,800,1029.7593128184,3.4512218560
2,lap_local_inc,2.0000000000,0.2000000000,1.4981921579,0.3018078421,150.0000000000,0.0800000000,800,1.0000000000,10000.0000000000,3.0000000000,0.5000000000,7569,7569,7790,7790,46744.1825569869,5.0005369136,5.0005369136,0,0,800,1019.2454460064,3.5341601580
3,lap_local_inc,2.0000000000,0.2000000000,1.4930368362,0.3069631638,150.0000000000,0.0800000000,800,1.0000000000,10000.0000000000,3.0000000000,0.5000000000,7569,7569,7790,7790,-54605.5736392274,8.0097013658,8.0097013658,0,0,800,1330.7416333669,3.4985441570
4,lap_local_inc,2.0000000000,0.2000000000,1.4911254430,0.3088745570,150.0000000000,0.0800000000,800,1.0000000000,10000.0000000000,3.0000000000,0.5000000000,7569,7569,7790,7790,2447.8593134249,0.6857690227,0.6857690227,0,0,800,1373.9059257904,3.4629555570
0,lap_local_inc,2.0000000000,0.2000000000,1.4920550801,0.3079449199,150.0000000000,0.1000000000,1000,1.0000000000,10000.0000000000,3.0000000000,0.5000000000,7569,7569,7790,7790,38713.5860539283,3.9696516115,3.9696516115,0,0,1000,1786.2190702803,3.4851293570
1,lap_local_inc,2.0000000000,0.2000000000,1.4879103214,0.3120896786,150.0000000000,0.1000000000,1000,1.0000000000,10000.0000000000,3.0000000000,0.5000000000,7569,7569,7790,7790,-59026.2708957056,8.5771849674,8.5771849674,0,0,1000,1180.3555323748,3.4352465560
2,lap_local_inc,2.0000000000,0.2000000000,1.4981921579,0.3018078421,150.0000000000,0.1000000000,1000,1.0000000000,10000.0000000000,3.0000000000,0.5000000000,7569,7569,7790,7790,51355.2147666059,5.5924537569,5.5924537569,0,0,1000,1453.6846310812,3.4857883570
3,lap_local_inc,2.0000000000,0.2000000000,1.4930368362,0.3069631638,150.0000000000,0.1000000000,1000,1.0000000000,10000.0000000000,3.0000000000,0.5000000000,7569,7569,7790,7790,-63631.8925248010,9.1684072561,9.1684072561,0,0,1000,1591.5136957935,3.5234295570
4,lap_local_inc,2.0000000000,0.2000000000,1.4911254430,0.3088745570,150.0000000000,0.1000000000,1000,1.0000000000,10000.0000000000,3.0000000000,0.5000000000,7569,7569,7790,7790,19567.8577849373,1.5119201264,1.5119201264,0,0,1000,1679.5265829424,3.4482342560
0,lap_local_inc,2.0000000000,0.2000000000,1.4920550801,0.3079449199,150.0000000000,0.1300000000,1300,1.0000000000,10000.0000000000,3.0000000000,0.5000000000,7569,7569,7790,7790,16582.5978965101,1.1287031960,1.1287031960,0,0,1300,2389.2758325240,3.6191910590
1,lap_local_inc,2.0000000000,0.2000000000,1.4879103214,0.3120896786,150.0000000000,0.1300000000,1300,1.0000000000,10000.0000000000,3.0000000000,0.5000000000,7569,7569,7790,7790,-49920.2093429269,7.4082425344,7.4082425344,0,0,1300,1446.0615412569,3.5230799580
2,lap_local_inc,2.0000000000,0.2000000000,1.4981921579,0.3018078421,150.0000000000,0.1300000000,1300,1.0000000000,10000.0000000000,3.0000000000,0.5000000000,7569,7569,7790,7790,51200.7083903376,5.5726198190,5.5726198190,0,0,1300,2005.1593638661,3.5214163580
3,lap_local_inc,2.0000000000,0.2000000000,1.4930368362,0.3069631638,150.0000000000,0.1300000000,1300,1.0000000000,10000.0000000000,3.0000000000,0.5000000000,7569,7569,7790,7790,-69660.3305064220,9.9422760599,9.9422760599,0,0,1300,1908.7691038892,3.5044224570
4,lap_local_inc,2.0000000000,0.2000000000,1.4911254430,0.3088745570,150.0000000000,0.1300000000,1300,1.0000000000,10000.0000000000,3.0000000000,0.5000000000,7569,7569,7790,7790,15167.9703410149,0.9471078743,0.9471078743,0,0,1300,2219.3368201999,3.4493043560
0,lap_local_inc,2.0000000000,0.2000000000,1.4920550801,0.3079449199,150.0000000000,0.1500000000,1500,1.0000000000,10000.0000000000,3.0000000000,0.5000000000,7569,7569,7790,7790,38415.5393991823,3.9313914505,3.9313914505,0,0,1500,2727.4029913738,3.4746676560
1,lap_local_inc,2.0000000000,0.2000000000,1.4879103214,0.3120896786,150.0000000000,0.1500000000,1500,1.0000000000,10000.0000000000,3.0000000000,0.5000000000,7569,7569,7790,7790,-59175.5234568561,8.5963444746,8.5963444746,0,0,1500,1977.8299559045,3.4342497560
2,lap_local_inc,2.0000000000,0.2000000000,1.4981921579,0.3018078421,150.0000000000,0.1500000000,1500,1.0000000000,10000.0000000000,3.0000000000,0.5000000000,7569,7569,7790,7790,62394.8448786954,7.0096078150,7.0096078150,0,0,1500,2396.4401405714,3.5638298580
3,lap_local_inc,2.0000000000,0.2000000000,1.4930368362,0.3069631638,150.0000000000,0.1500000000,1500,1.0000000000,10000.0000000000,3.0000000000,0.5000000000,7569,7569,7790,7790,-51202.6374508950,7.5728674520,7.5728674520,0,0,1500,2261.7982863856,3.6650198600
4,lap_local_inc,2.0000000000,0.2000000000,1.4911254430,0.3088745570,150.0000000000,0.1500000000,1500,1.0000000000,10000.0000000000,3.0000000000,0.5000000000,7569,7569,7790,7790,-882.2895306591,1.1132592466,1.1132592466,0,0,1500,2679.1763652486,3.4986939580
0,lap_local_inc,2.0000000000,0.2000000000,1.4920550801,0.3079449199,150.0000000000,0.1800000000,1800,1.0000000000,10000.0000000000,3.0000000000,0.5000000000,7569,7569,7790,7790,37230.0510948726,3.7792106669,3.7792106669,0,0,1800,3149.4006683477,3.6146847590
1,lap_local_inc,2.0000000000,0.2000000000,1.4879103214,0.3120896786,150.0000000000,0.1800000000,1800,1.0000000000,10000.0000000000,3.0000000000,0.5000000000,7569,7569,7790,7790,-41159.0679141807,6.2835773959,6.2835773959,0,0,1800,2480.6645456979,3.4756781570
2,lap_local_inc,2.0000000000,0.2000000000,1.4981921579,0.3018078421,150.0000000000,0.1800000000,1800,1.0000000000,10000.0000000000,3.0000000000,0.5000000000,7569,7569,7790,7790,40977.0531688846,4.2602122168,4.2602122168,0,0,1800,2849.0772203149,3.6261581590
3,lap_local_inc,2.0000000000,0.2000000000,1.4930368362,0.3069631638,150.0000000000,0.1800000000,1800,1.0000000000,10000.0000000000,3.0000000000,0.5000000000,7569,7569,7790,7790,-80296.9743928887,11.3076988951,11.3076988951,0,0,1800,2712.8859128103,3.4231328560
4,lap_local_inc,2.0000000000,0.2000000000,1.4911254430,0.3088745570,150.0000000000,0.1800000000,1800,1.0000000000,10000.0000000000,3.0000000000,0.5000000000,7569,7569,7790,7790,23862.6245217277,2.0632380644,2.0632380644,0,0,1800,3048.6501328757,3.4374914560
0,lap_local_inc,2.0000000000,0.2000000000,1.4920550801,0.3079449199,150.0000000000,0.2000000000,2000,1.0000000000,10000.0000000000,3.0000000000,0.5000000000,7569,7569,7790,7790,2921.1553000921,0.6250121566,0.6250121566,0,0,2000,3481.4434924344,3.5751391580
1,lap_local_inc,2.0000000000,0.2000000000,1.4879103214,0.3120896786,150.0000000000,0.2000000000,2000,1.0000000000,10000.0000000000,3.0000000000,0.5000000000,7569,7569,7790,7790,-46924.7547676919,7.0237169150,7.0237169150,0,0,2000,2919.9269293369,3.5551061580
2,lap_local_inc,2.0000000000,0.2000000000,1.4981921579,0.3018078421,150.0000000000,0.2000000000,2000,1.0000000000,10000.0000000000,3.0000000000,0.5000000000,7569,7569,7790,7790,50260.7007616021,5.4519513173,5.4519513173,0,0,2000,3327.8207261774,3.5017038570
3,lap_local_inc,2.0000000000,0.2000000000,1.4930368362,0.3069631638,150.0000000000,0.2000000000,2000,1.0000000000,10000.0000000000,3.0000000000,0.5000000000,7569,7569,7790,7790,-55041.4607006507,8.0656560591,8.0656560591,0,0,2000,3161.2157958835,3.5512535580
4,lap_local_inc,2.0000000000,0.2000000000,1.4911254430,0.3088745570,150.0000000000,0.2000000000,2000,1.0000000000,10000.0000000000,3.0000000000,0.5000000000,7569,7569,7790,7790,1260.4857476726,0.8381918167,0.8381918167,0,0,2000,3298.3520146539,3.4869952570
0,lap_local_dec,2.0000000000,0.2000000000,1.4920550801,0.3079449199,150.0000000000,0.0300000000,300,1.0000000000,10000.0000000000,3.0000000000,0.5000000000,7569,7569,7790,7790,19840.7422294085,1.5469502220,1.5469502220,0,0,300,-661.8090607116,3.5177047580
1,lap_local_dec,2.0000000000,0.2000000000,1.4879103214,0.3120896786,150.0000000000,0.0300000000,300,1.0000000000,10000.0000000000,3.0000000000,0.5000000000,7569,7569,7790,7790,-68250.3234046391,9.7612738645,9.7612738645,0,0,300,-358.9232705891,3.4912213570
2,lap_local_dec,2.0000000000,0.2000000000,1.4981921579,0.3018078421,150.0000000000,0.0300000000,300,1.0000000000,10000.0000000000,3.0000000000,0.5000000000,7569,7569,7790,7790,54343.5516214676,5.9760656767,5.9760656767,0,0,300,-366.3094610352,3.4791109570
3,lap_local_dec,2.0000000000,0.2000000000,1.4930368362,0.3069631638,150.0000000000,0.0300000000,300,1.0000000000,10000.0000000000,3.0000000000,0.5000000000,7569,7569,7790,7790,-52731.9312247873,7.7691824422,7.7691824422,0,0,300,-317.6219448437,3.4934918570
4,lap_local_dec,2.0000000000,0.2000000000,1.4911254430,0.3088745570,150.0000000000,0.0300000000,300,1.0000000000,10000.0000000000,3.0000000000,0.5000000000,7569,7569,7790,7790,-4644.3567905342,1.5961947100,1.5961947100,0,0,300,-319.1666057877,3.4384900570
0,lap_local_dec,2.0000000000,0.2000000000,1.4920550801,0.3079449199,150.0000000000,0.0500000000,500,1.0000000000,10000.0000000000,3.0000000000,0.5000000000,7569,7569,7790,7790,16344.6192446894,1.0981539467,1.0981539467,0,0,500,-917.2177568700,3.4272326560
1,lap_local_dec,2.0000000000,0.2000000000,1.4879103214,0.3120896786,150.0000000000,0.0500000000,500,1.0000000000,10000.0000000000,3.0000000000,0.5000000000,7569,7569,7790,7790,-66601.7877982704,9.5496518355,9.5496518355,0,0,500,-616.2533371261,3.5081686570
2,lap_local_dec,2.0000000000,0.2000000000,1.4981921579,0.3018078421,150.0000000000,0.0500000000,500,1.0000000000,10000.0000000000,3.0000000000,0.5000000000,7569,7569,7790,7790,48313.9432925297,5.2020466358,5.2020466358,0,0,500,-645.4298600765,3.4547400560
3,lap_local_dec,2.0000000000,0.2000000000,1.4930368362,0.3069631638,150.0000000000,0.0500000000,500,1.0000000000,10000.0000000000,3.0000000000,0.5000000000,7569,7569,7790,7790,-63304.1693124795,9.1263375241,9.1263375241,0,0,500,-811.3940072703,3.4858663570
4,lap_local_dec,2.0000000000,0.2000000000,1.4911254430,0.3088745570,150.0000000000,0.0500000000,500,1.0000000000,10000.0000000000,3.0000000000,0.5000000000,7569,7569,7790,7790,-7646.7387314024,1.9816095932,1.9816095932,0,0,500,-996.3147590664,3.4797569570
0,lap_local_dec,2.0000000000,0.2000000000,1.4920550801,0.3079449199,150.0000000000,0.0800000000,800,1.0000000000,10000.0000000000,3.0000000000,0.5000000000,7569,7569,7790,7790,23749.6170348738,2.0487313267,2.0487313267,0,0,800,-1557.0952440725,3.5927986590
1,lap_local_dec,2.0000000000,0.2000000000,1.4879103214,0.3120896786,150.0000000000,0.0800000000,800,1.0000000000,10000.0000000000,3.0000000000,0.5000000000,7569,7569,7790,7790,-70503.9501919330,10.0505712698,10.0505712698,0,0,800,-1029.7593128184,3.5494560590
2,lap_local_dec,2.0000000000,0.2000000000,1.4981921579,0.3018078421,150.0000000000,0.0800000000,800,1.0000000000,10000.0000000000,3.0000000000,0.5000000000,7569,7569,7790,7790,46064.6855929827,4.9133100890,4.9133100890,0,0,800,-1019.2454460064,3.4500881560
3,lap_local_dec,2.0000000000,0.2000000000,1.4930368362,0.3069631638,150.0000000000,0.0800000000,800,1.0000000000,10000.0000000000,3.0000000000,0.5000000000,7569,7569,7790,7790,-55492.7347281387,8.1235859728,8.1235859728,0,0,800,-1330.7416333669,3.5578679580
4,lap_local_dec,2.0000000000,0.2000000000,1.4911254430,0.3088745570,150.0000000000,0.0800000000,800,1.0000000000,10000.0000000000,3.0000000000,0.5000000000,7569,7569,7790,7790,1531.9220295647,0.8033476214,0.8033476214,0,0,800,-1373.9059257904,3.4730708570
0,lap_local_dec,2.0000000000,0.2000000000,1.4920550801,0.3079449199,150.0000000000,0.1000000000,1000,1.0000000000,10000.0000000000,3.0000000000,0.5000000000,7569,7569,7790,7790,37522.7733404081,3.8167873351,3.8167873351,0,0,1000,-1786.2190702803,3.4846352560
1,lap_local_dec,2.0000000000,0.2000000000,1.4879103214,0.3120896786,150.0000000000,0.1000000000,1000,1.0000000000,10000.0000000000,3.0000000000,0.5000000000,7569,7569,7790,7790,-59813.1745839555,8.6781995615,8.6781995615,0,0,1000,-1180.3555323748,3.4374937560
2,lap_local_dec,2.0000000000,0.2000000000,1.4981921579,0.3018078421,150.0000000000,0.1000000000,1000,1.0000000000,10000.0000000000,3.0000000000,0.5000000000,7569,7569,7790,7790,50386.0916792185,5.4680477124,5.4680477124,0,0,1000,-1453.6846310812,3.5332652580
3,lap_local_dec,2.0000000000,0.2000000000,1.4930368362,0.3069631638,150.0000000000,0.1000000000,1000,1.0000000000,10000.0000000000,3.0000000000,0.5000000000,7569,7569,7790,7790,-64692.9016553299,9.3046086849,9.3046086849,0,0,1000,-1591.5136957935,3.4382170560
4,lap_local_dec,2.0000000000,0.2000000000,1.4911254430,0.3088745570,150.0000000000,0.1000000000,1000,1.0000000000,10000.0000000000,3.0000000000,0.5000000000,7569,7569,7790,7790,18448.1733963090,1.3681865721,1.3681865721,0,0,1000,-1679.5265829424,3.4369686570
0,lap_local_dec,2.0000000000,0.2000000000,1.4920550801,0.3079449199,150.0000000000,0.1300000000,1300,1.0000000000,10000.0000000000,3.0000000000,0.5000000000,7569,7569,7790,7790,14989.7473414942,0.9242294405,0.9242294405,0,0,1300,-2389.2758325240,3.5799480580
1,lap_local_dec,2.0000000000,0.2000000000,1.4879103214,0.3120896786,150.0000000000,0.1300000000,1300,1.0000000000,10000.0000000000,3.0000000000,0.5000000000,7569,7569,7790,7790,-50884.2503704316,7.5319961965,7.5319961965,0,0,1300,-1446.0615412569,3.4433434570
2,lap_local_dec,2.0000000000,0.2000000000,1.4981921579,0.3018078421,150.0000000000,0.1300000000,1300,1.0000000000,10000.0000000000,3.0000000000,0.5000000000,7569,7569,7790,7790,49863.9354810936,5.4010186754,5.4010186754,0,0,1300,-2005.1593638661,3.3860611550
3,lap_local_dec,2.0000000000,0.2000000000,1.4930368362,0.3069631638,150.0000000000,0.1300000000,1300,1.0000000000,10000.0000000000,3.0000000000,0.5000000000,7569,7569,7790,7790,-70932.8432423481,10.1056281441,10.1056281441,0,0,1300,-1908.7691038892,3.4068360560
4,lap_local_dec,2.0000000000,0.2000000000,1.4911254430,0.3088745570,150.0000000000,0.1300000000,1300,1.0000000000,10000.0000000000,3.0000000000,0.5000000000,7569,7569,7790,7790,13688.4124608816,0.7571774661,0.7571774661,0,0,1300,-2219.3368201999,3.4260032560
0,lap_local_dec,2.0000000000,0.2000000000,1.4920550801,0.3079449199,150.0000000000,0.1500000000,1500,1.0000000000,10000.0000000000,3.0000000000,0.5000000000,7569,7569,7790,7790,36597.2707382664,3.6979808393,3.6979808393,0,0,1500,-2727.4029913738,3.4123456560
1,lap_local_dec,2.0000000000,0.2000000000,1.4879103214,0.3120896786,150.0000000000,0.1500000000,1500,1.0000000000,10000.0000000000,3.0000000000,0.5000000000,7569,7569,7790,7790,-60494.0767607924,8.7656067729,8.7656067729,0,0,1500,-1977.8299559045,3.4009777560
2,lap_local_dec,2.0000000000,0.2000000000,1.4981921579,0.3018078421,150.0000000000,0.1500000000,1500,1.0000000000,10000.0000000000,3.0000000000,0.5000000000,7569,7569,7790,7790,60797.2181183145,6.8045209394,6.8045209394,0,0,1500,-2396.4401405714,3.4979166570
3,lap_local_dec,2.0000000000,0.2000000000,1.4930368362,0.3069631638,150.0000000000,0.1500000000,1500,1.0000000000,10000.0000000000,3.0000000000,0.5000000000,7569,7569,7790,7790,-52710.5029751520,7.7664317041,7.7664317041,0,0,1500,-2261.7982863856,3.4118100560
4,lap_local_dec,2.0000000000,0.2000000000,1.4911254430,0.3088745570,150.0000000000,0.1500000000,1500,1.0000000000,10000.0000000000,3.0000000000,0.5000000000,7569,7569,7790,7790,-2668.4071074915,1.3425426325,1.3425426325,0,0,1500,-2679.1763652486,3.4677777570
0,lap_local_dec,2.0000000000,0.2000000000,1.4920550801,0.3079449199,150.0000000000,0.1800000000,1800,1.0000000000,10000.0000000000,3.0000000000,0.5000000000,7569,7569,7790,7790,35130.4506493075,3.5096855776,3.5096855776,0,0,1800,-3149.4006683477,3.5004676570
1,lap_local_dec,2.0000000000,0.2000000000,1.4879103214,0.3120896786,150.0000000000,0.1800000000,1800,1.0000000000,10000.0000000000,3.0000000000,0.5000000000,7569,7569,7790,7790,-42812.8442779793,6.4958721795,6.4958721795,0,0,1800,-2480.6645456979,3.5583654580
2,lap_local_dec,2.0000000000,0.2000000000,1.4981921579,0.3018078421,150.0000000000,0.1800000000,1800,1.0000000000,10000.0000000000,3.0000000000,0.5000000000,7569,7569,7790,7790,39077.6683553414,4.0163887491,4.0163887491,0,0,1800,-2849.0772203149,3.4241617560
3,lap_local_dec,2.0000000000,0.2000000000,1.4930368362,0.3069631638,150.0000000000,0.1800000000,1800,1.0000000000,10000.0000000000,3.0000000000,0.5000000000,7569,7569,7790,7790,-82105.5650014289,11.5398671375,11.5398671375,0,0,1800,-2712.8859128103,3.4345024570
4,lap_local_dec,2.0000000000,0.2000000000,1.4911254430,0.3088745570,150.0000000000,0.1800000000,1800,1.0000000000,10000.0000000000,3.0000000000,0.5000000000,7569,7569,7790,7790,21830.1910998106,1.8023351861,1.8023351861,0,0,1800,-3048.6501328757,3.3713799550
0,lap_local_dec,2.0000000000,0.2000000000,1.4920550801,0.3079449199,150.0000000000,0.2000000000,2000,1.0000000000,10000.0000000000,3.0000000000,0.5000000000,7569,7569,7790,7790,600.1929718025,0.9229534054,0.9229534054,0,0,2000,-3481.4434924344,3.4997561570
1,lap_local_dec,2.0000000000,0.2000000000,1.4879103214,0.3120896786,150.0000000000,0.2000000000,2000,1.0000000000,10000.0000000000,3.0000000000,0.5000000000,7569,7569,7790,7790,-48871.3727205831,7.2736036869,7.2736036869,0,0,2000,-2919.9269293369,3.4278411560
2,lap_local_dec,2.0000000000,0.2000000000,1.4981921579,0.3018078421,150.0000000000,0.2000000000,2000,1.0000000000,10000.0000000000,3.0000000000,0.5000000000,7569,7569,7790,7790,48042.1536108172,5.1671570746,5.1671570746,0,0,2000,-3327.8207261774,3.4447620570
3,lap_local_dec,2.0000000000,0.2000000000,1.4930368362,0.3069631638,150.0000000000,0.2000000000,2000,1.0000000000,10000.0000000000,3.0000000000,0.5000000000,7569,7569,7790,7790,-57148.9378979064,8.3361922847,8.3361922847,0,0,2000,-3161.2157958835,3.4030693550
4,lap_local_dec,2.0000000000,0.2000000000,1.4911254430,0.3088745570,150.0000000000,0.2000000000,2000,1.0000000000,10000.0000000000,3.0000000000,0.5000000000,7569,7569,7790,7790,-938.4155954301,1.1204641329,1.1204641329,0,0,2000,-3298.3520146539,3.4311804550
