dataset,node_num,eps,eps_edge,eps_star,budget_mode,q,m,run,seed,attack_type,malicious_ratio,malicious_count,attack_strength,edge_count_before_attack,edge_count_after_attack,dmax_after_attack,added_edges,removed_edges,rr_forced_reports,selected_pair_count,clean_triangles,true_triangles_after_attack,estimate_triangle,raw_counted_three_times,rel_error_clean,signed_rel_clean,rel_error_attack_true,time_sec
Gplus,10000,1.0000000000,0.5000000000,0.5000000000,simple,0.0500000000,10,0,1776,clean,0.0000000000,0,0.0000000000,879102,879102,3197,0,0,0,49995,32950647,-1,41892897.9355553761,125678693.8066661358,0.2713831669,0.2713831669,nan,23.2973534620
Gplus,10000,1.0000000000,0.5000000000,0.5000000000,simple,0.0500000000,10,0,1776,orig_increase,0.0250000000,250,1.0000000000,879102,909683,3197,30581,0,0,49995,32950647,-1,41067115.8848517463,123201347.6545552462,0.2463219883,0.2463219883,nan,23.5573322610
Gplus,10000,1.0000000000,0.5000000000,0.5000000000,simple,0.0500000000,10,0,1776,orig_increase,0.0500000000,500,1.0000000000,879102,1001436,3197,122334,0,0,49995,32950647,-1,63164475.3510820568,189493426.0532461703,0.9169418844,0.9169418844,nan,24.2133443480
Gplus,10000,1.0000000000,0.5000000000,0.5000000000,simple,0.0500000000,10,0,1776,orig_increase,0.0750000000,750,1.0000000000,879102,1154552,3197,275450,0,0,49995,32950647,-1,109798045.8618753701,329394137.5856261253,2.3321969630,2.3321969630,nan,23.4611426220
Gplus,10000,1.0000000000,0.5000000000,0.5000000000,simple,0.0500000000,10,0,1776,orig_increase,0.1000000000,1000,1.0000000000,879102,1369559,3197,490457,0,0,49995,32950647,-1,221169229.2861387730,663507687.8584163189,5.7121361619,5.7121361619,nan,23.1157496140
Gplus,10000,1.0000000000,0.5000000000,0.5000000000,simple,0.0500000000,10,0,1776,orig_increase,0.1250000000,1250,1.0000000000,879102,1645551,3197,766449,0,0,49995,32950647,-1,414969493.5707879066,1244908480.7123637199,11.5936675408,11.5936675408,nan,24.3761632790
Gplus,10000,1.0000000000,0.5000000000,0.5000000000,simple,0.0500000000,10,0,1776,orig_increase,0.1500000000,1500,1.0000000000,879102,1983046,3249,1103944,0,0,49995,32950647,-1,629596684.3869431019,1888790053.1608293056,18.1072631863,18.1072631863,nan,23.4228153470
Gplus,10000,1.0000000000,0.5000000000,0.5000000000,simple,0.0500000000,10,0,1776,orig_increase,0.1750000000,1750,1.0000000000,879102,2381973,3450,1502871,0,0,49995,32950647,-1,931740256.8544837236,2795220770.5634512901,27.2768425413,27.2768425413,nan,27.2845757370
Gplus,10000,1.0000000000,0.5000000000,0.5000000000,simple,0.0500000000,10,0,1776,orig_increase,0.2000000000,2000,1.0000000000,879102,2842882,3655,1963780,0,0,49995,32950647,-1,1432853546.7561683655,4298560640.2685050964,42.4848379990,42.4848379990,nan,31.4747543150
Gplus,10000,1.0000000000,0.5000000000,0.5000000000,simple,0.0500000000,10,0,1776,orig_decrease,0.0250000000,250,1.0000000000,879102,878558,3197,0,544,0,49995,32950647,-1,46953562.6290500388,140860687.8871501088,0.4249663331,0.4249663331,nan,29.4919244590
Gplus,10000,1.0000000000,0.5000000000,0.5000000000,simple,0.0500000000,10,0,1776,orig_decrease,0.0500000000,500,1.0000000000,879102,876686,3197,0,2416,0,49995,32950647,-1,38405345.6677069962,115216037.0031209886,0.1655414738,0.1655414738,nan,30.2267919900
Gplus,10000,1.0000000000,0.5000000000,0.5000000000,simple,0.0500000000,10,0,1776,orig_decrease,0.0750000000,750,1.0000000000,879102,873677,3197,0,5425,0,49995,32950647,-1,29642661.2507017516,88927983.7521052510,0.1003921334,-0.1003921334,nan,29.5855291370
Gplus,10000,1.0000000000,0.5000000000,0.5000000000,simple,0.0500000000,10,0,1776,orig_decrease,0.1000000000,1000,1.0000000000,879102,870059,3197,0,9043,0,49995,32950647,-1,37123367.8569977582,111370103.5709932745,0.1266354757,0.1266354757,nan,28.1640581090
Gplus,10000,1.0000000000,0.5000000000,0.5000000000,simple,0.0500000000,10,0,1776,orig_decrease,0.1250000000,1250,1.0000000000,879102,864926,3197,0,14176,0,49995,32950647,-1,38114059.6713443547,114342179.0140330642,0.1567014047,0.1567014047,nan,29.4411581050
Gplus,10000,1.0000000000,0.5000000000,0.5000000000,simple,0.0500000000,10,0,1776,orig_decrease,0.1500000000,1500,1.0000000000,879102,858796,3197,0,20306,0,49995,32950647,-1,32118111.4472666532,96354334.3417999595,0.0252661367,-0.0252661367,nan,28.1238327920
Gplus,10000,1.0000000000,0.5000000000,0.5000000000,simple,0.0500000000,10,0,1776,orig_decrease,0.1750000000,1750,1.0000000000,879102,851598,3197,0,27504,0,49995,32950647,-1,34505262.8273250237,103515788.4819750637,0.0471801306,0.0471801306,nan,27.8779517660
Gplus,10000,1.0000000000,0.5000000000,0.5000000000,simple,0.0500000000,10,0,1776,orig_decrease,0.2000000000,2000,1.0000000000,879102,843882,3197,0,35220,0,49995,32950647,-1,40574489.1578141823,121723467.4734425396,0.2313715466,0.2313715466,nan,28.2179028310
Gplus,10000,1.0000000000,0.5000000000,0.5000000000,simple,0.0500000000,10,0,1776,rr_increase,0.0250000000,250,1.0000000000,879102,879102,3197,0,0,1273,49995,32950647,-1,49565070.5183172300,148695211.5549516976,0.5042214655,0.5042214655,nan,27.9870249490
Gplus,10000,1.0000000000,0.5000000000,0.5000000000,simple,0.0500000000,10,0,1776,rr_increase,0.0500000000,500,1.0000000000,879102,879102,3197,0,0,2531,49995,32950647,-1,61500701.6802031174,184502105.0406093597,0.8664489860,0.8664489860,nan,28.5789416280
Gplus,10000,1.0000000000,0.5000000000,0.5000000000,simple,0.0500000000,10,0,1776,rr_increase,0.0750000000,750,1.0000000000,879102,879102,3197,0,0,3863,49995,32950647,-1,73193276.1359747499,219579828.4079242349,1.2213001200,1.2213001200,nan,28.8387031650
Gplus,10000,1.0000000000,0.5000000000,0.5000000000,simple,0.0500000000,10,0,1776,rr_increase,0.1000000000,1000,1.0000000000,879102,879102,3197,0,0,5067,49995,32950647,-1,80678173.5707153082,242034520.7121459246,1.4484549141,1.4484549141,nan,28.7683141160
Gplus,10000,1.0000000000,0.5000000000,0.5000000000,simple,0.0500000000,10,0,1776,rr_increase,0.1250000000,1250,1.0000000000,879102,879102,3197,0,0,6385,49995,32950647,-1,85320318.0474068373,255960954.1422204971,1.5893366539,1.5893366539,nan,30.3768173630
Gplus,10000,1.0000000000,0.5000000000,0.5000000000,simple,0.0500000000,10,0,1776,rr_increase,0.1500000000,1500,1.0000000000,879102,879102,3197,0,0,7606,49995,32950647,-1,91802504.4369001836,275407513.3107005358,1.7860607543,1.7860607543,nan,29.0406890800
Gplus,10000,1.0000000000,0.5000000000,0.5000000000,simple,0.0500000000,10,0,1776,rr_increase,0.1750000000,1750,1.0000000000,879102,879102,3197,0,0,8801,49995,32950647,-1,107570847.1366451532,322712541.4099354744,2.2646050057,2.2646050057,nan,29.2889260980
Gplus,10000,1.0000000000,0.5000000000,0.5000000000,simple,0.0500000000,10,0,1776,rr_increase,0.2000000000,2000,1.0000000000,879102,879102,3197,0,0,10030,49995,32950647,-1,117173711.5337547064,351521134.6012641191,2.5560367459,2.5560367459,nan,28.0118710720
Gplus,10000,1.0000000000,0.5000000000,0.5000000000,simple,0.0500000000,10,0,1776,rr_decrease,0.0250000000,250,1.0000000000,879102,879102,3197,0,0,1273,49995,32950647,-1,30102826.9314674474,90308480.7944023460,0.0864268331,-0.0864268331,nan,28.4326891080
Gplus,10000,1.0000000000,0.5000000000,0.5000000000,simple,0.0500000000,10,0,1776,rr_decrease,0.0500000000,500,1.0000000000,879102,879102,3197,0,0,2531,49995,32950647,-1,23610571.5083220303,70831714.5249660909,0.2834565128,-0.2834565128,nan,29.2817389710
Gplus,10000,1.0000000000,0.5000000000,0.5000000000,simple,0.0500000000,10,0,1776,rr_decrease,0.0750000000,750,1.0000000000,879102,879102,3197,0,0,3863,49995,32950647,-1,14507126.2433164325,43521378.7299492955,0.5597316725,-0.5597316725,nan,29.0558746590
Gplus,10000,1.0000000000,0.5000000000,0.5000000000,simple,0.0500000000,10,0,1776,rr_decrease,0.1000000000,1000,1.0000000000,879102,879102,3197,0,0,5067,49995,32950647,-1,8953681.4709219355,26861044.4127658047,0.7282699344,-0.7282699344,nan,30.1484398680
Gplus,10000,1.0000000000,0.5000000000,0.5000000000,simple,0.0500000000,10,0,1776,rr_decrease,0.1250000000,1250,1.0000000000,879102,879102,3197,0,0,6385,49995,32950647,-1,-5240359.4539243570,-15721078.3617730699,1.1590366178,-1.1590366178,nan,28.7268268190
Gplus,10000,1.0000000000,0.5000000000,0.5000000000,simple,0.0500000000,10,0,1776,rr_decrease,0.1500000000,1500,1.0000000000,879102,879102,3197,0,0,7606,49995,32950647,-1,-11306556.6917579789,-33919670.0752739385,1.3431361057,-1.3431361057,nan,28.9849790440
Gplus,10000,1.0000000000,0.5000000000,0.5000000000,simple,0.0500000000,10,0,1776,rr_decrease,0.1750000000,1750,1.0000000000,879102,879102,3197,0,0,8801,49995,32950647,-1,-12087926.0211121887,-36263778.0633365661,1.3668494285,-1.3668494285,nan,28.9381292680
Gplus,10000,1.0000000000,0.5000000000,0.5000000000,simple,0.0500000000,10,0,1776,rr_decrease,0.2000000000,2000,1.0000000000,879102,879102,3197,0,0,10030,49995,32950647,-1,-18082076.4145846181,-54246229.2437538579,1.5487624087,-1.5487624087,nan,28.9362879000
Gplus,10000,1.0000000000,0.5000000000,0.5000000000,simple,0.0500000000,10,1,1777,clean,0.0000000000,0,0.0000000000,879102,879102,3197,0,0,0,49996,32950647,-1,29940200.6970366538,89820602.0911099613,0.0913622820,-0.0913622820,nan,28.9546068020
Gplus,10000,1.0000000000,0.5000000000,0.5000000000,simple,0.0500000000,10,1,1777,orig_increase,0.0250000000,250,1.0000000000,879102,909775,3197,30673,0,0,49996,32950647,-1,36666798.8226615414,110000396.4679846168,0.1127793279,0.1127793279,nan,29.2363621480
Gplus,10000,1.0000000000,0.5000000000,0.5000000000,simple,0.0500000000,10,1,1777,orig_increase,0.0500000000,500,1.0000000000,879102,1001926,3197,122824,0,0,49996,32950647,-1,51563769.7300058901,154691309.1900176704,0.5648788241,0.5648788241,nan,28.9049634670
Gplus,10000,1.0000000000,0.5000000000,0.5000000000,simple,0.0500000000,10,1,1777,orig_increase,0.0750000000,750,1.0000000000,879102,1155997,3197,276895,0,0,49996,32950647,-1,103843219.4312260747,311529658.2936782241,2.1514774029,2.1514774029,nan,28.5279412890
Gplus,10000,1.0000000000,0.5000000000,0.5000000000,simple,0.0500000000,10,1,1777,orig_increase,0.1000000000,1000,1.0000000000,879102,1371147,3197,492045,0,0,49996,32950647,-1,203286739.1485787630,609860217.4457362890,5.1694308809,5.1694308809,nan,29.9330353600
Gplus,10000,1.0000000000,0.5000000000,0.5000000000,simple,0.0500000000,10,1,1777,orig_increase,0.1250000000,1250,1.0000000000,879102,1647500,3214,768398,0,0,49996,32950647,-1,355017923.5580603480,1065053770.6741809845,9.7742322498,9.7742322498,nan,30.3260260930
Gplus,10000,1.0000000000,0.5000000000,0.5000000000,simple,0.0500000000,10,1,1777,orig_increase,0.1500000000,1500,1.0000000000,879102,1984967,3414,1105865,0,0,49996,32950647,-1,585431962.9914275408,1756295888.9742827415,16.7669337719,16.7669337719,nan,30.1633820920
Gplus,10000,1.0000000000,0.5000000000,0.5000000000,simple,0.0500000000,10,1,1777,orig_increase,0.1750000000,1750,1.0000000000,879102,2384169,3609,1505067,0,0,49996,32950647,-1,918502276.5779935122,2755506829.7339806557,26.8750907859,26.8750907859,nan,30.3847740110
Gplus,10000,1.0000000000,0.5000000000,0.5000000000,simple,0.0500000000,10,1,1777,orig_increase,0.2000000000,2000,1.0000000000,879102,2843887,3804,1964785,0,0,49996,32950647,-1,1273424673.9956476688,3820274021.9869427681,37.6464239684,37.6464239684,nan,31.5013118710
Gplus,10000,1.0000000000,0.5000000000,0.5000000000,simple,0.0500000000,10,1,1777,orig_decrease,0.0250000000,250,1.0000000000,879102,878650,3197,0,452,0,49996,32950647,-1,33392704.6413288601,100178113.9239865839,0.0134157500,0.0134157500,nan,28.9536774470
Gplus,10000,1.0000000000,0.5000000000,0.5000000000,simple,0.0500000000,10,1,1777,orig_decrease,0.0500000000,500,1.0000000000,879102,877176,3197,0,1926,0,49996,32950647,-1,40007698.7231823206,120023096.1695469618,0.2141703537,0.2141703537,nan,28.6239821650
Gplus,10000,1.0000000000,0.5000000000,0.5000000000,simple,0.0500000000,10,1,1777,orig_decrease,0.0750000000,750,1.0000000000,879102,875122,3197,0,3980,0,49996,32950647,-1,34533935.9033795074,103601807.7101385295,0.0480503130,0.0480503130,nan,28.3333849250
Gplus,10000,1.0000000000,0.5000000000,0.5000000000,simple,0.0500000000,10,1,1777,orig_decrease,0.1000000000,1000,1.0000000000,879102,871647,3197,0,7455,0,49996,32950647,-1,28788001.4860327505,86364004.4580982476,0.1263297050,-0.1263297050,nan,28.6599296250
Gplus,10000,1.0000000000,0.5000000000,0.5000000000,simple,0.0500000000,10,1,1777,orig_decrease,0.1250000000,1250,1.0000000000,879102,866875,3197,0,12227,0,49996,32950647,-1,39325582.8451692462,117976748.5355077386,0.1934692161,0.1934692161,nan,28.9258203770
Gplus,10000,1.0000000000,0.5000000000,0.5000000000,simple,0.0500000000,10,1,1777,orig_decrease,0.1500000000,1500,1.0000000000,879102,860717,3197,0,18385,0,49996,32950647,-1,31049302.2743433677,93147906.8230300993,0.0577028040,-0.0577028040,nan,28.8734906540
Gplus,10000,1.0000000000,0.5000000000,0.5000000000,simple,0.0500000000,10,1,1777,orig_decrease,0.1750000000,1750,1.0000000000,879102,853794,3197,0,25308,0,49996,32950647,-1,34091944.7785490528,102275834.3356471509,0.0346365818,0.0346365818,nan,26.4278918810
Gplus,10000,1.0000000000,0.5000000000,0.5000000000,simple,0.0500000000,10,1,1777,orig_decrease,0.2000000000,2000,1.0000000000,879102,844887,3197,0,34215,0,49996,32950647,-1,29173147.4419209175,87519442.3257627487,0.1146411346,-0.1146411346,nan,28.1987817740
Gplus,10000,1.0000000000,0.5000000000,0.5000000000,simple,0.0500000000,10,1,1777,rr_increase,0.0250000000,250,1.0000000000,879102,879102,3197,0,0,1244,49996,32950647,-1,40196813.6146104410,120590440.8438313156,0.2199096914,0.2199096914,nan,27.9318724240
Gplus,10000,1.0000000000,0.5000000000,0.5000000000,simple,0.0500000000,10,1,1777,rr_increase,0.0500000000,500,1.0000000000,879102,879102,3197,0,0,2555,49996,32950647,-1,50021545.3685854077,150064636.1057562232,0.5180747549,0.5180747549,nan,27.9640085820
Gplus,10000,1.0000000000,0.5000000000,0.5000000000,simple,0.0500000000,10,1,1777,rr_increase,0.0750000000,750,1.0000000000,879102,879102,3197,0,0,3709,49996,32950647,-1,54209250.0030773804,162627750.0092321336,0.6451649645,0.6451649645,nan,28.4187896120
Gplus,10000,1.0000000000,0.5000000000,0.5000000000,simple,0.0500000000,10,1,1777,rr_increase,0.1000000000,1000,1.0000000000,879102,879102,3197,0,0,4928,49996,32950647,-1,66874231.2634177208,200622693.7902531624,1.0295271065,1.0295271065,nan,27.2853529110
Gplus,10000,1.0000000000,0.5000000000,0.5000000000,simple,0.0500000000,10,1,1777,rr_increase,0.1250000000,1250,1.0000000000,879102,879102,3197,0,0,6132,49996,32950647,-1,69892613.4129169136,209677840.2387507260,1.1211302289,1.1211302289,nan,27.4207486240
Gplus,10000,1.0000000000,0.5000000000,0.5000000000,simple,0.0500000000,10,1,1777,rr_increase,0.1500000000,1500,1.0000000000,879102,879102,3197,0,0,7419,49996,32950647,-1,86664718.4398541451,259994155.3195624352,1.6301370786,1.6301370786,nan,26.8198289160
Gplus,10000,1.0000000000,0.5000000000,0.5000000000,simple,0.0500000000,10,1,1777,rr_increase,0.1750000000,1750,1.0000000000,879102,879102,3197,0,0,8619,49996,32950647,-1,91659034.5140911341,274977103.5422734022,1.7817066692,1.7817066692,nan,28.9753290190
Gplus,10000,1.0000000000,0.5000000000,0.5000000000,simple,0.0500000000,10,1,1777,rr_increase,0.2000000000,2000,1.0000000000,879102,879102,3197,0,0,9929,49996,32950647,-1,105900405.8138817549,317701217.4416452646,2.2139097546,2.2139097546,nan,30.5265024750
Gplus,10000,1.0000000000,0.5000000000,0.5000000000,simple,0.0500000000,10,1,1777,rr_decrease,0.0250000000,250,1.0000000000,879102,879102,3197,0,0,1244,49996,32950647,-1,24735898.4295308180,74207695.2885924578,0.2493046213,-0.2493046213,nan,25.7226883720
Gplus,10000,1.0000000000,0.5000000000,0.5000000000,simple,0.0500000000,10,1,1777,rr_decrease,0.0500000000,500,1.0000000000,879102,879102,3197,0,0,2555,49996,32950647,-1,17466519.7323978171,52399559.1971934512,0.4699187627,-0.4699187627,nan,29.3655788400
Gplus,10000,1.0000000000,0.5000000000,0.5000000000,simple,0.0500000000,10,1,1777,rr_decrease,0.0750000000,750,1.0000000000,879102,879102,3197,0,0,3709,49996,32950647,-1,11909492.6129137501,35728477.8387412503,0.6385657431,-0.6385657431,nan,28.3521433260
Gplus,10000,1.0000000000,0.5000000000,0.5000000000,simple,0.0500000000,10,1,1777,rr_decrease,0.1000000000,1000,1.0000000000,879102,879102,3197,0,0,4928,49996,32950647,-1,10420114.9009996764,31260344.7029990293,0.6837660001,-0.6837660001,nan,28.6327579150
Gplus,10000,1.0000000000,0.5000000000,0.5000000000,simple,0.0500000000,10,1,1777,rr_decrease,0.1250000000,1250,1.0000000000,879102,879102,3197,0,0,6132,49996,32950647,-1,-3873372.7694129385,-11620118.3082388155,1.1175507349,-1.1175507349,nan,27.8226219470
Gplus,10000,1.0000000000,0.5000000000,0.5000000000,simple,0.0500000000,10,1,1777,rr_decrease,0.1500000000,1500,1.0000000000,879102,879102,3197,0,0,7419,49996,32950647,-1,-4140938.3513823599,-12422815.0541470796,1.1256709269,-1.1256709269,nan,28.6545213650
Gplus,10000,1.0000000000,0.5000000000,0.5000000000,simple,0.0500000000,10,1,1777,rr_decrease,0.1750000000,1750,1.0000000000,879102,879102,3197,0,0,8619,49996,32950647,-1,-10279570.0072466787,-30838710.0217400379,1.3119686848,-1.3119686848,nan,27.4331123730
Gplus,10000,1.0000000000,0.5000000000,0.5000000000,simple,0.0500000000,10,1,1777,rr_decrease,0.2000000000,2000,1.0000000000,879102,879102,3197,0,0,9929,49996,32950647,-1,-16970318.0337340757,-50910954.1012022272,1.5150223009,-1.5150223009,nan,27.5105761460
Gplus,10000,1.0000000000,0.5000000000,0.5000000000,simple,0.0500000000,10,2,1778,clean,0.0000000000,0,0.0000000000,879102,879102,3197,0,0,0,49995,32950647,-1,27914003.4592044018,83742010.3776132017,0.1528541622,-0.1528541622,nan,27.7337401290
Gplus,10000,1.0000000000,0.5000000000,0.5000000000,simple,0.0500000000,10,2,1778,orig_increase,0.0250000000,250,1.0000000000,879102,909649,3197,30547,0,0,49995,32950647,-1,31448208.0943796746,94344624.2831390202,0.0455966435,-0.0455966435,nan,28.9453633480
Gplus,10000,1.0000000000,0.5000000000,0.5000000000,simple,0.0500000000,10,2,1778,orig_increase,0.0500000000,500,1.0000000000,879102,1001558,3197,122456,0,0,49995,32950647,-1,63387851.0898248032,190163553.2694744170,0.9237209846,0.9237209846,nan,28.5589440910
Gplus,10000,1.0000000000,0.5000000000,0.5000000000,simple,0.0500000000,10,2,1778,orig_increase,0.0750000000,750,1.0000000000,879102,1154749,3197,275647,0,0,49995,32950647,-1,98984753.4561247081,296954260.3683741093,2.0040306479,2.0040306479,nan,29.2132451570
Gplus,10000,1.0000000000,0.5000000000,0.5000000000,simple,0.0500000000,10,2,1778,orig_increase,0.1000000000,1000,1.0000000000,879102,1370095,3197,490993,0,0,49995,32950647,-1,163077188.8593720496,489231566.5781161189,3.9491346516,3.9491346516,nan,29.0723020450
Gplus,10000,1.0000000000,0.5000000000,0.5000000000,simple,0.0500000000,10,2,1778,orig_increase,0.1250000000,1250,1.0000000000,879102,1647009,3197,767907,0,0,49995,32950647,-1,356797273.1639032960,1070391819.4917098284,9.8282326949,9.8282326949,nan,29.2508583790
Gplus,10000,1.0000000000,0.5000000000,0.5000000000,simple,0.0500000000,10,2,1778,orig_increase,0.1500000000,1500,1.0000000000,879102,1985185,3304,1106083,0,0,49995,32950647,-1,656939081.3256529570,1970817243.9769587517,18.9370616706,18.9370616706,nan,30.5215498790
Gplus,10000,1.0000000000,0.5000000000,0.5000000000,simple,0.0500000000,10,2,1778,orig_increase,0.1750000000,1750,1.0000000000,879102,2384551,3661,1505449,0,0,49995,32950647,-1,865597494.0442572832,2596792482.1327719688,25.2695143450,25.2695143450,nan,29.3309322570
Gplus,10000,1.0000000000,0.5000000000,0.5000000000,simple,0.0500000000,10,2,1778,orig_increase,0.2000000000,2000,1.0000000000,879102,2845210,3854,1966108,0,0,49995,32950647,-1,1366121101.5007417202,4098363304.5022249222,40.4596138735,40.4596138735,nan,34.6690603410
Gplus,10000,1.0000000000,0.5000000000,0.5000000000,simple,0.0500000000,10,2,1778,orig_decrease,0.0250000000,250,1.0000000000,879102,878524,3197,0,578,0,49995,32950647,-1,29267890.0469711721,87803670.1409135163,0.1117658464,-0.1117658464,nan,28.6672459660
Gplus,10000,1.0000000000,0.5000000000,0.5000000000,simple,0.0500000000,10,2,1778,orig_decrease,0.0500000000,500,1.0000000000,879102,876808,3197,0,2294,0,49995,32950647,-1,28313823.4790999927,84941470.4372999817,0.1407202572,-0.1407202572,nan,23.1420891490
Gplus,10000,1.0000000000,0.5000000000,0.5000000000,simple,0.0500000000,10,2,1778,orig_decrease,0.0750000000,750,1.0000000000,879102,873874,3197,0,5228,0,49995,32950647,-1,21771817.0697102807,65315451.2091308460,0.3392598006,-0.3392598006,nan,32.0117500940
Gplus,10000,1.0000000000,0.5000000000,0.5000000000,simple,0.0500000000,10,2,1778,orig_decrease,0.1000000000,1000,1.0000000000,879102,870595,3197,0,8507,0,49995,32950647,-1,24101554.7418339066,72304664.2255017161,0.2685559485,-0.2685559485,nan,30.1245599160
Gplus,10000,1.0000000000,0.5000000000,0.5000000000,simple,0.0500000000,10,2,1778,orig_decrease,0.1250000000,1250,1.0000000000,879102,866384,3197,0,12718,0,49995,32950647,-1,31630269.7306897379,94890809.1920692176,0.0400713609,-0.0400713609,nan,31.1628493410
Gplus,10000,1.0000000000,0.5000000000,0.5000000000,simple,0.0500000000,10,2,1778,orig_decrease,0.1500000000,1500,1.0000000000,879102,860935,3197,0,18167,0,49995,32950647,-1,30342524.1686163396,91027572.5058490187,0.0791524012,-0.0791524012,nan,30.5829878590
Gplus,10000,1.0000000000,0.5000000000,0.5000000000,simple,0.0500000000,10,2,1778,orig_decrease,0.1750000000,1750,1.0000000000,879102,854176,3197,0,24926,0,49995,32950647,-1,18639507.4048623554,55918522.2145870626,0.4343204428,-0.4343204428,nan,29.5696467010
Gplus,10000,1.0000000000,0.5000000000,0.5000000000,simple,0.0500000000,10,2,1778,orig_decrease,0.2000000000,2000,1.0000000000,879102,846210,3197,0,32892,0,49995,32950647,-1,24290656.3191407509,72871968.9574222565,0.2628170148,-0.2628170148,nan,31.2432364990
Gplus,10000,1.0000000000,0.5000000000,0.5000000000,simple,0.0500000000,10,2,1778,rr_increase,0.0250000000,250,1.0000000000,879102,879102,3197,0,0,1291,49995,32950647,-1,49584573.4760227501,148753720.4280682504,0.5048133494,0.5048133494,nan,30.6568075420
Gplus,10000,1.0000000000,0.5000000000,0.5000000000,simple,0.0500000000,10,2,1778,rr_increase,0.0500000000,500,1.0000000000,879102,879102,3197,0,0,2547,49995,32950647,-1,53293910.2603550926,159881730.7810652852,0.6173858516,0.6173858516,nan,31.0003465370
Gplus,10000,1.0000000000,0.5000000000,0.5000000000,simple,0.0500000000,10,2,1778,rr_increase,0.0750000000,750,1.0000000000,879102,879102,3197,0,0,3737,49995,32950647,-1,58047119.8257234767,174141359.4771704376,0.7616382411,0.7616382411,nan,29.9297373720
Gplus,10000,1.0000000000,0.5000000000,0.5000000000,simple,0.0500000000,10,2,1778,rr_increase,0.1000000000,1000,1.0000000000,879102,879102,3197,0,0,5030,49995,32950647,-1,64382694.7754716501,193148084.3264149427,0.9539129164,0.9539129164,nan,29.3152031420
Gplus,10000,1.0000000000,0.5000000000,0.5000000000,simple,0.0500000000,10,2,1778,rr_increase,0.1250000000,1250,1.0000000000,879102,879102,3197,0,0,6211,49995,32950647,-1,71790676.5297886878,215372029.5893660486,1.1787334413,1.1787334413,nan,29.4182419050
Gplus,10000,1.0000000000,0.5000000000,0.5000000000,simple,0.0500000000,10,2,1778,rr_increase,0.1500000000,1500,1.0000000000,879102,879102,3197,0,0,7426,49995,32950647,-1,75934245.5627571493,227802736.6882714331,1.3044842052,1.3044842052,nan,29.5270734640
Gplus,10000,1.0000000000,0.5000000000,0.5000000000,simple,0.0500000000,10,2,1778,rr_increase,0.1750000000,1750,1.0000000000,879102,879102,3197,0,0,8734,49995,32950647,-1,94691067.0591126680,284073201.1773380041,1.8737240595,1.8737240595,nan,29.1684817570
Gplus,10000,1.0000000000,0.5000000000,0.5000000000,simple,0.0500000000,10,2,1778,rr_increase,0.2000000000,2000,1.0000000000,879102,879102,3197,0,0,10027,49995,32950647,-1,101291538.4583832771,303874615.3751498461,2.0740379228,2.0740379228,nan,29.7332280310
Gplus,10000,1.0000000000,0.5000000000,0.5000000000,simple,0.0500000000,10,2,1778,rr_decrease,0.0250000000,250,1.0000000000,879102,879102,3197,0,0,1291,49995,32950647,-1,33769799.3166384175,101309397.9499152601,0.0248599767,0.0248599767,nan,28.5230407020
Gplus,10000,1.0000000000,0.5000000000,0.5000000000,simple,0.0500000000,10,2,1778,rr_decrease,0.0500000000,500,1.0000000000,879102,879102,3197,0,0,2547,49995,32950647,-1,17009755.4333999865,51029266.3001999632,0.4837808364,-0.4837808364,nan,30.0918435370
Gplus,10000,1.0000000000,0.5000000000,0.5000000000,simple,0.0500000000,10,2,1778,rr_decrease,0.0750000000,750,1.0000000000,879102,879102,3197,0,0,3737,49995,32950647,-1,4532754.9421586161,13598264.8264758475,0.8624380595,-0.8624380595,nan,29.4288795580
Gplus,10000,1.0000000000,0.5000000000,0.5000000000,simple,0.0500000000,10,2,1778,rr_decrease,0.1000000000,1000,1.0000000000,879102,879102,3197,0,0,5030,49995,32950647,-1,-4075406.7922623209,-12226220.3767869622,1.1236821478,-1.1236821478,nan,29.4167777820
Gplus,10000,1.0000000000,0.5000000000,0.5000000000,simple,0.0500000000,10,2,1778,rr_decrease,0.1250000000,1250,1.0000000000,879102,879102,3197,0,0,6211,49995,32950647,-1,-5132820.5001974450,-15398461.5005923342,1.1557729807,-1.1557729807,nan,28.9929954200
Gplus,10000,1.0000000000,0.5000000000,0.5000000000,simple,0.0500000000,10,2,1778,rr_decrease,0.1500000000,1500,1.0000000000,879102,879102,3197,0,0,7426,49995,32950647,-1,-19988756.3953724205,-59966269.1861172616,1.6066271292,-1.6066271292,nan,28.9341620260
Gplus,10000,1.0000000000,0.5000000000,0.5000000000,simple,0.0500000000,10,2,1778,rr_decrease,0.1750000000,1750,1.0000000000,879102,879102,3197,0,0,8734,49995,32950647,-1,-17917746.5336175263,-53753239.6008525789,1.5437752568,-1.5437752568,nan,29.7962759170
Gplus,10000,1.0000000000,0.5000000000,0.5000000000,simple,0.0500000000,10,2,1778,rr_decrease,0.2000000000,2000,1.0000000000,879102,879102,3197,0,0,10027,49995,32950647,-1,-28084746.5322498679,-84254239.5967496037,1.8523276199,-1.8523276199,nan,29.5521808090
Gplus,10000,1.0000000000,0.5000000000,0.5000000000,simple,0.0500000000,10,3,1779,clean,0.0000000000,0,0.0000000000,879102,879102,3197,0,0,0,49992,32950647,-1,26426728.3111814745,79280184.9335444272,0.1979906097,-0.1979906097,nan,29.1335137490
Gplus,10000,1.0000000000,0.5000000000,0.5000000000,simple,0.0500000000,10,3,1779,orig_increase,0.0250000000,250,1.0000000000,879102,909842,3197,30740,0,0,49992,32950647,-1,28914501.4867165536,86743504.4601496607,0.1224906301,-0.1224906301,nan,30.1290034380
Gplus,10000,1.0000000000,0.5000000000,0.5000000000,simple,0.0500000000,10,3,1779,orig_increase,0.0500000000,500,1.0000000000,879102,1001834,3197,122732,0,0,49992,32950647,-1,61860755.9219075963,185582267.7657227814,0.8773760625,0.8773760625,nan,30.3618162450
Gplus,10000,1.0000000000,0.5000000000,0.5000000000,simple,0.0500000000,10,3,1779,orig_increase,0.0750000000,750,1.0000000000,879102,1155321,3197,276219,0,0,49992,32950647,-1,130516722.3861950636,391550167.1585851908,2.9609760132,2.9609760132,nan,30.3042660300
Gplus,10000,1.0000000000,0.5000000000,0.5000000000,simple,0.0500000000,10,3,1779,orig_increase,0.1000000000,1000,1.0000000000,879102,1370262,3197,491160,0,0,49992,32950647,-1,203985991.6146989763,611957974.8440968990,5.1906520869,5.1906520869,nan,31.7867124880
Gplus,10000,1.0000000000,0.5000000000,0.5000000000,simple,0.0500000000,10,3,1779,orig_increase,0.1250000000,1250,1.0000000000,879102,1646341,3197,767239,0,0,49992,32950647,-1,428435997.5123385787,1285307992.5370156765,12.0023546279,12.0023546279,nan,30.7229459580
Gplus,10000,1.0000000000,0.5000000000,0.5000000000,simple,0.0500000000,10,3,1779,orig_increase,0.1500000000,1500,1.0000000000,879102,1983009,3277,1103907,0,0,49992,32950647,-1,595992890.5054066181,1787978671.5162198544,17.0874412119,17.0874412119,nan,30.6773829190
Gplus,10000,1.0000000000,0.5000000000,0.5000000000,simple,0.0500000000,10,3,1779,orig_increase,0.1750000000,1750,1.0000000000,879102,2382262,4405,1503160,0,0,49992,32950647,-1,914106190.2866150141,2742318570.8598451614,26.7416765227,26.7416765227,nan,32.6417003310
Gplus,10000,1.0000000000,0.5000000000,0.5000000000,simple,0.0500000000,10,3,1779,orig_increase,0.2000000000,2000,1.0000000000,879102,2843477,4570,1964375,0,0,49992,32950647,-1,1266235833.2683870792,3798707499.8051609993,37.4282540270,37.4282540270,nan,33.5568281670
Gplus,10000,1.0000000000,0.5000000000,0.5000000000,simple,0.0500000000,10,3,1779,orig_decrease,0.0250000000,250,1.0000000000,879102,878717,3197,0,385,0,49992,32950647,-1,26513893.0053603835,79541679.0160811543,0.1953452991,-0.1953452991,nan,31.0448544730
Gplus,10000,1.0000000000,0.5000000000,0.5000000000,simple,0.0500000000,10,3,1779,orig_decrease,0.0500000000,500,1.0000000000,879102,877084,3197,0,2018,0,49992,32950647,-1,29903367.8569962792,89710103.5709888339,0.0924801004,-0.0924801004,nan,29.6363781140
Gplus,10000,1.0000000000,0.5000000000,0.5000000000,simple,0.0500000000,10,3,1779,orig_decrease,0.0750000000,750,1.0000000000,879102,874446,3197,0,4656,0,49992,32950647,-1,32856162.2352363579,98568486.7057090700,0.0028674631,-0.0028674631,nan,30.6600496540
Gplus,10000,1.0000000000,0.5000000000,0.5000000000,simple,0.0500000000,10,3,1779,orig_decrease,0.1000000000,1000,1.0000000000,879102,870762,3197,0,8340,0,49992,32950647,-1,18274555.7284186743,54823667.1852560192,0.4453961487,-0.4453961487,nan,31.2658353750
Gplus,10000,1.0000000000,0.5000000000,0.5000000000,simple,0.0500000000,10,3,1779,orig_decrease,0.1250000000,1250,1.0000000000,879102,865716,3197,0,13386,0,49992,32950647,-1,30817821.9985376447,92453465.9956129342,0.0647278641,-0.0647278641,nan,29.0553278160
Gplus,10000,1.0000000000,0.5000000000,0.5000000000,simple,0.0500000000,10,3,1779,orig_decrease,0.1500000000,1500,1.0000000000,879102,858759,3197,0,20343,0,49992,32950647,-1,32633728.3098146580,97901184.9294439703,0.0096179808,-0.0096179808,nan,29.8145036400
Gplus,10000,1.0000000000,0.5000000000,0.5000000000,simple,0.0500000000,10,3,1779,orig_decrease,0.1750000000,1750,1.0000000000,879102,851887,2656,0,27215,0,49992,32950647,-1,26189453.6557680927,78568360.9673042744,0.2051915200,-0.2051915200,nan,29.5211162630
Gplus,10000,1.0000000000,0.5000000000,0.5000000000,simple,0.0500000000,10,3,1779,orig_decrease,0.2000000000,2000,1.0000000000,879102,844477,2571,0,34625,0,49992,32950647,-1,30622082.3532438315,91866247.0597314984,0.0706682526,-0.0706682526,nan,30.5348739130
Gplus,10000,1.0000000000,0.5000000000,0.5000000000,simple,0.0500000000,10,3,1779,rr_increase,0.0250000000,250,1.0000000000,879102,879102,3197,0,0,1240,49992,32950647,-1,35499869.3355084509,106499608.0065253526,0.0773648644,0.0773648644,nan,30.6937344130
Gplus,10000,1.0000000000,0.5000000000,0.5000000000,simple,0.0500000000,10,3,1779,rr_increase,0.0500000000,500,1.0000000000,879102,879102,3197,0,0,2582,49992,32950647,-1,45153715.9809118509,135461147.9427355528,0.3703438352,0.3703438352,nan,29.8599679040
Gplus,10000,1.0000000000,0.5000000000,0.5000000000,simple,0.0500000000,10,3,1779,rr_increase,0.0750000000,750,1.0000000000,879102,879102,3197,0,0,3806,49992,32950647,-1,57877908.7797928378,173633726.3393785059,0.7565029536,0.7565029536,nan,30.3054830770
Gplus,10000,1.0000000000,0.5000000000,0.5000000000,simple,0.0500000000,10,3,1779,rr_increase,0.1000000000,1000,1.0000000000,879102,879102,3197,0,0,5035,49992,32950647,-1,69405904.8334497511,208217714.5003492534,1.1063593936,1.1063593936,nan,30.1344200610
Gplus,10000,1.0000000000,0.5000000000,0.5000000000,simple,0.0500000000,10,3,1779,rr_increase,0.1250000000,1250,1.0000000000,879102,879102,3197,0,0,6235,49992,32950647,-1,66567495.0704900995,199702485.2114703059,1.0202181484,1.0202181484,nan,30.2848841940
Gplus,10000,1.0000000000,0.5000000000,0.5000000000,simple,0.0500000000,10,3,1779,rr_increase,0.1500000000,1500,1.0000000000,879102,879102,3197,0,0,7544,49992,32950647,-1,83199627.7108888775,249598883.1326666474,1.5249770577,1.5249770577,nan,29.3042048440
Gplus,10000,1.0000000000,0.5000000000,0.5000000000,simple,0.0500000000,10,3,1779,rr_increase,0.1750000000,1750,1.0000000000,879102,879102,3197,0,0,8750,49992,32950647,-1,91055119.8202536106,273165359.4607608318,1.7633788138,1.7633788138,nan,29.7948316010
Gplus,10000,1.0000000000,0.5000000000,0.5000000000,simple,0.0500000000,10,3,1779,rr_increase,0.2000000000,2000,1.0000000000,879102,879102,3197,0,0,9947,49992,32950647,-1,95400901.8709581345,286202705.6128743887,1.8952664229,1.8952664229,nan,30.2283568010
Gplus,10000,1.0000000000,0.5000000000,0.5000000000,simple,0.0500000000,10,3,1779,rr_decrease,0.0250000000,250,1.0000000000,879102,879102,3197,0,0,1240,49992,32950647,-1,21508829.8898548521,64526489.6695645526,0.3472410454,-0.3472410454,nan,31.3481400170
Gplus,10000,1.0000000000,0.5000000000,0.5000000000,simple,0.0500000000,10,3,1779,rr_decrease,0.0500000000,500,1.0000000000,879102,879102,3197,0,0,2582,49992,32950647,-1,16028400.4033854287,48085201.2101562843,0.5135634088,-0.5135634088,nan,29.6049867790
Gplus,10000,1.0000000000,0.5000000000,0.5000000000,simple,0.0500000000,10,3,1779,rr_decrease,0.0750000000,750,1.0000000000,879102,879102,3197,0,0,3806,49992,32950647,-1,14952093.2043181434,44856279.6129544303,0.5462276293,-0.5462276293,nan,29.6780122090
Gplus,10000,1.0000000000,0.5000000000,0.5000000000,simple,0.0500000000,10,3,1779,rr_decrease,0.1000000000,1000,1.0000000000,879102,879102,3197,0,0,5035,49992,32950647,-1,9685397.9389725421,29056193.8169176280,0.7060634974,-0.7060634974,nan,29.7033024530
Gplus,10000,1.0000000000,0.5000000000,0.5000000000,simple,0.0500000000,10,3,1779,rr_decrease,0.1250000000,1250,1.0000000000,879102,879102,3197,0,0,6235,49992,32950647,-1,-5238656.7926041605,-15715970.3778124824,1.1589849447,-1.1589849447,nan,28.9541398650
Gplus,10000,1.0000000000,0.5000000000,0.5000000000,simple,0.0500000000,10,3,1779,rr_decrease,0.1500000000,1500,1.0000000000,879102,879102,3197,0,0,7544,49992,32950647,-1,-10600220.4014024865,-31800661.2042074576,1.3216999169,-1.3216999169,nan,28.9178825110
Gplus,10000,1.0000000000,0.5000000000,0.5000000000,simple,0.0500000000,10,3,1779,rr_decrease,0.1750000000,1750,1.0000000000,879102,879102,3197,0,0,8750,49992,32950647,-1,-12679999.4937165882,-38039998.4811497629,1.3848179216,-1.3848179216,nan,29.5589993700
Gplus,10000,1.0000000000,0.5000000000,0.5000000000,simple,0.0500000000,10,3,1779,rr_decrease,0.2000000000,2000,1.0000000000,879102,879102,3197,0,0,9947,49992,32950647,-1,-26299365.3693364747,-78898096.1080094278,1.7981441266,-1.7981441266,nan,29.4779921260
Gplus,10000,1.0000000000,0.5000000000,0.5000000000,simple,0.0500000000,10,4,1780,clean,0.0000000000,0,0.0000000000,879102,879102,3197,0,0,0,49993,32950647,-1,25696188.8634781986,77088566.5904345959,0.2201613260,-0.2201613260,nan,30.7339270520
Gplus,10000,1.0000000000,0.5000000000,0.5000000000,simple,0.0500000000,10,4,1780,orig_increase,0.0250000000,250,1.0000000000,879102,909712,3197,30610,0,0,49993,32950647,-1,43735001.4846655205,131205004.4539965689,0.3272880950,0.3272880950,nan,29.9014847610
Gplus,10000,1.0000000000,0.5000000000,0.5000000000,simple,0.0500000000,10,4,1780,orig_increase,0.0500000000,500,1.0000000000,879102,1001905,3197,122803,0,0,49993,32950647,-1,63541198.7224979922,190623596.1674939692,0.9283748426,0.9283748426,nan,29.7508486090
Gplus,10000,1.0000000000,0.5000000000,0.5000000000,simple,0.0500000000,10,4,1780,orig_increase,0.0750000000,750,1.0000000000,879102,1155941,3197,276839,0,0,49993,32950647,-1,114320551.2839946300,342961653.8519839048,2.4694478468,2.4694478468,nan,29.9533200180
Gplus,10000,1.0000000000,0.5000000000,0.5000000000,simple,0.0500000000,10,4,1780,orig_increase,0.1000000000,1000,1.0000000000,879102,1371616,3197,492514,0,0,49993,32950647,-1,194045215.4821448326,582135646.4464344978,4.8889652601,4.8889652601,nan,30.5745322180
Gplus,10000,1.0000000000,0.5000000000,0.5000000000,simple,0.0500000000,10,4,1780,orig_increase,0.1250000000,1250,1.0000000000,879102,1647776,3197,768674,0,0,49993,32950647,-1,359179002.4534659982,1077537007.3603980541,9.9005144103,9.9005144103,nan,30.9878279420
Gplus,10000,1.0000000000,0.5000000000,0.5000000000,simple,0.0500000000,10,4,1780,orig_increase,0.1500000000,1500,1.0000000000,879102,1985153,3425,1106051,0,0,49993,32950647,-1,634104915.6476181746,1902314746.9428546429,18.2440808718,18.2440808718,nan,31.3903131220
Gplus,10000,1.0000000000,0.5000000000,0.5000000000,simple,0.0500000000,10,4,1780,orig_increase,0.1750000000,1750,1.0000000000,879102,2384268,3628,1505166,0,0,49993,32950647,-1,993099908.7168990374,2979299726.1506972313,29.1390108885,29.1390108885,nan,32.4457310390
Gplus,10000,1.0000000000,0.5000000000,0.5000000000,simple,0.0500000000,10,4,1780,orig_increase,0.2000000000,2000,1.0000000000,879102,2844941,3906,1965839,0,0,49993,32950647,-1,1399357140.4469463825,4198071421.3408389091,41.4682750675,41.4682750675,nan,33.5489589840
Gplus,10000,1.0000000000,0.5000000000,0.5000000000,simple,0.0500000000,10,4,1780,orig_decrease,0.0250000000,250,1.0000000000,879102,878587,3197,0,515,0,49993,32950647,-1,24052163.7157975920,72156491.1473927796,0.2700548880,-0.2700548880,nan,31.4338438780
Gplus,10000,1.0000000000,0.5000000000,0.5000000000,simple,0.0500000000,10,4,1780,orig_decrease,0.0500000000,500,1.0000000000,879102,877155,3197,0,1947,0,49993,32950647,-1,27028595.6680489779,81085787.0041469336,0.1797248877,-0.1797248877,nan,30.2909799580
Gplus,10000,1.0000000000,0.5000000000,0.5000000000,simple,0.0500000000,10,4,1780,orig_decrease,0.0750000000,750,1.0000000000,879102,875066,3197,0,4036,0,49993,32950647,-1,37351349.6113145724,112054048.8339437246,0.1335543612,0.1335543612,nan,29.3590302090
Gplus,10000,1.0000000000,0.5000000000,0.5000000000,simple,0.0500000000,10,4,1780,orig_decrease,0.1000000000,1000,1.0000000000,879102,872116,3197,0,6986,0,49993,32950647,-1,32755318.5468548350,98265955.6405645013,0.0059279095,-0.0059279095,nan,29.8717555190
Gplus,10000,1.0000000000,0.5000000000,0.5000000000,simple,0.0500000000,10,4,1780,orig_decrease,0.1250000000,1250,1.0000000000,879102,867151,3197,0,11951,0,49993,32950647,-1,27988167.1667972989,83964501.5003919005,0.1506034110,-0.1506034110,nan,30.4985216430
Gplus,10000,1.0000000000,0.5000000000,0.5000000000,simple,0.0500000000,10,4,1780,orig_decrease,0.1500000000,1500,1.0000000000,879102,860903,3197,0,18199,0,49993,32950647,-1,17827806.2213695906,53483418.6641087756,0.4589542894,-0.4589542894,nan,31.2480919800
Gplus,10000,1.0000000000,0.5000000000,0.5000000000,simple,0.0500000000,10,4,1780,orig_decrease,0.1750000000,1750,1.0000000000,879102,853893,3197,0,25209,0,49993,32950647,-1,25095732.7487659715,75287198.2462979108,0.2383842190,-0.2383842190,nan,31.5601965330
Gplus,10000,1.0000000000,0.5000000000,0.5000000000,simple,0.0500000000,10,4,1780,orig_decrease,0.2000000000,2000,1.0000000000,879102,845941,3197,0,33161,0,49993,32950647,-1,28312815.0951725356,84938445.2855176032,0.1407508601,-0.1407508601,nan,30.2003985370
Gplus,10000,1.0000000000,0.5000000000,0.5000000000,simple,0.0500000000,10,4,1780,rr_increase,0.0250000000,250,1.0000000000,879102,879102,3197,0,0,1175,49993,32950647,-1,37276992.6094964296,111830977.8284892887,0.1312977438,0.1312977438,nan,30.3841950170
Gplus,10000,1.0000000000,0.5000000000,0.5000000000,simple,0.0500000000,10,4,1780,rr_increase,0.0500000000,500,1.0000000000,879102,879102,3197,0,0,2446,49993,32950647,-1,49322872.7851398960,147968618.3554196954,0.4968711475,0.4968711475,nan,30.1508215220
Gplus,10000,1.0000000000,0.5000000000,0.5000000000,simple,0.0500000000,10,4,1780,rr_increase,0.0750000000,750,1.0000000000,879102,879102,3197,0,0,3821,49993,32950647,-1,65253594.1833830252,195760782.5501490831,0.9803433354,0.9803433354,nan,30.3798730720
Gplus,10000,1.0000000000,0.5000000000,0.5000000000,simple,0.0500000000,10,4,1780,rr_increase,0.1000000000,1000,1.0000000000,879102,879102,3197,0,0,5013,49993,32950647,-1,63383663.2170348987,190150989.6511046886,0.9235938893,0.9235938893,nan,29.5664683760
Gplus,10000,1.0000000000,0.5000000000,0.5000000000,simple,0.0500000000,10,4,1780,rr_increase,0.1250000000,1250,1.0000000000,879102,879102,3197,0,0,6201,49993,32950647,-1,77540760.8479979932,232622282.5439939797,1.3532394022,1.3532394022,nan,30.7399976170
Gplus,10000,1.0000000000,0.5000000000,0.5000000000,simple,0.0500000000,10,4,1780,rr_increase,0.1500000000,1500,1.0000000000,879102,879102,3197,0,0,7406,49993,32950647,-1,85357940.3341260701,256073821.0023782253,1.5904784308,1.5904784308,nan,31.4414744210
Gplus,10000,1.0000000000,0.5000000000,0.5000000000,simple,0.0500000000,10,4,1780,rr_increase,0.1750000000,1750,1.0000000000,879102,879102,3197,0,0,8643,49993,32950647,-1,87061357.0004507005,261184071.0013521016,1.6421744314,1.6421744314,nan,30.3793033390
Gplus,10000,1.0000000000,0.5000000000,0.5000000000,simple,0.0500000000,10,4,1780,rr_increase,0.2000000000,2000,1.0000000000,879102,879102,3197,0,0,9876,49993,32950647,-1,105388192.3035371453,316164576.9106114507,2.1983648850,2.1983648850,nan,29.9551407290
Gplus,10000,1.0000000000,0.5000000000,0.5000000000,simple,0.0500000000,10,4,1780,rr_decrease,0.0250000000,250,1.0000000000,879102,879102,3197,0,0,1175,49993,32950647,-1,20536741.1326931491,61610223.3980794474,0.3767424011,-0.3767424011,nan,30.4729525750
Gplus,10000,1.0000000000,0.5000000000,0.5000000000,simple,0.0500000000,10,4,1780,rr_decrease,0.0500000000,500,1.0000000000,879102,879102,3197,0,0,2446,49993,32950647,-1,19517059.1801011376,58551177.5403034166,0.4076881349,-0.4076881349,nan,29.4552689650
Gplus,10000,1.0000000000,0.5000000000,0.5000000000,simple,0.0500000000,10,4,1780,rr_decrease,0.0750000000,750,1.0000000000,879102,879102,3197,0,0,3821,49993,32950647,-1,21048442.3161855899,63145326.9485567659,0.3612130798,-0.3612130798,nan,29.1259701980
Gplus,10000,1.0000000000,0.5000000000,0.5000000000,simple,0.0500000000,10,4,1780,rr_decrease,0.1000000000,1000,1.0000000000,879102,879102,3197,0,0,5013,49993,32950647,-1,10032617.8600730170,30097853.5802190527,0.6955259221,-0.6955259221,nan,29.3289318750
Gplus,10000,1.0000000000,0.5000000000,0.5000000000,simple,0.0500000000,10,4,1780,rr_decrease,0.1250000000,1250,1.0000000000,879102,879102,3197,0,0,6201,49993,32950647,-1,10334775.6508863363,31004326.9526590072,0.6863559113,-0.6863559113,nan,29.9082587490
Gplus,10000,1.0000000000,0.5000000000,0.5000000000,simple,0.0500000000,10,4,1780,rr_decrease,0.1500000000,1500,1.0000000000,879102,879102,3197,0,0,7406,49993,32950647,-1,731205.6327009496,2193616.8981028488,0.9778090660,-0.9778090660,nan,29.5885602810
Gplus,10000,1.0000000000,0.5000000000,0.5000000000,simple,0.0500000000,10,4,1780,rr_decrease,0.1750000000,1750,1.0000000000,879102,879102,3197,0,0,8643,49993,32950647,-1,-13162392.4915556256,-39487177.4746668786,1.3994577858,-1.3994577858,nan,30.6167976330
Gplus,10000,1.0000000000,0.5000000000,0.5000000000,simple,0.0500000000,10,4,1780,rr_decrease,0.2000000000,2000,1.0000000000,879102,879102,3197,0,0,9876,49993,32950647,-1,-14161701.1698185578,-42485103.5094556734,1.4297852230,-1.4297852230,nan,30.3409063900
Gplus,10000,6.0000000000,3.0000000000,3.0000000000,simple,0.0500000000,10,0,1776,clean,0.0000000000,0,0.0000000000,879102,879102,3197,0,0,0,49995,32950647,-1,38042562.5622990057,114127687.6868970096,0.1545315806,0.1545315806,nan,28.9040269380
Gplus,10000,6.0000000000,3.0000000000,3.0000000000,simple,0.0500000000,10,0,1776,orig_increase,0.0250000000,250,1.0000000000,879102,909683,3197,30581,0,0,49995,32950647,-1,40143449.6789421067,120430349.0368263125,0.2182901804,0.2182901804,nan,29.6315244470
Gplus,10000,6.0000000000,3.0000000000,3.0000000000,simple,0.0500000000,10,0,1776,orig_increase,0.0500000000,500,1.0000000000,879102,1001436,3197,122334,0,0,49995,32950647,-1,59282695.6495150924,177848086.9485452771,0.7991360124,0.7991360124,nan,29.7931428650
Gplus,10000,6.0000000000,3.0000000000,3.0000000000,simple,0.0500000000,10,0,1776,orig_increase,0.0750000000,750,1.0000000000,879102,1154552,3197,275450,0,0,49995,32950647,-1,107645174.4340320975,322935523.3020963073,2.2668607216,2.2668607216,nan,29.2900665590
Gplus,10000,6.0000000000,3.0000000000,3.0000000000,simple,0.0500000000,10,0,1776,orig_increase,0.1000000000,1000,1.0000000000,879102,1369559,3197,490457,0,0,49995,32950647,-1,211852050.1654384136,635556150.4963152409,5.4293745178,5.4293745178,nan,31.4830774530
Gplus,10000,6.0000000000,3.0000000000,3.0000000000,simple,0.0500000000,10,0,1776,orig_increase,0.1250000000,1250,1.0000000000,879102,1645551,3197,766449,0,0,49995,32950647,-1,368390640.3310268521,1105171920.9930806160,10.1800730447,10.1800730447,nan,30.8241745680
Gplus,10000,6.0000000000,3.0000000000,3.0000000000,simple,0.0500000000,10,0,1776,orig_increase,0.1500000000,1500,1.0000000000,879102,1983046,3249,1103944,0,0,49995,32950647,-1,605539884.4853740931,1816619653.4561221600,17.3771773733,17.3771773733,nan,31.9220204180
Gplus,10000,6.0000000000,3.0000000000,3.0000000000,simple,0.0500000000,10,0,1776,orig_increase,0.1750000000,1750,1.0000000000,879102,2381973,3450,1502871,0,0,49995,32950647,-1,943897686.2374936342,2831693058.7124810219,27.6458012869,27.6458012869,nan,32.2987445500
Gplus,10000,6.0000000000,3.0000000000,3.0000000000,simple,0.0500000000,10,0,1776,orig_increase,0.2000000000,2000,1.0000000000,879102,2842882,3655,1963780,0,0,49995,32950647,-1,1384456227.7980439663,4153368683.3941321373,41.0160559457,41.0160559457,nan,32.7203703330
Gplus,10000,6.0000000000,3.0000000000,3.0000000000,simple,0.0500000000,10,0,1776,orig_decrease,0.0250000000,250,1.0000000000,879102,878558,3197,0,544,0,49995,32950647,-1,37576684.1402521953,112730052.4207565933,0.1403929076,0.1403929076,nan,29.3043955500
Gplus,10000,6.0000000000,3.0000000000,3.0000000000,simple,0.0500000000,10,0,1776,orig_decrease,0.0500000000,500,1.0000000000,879102,876686,3197,0,2416,0,49995,32950647,-1,36088020.5177491680,108264061.5532474965,0.0952143221,0.0952143221,nan,29.6368135690
Gplus,10000,6.0000000000,3.0000000000,3.0000000000,simple,0.0500000000,10,0,1776,orig_decrease,0.0750000000,750,1.0000000000,879102,873677,3197,0,5425,0,49995,32950647,-1,35225366.2361352965,105676098.7084058821,0.0690341296,0.0690341296,nan,30.4322252690
Gplus,10000,6.0000000000,3.0000000000,3.0000000000,simple,0.0500000000,10,0,1776,orig_decrease,0.1000000000,1000,1.0000000000,879102,870059,3197,0,9043,0,49995,32950647,-1,36141045.8299482912,108423137.4898448735,0.0968235565,0.0968235565,nan,29.8346070040
Gplus,10000,6.0000000000,3.0000000000,3.0000000000,simple,0.0500000000,10,0,1776,orig_decrease,0.1250000000,1250,1.0000000000,879102,864926,3197,0,14176,0,49995,32950647,-1,36642344.1764980331,109927032.5294941068,0.1120371681,0.1120371681,nan,30.0641028050
Gplus,10000,6.0000000000,3.0000000000,3.0000000000,simple,0.0500000000,10,0,1776,orig_decrease,0.1500000000,1500,1.0000000000,879102,858796,3197,0,20306,0,49995,32950647,-1,34042502.8054103479,102127508.4162310511,0.0331360961,0.0331360961,nan,31.4437208020
Gplus,10000,6.0000000000,3.0000000000,3.0000000000,simple,0.0500000000,10,0,1776,orig_decrease,0.1750000000,1750,1.0000000000,879102,851598,3197,0,27504,0,49995,32950647,-1,34035907.3006970510,102107721.9020911604,0.0329359330,0.0329359330,nan,29.7367248070
Gplus,10000,6.0000000000,3.0000000000,3.0000000000,simple,0.0500000000,10,0,1776,orig_decrease,0.2000000000,2000,1.0000000000,879102,843882,3197,0,35220,0,49995,32950647,-1,33828921.2078314349,101486763.6234943122,0.0266542326,0.0266542326,nan,29.8943322160
Gplus,10000,6.0000000000,3.0000000000,3.0000000000,simple,0.0500000000,10,0,1776,rr_increase,0.0250000000,250,1.0000000000,879102,879102,3197,0,0,1273,49995,32950647,-1,41202675.0077612475,123608025.0232837349,0.2504359932,0.2504359932,nan,29.3615027730
Gplus,10000,6.0000000000,3.0000000000,3.0000000000,simple,0.0500000000,10,0,1776,rr_increase,0.0500000000,500,1.0000000000,879102,879102,3197,0,0,2531,49995,32950647,-1,44360312.4422761723,133080937.3268285096,0.3462652931,0.3462652931,nan,30.7101899070
Gplus,10000,6.0000000000,3.0000000000,3.0000000000,simple,0.0500000000,10,0,1776,rr_increase,0.0750000000,750,1.0000000000,879102,879102,3197,0,0,3863,49995,32950647,-1,48753011.2599609196,146259033.7798827589,0.4795767519,0.4795767519,nan,29.9350970500
Gplus,10000,6.0000000000,3.0000000000,3.0000000000,simple,0.0500000000,10,0,1776,rr_increase,0.1000000000,1000,1.0000000000,879102,879102,3197,0,0,5067,49995,32950647,-1,51503692.4800547138,154511077.4401641488,0.5630555746,0.5630555746,nan,31.5167732910
Gplus,10000,6.0000000000,3.0000000000,3.0000000000,simple,0.0500000000,10,0,1776,rr_increase,0.1250000000,1250,1.0000000000,879102,879102,3197,0,0,6385,49995,32950647,-1,55572179.0002656057,166716537.0007968247,0.6865277031,0.6865277031,nan,30.1515109090
Gplus,10000,6.0000000000,3.0000000000,3.0000000000,simple,0.0500000000,10,0,1776,rr_increase,0.1500000000,1500,1.0000000000,879102,879102,3197,0,0,7606,49995,32950647,-1,58360764.3924998045,175082293.1774994135,0.7711568575,0.7711568575,nan,31.4929491260
Gplus,10000,6.0000000000,3.0000000000,3.0000000000,simple,0.0500000000,10,0,1776,rr_increase,0.1750000000,1750,1.0000000000,879102,879102,3197,0,0,8801,49995,32950647,-1,61409630.0957984403,184228890.2873953283,0.8636851075,0.8636851075,nan,29.7729576220
Gplus,10000,6.0000000000,3.0000000000,3.0000000000,simple,0.0500000000,10,0,1776,rr_increase,0.2000000000,2000,1.0000000000,879102,879102,3197,0,0,10030,49995,32950647,-1,65319143.8881847933,195957431.6645543873,0.9823326652,0.9823326652,nan,29.5704872580
Gplus,10000,6.0000000000,3.0000000000,3.0000000000,simple,0.0500000000,10,0,1776,rr_decrease,0.0250000000,250,1.0000000000,879102,879102,3197,0,0,1273,49995,32950647,-1,36127999.8759947345,108383999.6279842108,0.0964276324,0.0964276324,nan,30.0270704730
Gplus,10000,6.0000000000,3.0000000000,3.0000000000,simple,0.0500000000,10,0,1776,rr_decrease,0.0500000000,500,1.0000000000,879102,879102,3197,0,0,2531,49995,32950647,-1,34137309.4192111045,102411928.2576333135,0.0360133268,0.0360133268,nan,30.3910250780
Gplus,10000,6.0000000000,3.0000000000,3.0000000000,simple,0.0500000000,10,0,1776,rr_decrease,0.0750000000,750,1.0000000000,879102,879102,3197,0,0,3863,49995,32950647,-1,33101799.8593748622,99305399.5781245828,0.0045872501,0.0045872501,nan,30.0984100350
Gplus,10000,6.0000000000,3.0000000000,3.0000000000,simple,0.0500000000,10,0,1776,rr_decrease,0.1000000000,1000,1.0000000000,879102,879102,3197,0,0,5067,49995,32950647,-1,32088825.0673747845,96266475.2021243572,0.0261549320,-0.0261549320,nan,30.7077141260
Gplus,10000,6.0000000000,3.0000000000,3.0000000000,simple,0.0500000000,10,0,1776,rr_decrease,0.1250000000,1250,1.0000000000,879102,879102,3197,0,0,6385,49995,32950647,-1,31104732.2836787514,93314196.8510362506,0.0560205909,-0.0560205909,nan,29.7584567970
Gplus,10000,6.0000000000,3.0000000000,3.0000000000,simple,0.0500000000,10,0,1776,rr_decrease,0.1500000000,1500,1.0000000000,879102,879102,3197,0,0,7606,49995,32950647,-1,30159122.7676321231,90477368.3028963655,0.0847183435,-0.0847183435,nan,30.3082048520
Gplus,10000,6.0000000000,3.0000000000,3.0000000000,simple,0.0500000000,10,0,1776,rr_decrease,0.1750000000,1750,1.0000000000,879102,879102,3197,0,0,8801,49995,32950647,-1,28958224.2459244914,86874672.7377734780,0.1211637135,-0.1211637135,nan,30.1493025330
Gplus,10000,6.0000000000,3.0000000000,3.0000000000,simple,0.0500000000,10,0,1776,rr_decrease,0.2000000000,2000,1.0000000000,879102,879102,3197,0,0,10030,49995,32950647,-1,28397015.5347080640,85191046.6041241884,0.1381955099,-0.1381955099,nan,29.5512540220
Gplus,10000,6.0000000000,3.0000000000,3.0000000000,simple,0.0500000000,10,1,1777,clean,0.0000000000,0,0.0000000000,879102,879102,3197,0,0,0,49996,32950647,-1,30217435.4381124489,90652306.3143373430,0.0829486463,-0.0829486463,nan,29.2852210610
Gplus,10000,6.0000000000,3.0000000000,3.0000000000,simple,0.0500000000,10,1,1777,orig_increase,0.0250000000,250,1.0000000000,879102,909775,3197,30673,0,0,49996,32950647,-1,32465529.2017966323,97396587.6053898931,0.0147225576,-0.0147225576,nan,30.1604554250
Gplus,10000,6.0000000000,3.0000000000,3.0000000000,simple,0.0500000000,10,1,1777,orig_increase,0.0500000000,500,1.0000000000,879102,1001926,3197,122824,0,0,49996,32950647,-1,53823598.5079718232,161470795.5239154696,0.6334610519,0.6334610519,nan,29.6865869230
Gplus,10000,6.0000000000,3.0000000000,3.0000000000,simple,0.0500000000,10,1,1777,orig_increase,0.0750000000,750,1.0000000000,879102,1155997,3197,276895,0,0,49996,32950647,-1,105704413.3362844437,317113240.0088533163,2.2079616930,2.2079616930,nan,30.0029680570
Gplus,10000,6.0000000000,3.0000000000,3.0000000000,simple,0.0500000000,10,1,1777,orig_increase,0.1000000000,1000,1.0000000000,879102,1371147,3197,492045,0,0,49996,32950647,-1,199338059.5063189268,598014178.5189567804,5.0495947016,5.0495947016,nan,30.5293121440
Gplus,10000,6.0000000000,3.0000000000,3.0000000000,simple,0.0500000000,10,1,1777,orig_increase,0.1250000000,1250,1.0000000000,879102,1647500,3214,768398,0,0,49996,32950647,-1,361193609.1389033198,1083580827.4167098999,9.9616545356,9.9616545356,nan,32.1942393750
Gplus,10000,6.0000000000,3.0000000000,3.0000000000,simple,0.0500000000,10,1,1777,orig_increase,0.1500000000,1500,1.0000000000,879102,1984967,3414,1105865,0,0,49996,32950647,-1,603429243.9856017828,1810287731.9568052292,17.3131227738,17.3131227738,nan,31.4492773810
Gplus,10000,6.0000000000,3.0000000000,3.0000000000,simple,0.0500000000,10,1,1777,orig_increase,0.1750000000,1750,1.0000000000,879102,2384169,3609,1505067,0,0,49996,32950647,-1,928893345.1895618439,2786680035.5686855316,27.1904432769,27.1904432769,nan,31.6423036140
Gplus,10000,6.0000000000,3.0000000000,3.0000000000,simple,0.0500000000,10,1,1777,orig_increase,0.2000000000,2000,1.0000000000,879102,2843887,3804,1964785,0,0,49996,32950647,-1,1358753628.9365668297,4076260886.8097004890,40.2360227384,40.2360227384,nan,34.1974756320
Gplus,10000,6.0000000000,3.0000000000,3.0000000000,simple,0.0500000000,10,1,1777,orig_decrease,0.0250000000,250,1.0000000000,879102,878650,3197,0,452,0,49996,32950647,-1,30339850.6921709366,91019552.0765128136,0.0792335370,-0.0792335370,nan,31.6065390840
Gplus,10000,6.0000000000,3.0000000000,3.0000000000,simple,0.0500000000,10,1,1777,orig_decrease,0.0500000000,500,1.0000000000,879102,877176,3197,0,1926,0,49996,32950647,-1,30512834.7208610885,91538504.1625832617,0.0739837454,-0.0739837454,nan,30.8565803520
Gplus,10000,6.0000000000,3.0000000000,3.0000000000,simple,0.0500000000,10,1,1777,orig_decrease,0.0750000000,750,1.0000000000,879102,875122,3197,0,3980,0,49996,32950647,-1,30233294.3025920838,90699882.9077762514,0.0824673548,-0.0824673548,nan,29.8962606920
Gplus,10000,6.0000000000,3.0000000000,3.0000000000,simple,0.0500000000,10,1,1777,orig_decrease,0.1000000000,1000,1.0000000000,879102,871647,3197,0,7455,0,49996,32950647,-1,29733324.1810365133,89199972.5431095362,0.0976406569,-0.0976406569,nan,30.0472339150
Gplus,10000,6.0000000000,3.0000000000,3.0000000000,simple,0.0500000000,10,1,1777,orig_decrease,0.1250000000,1250,1.0000000000,879102,866875,3197,0,12227,0,49996,32950647,-1,29506498.8854576908,88519496.6563730687,0.1045244457,-0.1045244457,nan,30.9732813340
Gplus,10000,6.0000000000,3.0000000000,3.0000000000,simple,0.0500000000,10,1,1777,orig_decrease,0.1500000000,1500,1.0000000000,879102,860717,3197,0,18385,0,49996,32950647,-1,28126917.1836798526,84380751.5510395616,0.1463925675,-0.1463925675,nan,29.9382847530
Gplus,10000,6.0000000000,3.0000000000,3.0000000000,simple,0.0500000000,10,1,1777,orig_decrease,0.1750000000,1750,1.0000000000,879102,853794,3197,0,25308,0,49996,32950647,-1,27222277.3512939997,81666832.0538820028,0.1738469551,-0.1738469551,nan,30.3997581020
Gplus,10000,6.0000000000,3.0000000000,3.0000000000,simple,0.0500000000,10,1,1777,orig_decrease,0.2000000000,2000,1.0000000000,879102,844887,3197,0,34215,0,49996,32950647,-1,25664701.8420425095,76994105.5261275321,0.2211169073,-0.2211169073,nan,29.6614768360
Gplus,10000,6.0000000000,3.0000000000,3.0000000000,simple,0.0500000000,10,1,1777,rr_increase,0.0250000000,250,1.0000000000,879102,879102,3197,0,0,1244,49996,32950647,-1,33398237.2561711632,100194711.7685134858,0.0135836561,0.0135836561,nan,28.9366573410
Gplus,10000,6.0000000000,3.0000000000,3.0000000000,simple,0.0500000000,10,1,1777,rr_increase,0.0500000000,500,1.0000000000,879102,879102,3197,0,0,2555,49996,32950647,-1,36249067.8684870824,108747203.6054612398,0.1001018544,0.1001018544,nan,29.5674025130
Gplus,10000,6.0000000000,3.0000000000,3.0000000000,simple,0.0500000000,10,1,1777,rr_increase,0.0750000000,750,1.0000000000,879102,879102,3197,0,0,3709,49996,32950647,-1,38729359.5846160576,116188078.7538481802,0.1753747835,0.1753747835,nan,29.3974716850
Gplus,10000,6.0000000000,3.0000000000,3.0000000000,simple,0.0500000000,10,1,1777,rr_increase,0.1000000000,1000,1.0000000000,879102,879102,3197,0,0,4928,49996,32950647,-1,41414012.9904407412,124242038.9713222235,0.2568497666,0.2568497666,nan,29.6534995880
Gplus,10000,6.0000000000,3.0000000000,3.0000000000,simple,0.0500000000,10,1,1777,rr_increase,0.1250000000,1250,1.0000000000,879102,879102,3197,0,0,6132,49996,32950647,-1,44061669.9825230613,132185009.9475691915,0.3372019670,0.3372019670,nan,30.7768097630
Gplus,10000,6.0000000000,3.0000000000,3.0000000000,simple,0.0500000000,10,1,1777,rr_increase,0.1500000000,1500,1.0000000000,879102,879102,3197,0,0,7419,49996,32950647,-1,49164608.9119503722,147493826.7358511090,0.4920680893,0.4920680893,nan,29.8304059870
Gplus,10000,6.0000000000,3.0000000000,3.0000000000,simple,0.0500000000,10,1,1777,rr_increase,0.1750000000,1750,1.0000000000,879102,879102,3197,0,0,8619,49996,32950647,-1,52157186.0474827886,156471558.1424483657,0.5828880704,0.5828880704,nan,29.3930425590
Gplus,10000,6.0000000000,3.0000000000,3.0000000000,simple,0.0500000000,10,1,1777,rr_increase,0.2000000000,2000,1.0000000000,879102,879102,3197,0,0,9929,49996,32950647,-1,55285332.4997404218,165855997.4992212653,0.6778223657,0.6778223657,nan,29.2653856600
Gplus,10000,6.0000000000,3.0000000000,3.0000000000,simple,0.0500000000,10,1,1777,rr_decrease,0.0250000000,250,1.0000000000,879102,879102,3197,0,0,1244,49996,32950647,-1,29207395.2387908548,87622185.7163725644,0.1136017682,-0.1136017682,nan,29.2598803920
Gplus,10000,6.0000000000,3.0000000000,3.0000000000,simple,0.0500000000,10,1,1777,rr_decrease,0.0500000000,500,1.0000000000,879102,879102,3197,0,0,2555,49996,32950647,-1,27499120.0360656120,82497360.1081968397,0.1654452176,-0.1654452176,nan,29.6024791610
Gplus,10000,6.0000000000,3.0000000000,3.0000000000,simple,0.0500000000,10,1,1777,rr_decrease,0.0750000000,750,1.0000000000,879102,879102,3197,0,0,3709,49996,32950647,-1,27394199.8926153816,82182599.6778461486,0.1686293780,-0.1686293780,nan,29.2983589210
Gplus,10000,6.0000000000,3.0000000000,3.0000000000,simple,0.0500000000,10,1,1777,rr_decrease,0.1000000000,1000,1.0000000000,879102,879102,3197,0,0,4928,49996,32950647,-1,26138430.6634691022,78415291.9904073030,0.2067399871,-0.2067399871,nan,29.8568604190
Gplus,10000,6.0000000000,3.0000000000,3.0000000000,simple,0.0500000000,10,1,1777,rr_decrease,0.1250000000,1250,1.0000000000,879102,879102,3197,0,0,6132,49996,32950647,-1,24285904.0481358208,72857712.1444074661,0.2629612387,-0.2629612387,nan,29.6153226740
Gplus,10000,6.0000000000,3.0000000000,3.0000000000,simple,0.0500000000,10,1,1777,rr_decrease,0.1500000000,1500,1.0000000000,879102,879102,3197,0,0,7419,49996,32950647,-1,24542491.4003463984,73627474.2010391951,0.2551742186,-0.2551742186,nan,31.2117529220
Gplus,10000,6.0000000000,3.0000000000,3.0000000000,simple,0.0500000000,10,1,1777,rr_decrease,0.1750000000,1750,1.0000000000,879102,879102,3197,0,0,8619,49996,32950647,-1,24198598.5290714055,72595795.5872142166,0.2656108231,-0.2656108231,nan,29.7557442400
Gplus,10000,6.0000000000,3.0000000000,3.0000000000,simple,0.0500000000,10,1,1777,rr_decrease,0.2000000000,2000,1.0000000000,879102,879102,3197,0,0,9929,49996,32950647,-1,22237339.2976562120,66712017.8929686397,0.3251319375,-0.3251319375,nan,30.4654218910
Gplus,10000,6.0000000000,3.0000000000,3.0000000000,simple,0.0500000000,10,2,1778,clean,0.0000000000,0,0.0000000000,879102,879102,3197,0,0,0,49995,32950647,-1,29451492.9224278592,88354478.7672835737,0.1061937897,-0.1061937897,nan,29.6773592100
Gplus,10000,6.0000000000,3.0000000000,3.0000000000,simple,0.0500000000,10,2,1778,orig_increase,0.0250000000,250,1.0000000000,879102,909649,3197,30547,0,0,49995,32950647,-1,33173349.7227317542,99520049.1681952626,0.0067586753,0.0067586753,nan,30.8973996620
Gplus,10000,6.0000000000,3.0000000000,3.0000000000,simple,0.0500000000,10,2,1778,orig_increase,0.0500000000,500,1.0000000000,879102,1001558,3197,122456,0,0,49995,32950647,-1,53630929.5687317029,160892788.7061951160,0.6276138544,0.6276138544,nan,31.3582602580
Gplus,10000,6.0000000000,3.0000000000,3.0000000000,simple,0.0500000000,10,2,1778,orig_increase,0.0750000000,750,1.0000000000,879102,1154749,3197,275647,0,0,49995,32950647,-1,103695297.2003676891,311085891.6011030674,2.1469881972,2.1469881972,nan,31.4732220810
Gplus,10000,6.0000000000,3.0000000000,3.0000000000,simple,0.0500000000,10,2,1778,orig_increase,0.1000000000,1000,1.0000000000,879102,1370095,3197,490993,0,0,49995,32950647,-1,196340698.0461218357,589022094.1383655071,4.9586295239,4.9586295239,nan,32.1282287960
Gplus,10000,6.0000000000,3.0000000000,3.0000000000,simple,0.0500000000,10,2,1778,orig_increase,0.1250000000,1250,1.0000000000,879102,1647009,3197,767907,0,0,49995,32950647,-1,364724816.7659299970,1094174450.2977900505,10.0688210998,10.0688210998,nan,31.7737801600
Gplus,10000,6.0000000000,3.0000000000,3.0000000000,simple,0.0500000000,10,2,1778,orig_increase,0.1500000000,1500,1.0000000000,879102,1985185,3304,1106083,0,0,49995,32950647,-1,616456390.8757587671,1849369172.6272761822,17.7084760696,17.7084760696,nan,31.3032605540
Gplus,10000,6.0000000000,3.0000000000,3.0000000000,simple,0.0500000000,10,2,1778,orig_increase,0.1750000000,1750,1.0000000000,879102,2384551,3661,1505449,0,0,49995,32950647,-1,948733416.3515087366,2846200249.0545263290,27.7925580445,27.7925580445,nan,31.7420161480
Gplus,10000,6.0000000000,3.0000000000,3.0000000000,simple,0.0500000000,10,2,1778,orig_increase,0.2000000000,2000,1.0000000000,879102,2845210,3854,1966108,0,0,49995,32950647,-1,1384149635.0248997211,4152448905.0746994019,41.0067513401,41.0067513401,nan,32.9476917720
Gplus,10000,6.0000000000,3.0000000000,3.0000000000,simple,0.0500000000,10,2,1778,orig_decrease,0.0250000000,250,1.0000000000,879102,878524,3197,0,578,0,49995,32950647,-1,30598559.4139367156,91795678.2418101430,0.0713821366,-0.0713821366,nan,30.6099157990
Gplus,10000,6.0000000000,3.0000000000,3.0000000000,simple,0.0500000000,10,2,1778,orig_decrease,0.0500000000,500,1.0000000000,879102,876808,3197,0,2294,0,49995,32950647,-1,31662013.3452348299,94986040.0357044935,0.0391079925,-0.0391079925,nan,30.0494550600
Gplus,10000,6.0000000000,3.0000000000,3.0000000000,simple,0.0500000000,10,2,1778,orig_decrease,0.0750000000,750,1.0000000000,879102,873874,3197,0,5228,0,49995,32950647,-1,30014337.8797728904,90043013.6393186748,0.0891123358,-0.0891123358,nan,30.8263698300
Gplus,10000,6.0000000000,3.0000000000,3.0000000000,simple,0.0500000000,10,2,1778,orig_decrease,0.1000000000,1000,1.0000000000,879102,870595,3197,0,8507,0,49995,32950647,-1,30086473.9069542699,90259421.7208628058,0.0869231215,-0.0869231215,nan,31.0997440520
Gplus,10000,6.0000000000,3.0000000000,3.0000000000,simple,0.0500000000,10,2,1778,orig_decrease,0.1250000000,1250,1.0000000000,879102,866384,3197,0,12718,0,49995,32950647,-1,29656364.7140536942,88969094.1421610862,0.0999762550,-0.0999762550,nan,30.3021755870
Gplus,10000,6.0000000000,3.0000000000,3.0000000000,simple,0.0500000000,10,2,1778,orig_decrease,0.1500000000,1500,1.0000000000,879102,860935,3197,0,18167,0,49995,32950647,-1,29929509.5400304236,89788528.6200912744,0.0916867417,-0.0916867417,nan,29.6394986150
Gplus,10000,6.0000000000,3.0000000000,3.0000000000,simple,0.0500000000,10,2,1778,orig_decrease,0.1750000000,1750,1.0000000000,879102,854176,3197,0,24926,0,49995,32950647,-1,28738152.5207791179,86214457.5623373538,0.1278425422,-0.1278425422,nan,30.0436703170
Gplus,10000,6.0000000000,3.0000000000,3.0000000000,simple,0.0500000000,10,2,1778,orig_decrease,0.2000000000,2000,1.0000000000,879102,846210,3197,0,32892,0,49995,32950647,-1,28101964.9934106581,84305894.9802319705,0.1471498270,-0.1471498270,nan,31.0292493180
Gplus,10000,6.0000000000,3.0000000000,3.0000000000,simple,0.0500000000,10,2,1778,rr_increase,0.0250000000,250,1.0000000000,879102,879102,3197,0,0,1291,49995,32950647,-1,34937874.3780888692,104813623.1342666149,0.0603092066,0.0603092066,nan,29.5256711590
Gplus,10000,6.0000000000,3.0000000000,3.0000000000,simple,0.0500000000,10,2,1778,rr_increase,0.0500000000,500,1.0000000000,879102,879102,3197,0,0,2547,49995,32950647,-1,38425312.9843699336,115275938.9531098008,0.1661474503,0.1661474503,nan,30.2449673020
Gplus,10000,6.0000000000,3.0000000000,3.0000000000,simple,0.0500000000,10,2,1778,rr_increase,0.0750000000,750,1.0000000000,879102,879102,3197,0,0,3737,49995,32950647,-1,40114436.1886039600,120343308.5658118725,0.2174096669,0.2174096669,nan,31.7378877680
Gplus,10000,6.0000000000,3.0000000000,3.0000000000,simple,0.0500000000,10,2,1778,rr_increase,0.1000000000,1000,1.0000000000,879102,879102,3197,0,0,5030,49995,32950647,-1,43440367.2992240787,130321101.8976722360,0.3183464136,0.3183464136,nan,31.4235869740
Gplus,10000,6.0000000000,3.0000000000,3.0000000000,simple,0.0500000000,10,2,1778,rr_increase,0.1250000000,1250,1.0000000000,879102,879102,3197,0,0,6211,49995,32950647,-1,45506806.3433998451,136520419.0301995277,0.3810595690,0.3810595690,nan,31.2679474880
Gplus,10000,6.0000000000,3.0000000000,3.0000000000,simple,0.0500000000,10,2,1778,rr_increase,0.1500000000,1500,1.0000000000,879102,879102,3197,0,0,7426,49995,32950647,-1,49053176.3939966559,147159529.1819899678,0.4886862887,0.4886862887,nan,28.9591004030
Gplus,10000,6.0000000000,3.0000000000,3.0000000000,simple,0.0500000000,10,2,1778,rr_increase,0.1750000000,1750,1.0000000000,879102,879102,3197,0,0,8734,49995,32950647,-1,54172371.8443711698,162517115.5331135094,0.6440457708,0.6440457708,nan,30.0168293450
Gplus,10000,6.0000000000,3.0000000000,3.0000000000,simple,0.0500000000,10,2,1778,rr_increase,0.2000000000,2000,1.0000000000,879102,879102,3197,0,0,10027,49995,32950647,-1,56772624.4453657195,170317873.3360971510,0.7229593229,0.7229593229,nan,30.4205371490
Gplus,10000,6.0000000000,3.0000000000,3.0000000000,simple,0.0500000000,10,2,1778,rr_decrease,0.0250000000,250,1.0000000000,879102,879102,3197,0,0,1291,49995,32950647,-1,30496612.9782991409,91489838.9348974228,0.0744760496,-0.0744760496,nan,30.0484095070
Gplus,10000,6.0000000000,3.0000000000,3.0000000000,simple,0.0500000000,10,2,1778,rr_decrease,0.0500000000,500,1.0000000000,879102,879102,3197,0,0,2547,49995,32950647,-1,28622130.6906384416,85866392.0719153285,0.1313636212,-0.1313636212,nan,29.8541637110
Gplus,10000,6.0000000000,3.0000000000,3.0000000000,simple,0.0500000000,10,2,1778,rr_decrease,0.0750000000,750,1.0000000000,879102,879102,3197,0,0,3737,49995,32950647,-1,25501728.6974219680,76505186.0922659039,0.2260628844,-0.2260628844,nan,29.9540071470
Gplus,10000,6.0000000000,3.0000000000,3.0000000000,simple,0.0500000000,10,2,1778,rr_decrease,0.1000000000,1000,1.0000000000,879102,879102,3197,0,0,5030,49995,32950647,-1,25211309.3150125779,75633927.9450377375,0.2348766531,-0.2348766531,nan,29.4015937270
Gplus,10000,6.0000000000,3.0000000000,3.0000000000,simple,0.0500000000,10,2,1778,rr_decrease,0.1250000000,1250,1.0000000000,879102,879102,3197,0,0,6211,49995,32950647,-1,24692536.4996091165,74077609.4988273531,0.2506205872,-0.2506205872,nan,29.3363537480
Gplus,10000,6.0000000000,3.0000000000,3.0000000000,simple,0.0500000000,10,2,1778,rr_decrease,0.1500000000,1500,1.0000000000,879102,879102,3197,0,0,7426,49995,32950647,-1,23134770.3146266490,69404310.9438799471,0.2978963261,-0.2978963261,nan,29.0568148510
Gplus,10000,6.0000000000,3.0000000000,3.0000000000,simple,0.0500000000,10,2,1778,rr_decrease,0.1750000000,1750,1.0000000000,879102,879102,3197,0,0,8734,49995,32950647,-1,23952644.6083224602,71857933.8249673843,0.2730751354,-0.2730751354,nan,29.2873941300
Gplus,10000,6.0000000000,3.0000000000,3.0000000000,simple,0.0500000000,10,2,1778,rr_decrease,0.2000000000,2000,1.0000000000,879102,879102,3197,0,0,10027,49995,32950647,-1,21802294.2194921561,65406882.6584764719,0.3383348673,-0.3383348673,nan,29.5020658550
Gplus,10000,6.0000000000,3.0000000000,3.0000000000,simple,0.0500000000,10,3,1779,clean,0.0000000000,0,0.0000000000,879102,879102,3197,0,0,0,49992,32950647,-1,28286933.4886853248,84860800.4660559744,0.1415363259,-0.1415363259,nan,30.0058163310
Gplus,10000,6.0000000000,3.0000000000,3.0000000000,simple,0.0500000000,10,3,1779,orig_increase,0.0250000000,250,1.0000000000,879102,909842,3197,30740,0,0,49992,32950647,-1,30133021.0598431267,90399063.1795293838,0.0855104891,-0.0855104891,nan,31.1124488120
Gplus,10000,6.0000000000,3.0000000000,3.0000000000,simple,0.0500000000,10,3,1779,orig_increase,0.0500000000,500,1.0000000000,879102,1001834,3197,122732,0,0,49992,32950647,-1,53540293.9688956141,160620881.9066868424,0.6248632074,0.6248632074,nan,30.2947616680
Gplus,10000,6.0000000000,3.0000000000,3.0000000000,simple,0.0500000000,10,3,1779,orig_increase,0.0750000000,750,1.0000000000,879102,1155321,3197,276219,0,0,49992,32950647,-1,104680748.0875014067,314042244.2625042200,2.1768950724,2.1768950724,nan,30.2482466920
Gplus,10000,6.0000000000,3.0000000000,3.0000000000,simple,0.0500000000,10,3,1779,orig_increase,0.1000000000,1000,1.0000000000,879102,1370262,3197,491160,0,0,49992,32950647,-1,203631742.1442988217,610895226.4328964949,5.1799011760,5.1799011760,nan,30.5576936410
Gplus,10000,6.0000000000,3.0000000000,3.0000000000,simple,0.0500000000,10,3,1779,orig_increase,0.1250000000,1250,1.0000000000,879102,1646341,3197,767239,0,0,49992,32950647,-1,364704046.9946909547,1094112140.9840729237,10.0681907701,10.0681907701,nan,30.4357019860
Gplus,10000,6.0000000000,3.0000000000,3.0000000000,simple,0.0500000000,10,3,1779,orig_increase,0.1500000000,1500,1.0000000000,879102,1983009,3277,1103907,0,0,49992,32950647,-1,600154346.1312867403,1800463038.3938603401,17.2137348056,17.2137348056,nan,32.7902818220
Gplus,10000,6.0000000000,3.0000000000,3.0000000000,simple,0.0500000000,10,3,1779,orig_increase,0.1750000000,1750,1.0000000000,879102,2382262,4405,1503160,0,0,49992,32950647,-1,920570054.7871251106,2761710164.3613753319,26.9378445828,26.9378445828,nan,33.6930247470
Gplus,10000,6.0000000000,3.0000000000,3.0000000000,simple,0.0500000000,10,3,1779,orig_increase,0.2000000000,2000,1.0000000000,879102,2843477,4570,1964375,0,0,49992,32950647,-1,1365407897.7383697033,4096223693.2151088715,40.4379692677,40.4379692677,nan,34.2478334050
Gplus,10000,6.0000000000,3.0000000000,3.0000000000,simple,0.0500000000,10,3,1779,orig_decrease,0.0250000000,250,1.0000000000,879102,878717,3197,0,385,0,49992,32950647,-1,27515466.1923461966,82546398.5770385861,0.1649491376,-0.1649491376,nan,31.0144130150
Gplus,10000,6.0000000000,3.0000000000,3.0000000000,simple,0.0500000000,10,3,1779,orig_decrease,0.0500000000,500,1.0000000000,879102,877084,3197,0,2018,0,49992,32950647,-1,28214907.7385918088,84644723.2157754302,0.1437221934,-0.1437221934,nan,30.4456744680
Gplus,10000,6.0000000000,3.0000000000,3.0000000000,simple,0.0500000000,10,3,1779,orig_decrease,0.0750000000,750,1.0000000000,879102,874446,3197,0,4656,0,49992,32950647,-1,28306255.5211532414,84918766.5634597242,0.1409499328,-0.1409499328,nan,31.2347815200
Gplus,10000,6.0000000000,3.0000000000,3.0000000000,simple,0.0500000000,10,3,1779,orig_decrease,0.1000000000,1000,1.0000000000,879102,870762,3197,0,8340,0,49992,32950647,-1,27741075.7083930261,83223227.1251790822,0.1581022458,-0.1581022458,nan,29.5237209980
Gplus,10000,6.0000000000,3.0000000000,3.0000000000,simple,0.0500000000,10,3,1779,orig_decrease,0.1250000000,1250,1.0000000000,879102,865716,3197,0,13386,0,49992,32950647,-1,28054071.1421475448,84162213.4264426380,0.1486033296,-0.1486033296,nan,29.6443670150
Gplus,10000,6.0000000000,3.0000000000,3.0000000000,simple,0.0500000000,10,3,1779,orig_decrease,0.1500000000,1500,1.0000000000,879102,858759,3197,0,20343,0,49992,32950647,-1,26761296.2625685781,80283888.7877057344,0.1878370017,-0.1878370017,nan,29.7764123360
Gplus,10000,6.0000000000,3.0000000000,3.0000000000,simple,0.0500000000,10,3,1779,orig_decrease,0.1750000000,1750,1.0000000000,879102,851887,2656,0,27215,0,49992,32950647,-1,25545228.2489779703,76635684.7469339073,0.2247427418,-0.2247427418,nan,29.7594225590
Gplus,10000,6.0000000000,3.0000000000,3.0000000000,simple,0.0500000000,10,3,1779,orig_decrease,0.2000000000,2000,1.0000000000,879102,844477,2571,0,34625,0,49992,32950647,-1,24367243.6781943850,73101731.0345831513,0.2604927097,-0.2604927097,nan,29.8929701580
Gplus,10000,6.0000000000,3.0000000000,3.0000000000,simple,0.0500000000,10,3,1779,rr_increase,0.0250000000,250,1.0000000000,879102,879102,3197,0,0,1240,49992,32950647,-1,31627186.0896796323,94881558.2690389007,0.0401649446,-0.0401649446,nan,29.7307794760
Gplus,10000,6.0000000000,3.0000000000,3.0000000000,simple,0.0500000000,10,3,1779,rr_increase,0.0500000000,500,1.0000000000,879102,879102,3197,0,0,2582,49992,32950647,-1,36510593.8375279158,109531781.5125837475,0.1080387538,0.1080387538,nan,29.5443584150
Gplus,10000,6.0000000000,3.0000000000,3.0000000000,simple,0.0500000000,10,3,1779,rr_increase,0.0750000000,750,1.0000000000,879102,879102,3197,0,0,3806,49992,32950647,-1,38040445.5294929817,114121336.5884789526,0.1544673320,0.1544673320,nan,30.5163041910
Gplus,10000,6.0000000000,3.0000000000,3.0000000000,simple,0.0500000000,10,3,1779,rr_increase,0.1000000000,1000,1.0000000000,879102,879102,3197,0,0,5035,49992,32950647,-1,42186925.8571774960,126560777.5715324879,0.2803064491,0.2803064491,nan,29.8337378580
Gplus,10000,6.0000000000,3.0000000000,3.0000000000,simple,0.0500000000,10,3,1779,rr_increase,0.1250000000,1250,1.0000000000,879102,879102,3197,0,0,6235,49992,32950647,-1,44953325.7862187847,134859977.3586563468,0.3642623098,0.3642623098,nan,29.7620959180
Gplus,10000,6.0000000000,3.0000000000,3.0000000000,simple,0.0500000000,10,3,1779,rr_increase,0.1500000000,1500,1.0000000000,879102,879102,3197,0,0,7544,49992,32950647,-1,48891213.6533536017,146673640.9600608051,0.4837709758,0.4837709758,nan,29.9682902630
Gplus,10000,6.0000000000,3.0000000000,3.0000000000,simple,0.0500000000,10,3,1779,rr_increase,0.1750000000,1750,1.0000000000,879102,879102,3197,0,0,8750,49992,32950647,-1,51310896.3955293298,153932689.1865879893,0.5572045185,0.5572045185,nan,29.3706701880
Gplus,10000,6.0000000000,3.0000000000,3.0000000000,simple,0.0500000000,10,3,1779,rr_increase,0.2000000000,2000,1.0000000000,879102,879102,3197,0,0,9947,49992,32950647,-1,54143183.9833073020,162429551.9499219060,0.6431599654,0.6431599654,nan,29.7336924740
Gplus,10000,6.0000000000,3.0000000000,3.0000000000,simple,0.0500000000,10,3,1779,rr_decrease,0.0250000000,250,1.0000000000,879102,879102,3197,0,0,1240,49992,32950647,-1,27708859.2825683206,83126577.8477049619,0.1590799634,-0.1590799634,nan,31.2786485200
Gplus,10000,6.0000000000,3.0000000000,3.0000000000,simple,0.0500000000,10,3,1779,rr_decrease,0.0500000000,500,1.0000000000,879102,879102,3197,0,0,2582,49992,32950647,-1,28364598.6332701296,85093795.8998103887,0.1391793116,-0.1391793116,nan,30.9793674040
Gplus,10000,6.0000000000,3.0000000000,3.0000000000,simple,0.0500000000,10,3,1779,rr_decrease,0.0750000000,750,1.0000000000,879102,879102,3197,0,0,3806,49992,32950647,-1,26344387.3157847486,79033161.9473542422,0.2004895286,-0.2004895286,nan,29.2749103750
Gplus,10000,6.0000000000,3.0000000000,3.0000000000,simple,0.0500000000,10,3,1779,rr_decrease,0.1000000000,1000,1.0000000000,879102,879102,3197,0,0,5035,49992,32950647,-1,25953857.6562876813,77861572.9688630402,0.2123414859,-0.2123414859,nan,29.2670522410
Gplus,10000,6.0000000000,3.0000000000,3.0000000000,simple,0.0500000000,10,3,1779,rr_decrease,0.1250000000,1250,1.0000000000,879102,879102,3197,0,0,6235,49992,32950647,-1,25184925.1277847439,75554775.3833542317,0.2356773714,-0.2356773714,nan,29.9338886830
Gplus,10000,6.0000000000,3.0000000000,3.0000000000,simple,0.0500000000,10,3,1779,rr_decrease,0.1500000000,1500,1.0000000000,879102,879102,3197,0,0,7544,49992,32950647,-1,23694604.6173986979,71083813.8521960974,0.2809062409,-0.2809062409,nan,30.6579029390
Gplus,10000,6.0000000000,3.0000000000,3.0000000000,simple,0.0500000000,10,3,1779,rr_decrease,0.1750000000,1750,1.0000000000,879102,879102,3197,0,0,8750,49992,32950647,-1,23101889.4947086871,69305668.4841260612,0.2988942070,-0.2988942070,nan,30.7286907720
Gplus,10000,6.0000000000,3.0000000000,3.0000000000,simple,0.0500000000,10,3,1779,rr_decrease,0.2000000000,2000,1.0000000000,879102,879102,3197,0,0,9947,49992,32950647,-1,21242496.3002875708,63727488.9008627087,0.3553238484,-0.3553238484,nan,30.9527846710
Gplus,10000,6.0000000000,3.0000000000,3.0000000000,simple,0.0500000000,10,4,1780,clean,0.0000000000,0,0.0000000000,879102,879102,3197,0,0,0,49993,32950647,-1,35242628.8243111074,105727886.4729333222,0.0695580219,0.0695580219,nan,29.6882977490
Gplus,10000,6.0000000000,3.0000000000,3.0000000000,simple,0.0500000000,10,4,1780,orig_increase,0.0250000000,250,1.0000000000,879102,909712,3197,30610,0,0,49993,32950647,-1,39861052.3350711986,119583157.0052136034,0.2097198679,0.2097198679,nan,31.2877949960
Gplus,10000,6.0000000000,3.0000000000,3.0000000000,simple,0.0500000000,10,4,1780,orig_increase,0.0500000000,500,1.0000000000,879102,1001905,3197,122803,0,0,49993,32950647,-1,58111455.4124745503,174334366.2374236584,0.7635907244,0.7635907244,nan,29.9397255510
Gplus,10000,6.0000000000,3.0000000000,3.0000000000,simple,0.0500000000,10,4,1780,orig_increase,0.0750000000,750,1.0000000000,879102,1155941,3197,276839,0,0,49993,32950647,-1,109982140.4061387032,329946421.2184160948,2.3377839411,2.3377839411,nan,30.7918345650
Gplus,10000,6.0000000000,3.0000000000,3.0000000000,simple,0.0500000000,10,4,1780,orig_increase,0.1000000000,1000,1.0000000000,879102,1371616,3197,492514,0,0,49993,32950647,-1,208568841.7668198347,625706525.3004595041,5.3297343377,5.3297343377,nan,30.0641349280
Gplus,10000,6.0000000000,3.0000000000,3.0000000000,simple,0.0500000000,10,4,1780,orig_increase,0.1250000000,1250,1.0000000000,879102,1647776,3197,768674,0,0,49993,32950647,-1,370393604.2389618754,1111180812.7168855667,10.2408598301,10.2408598301,nan,30.4813195790
Gplus,10000,6.0000000000,3.0000000000,3.0000000000,simple,0.0500000000,10,4,1780,orig_increase,0.1500000000,1500,1.0000000000,879102,1985153,3425,1106051,0,0,49993,32950647,-1,612394088.0671643019,1837182264.2014927864,17.5851916069,17.5851916069,nan,31.6576100210
Gplus,10000,6.0000000000,3.0000000000,3.0000000000,simple,0.0500000000,10,4,1780,orig_increase,0.1750000000,1750,1.0000000000,879102,2384268,3628,1505166,0,0,49993,32950647,-1,925547742.7418313026,2776643228.2254939079,27.0889095362,27.0889095362,nan,33.3583655620
Gplus,10000,6.0000000000,3.0000000000,3.0000000000,simple,0.0500000000,10,4,1780,orig_increase,0.2000000000,2000,1.0000000000,879102,2844941,3906,1965839,0,0,49993,32950647,-1,1360862320.2691411972,4082586960.8074235916,40.3000181838,40.3000181838,nan,33.3084661700
Gplus,10000,6.0000000000,3.0000000000,3.0000000000,simple,0.0500000000,10,4,1780,orig_decrease,0.0250000000,250,1.0000000000,879102,878587,3197,0,515,0,49993,32950647,-1,34933576.7820303962,104800730.3460911959,0.0601787814,0.0601787814,nan,30.0609204400
Gplus,10000,6.0000000000,3.0000000000,3.0000000000,simple,0.0500000000,10,4,1780,orig_decrease,0.0500000000,500,1.0000000000,879102,877155,3197,0,1947,0,49993,32950647,-1,34837219.2206853479,104511657.6620560437,0.0572544819,0.0572544819,nan,29.5823033180
Gplus,10000,6.0000000000,3.0000000000,3.0000000000,simple,0.0500000000,10,4,1780,orig_decrease,0.0750000000,750,1.0000000000,879102,875066,3197,0,4036,0,49993,32950647,-1,34226370.1349893510,102679110.4049680531,0.0387161786,0.0387161786,nan,29.3108455130
Gplus,10000,6.0000000000,3.0000000000,3.0000000000,simple,0.0500000000,10,4,1780,orig_decrease,0.1000000000,1000,1.0000000000,879102,872116,3197,0,6986,0,49993,32950647,-1,34146220.7427671552,102438662.2283014655,0.0362837714,0.0362837714,nan,30.1912475200
Gplus,10000,6.0000000000,3.0000000000,3.0000000000,simple,0.0500000000,10,4,1780,orig_decrease,0.1250000000,1250,1.0000000000,879102,867151,3197,0,11951,0,49993,32950647,-1,33499783.8669660576,100499351.6008981764,0.0166654350,0.0166654350,nan,29.8869949950
Gplus,10000,6.0000000000,3.0000000000,3.0000000000,simple,0.0500000000,10,4,1780,orig_decrease,0.1500000000,1500,1.0000000000,879102,860903,3197,0,18199,0,49993,32950647,-1,33268396.9692703150,99805190.9078109413,0.0096432088,0.0096432088,nan,29.8798203300
Gplus,10000,6.0000000000,3.0000000000,3.0000000000,simple,0.0500000000,10,4,1780,orig_decrease,0.1750000000,1750,1.0000000000,879102,853893,3197,0,25209,0,49993,32950647,-1,32325283.1059252806,96975849.3177758455,0.0189788047,-0.0189788047,nan,30.3588244860
Gplus,10000,6.0000000000,3.0000000000,3.0000000000,simple,0.0500000000,10,4,1780,orig_decrease,0.2000000000,2000,1.0000000000,879102,845941,3197,0,33161,0,49993,32950647,-1,32438857.6351886652,97316572.9055659920,0.0155319974,-0.0155319974,nan,30.1055258310
Gplus,10000,6.0000000000,3.0000000000,3.0000000000,simple,0.0500000000,10,4,1780,rr_increase,0.0250000000,250,1.0000000000,879102,879102,3197,0,0,1175,49993,32950647,-1,38924317.7590130493,116772953.2770391554,0.1812914556,0.1812914556,nan,29.0695132530
Gplus,10000,6.0000000000,3.0000000000,3.0000000000,simple,0.0500000000,10,4,1780,rr_increase,0.0500000000,500,1.0000000000,879102,879102,3197,0,0,2446,49993,32950647,-1,42173043.3067794517,126519129.9203383476,0.2798851357,0.2798851357,nan,29.0968055510
Gplus,10000,6.0000000000,3.0000000000,3.0000000000,simple,0.0500000000,10,4,1780,rr_increase,0.0750000000,750,1.0000000000,879102,879102,3197,0,0,3821,49993,32950647,-1,43743462.6891888827,131230388.0675666481,0.3275448791,0.3275448791,nan,30.6506305330
Gplus,10000,6.0000000000,3.0000000000,3.0000000000,simple,0.0500000000,10,4,1780,rr_increase,0.1000000000,1000,1.0000000000,879102,879102,3197,0,0,5013,49993,32950647,-1,44582426.1803235933,133747278.5409707874,0.3530060936,0.3530060936,nan,30.0054760780
Gplus,10000,6.0000000000,3.0000000000,3.0000000000,simple,0.0500000000,10,4,1780,rr_increase,0.1250000000,1250,1.0000000000,879102,879102,3197,0,0,6201,49993,32950647,-1,47420932.2581017613,142262796.7743052840,0.4391502618,0.4391502618,nan,31.1522968430
Gplus,10000,6.0000000000,3.0000000000,3.0000000000,simple,0.0500000000,10,4,1780,rr_increase,0.1500000000,1500,1.0000000000,879102,879102,3197,0,0,7406,49993,32950647,-1,52108311.1074938551,156324933.3224815726,0.5814047933,0.5814047933,nan,29.6964986370
Gplus,10000,6.0000000000,3.0000000000,3.0000000000,simple,0.0500000000,10,4,1780,rr_increase,0.1750000000,1750,1.0000000000,879102,879102,3197,0,0,8643,49993,32950647,-1,55615749.7137749866,166847249.1413249671,0.6878500053,0.6878500053,nan,29.8617731340
Gplus,10000,6.0000000000,3.0000000000,3.0000000000,simple,0.0500000000,10,4,1780,rr_increase,0.2000000000,2000,1.0000000000,879102,879102,3197,0,0,9876,49993,32950647,-1,60126272.3049566969,180378816.9148700833,0.8247372291,0.8247372291,nan,29.7368369860
Gplus,10000,6.0000000000,3.0000000000,3.0000000000,simple,0.0500000000,10,4,1780,rr_decrease,0.0250000000,250,1.0000000000,879102,879102,3197,0,0,1175,49993,32950647,-1,34284193.9084864184,102852581.7254592627,0.0404710387,0.0404710387,nan,29.3374473040
Gplus,10000,6.0000000000,3.0000000000,3.0000000000,simple,0.0500000000,10,4,1780,rr_decrease,0.0500000000,500,1.0000000000,879102,879102,3197,0,0,2446,49993,32950647,-1,33916568.9632233456,101749706.8896700442,0.0293142032,0.0293142032,nan,29.2425848830
Gplus,10000,6.0000000000,3.0000000000,3.0000000000,simple,0.0500000000,10,4,1780,rr_decrease,0.0750000000,750,1.0000000000,879102,879102,3197,0,0,3821,49993,32950647,-1,32040039.1995272487,96120117.5985817462,0.0276355059,-0.0276355059,nan,30.6600702020
Gplus,10000,6.0000000000,3.0000000000,3.0000000000,simple,0.0500000000,10,4,1780,rr_decrease,0.1000000000,1000,1.0000000000,879102,879102,3197,0,0,5013,49993,32950647,-1,30109658.9322523959,90328976.7967571914,0.0862194927,-0.0862194927,nan,32.8989790190
Gplus,10000,6.0000000000,3.0000000000,3.0000000000,simple,0.0500000000,10,4,1780,rr_decrease,0.1250000000,1250,1.0000000000,879102,879102,3197,0,0,6201,49993,32950647,-1,29287622.8612816595,87862868.5838449746,0.1111669868,-0.1111669868,nan,29.3254946910
Gplus,10000,6.0000000000,3.0000000000,3.0000000000,simple,0.0500000000,10,4,1780,rr_decrease,0.1500000000,1500,1.0000000000,879102,879102,3197,0,0,7406,49993,32950647,-1,29275955.6525212824,87827866.9575638473,0.1115210681,-0.1115210681,nan,29.8580576170
Gplus,10000,6.0000000000,3.0000000000,3.0000000000,simple,0.0500000000,10,4,1780,rr_decrease,0.1750000000,1750,1.0000000000,879102,879102,3197,0,0,8643,49993,32950647,-1,28364228.6868722290,85092686.0606166869,0.1391905389,-0.1391905389,nan,29.9604782160
Gplus,10000,6.0000000000,3.0000000000,3.0000000000,simple,0.0500000000,10,4,1780,rr_decrease,0.2000000000,2000,1.0000000000,879102,879102,3197,0,0,9876,49993,32950647,-1,27527560.9360184856,82582682.8080554605,0.1645820813,-0.1645820813,nan,29.7708117400
IMDB,20000,1.0000000000,0.5000000000,0.5000000000,simple,0.0500000000,10,0,1776,clean,0.0000000000,0,0.0000000000,29046,29046,123,0,0,0,99996,54097,-1,253443.7871764562,760331.3615293687,3.6849878399,3.6849878399,nan,131.4978542470
IMDB,20000,1.0000000000,0.5000000000,0.5000000000,simple,0.0500000000,10,0,1776,orig_increase,0.0250000000,500,1.0000000000,29046,153772,576,124726,0,0,99996,54097,-1,32067638.0638852008,96202914.1916556060,591.7803402016,591.7803402016,nan,135.9064738260
IMDB,20000,1.0000000000,0.5000000000,0.5000000000,simple,0.0500000000,10,0,1776,orig_increase,0.0500000000,1000,1.0000000000,29046,528455,1074,499409,0,0,99996,54097,-1,156534562.1186627746,469603686.3559883237,2892.5904415894,2892.5904415894,nan,132.6144330260
IMDB,20000,1.0000000000,0.5000000000,0.5000000000,simple,0.0500000000,10,0,1776,orig_increase,0.0750000000,1500,1.0000000000,29046,1153111,1572,1124065,0,0,99996,54097,-1,615833880.6217572689,1847501641.8652718067,11382.8822970175,11382.8822970175,nan,132.6306431090
IMDB,20000,1.0000000000,0.5000000000,0.5000000000,simple,0.0500000000,10,0,1776,orig_increase,0.1000000000,2000,1.0000000000,29046,2027734,2068,1998688,0,0,99996,54097,-1,1276104435.8056035042,3828313307.4168105125,23588.1904505907,23588.1904505907,nan,135.2453075470
IMDB,20000,1.0000000000,0.5000000000,0.5000000000,simple,0.0500000000,10,0,1776,orig_increase,0.1250000000,2500,1.0000000000,29046,3152293,2564,3123247,0,0,99996,54097,-1,2554168875.5520873070,7662506626.6562614441,47213.6121883300,47213.6121883300,nan,135.6703049610
IMDB,20000,1.0000000000,0.5000000000,0.5000000000,simple,0.0500000000,10,0,1776,orig_increase,0.1500000000,3000,1.0000000000,29046,4526852,3068,4497806,0,0,99996,54097,-1,4820881991.7271337509,14462645975.1814022064,89114.5145706256,89114.5145706256,nan,140.7219469710
IMDB,20000,1.0000000000,0.5000000000,0.5000000000,simple,0.0500000000,10,0,1776,orig_increase,0.1750000000,3500,1.0000000000,29046,6151336,3568,6122290,0,0,99996,54097,-1,7260050321.9338951111,21780150965.8016853333,134203.3056349501,134203.3056349501,nan,141.1369996340
IMDB,20000,1.0000000000,0.5000000000,0.5000000000,simple,0.0500000000,10,0,1776,orig_increase,0.2000000000,4000,1.0000000000,29046,8025723,4064,7996677,0,0,99996,54097,-1,10883718121.4641399384,32651154364.3924179077,201187.9406337531,201187.9406337531,nan,152.2763052970
IMDB,20000,1.0000000000,0.5000000000,0.5000000000,simple,0.0500000000,10,0,1776,orig_decrease,0.0250000000,500,1.0000000000,29046,29022,123,0,24,0,99996,54097,-1,317316.5682132241,951949.7046396723,4.8656962163,4.8656962163,nan,133.1157577400
IMDB,20000,1.0000000000,0.5000000000,0.5000000000,simple,0.0500000000,10,0,1776,orig_decrease,0.0500000000,1000,1.0000000000,29046,28955,123,0,91,0,99996,54097,-1,317316.5682132241,951949.7046396723,4.8656962163,4.8656962163,nan,135.3122979400
IMDB,20000,1.0000000000,0.5000000000,0.5000000000,simple,0.0500000000,10,0,1776,orig_decrease,0.0750000000,1500,1.0000000000,29046,28861,123,0,185,0,99996,54097,-1,2219861.9326961027,6659585.7980883084,40.0348435717,40.0348435717,nan,137.5394545180
IMDB,20000,1.0000000000,0.5000000000,0.5000000000,simple,0.0500000000,10,0,1776,orig_decrease,0.1000000000,2000,1.0000000000,29046,28734,123,0,312,0,99996,54097,-1,2632088.7571617882,7896266.2714853641,47.6549856214,47.6549856214,nan,131.7665395700
IMDB,20000,1.0000000000,0.5000000000,0.5000000000,simple,0.0500000000,10,0,1776,orig_decrease,0.1250000000,2500,1.0000000000,29046,28543,123,0,503,0,99996,54097,-1,2632088.7571617882,7896266.2714853641,47.6549856214,47.6549856214,nan,136.7142270590
IMDB,20000,1.0000000000,0.5000000000,0.5000000000,simple,0.0500000000,10,0,1776,orig_decrease,0.1500000000,3000,1.0000000000,29046,28352,123,0,694,0,99996,54097,-1,2632088.7571617882,7896266.2714853641,47.6549856214,47.6549856214,nan,132.2644312480
IMDB,20000,1.0000000000,0.5000000000,0.5000000000,simple,0.0500000000,10,0,1776,orig_decrease,0.1750000000,3500,1.0000000000,29046,28086,123,0,960,0,99996,54097,-1,2700387.5736691528,8101162.7210074579,48.9175106507,48.9175106507,nan,132.4262128460
IMDB,20000,1.0000000000,0.5000000000,0.5000000000,simple,0.0500000000,10,0,1776,orig_decrease,0.2000000000,4000,1.0000000000,29046,27723,123,0,1323,0,99996,54097,-1,-1538700.1969069021,-4616100.5907207066,29.4433553969,-29.4433553969,nan,132.6123667850
IMDB,20000,1.0000000000,0.5000000000,0.5000000000,simple,0.0500000000,10,0,1776,rr_increase,0.0250000000,500,1.0000000000,29046,29046,123,0,0,2539,99996,54097,-1,-25615.3847205780,-76846.1541617341,1.4735084149,-1.4735084149,nan,137.1924556190
IMDB,20000,1.0000000000,0.5000000000,0.5000000000,simple,0.0500000000,10,0,1776,rr_increase,0.0500000000,1000,1.0000000000,29046,29046,123,0,0,4987,99996,54097,-1,-26611.4397451069,-79834.3192353208,1.4919208042,-1.4919208042,nan,130.1477193880
IMDB,20000,1.0000000000,0.5000000000,0.5000000000,simple,0.0500000000,10,0,1776,rr_increase,0.0750000000,1500,1.0000000000,29046,29046,123,0,0,7536,99996,54097,-1,1414439.8422009833,4243319.5266029499,25.1463637947,25.1463637947,nan,135.2052346720
IMDB,20000,1.0000000000,0.5000000000,0.5000000000,simple,0.0500000000,10,0,1776,rr_increase,0.1000000000,2000,1.0000000000,29046,29046,123,0,0,10121,99996,54097,-1,-3732476.3308309391,-11197428.9924928173,69.9959948025,-69.9959948025,nan,133.5176771530
IMDB,20000,1.0000000000,0.5000000000,0.5000000000,simple,0.0500000000,10,0,1776,rr_increase,0.1250000000,2500,1.0000000000,29046,29046,123,0,0,12603,99996,54097,-1,1751978.3033186700,5255934.9099560101,31.3858680392,31.3858680392,nan,136.0778207430
IMDB,20000,1.0000000000,0.5000000000,0.5000000000,simple,0.0500000000,10,0,1776,rr_increase,0.1500000000,3000,1.0000000000,29046,29046,123,0,0,15219,99996,54097,-1,1090594.6746249928,3271784.0238749781,19.1599843730,19.1599843730,nan,138.9569742480
IMDB,20000,1.0000000000,0.5000000000,0.5000000000,simple,0.0500000000,10,0,1776,rr_increase,0.1750000000,3500,1.0000000000,29046,29046,123,0,0,17804,99996,54097,-1,-3369682.4452010333,-10109047.3356030993,63.2896361203,-63.2896361203,nan,139.5978838650
IMDB,20000,1.0000000000,0.5000000000,0.5000000000,simple,0.0500000000,10,0,1776,rr_increase,0.2000000000,4000,1.0000000000,29046,29046,123,0,0,20244,99996,54097,-1,1687635.1082304178,5062905.3246912537,30.1964639117,30.1964639117,nan,135.6206737290
IMDB,20000,1.0000000000,0.5000000000,0.5000000000,simple,0.0500000000,10,0,1776,rr_decrease,0.0250000000,500,1.0000000000,29046,29046,123,0,0,2539,99996,54097,-1,2641936.8831275045,7925810.6493825130,47.8370313165,47.8370313165,nan,135.6853206070
IMDB,20000,1.0000000000,0.5000000000,0.5000000000,simple,0.0500000000,10,0,1776,rr_decrease,0.0500000000,1000,1.0000000000,29046,29046,123,0,0,4987,99996,54097,-1,-1659806.7057745457,-4979420.1173236370,31.6820471704,-31.6820471704,nan,138.4122012880
IMDB,20000,1.0000000000,0.5000000000,0.5000000000,simple,0.0500000000,10,0,1776,rr_decrease,0.0750000000,1500,1.0000000000,29046,29046,123,0,0,7536,99996,54097,-1,1251120.3155980466,3753360.9467941397,22.1273511581,22.1273511581,nan,134.7762309480
IMDB,20000,1.0000000000,0.5000000000,0.5000000000,simple,0.0500000000,10,0,1776,rr_decrease,0.1000000000,2000,1.0000000000,29046,29046,123,0,0,10121,99996,54097,-1,513831.3608455997,1541494.0825367991,8.4983337495,8.4983337495,nan,132.0158156720
IMDB,20000,1.0000000000,0.5000000000,0.5000000000,simple,0.0500000000,10,0,1776,rr_decrease,0.1250000000,2500,1.0000000000,29046,29046,123,0,0,12603,99996,54097,-1,7250402.3656177679,21751207.0968533047,133.0259601386,133.0259601386,nan,124.5699562790
IMDB,20000,1.0000000000,0.5000000000,0.5000000000,simple,0.0500000000,10,0,1776,rr_decrease,0.1500000000,3000,1.0000000000,29046,29046,123,0,0,15219,99996,54097,-1,-324841.2226005198,-974523.6678015594,7.0047918110,-7.0047918110,nan,110.6627785550
IMDB,20000,1.0000000000,0.5000000000,0.5000000000,simple,0.0500000000,10,0,1776,rr_decrease,0.1750000000,3500,1.0000000000,29046,29046,123,0,0,17804,99996,54097,-1,-3914080.8672108501,-11742242.6016325504,73.3530115757,-73.3530115757,nan,126.1056458880
IMDB,20000,1.0000000000,0.5000000000,0.5000000000,simple,0.0500000000,10,0,1776,rr_decrease,0.2000000000,4000,1.0000000000,29046,29046,123,0,0,20244,99996,54097,-1,2885311.6366520110,8655934.9099560324,52.3358899135,52.3358899135,nan,125.5070375790
IMDB,20000,1.0000000000,0.5000000000,0.5000000000,simple,0.0500000000,10,1,1777,clean,0.0000000000,0,0.0000000000,29046,29046,123,0,0,0,99996,54097,-1,-2384813.6091397419,-7154440.8274192251,45.0840270096,-45.0840270096,nan,128.7274769600
IMDB,20000,1.0000000000,0.5000000000,0.5000000000,simple,0.0500000000,10,1,1777,orig_increase,0.0250000000,500,1.0000000000,29046,153775,569,124729,0,0,99996,54097,-1,31371040.4308704250,94113121.2926112711,578.9035146287,578.9035146287,nan,129.6268611010
IMDB,20000,1.0000000000,0.5000000000,0.5000000000,simple,0.0500000000,10,1,1777,orig_increase,0.0500000000,1000,1.0000000000,29046,528471,1067,499425,0,0,99996,54097,-1,167704770.2048372030,503114310.6145116091,3099.0752390121,3099.0752390121,nan,122.8674855010
IMDB,20000,1.0000000000,0.5000000000,0.5000000000,simple,0.0500000000,10,1,1777,orig_increase,0.0750000000,1500,1.0000000000,29046,1153134,1575,1124088,0,0,99996,54097,-1,543877382.6051869392,1631632147.8155608177,10052.7438786843,10052.7438786843,nan,124.7658433150
IMDB,20000,1.0000000000,0.5000000000,0.5000000000,simple,0.0500000000,10,1,1777,orig_increase,0.1000000000,2000,1.0000000000,29046,2027725,2071,1998679,0,0,99996,54097,-1,1298004547.2446677685,3894013641.7340030670,23993.0208744416,23993.0208744416,nan,127.1338707590
IMDB,20000,1.0000000000,0.5000000000,0.5000000000,simple,0.0500000000,10,1,1777,orig_increase,0.1250000000,2500,1.0000000000,29046,3152296,2568,3123250,0,0,99996,54097,-1,2540684504.7435245514,7622053514.2305736542,46964.3493676826,46964.3493676826,nan,126.7760985510
IMDB,20000,1.0000000000,0.5000000000,0.5000000000,simple,0.0500000000,10,1,1777,orig_increase,0.1500000000,3000,1.0000000000,29046,4526808,3066,4497762,0,0,99996,54097,-1,4458414633.7934427261,13375243901.3803272247,82414.1918552497,82414.1918552497,nan,130.1631105300
IMDB,20000,1.0000000000,0.5000000000,0.5000000000,simple,0.0500000000,10,1,1777,orig_increase,0.1750000000,3500,1.0000000000,29046,6151341,3565,6122295,0,0,99996,54097,-1,7223256617.8029279709,21669769853.4087829590,133523.1624822620,133523.1624822620,nan,134.2965609890
IMDB,20000,1.0000000000,0.5000000000,0.5000000000,simple,0.0500000000,10,1,1777,orig_increase,0.2000000000,4000,1.0000000000,29046,8025803,4064,7996757,0,0,99996,54097,-1,10794504021.8777999878,32383512065.6333999634,199538.7900415513,199538.7900415513,nan,136.2168979870
IMDB,20000,1.0000000000,0.5000000000,0.5000000000,simple,0.0500000000,10,1,1777,orig_decrease,0.0250000000,500,1.0000000000,29046,29025,123,0,21,0,99996,54097,-1,-2384813.6091397419,-7154440.8274192251,45.0840270096,-45.0840270096,nan,122.6449789730
IMDB,20000,1.0000000000,0.5000000000,0.5000000000,simple,0.0500000000,10,1,1777,orig_decrease,0.0500000000,1000,1.0000000000,29046,28971,123,0,75,0,99996,54097,-1,-2384813.6091397419,-7154440.8274192251,45.0840270096,-45.0840270096,nan,124.2259164700
IMDB,20000,1.0000000000,0.5000000000,0.5000000000,simple,0.0500000000,10,1,1777,orig_decrease,0.0750000000,1500,1.0000000000,29046,28884,123,0,162,0,99996,54097,-1,-4054108.4806716219,-12162325.4420148656,75.9414658978,-75.9414658978,nan,124.8831046500
IMDB,20000,1.0000000000,0.5000000000,0.5000000000,simple,0.0500000000,10,1,1777,orig_decrease,0.1000000000,2000,1.0000000000,29046,28725,123,0,321,0,99996,54097,-1,-4161411.2421544534,-12484233.7264633607,77.9249910744,-77.9249910744,nan,124.6637502990
IMDB,20000,1.0000000000,0.5000000000,0.5000000000,simple,0.0500000000,10,1,1777,orig_decrease,0.1250000000,2500,1.0000000000,29046,28546,123,0,500,0,99996,54097,-1,5452310.6500662593,16356931.9501987770,99.7876712214,99.7876712214,nan,127.4452542340
IMDB,20000,1.0000000000,0.5000000000,0.5000000000,simple,0.0500000000,10,1,1777,orig_decrease,0.1500000000,3000,1.0000000000,29046,28308,123,0,738,0,99996,54097,-1,5083513.8060466284,15250541.4181398842,92.9703459720,92.9703459720,nan,129.0408694240
IMDB,20000,1.0000000000,0.5000000000,0.5000000000,simple,0.0500000000,10,1,1777,orig_decrease,0.1750000000,3500,1.0000000000,29046,28091,123,0,955,0,99996,54097,-1,1250428.9938603195,3751286.9815809587,22.1145718591,22.1145718591,nan,123.5207992290
IMDB,20000,1.0000000000,0.5000000000,0.5000000000,simple,0.0500000000,10,1,1777,orig_decrease,0.2000000000,4000,1.0000000000,29046,27803,123,0,1243,0,99996,54097,-1,7453721.8922207132,22361165.6766621396,136.7843853120,136.7843853120,nan,127.9467460410
IMDB,20000,1.0000000000,0.5000000000,0.5000000000,simple,0.0500000000,10,1,1777,rr_increase,0.0250000000,500,1.0000000000,29046,29046,123,0,0,2456,99996,54097,-1,2790927.0213725879,8372781.0641177641,50.5911607182,50.5911607182,nan,130.9753800580
IMDB,20000,1.0000000000,0.5000000000,0.5000000000,simple,0.0500000000,10,1,1777,rr_increase,0.0500000000,1000,1.0000000000,29046,29046,123,0,0,4910,99996,54097,-1,3732476.3308309224,11197428.9924927671,67.9959948025,67.9959948025,nan,121.5654136690
IMDB,20000,1.0000000000,0.5000000000,0.5000000000,simple,0.0500000000,10,1,1777,rr_increase,0.0750000000,1500,1.0000000000,29046,29046,123,0,0,7490,99996,54097,-1,4829654.8317402555,14488964.4952207655,88.2776832678,88.2776832678,nan,120.1076616860
IMDB,20000,1.0000000000,0.5000000000,0.5000000000,simple,0.0500000000,10,1,1777,rr_increase,0.1000000000,2000,1.0000000000,29046,29046,123,0,0,9928,99996,54097,-1,8682546.3497011121,26047639.0491033383,159.4995905448,159.4995905448,nan,122.8504409750
IMDB,20000,1.0000000000,0.5000000000,0.5000000000,simple,0.0500000000,10,1,1777,rr_increase,0.1250000000,2500,1.0000000000,29046,29046,123,0,0,12425,99996,54097,-1,-859917.1596176643,-2579751.4788529929,16.8958382095,-16.8958382095,nan,125.4516299260
IMDB,20000,1.0000000000,0.5000000000,0.5000000000,simple,0.0500000000,10,1,1777,rr_increase,0.1500000000,3000,1.0000000000,29046,29046,123,0,0,14963,99996,54097,-1,5931148.9142770534,17793446.7428311594,108.6391466121,108.6391466121,nan,126.7555799930
IMDB,20000,1.0000000000,0.5000000000,0.5000000000,simple,0.0500000000,10,1,1777,rr_increase,0.1750000000,3500,1.0000000000,29046,29046,123,0,0,17619,99996,54097,-1,2013222.8794902172,6039668.6384706516,36.2150559086,36.2150559086,nan,134.0750325420
IMDB,20000,1.0000000000,0.5000000000,0.5000000000,simple,0.0500000000,10,1,1777,rr_increase,0.2000000000,4000,1.0000000000,29046,29046,123,0,0,20154,99996,54097,-1,2923153.8458382711,8769461.5375148132,53.0354150108,53.0354150108,nan,128.7481650260
IMDB,20000,1.0000000000,0.5000000000,0.5000000000,simple,0.0500000000,10,1,1777,rr_decrease,0.0250000000,500,1.0000000000,29046,29046,123,0,0,2456,99996,54097,-1,3988603.5497941622,11965810.6493824869,72.7305867200,72.7305867200,nan,126.3612772800
IMDB,20000,1.0000000000,0.5000000000,0.5000000000,simple,0.0500000000,10,1,1777,rr_decrease,0.0500000000,1000,1.0000000000,29046,29046,123,0,0,4910,99996,54097,-1,3079198.2244191575,9237594.6732574720,55.9199442560,55.9199442560,nan,117.3754677300
IMDB,20000,1.0000000000,0.5000000000,0.5000000000,simple,0.0500000000,10,1,1777,rr_decrease,0.0750000000,1500,1.0000000000,29046,29046,123,0,0,7490,99996,54097,-1,3740857.9877206362,11222573.9631619081,68.1509323571,68.1509323571,nan,128.7963697130
IMDB,20000,1.0000000000,0.5000000000,0.5000000000,simple,0.0500000000,10,1,1777,rr_decrease,0.1000000000,2000,1.0000000000,29046,29046,123,0,0,9928,99996,54097,-1,6069433.9240540182,18208301.7721620537,111.1953883589,111.1953883589,nan,123.4426101130
IMDB,20000,1.0000000000,0.5000000000,0.5000000000,simple,0.0500000000,10,1,1777,rr_decrease,0.1250000000,2500,1.0000000000,29046,29046,123,0,0,12425,99996,54097,-1,-1676514.7926323880,-5029544.3778971639,31.9909013925,-31.9909013925,nan,133.3301455910
IMDB,20000,1.0000000000,0.5000000000,0.5000000000,simple,0.0500000000,10,1,1777,rr_decrease,0.1500000000,3000,1.0000000000,29046,29046,123,0,0,14963,99996,54097,-1,3426916.1730319238,10280748.5190957710,62.3476195174,62.3476195174,nan,123.3565659420
IMDB,20000,1.0000000000,0.5000000000,0.5000000000,simple,0.0500000000,10,1,1777,rr_decrease,0.1750000000,3500,1.0000000000,29046,29046,123,0,0,17619,99996,54097,-1,-926528.5993627821,-2779585.7980883461,18.1271715504,-18.1271715504,nan,121.7569991900
IMDB,20000,1.0000000000,0.5000000000,0.5000000000,simple,0.0500000000,10,1,1777,rr_decrease,0.2000000000,4000,1.0000000000,29046,29046,123,0,0,20154,99996,54097,-1,364481.2623921562,1093443.7871764686,5.7375503705,5.7375503705,nan,122.2517334480
IMDB,20000,1.0000000000,0.5000000000,0.5000000000,simple,0.0500000000,10,2,1778,clean,0.0000000000,0,0.0000000000,29046,29046,123,0,0,0,99994,54097,-1,-2837621.3015000294,-8512863.9045000877,53.4543191212,-53.4543191212,nan,121.7831522170
IMDB,20000,1.0000000000,0.5000000000,0.5000000000,simple,0.0500000000,10,2,1778,orig_increase,0.0250000000,500,1.0000000000,29046,153777,553,124731,0,0,99994,54097,-1,16789489.1509757228,50368467.4529271722,309.3589690921,309.3589690921,nan,112.7526043650
IMDB,20000,1.0000000000,0.5000000000,0.5000000000,simple,0.0500000000,10,2,1778,orig_increase,0.0500000000,1000,1.0000000000,29046,528483,1053,499437,0,0,99994,54097,-1,158275281.0538631976,474825843.1615895629,2924.7681766801,2924.7681766801,nan,119.0835944020
IMDB,20000,1.0000000000,0.5000000000,0.5000000000,simple,0.0500000000,10,2,1778,orig_increase,0.0750000000,1500,1.0000000000,29046,1153151,1553,1124105,0,0,99994,54097,-1,528165985.1697605252,1584497955.5092816353,9762.3137728480,9762.3137728480,nan,106.7403939330
IMDB,20000,1.0000000000,0.5000000000,0.5000000000,simple,0.0500000000,10,2,1778,orig_increase,0.1000000000,2000,1.0000000000,29046,2027793,2053,1998747,0,0,99994,54097,-1,1227618705.0409548283,3682856115.1228647232,22691.9165210817,22691.9165210817,nan,104.4010753040
IMDB,20000,1.0000000000,0.5000000000,0.5000000000,simple,0.0500000000,10,2,1778,orig_increase,0.1250000000,2500,1.0000000000,29046,3152353,2552,3123307,0,0,99994,54097,-1,2454994974.1860437393,7364984922.5581312180,45380.3515386444,45380.3515386444,nan,120.3482849220
IMDB,20000,1.0000000000,0.5000000000,0.5000000000,simple,0.0500000000,10,2,1778,orig_increase,0.1500000000,3000,1.0000000000,29046,4526904,3061,4497858,0,0,99994,54097,-1,4696963444.4031600952,14090890333.2094802856,86823.8413849781,86823.8413849781,nan,133.2889537500
IMDB,20000,1.0000000000,0.5000000000,0.5000000000,simple,0.0500000000,10,2,1778,orig_increase,0.1750000000,3500,1.0000000000,29046,6151418,3558,6122372,0,0,99994,54097,-1,6983599379.1764030457,20950798137.5292091370,129093.0233132411,129093.0233132411,nan,134.7765451110
IMDB,20000,1.0000000000,0.5000000000,0.5000000000,simple,0.0500000000,10,2,1778,orig_increase,0.2000000000,4000,1.0000000000,29046,8025844,4059,7996798,0,0,99994,54097,-1,10303125508.1333103180,30909376524.3999290466,190455.5042078731,190455.5042078731,nan,137.5750821860
IMDB,20000,1.0000000000,0.5000000000,0.5000000000,simple,0.0500000000,10,2,1778,orig_decrease,0.0250000000,500,1.0000000000,29046,29027,123,0,19,0,99994,54097,-1,-2837621.3015000294,-8512863.9045000877,53.4543191212,-53.4543191212,nan,130.3920828590
IMDB,20000,1.0000000000,0.5000000000,0.5000000000,simple,0.0500000000,10,2,1778,orig_decrease,0.0500000000,1000,1.0000000000,29046,28983,123,0,63,0,99994,54097,-1,-2837621.3015000294,-8512863.9045000877,53.4543191212,-53.4543191212,nan,128.2067909020
IMDB,20000,1.0000000000,0.5000000000,0.5000000000,simple,0.0500000000,10,2,1778,orig_decrease,0.0750000000,1500,1.0000000000,29046,28901,123,0,145,0,99994,54097,-1,-2837621.3015000294,-8512863.9045000877,53.4543191212,-53.4543191212,nan,123.1692643080
IMDB,20000,1.0000000000,0.5000000000,0.5000000000,simple,0.0500000000,10,2,1778,orig_decrease,0.1000000000,2000,1.0000000000,29046,28793,123,0,253,0,99994,54097,-1,-2837621.3015000294,-8512863.9045000877,53.4543191212,-53.4543191212,nan,128.6679505060
IMDB,20000,1.0000000000,0.5000000000,0.5000000000,simple,0.0500000000,10,2,1778,orig_decrease,0.1250000000,2500,1.0000000000,29046,28603,123,0,443,0,99994,54097,-1,-3085726.8237819336,-9257180.4713458009,58.0406274614,-58.0406274614,nan,126.8138340940
IMDB,20000,1.0000000000,0.5000000000,0.5000000000,simple,0.0500000000,10,2,1778,orig_decrease,0.1500000000,3000,1.0000000000,29046,28404,123,0,642,0,99994,54097,-1,-3085726.8237819336,-9257180.4713458009,58.0406274614,-58.0406274614,nan,129.1571117480
IMDB,20000,1.0000000000,0.5000000000,0.5000000000,simple,0.0500000000,10,2,1778,orig_decrease,0.1750000000,3500,1.0000000000,29046,28168,123,0,878,0,99994,54097,-1,-1601466.4690760241,-4804399.4072280722,30.6036096101,-30.6036096101,nan,124.3263239790
IMDB,20000,1.0000000000,0.5000000000,0.5000000000,simple,0.0500000000,10,2,1778,orig_decrease,0.2000000000,4000,1.0000000000,29046,27844,123,0,1202,0,99994,54097,-1,-1380913.2146422032,-4142739.6439266093,26.5266135764,-26.5266135764,nan,124.8481811850
IMDB,20000,1.0000000000,0.5000000000,0.5000000000,simple,0.0500000000,10,2,1778,rr_increase,0.0250000000,500,1.0000000000,29046,29046,123,0,0,2441,99994,54097,-1,-1892061.1437010085,-5676183.4311030256,35.9753432483,-35.9753432483,nan,130.3764845070
IMDB,20000,1.0000000000,0.5000000000,0.5000000000,simple,0.0500000000,10,2,1778,rr_increase,0.0500000000,1000,1.0000000000,29046,29046,123,0,0,4921,99994,54097,-1,1717095.6605269860,5151286.9815809578,30.7410514544,30.7410514544,nan,125.3244855670
IMDB,20000,1.0000000000,0.5000000000,0.5000000000,simple,0.0500000000,10,2,1778,rr_increase,0.0750000000,1500,1.0000000000,29046,29046,123,0,0,7347,99994,54097,-1,3966888.5595711451,11900665.6787134353,72.3291783199,72.3291783199,nan,125.9132624950
IMDB,20000,1.0000000000,0.5000000000,0.5000000000,simple,0.0500000000,10,2,1778,rr_increase,0.1000000000,2000,1.0000000000,29046,29046,123,0,0,9929,99994,54097,-1,-1559198.2244191722,-4677594.6732575167,29.8222678599,-29.8222678599,nan,131.6052858050
IMDB,20000,1.0000000000,0.5000000000,0.5000000000,simple,0.0500000000,10,2,1778,rr_increase,0.1250000000,2500,1.0000000000,29046,29046,123,0,0,12452,99994,54097,-1,-1486002.9583897230,-4458008.8751691692,28.4692304266,-28.4692304266,nan,123.5157214910
IMDB,20000,1.0000000000,0.5000000000,0.5000000000,simple,0.0500000000,10,2,1778,rr_increase,0.1500000000,3000,1.0000000000,29046,29046,123,0,0,14851,99994,54097,-1,1681632.1498407049,5044896.4495221144,30.0854973444,30.0854973444,nan,121.2028463830
IMDB,20000,1.0000000000,0.5000000000,0.5000000000,simple,0.0500000000,10,2,1778,rr_increase,0.1750000000,3500,1.0000000000,29046,29046,123,0,0,17446,99994,54097,-1,3598672.5834461306,10796017.7503383923,65.5225905955,65.5225905955,nan,124.8621807170
IMDB,20000,1.0000000000,0.5000000000,0.5000000000,simple,0.0500000000,10,2,1778,rr_increase,0.2000000000,4000,1.0000000000,29046,29046,123,0,0,19882,99994,54097,-1,95601.5779901858,286804.7339705575,0.7672251325,0.7672251325,nan,128.9143574170
IMDB,20000,1.0000000000,0.5000000000,0.5000000000,simple,0.0500000000,10,2,1778,rr_decrease,0.0250000000,500,1.0000000000,29046,29046,123,0,0,2441,99994,54097,-1,-694384.6152794126,-2083153.8458382378,13.8359172464,-13.8359172464,nan,124.3406602840
IMDB,20000,1.0000000000,0.5000000000,0.5000000000,simple,0.0500000000,10,2,1778,rr_decrease,0.0500000000,1000,1.0000000000,29046,29046,123,0,0,4921,99994,54097,-1,1444896.4495220834,4334689.3485662499,25.7093637267,25.7093637267,nan,126.2655757840
IMDB,20000,1.0000000000,0.5000000000,0.5000000000,simple,0.0500000000,10,2,1778,rr_decrease,0.0750000000,1500,1.0000000000,29046,29046,123,0,0,7347,99994,54097,-1,2333693.2935417001,7001079.8806251008,42.1390519537,42.1390519537,nan,124.1188175600
IMDB,20000,1.0000000000,0.5000000000,0.5000000000,simple,0.0500000000,10,2,1778,rr_decrease,0.1000000000,2000,1.0000000000,29046,29046,123,0,0,9929,99994,54097,-1,-2103596.6464289771,-6310789.9392869314,39.8856433153,-39.8856433153,nan,118.2307266640
IMDB,20000,1.0000000000,0.5000000000,0.5000000000,simple,0.0500000000,10,2,1778,rr_decrease,0.1250000000,2500,1.0000000000,29046,29046,123,0,0,12452,99994,54097,-1,-451645.9565710830,-1354937.8697132489,9.3488170614,-9.3488170614,nan,125.3199742580
IMDB,20000,1.0000000000,0.5000000000,0.5000000000,simple,0.0500000000,10,2,1778,rr_decrease,0.1500000000,3000,1.0000000000,29046,29046,123,0,0,14851,99994,54097,-1,2824868.8360612951,8474606.5081838854,51.2185858007,51.2185858007,nan,112.9634283700
IMDB,20000,1.0000000000,0.5000000000,0.5000000000,simple,0.0500000000,10,2,1778,rr_decrease,0.1750000000,3500,1.0000000000,29046,29046,123,0,0,17446,99994,54097,-1,2945394.4770343509,8836183.4311030526,53.4465400491,53.4465400491,nan,117.5133136720
IMDB,20000,1.0000000000,0.5000000000,0.5000000000,simple,0.0500000000,10,2,1778,rr_decrease,0.2000000000,4000,1.0000000000,29046,29046,123,0,0,19882,99994,54097,-1,857759.3688039220,2573278.1064117658,14.8559507700,14.8559507700,nan,119.0288040030
IMDB,20000,1.0000000000,0.5000000000,0.5000000000,simple,0.0500000000,10,3,1779,clean,0.0000000000,0,0.0000000000,29046,29046,123,0,0,0,99997,54097,-1,1798146.9424730754,5394440.8274192261,32.2393098041,32.2393098041,nan,93.3541495950
IMDB,20000,1.0000000000,0.5000000000,0.5000000000,simple,0.0500000000,10,3,1779,orig_increase,0.0250000000,500,1.0000000000,29046,153769,552,124723,0,0,99997,54097,-1,24236627.2169122398,72709881.6507367194,447.0216503117,447.0216503117,nan,103.6045280820
IMDB,20000,1.0000000000,0.5000000000,0.5000000000,simple,0.0500000000,10,3,1779,orig_increase,0.0500000000,1000,1.0000000000,29046,528462,1059,499416,0,0,99997,54097,-1,149170162.7114342153,447510488.1343026161,2756.4572104079,2756.4572104079,nan,105.1853596830
IMDB,20000,1.0000000000,0.5000000000,0.5000000000,simple,0.0500000000,10,3,1779,orig_increase,0.0750000000,1500,1.0000000000,29046,1153107,1565,1124061,0,0,99997,54097,-1,602742259.3229936361,1808226777.9689810276,11140.8795741537,11140.8795741537,nan,116.4156833930
IMDB,20000,1.0000000000,0.5000000000,0.5000000000,simple,0.0500000000,10,3,1779,orig_increase,0.1000000000,2000,1.0000000000,29046,2027730,2064,1998684,0,0,99997,54097,-1,1310888228.7019062042,3932664686.1057186127,24231.1797641626,24231.1797641626,nan,130.8316536830
IMDB,20000,1.0000000000,0.5000000000,0.5000000000,simple,0.0500000000,10,3,1779,orig_increase,0.1250000000,2500,1.0000000000,29046,3152322,2563,3123276,0,0,99997,54097,-1,2746092826.2200665474,8238278478.6602001190,50761.3865689422,50761.3865689422,nan,131.6413991860
IMDB,20000,1.0000000000,0.5000000000,0.5000000000,simple,0.0500000000,10,3,1779,orig_increase,0.1500000000,3000,1.0000000000,29046,4526857,3061,4497811,0,0,99997,54097,-1,4561385843.8459663391,13684157531.5378990173,84317.6469461517,84317.6469461517,nan,126.2284443860
IMDB,20000,1.0000000000,0.5000000000,0.5000000000,simple,0.0500000000,10,3,1779,orig_increase,0.1750000000,3500,1.0000000000,29046,6151364,3557,6122318,0,0,99997,54097,-1,7048638129.6741037369,21145914389.0223121643,130295.2850005380,130295.2850005380,nan,109.2850170830
IMDB,20000,1.0000000000,0.5000000000,0.5000000000,simple,0.0500000000,10,3,1779,orig_increase,0.2000000000,4000,1.0000000000,29046,8025783,4054,7996737,0,0,99997,54097,-1,10996976907.4571037292,32990930722.3713111877,203281.5647902306,203281.5647902306,nan,112.8748450580
IMDB,20000,1.0000000000,0.5000000000,0.5000000000,simple,0.0500000000,10,3,1779,orig_decrease,0.0250000000,500,1.0000000000,29046,29019,123,0,27,0,99997,54097,-1,2310346.1534779775,6931038.4604339330,41.7074727522,41.7074727522,nan,98.9735636020
IMDB,20000,1.0000000000,0.5000000000,0.5000000000,simple,0.0500000000,10,3,1779,orig_decrease,0.0500000000,1000,1.0000000000,29046,28962,123,0,84,0,99997,54097,-1,2310346.1534779775,6931038.4604339330,41.7074727522,41.7074727522,nan,90.6327701480
IMDB,20000,1.0000000000,0.5000000000,0.5000000000,simple,0.0500000000,10,3,1779,orig_decrease,0.0750000000,1500,1.0000000000,29046,28857,123,0,189,0,99997,54097,-1,2310346.1534779775,6931038.4604339330,41.7074727522,41.7074727522,nan,110.6410062260
IMDB,20000,1.0000000000,0.5000000000,0.5000000000,simple,0.0500000000,10,3,1779,orig_decrease,0.1000000000,2000,1.0000000000,29046,28730,123,0,316,0,99997,54097,-1,2310346.1534779775,6931038.4604339330,41.7074727522,41.7074727522,nan,118.6437760310
IMDB,20000,1.0000000000,0.5000000000,0.5000000000,simple,0.0500000000,10,3,1779,orig_decrease,0.1250000000,2500,1.0000000000,29046,28572,123,0,474,0,99997,54097,-1,4105754.4372427049,12317263.3117281143,74.8961575918,74.8961575918,nan,129.1646299770
IMDB,20000,1.0000000000,0.5000000000,0.5000000000,simple,0.0500000000,10,3,1779,orig_decrease,0.1500000000,3000,1.0000000000,29046,28357,123,0,689,0,99997,54097,-1,5195076.9222353715,15585230.7667061146,95.0326251407,95.0326251407,nan,125.1805784260
IMDB,20000,1.0000000000,0.5000000000,0.5000000000,simple,0.0500000000,10,3,1779,orig_decrease,0.1750000000,3500,1.0000000000,29046,28114,123,0,932,0,99997,54097,-1,5195076.9222353715,15585230.7667061146,95.0326251407,95.0326251407,nan,127.9048685740
IMDB,20000,1.0000000000,0.5000000000,0.5000000000,simple,0.0500000000,10,3,1779,orig_decrease,0.2000000000,4000,1.0000000000,29046,27783,123,0,1263,0,99997,54097,-1,1421023.6684853064,4263071.0054559195,25.2680678870,25.2680678870,nan,124.9553585190
IMDB,20000,1.0000000000,0.5000000000,0.5000000000,simple,0.0500000000,10,3,1779,rr_increase,0.0250000000,500,1.0000000000,29046,29046,123,0,0,2467,99997,54097,-1,2267192.3076397157,6801576.9229191467,40.9097603867,40.9097603867,nan,127.3621525060
IMDB,20000,1.0000000000,0.5000000000,0.5000000000,simple,0.0500000000,10,3,1779,rr_increase,0.0500000000,1000,1.0000000000,29046,29046,123,0,0,4901,99997,54097,-1,-2485947.7314681853,-7457843.1944045564,46.9535229582,-46.9535229582,nan,130.5790653970
IMDB,20000,1.0000000000,0.5000000000,0.5000000000,simple,0.0500000000,10,3,1779,rr_increase,0.0750000000,1500,1.0000000000,29046,29046,123,0,0,7468,99997,54097,-1,-1967054.2403358163,-5901162.7210074486,37.3616141438,-37.3616141438,nan,124.3585268770
IMDB,20000,1.0000000000,0.5000000000,0.5000000000,simple,0.0500000000,10,3,1779,rr_increase,0.1000000000,2000,1.0000000000,29046,29046,123,0,0,9880,99997,54097,-1,-2153665.6800809233,-6460997.0402427698,40.8111850949,-40.8111850949,nan,128.8123762120
IMDB,20000,1.0000000000,0.5000000000,0.5000000000,simple,0.0500000000,10,3,1779,rr_increase,0.1250000000,2500,1.0000000000,29046,29046,123,0,0,12384,99997,54097,-1,-4485256.4097304437,-13455769.2291913312,83.9113704962,-83.9113704962,nan,124.4692921540
IMDB,20000,1.0000000000,0.5000000000,0.5000000000,simple,0.0500000000,10,3,1779,rr_increase,0.1500000000,3000,1.0000000000,29046,29046,123,0,0,14882,99997,54097,-1,-1052171.5975441316,-3156514.7926323949,20.4497217506,-20.4497217506,nan,129.9047390000
IMDB,20000,1.0000000000,0.5000000000,0.5000000000,simple,0.0500000000,10,3,1779,rr_increase,0.1750000000,3500,1.0000000000,29046,29046,123,0,0,17419,99997,54097,-1,566639.0532058843,1699917.1596176529,9.4745004937,9.4745004937,nan,130.4109200690
IMDB,20000,1.0000000000,0.5000000000,0.5000000000,simple,0.0500000000,10,3,1779,rr_increase,0.2000000000,4000,1.0000000000,29046,29046,123,0,0,19936,99997,54097,-1,-323319.5266029491,-969958.5798088472,6.9766627836,-6.9766627836,nan,130.1610178210
IMDB,20000,1.0000000000,0.5000000000,0.5000000000,simple,0.0500000000,10,3,1779,rr_decrease,0.0250000000,500,1.0000000000,29046,29046,123,0,0,2467,99997,54097,-1,579557.1994092842,1738671.5982278525,9.7132964750,9.7132964750,nan,130.1878740470
IMDB,20000,1.0000000000,0.5000000000,0.5000000000,simple,0.0500000000,10,3,1779,rr_decrease,0.0500000000,1000,1.0000000000,29046,29046,123,0,0,4901,99997,54097,-1,-2867026.6268750490,-8601079.8806251474,53.9978857769,-53.9978857769,nan,129.9461643300
IMDB,20000,1.0000000000,0.5000000000,0.5000000000,simple,0.0500000000,10,3,1779,rr_decrease,0.0750000000,1500,1.0000000000,29046,29046,123,0,0,7468,99997,54097,-1,-1150456.6073211001,-3451369.8219633005,22.2665509607,-22.2665509607,nan,131.5780944560
IMDB,20000,1.0000000000,0.5000000000,0.5000000000,simple,0.0500000000,10,3,1779,rr_decrease,0.1000000000,2000,1.0000000000,29046,29046,123,0,0,9880,99997,54097,-1,-847109.4672573722,-2541328.4017721168,16.6590840020,-16.6590840020,nan,130.2483279900
IMDB,20000,1.0000000000,0.5000000000,0.5000000000,simple,0.0500000000,10,3,1779,rr_decrease,0.1250000000,2500,1.0000000000,29046,29046,123,0,0,12384,99997,54097,-1,-6717289.9399706675,-20151869.8199120015,125.1712098632,-125.1712098632,nan,134.7045984800
IMDB,20000,1.0000000000,0.5000000000,0.5000000000,simple,0.0500000000,10,3,1779,rr_decrease,0.1500000000,3000,1.0000000000,29046,29046,123,0,0,14882,99997,54097,-1,-1814329.3883578693,-5442988.1650736080,34.5384473882,-34.5384473882,nan,143.4189461150
IMDB,20000,1.0000000000,0.5000000000,0.5000000000,simple,0.0500000000,10,3,1779,rr_decrease,0.1750000000,3500,1.0000000000,29046,29046,123,0,0,17419,99997,54097,-1,-848796.8440196245,-2546390.5320588737,16.6902756903,-16.6902756903,nan,143.4008778350
IMDB,20000,1.0000000000,0.5000000000,0.5000000000,simple,0.0500000000,10,3,1779,rr_decrease,0.2000000000,4000,1.0000000000,29046,29046,123,0,0,19936,99997,54097,-1,6318341.2219167678,18955023.6657503024,115.7965177721,115.7965177721,nan,138.1524494140
IMDB,20000,1.0000000000,0.5000000000,0.5000000000,simple,0.0500000000,10,4,1780,clean,0.0000000000,0,0.0000000000,29046,29046,123,0,0,0,99992,54097,-1,-2090428.9938603230,-6271286.9815809689,39.6422351306,-39.6422351306,nan,144.4097076950
IMDB,20000,1.0000000000,0.5000000000,0.5000000000,simple,0.0500000000,10,4,1780,orig_increase,0.0250000000,500,1.0000000000,29046,153779,567,124733,0,0,99992,54097,-1,6333083.8269680850,18999251.4809042551,116.0690394471,116.0690394471,nan,134.3272473500
IMDB,20000,1.0000000000,0.5000000000,0.5000000000,simple,0.0500000000,10,4,1780,orig_increase,0.0500000000,1000,1.0000000000,29046,528483,1064,499437,0,0,99992,54097,-1,139681971.3931156993,419045914.1793470979,2581.0650201142,2581.0650201142,nan,141.7491272590
IMDB,20000,1.0000000000,0.5000000000,0.5000000000,simple,0.0500000000,10,4,1780,orig_increase,0.0750000000,1500,1.0000000000,29046,1153150,1563,1124104,0,0,99992,54097,-1,517566206.0774469972,1552698618.2323410511,9566.3735341599,9566.3735341599,nan,144.5332165340
IMDB,20000,1.0000000000,0.5000000000,0.5000000000,simple,0.0500000000,10,4,1780,orig_increase,0.1000000000,2000,1.0000000000,29046,2027752,2062,1998706,0,0,99992,54097,-1,1289048752.3724548817,3867146257.1173648834,23827.4701993171,23827.4701993171,nan,140.6168851720
IMDB,20000,1.0000000000,0.5000000000,0.5000000000,simple,0.0500000000,10,4,1780,orig_increase,0.1250000000,2500,1.0000000000,29046,3152336,2605,3123290,0,0,99992,54097,-1,2406981690.1683096886,7220945070.5049285889,44492.8109353256,44492.8109353256,nan,153.7293577910
IMDB,20000,1.0000000000,0.5000000000,0.5000000000,simple,0.0500000000,10,4,1780,orig_increase,0.1500000000,3000,1.0000000000,29046,4526893,3101,4497847,0,0,99992,54097,-1,5039422304.3148717880,15118266912.9446163177,93154.3007433845,93154.3007433845,nan,144.3031858670
IMDB,20000,1.0000000000,0.5000000000,0.5000000000,simple,0.0500000000,10,4,1780,orig_increase,0.1750000000,3500,1.0000000000,29046,6151411,3596,6122365,0,0,99992,54097,-1,7300288800.2378883362,21900866400.7136650085,134947.1265178825,134947.1265178825,nan,142.7566896340
IMDB,20000,1.0000000000,0.5000000000,0.5000000000,simple,0.0500000000,10,4,1780,orig_increase,0.2000000000,4000,1.0000000000,29046,8025935,4094,7996889,0,0,99992,54097,-1,11353659292.0121021271,34060977876.0363082886,209874.9504595837,209874.9504595837,nan,143.6032164160
IMDB,20000,1.0000000000,0.5000000000,0.5000000000,simple,0.0500000000,10,4,1780,orig_decrease,0.0250000000,500,1.0000000000,29046,29029,123,0,17,0,99992,54097,-1,-2090428.9938603230,-6271286.9815809689,39.6422351306,-39.6422351306,nan,141.7720197770
IMDB,20000,1.0000000000,0.5000000000,0.5000000000,simple,0.0500000000,10,4,1780,orig_decrease,0.0500000000,1000,1.0000000000,29046,28983,123,0,63,0,99992,54097,-1,-2090428.9938603230,-6271286.9815809689,39.6422351306,-39.6422351306,nan,145.4607547870
IMDB,20000,1.0000000000,0.5000000000,0.5000000000,simple,0.0500000000,10,4,1780,orig_decrease,0.0750000000,1500,1.0000000000,29046,28900,123,0,146,0,99992,54097,-1,-2090428.9938603230,-6271286.9815809689,39.6422351306,-39.6422351306,nan,137.7939754780
IMDB,20000,1.0000000000,0.5000000000,0.5000000000,simple,0.0500000000,10,4,1780,orig_decrease,0.1000000000,2000,1.0000000000,29046,28752,123,0,294,0,99992,54097,-1,-2090428.9938603230,-6271286.9815809689,39.6422351306,-39.6422351306,nan,141.1963598180
IMDB,20000,1.0000000000,0.5000000000,0.5000000000,simple,0.0500000000,10,4,1780,orig_decrease,0.1250000000,2500,1.0000000000,29046,28586,106,0,460,0,99992,54097,-1,-4325311.6366520170,-12975934.9099560510,80.9547412362,-80.9547412362,nan,134.8500648260
IMDB,20000,1.0000000000,0.5000000000,0.5000000000,simple,0.0500000000,10,4,1780,orig_decrease,0.1500000000,3000,1.0000000000,29046,28393,102,0,653,0,99992,54097,-1,-4361356.0152328955,-13084068.0456986874,81.6210328712,-81.6210328712,nan,137.4789711580
IMDB,20000,1.0000000000,0.5000000000,0.5000000000,simple,0.0500000000,10,4,1780,orig_decrease,0.1750000000,3500,1.0000000000,29046,28161,97,0,885,0,99992,54097,-1,-4361356.0152328955,-13084068.0456986874,81.6210328712,-81.6210328712,nan,145.0333607280
IMDB,20000,1.0000000000,0.5000000000,0.5000000000,simple,0.0500000000,10,4,1780,orig_decrease,0.2000000000,4000,1.0000000000,29046,27935,95,0,1111,0,99992,54097,-1,-1311507.8892671827,-3934523.6678015483,25.2436343839,-25.2436343839,nan,138.5174867890
IMDB,20000,1.0000000000,0.5000000000,0.5000000000,simple,0.0500000000,10,4,1780,rr_increase,0.0250000000,500,1.0000000000,29046,29046,123,0,0,2486,99992,54097,-1,338395.4636200877,1015186.3908602631,5.2553462044,5.2553462044,nan,136.8117024700
IMDB,20000,1.0000000000,0.5000000000,0.5000000000,simple,0.0500000000,10,4,1780,rr_increase,0.0500000000,1000,1.0000000000,29046,29046,123,0,0,4926,99992,54097,-1,-43900.3944975414,-131701.1834926241,1.8115125515,-1.8115125515,nan,124.7002782410
IMDB,20000,1.0000000000,0.5000000000,0.5000000000,simple,0.0500000000,10,4,1780,rr_increase,0.0750000000,1500,1.0000000000,29046,29046,123,0,0,7354,99992,54097,-1,-2020387.5736691514,-6061162.7210074542,38.3474975261,-38.3474975261,nan,130.4498745980
IMDB,20000,1.0000000000,0.5000000000,0.5000000000,simple,0.0500000000,10,4,1780,rr_increase,0.1000000000,2000,1.0000000000,29046,29046,123,0,0,9713,99992,54097,-1,1967054.2403358237,5901162.7210074710,35.3616141438,35.3616141438,nan,137.4779093150
IMDB,20000,1.0000000000,0.5000000000,0.5000000000,simple,0.0500000000,10,4,1780,rr_increase,0.1250000000,2500,1.0000000000,29046,29046,123,0,0,12105,99992,54097,-1,-2828714.0036372901,-8486142.0109118707,53.2896649285,-53.2896649285,nan,149.7857603260
IMDB,20000,1.0000000000,0.5000000000,0.5000000000,simple,0.0500000000,10,4,1780,rr_increase,0.1500000000,3000,1.0000000000,29046,29046,123,0,0,14757,99992,54097,-1,1470456.6073210966,4411369.8219632898,26.1818512546,26.1818512546,nan,139.7094958470
IMDB,20000,1.0000000000,0.5000000000,0.5000000000,simple,0.0500000000,10,4,1780,rr_increase,0.1750000000,3500,1.0000000000,29046,29046,123,0,0,17363,99992,54097,-1,-558783.0372892375,-1676349.1118677123,11.3292795772,-11.3292795772,nan,142.8904091640
IMDB,20000,1.0000000000,0.5000000000,0.5000000000,simple,0.0500000000,10,4,1780,rr_increase,0.2000000000,4000,1.0000000000,29046,29046,123,0,0,19865,99992,54097,-1,1595518.7376078444,4786556.2128235335,28.4936639298,28.4936639298,nan,135.9320536640
IMDB,20000,1.0000000000,0.5000000000,0.5000000000,simple,0.0500000000,10,4,1780,rr_decrease,0.0250000000,500,1.0000000000,29046,29046,123,0,0,2486,99992,54097,-1,-314882.6427916946,-944647.9283750838,6.8207043420,-6.8207043420,nan,141.6886722870
IMDB,20000,1.0000000000,0.5000000000,0.5000000000,simple,0.0500000000,10,4,1780,rr_decrease,0.0500000000,1000,1.0000000000,29046,29046,123,0,0,4926,99992,54097,-1,-533858.9743063723,-1601576.9229191171,10.8685504613,-10.8685504613,nan,142.2462159230
IMDB,20000,1.0000000000,0.5000000000,0.5000000000,simple,0.0500000000,10,4,1780,rr_decrease,0.0750000000,1500,1.0000000000,29046,29046,123,0,0,7354,99992,54097,-1,-5286778.1057280190,-15860334.3171840571,98.7277502584,-98.7277502584,nan,138.4557692370
IMDB,20000,1.0000000000,0.5000000000,0.5000000000,simple,0.0500000000,10,4,1780,rr_decrease,0.1000000000,2000,1.0000000000,29046,29046,123,0,0,9713,99992,54097,-1,-47219.9211004887,-141659.7633014661,1.8728750411,-1.8728750411,nan,144.6928228160
IMDB,20000,1.0000000000,0.5000000000,0.5000000000,simple,0.0500000000,10,4,1780,rr_decrease,0.1250000000,2500,1.0000000000,29046,29046,123,0,0,12105,99992,54097,-1,-1903236.6862206061,-5709710.0586618185,36.1819266544,-36.1819266544,nan,141.7062549690
IMDB,20000,1.0000000000,0.5000000000,0.5000000000,simple,0.0500000000,10,4,1780,rr_decrease,0.1500000000,3000,1.0000000000,29046,29046,123,0,0,14757,99992,54097,-1,490539.4477034413,1471618.3431103239,8.0677754349,8.0677754349,nan,145.9954916580
IMDB,20000,1.0000000000,0.5000000000,0.5000000000,simple,0.0500000000,10,4,1780,rr_decrease,0.1750000000,3500,1.0000000000,29046,29046,123,0,0,17363,99992,54097,-1,-1756459.5657108182,-5269378.6971324543,33.4687055791,-33.4687055791,nan,140.5095249230
IMDB,20000,1.0000000000,0.5000000000,0.5000000000,simple,0.0500000000,10,4,1780,rr_decrease,0.2000000000,4000,1.0000000000,29046,29046,123,0,0,19865,99992,54097,-1,-200996.0550245343,-602988.1650736029,4.7154750730,-4.7154750730,nan,141.9642908880
IMDB,20000,6.0000000000,3.0000000000,3.0000000000,simple,0.0500000000,10,0,1776,clean,0.0000000000,0,0.0000000000,29046,29046,123,0,0,0,99996,54097,-1,107305.5190643350,321916.5571930049,0.9835761514,0.9835761514,nan,146.1977722540
IMDB,20000,6.0000000000,3.0000000000,3.0000000000,simple,0.0500000000,10,0,1776,orig_increase,0.0250000000,500,1.0000000000,29046,153772,576,124726,0,0,99996,54097,-1,22635679.0306204855,67907037.0918614566,417.4276213213,417.4276213213,nan,139.0824813390
IMDB,20000,6.0000000000,3.0000000000,3.0000000000,simple,0.0500000000,10,0,1776,orig_increase,0.0500000000,1000,1.0000000000,29046,528455,1074,499409,0,0,99996,54097,-1,159267894.2456650436,477803682.7369951606,2943.1169426339,2943.1169426339,nan,140.5274759930
IMDB,20000,6.0000000000,3.0000000000,3.0000000000,simple,0.0500000000,10,0,1776,orig_increase,0.0750000000,1500,1.0000000000,29046,1153111,1572,1124065,0,0,99996,54097,-1,568189928.8526707888,1704569786.5580124855,10502.1689160706,10502.1689160706,nan,142.6735892670
IMDB,20000,6.0000000000,3.0000000000,3.0000000000,simple,0.0500000000,10,0,1776,orig_increase,0.1000000000,2000,1.0000000000,29046,2027734,2068,1998688,0,0,99996,54097,-1,1313714551.1416878700,3941143653.4250636101,24283.4252202837,24283.4252202837,nan,141.3119182430
IMDB,20000,6.0000000000,3.0000000000,3.0000000000,simple,0.0500000000,10,0,1776,orig_increase,0.1250000000,2500,1.0000000000,29046,3152293,2564,3123247,0,0,99996,54097,-1,2559883173.4255270958,7679649520.2765817642,47319.2427754871,47319.2427754871,nan,139.8607964020
IMDB,20000,6.0000000000,3.0000000000,3.0000000000,simple,0.0500000000,10,0,1776,orig_increase,0.1500000000,3000,1.0000000000,29046,4526852,3068,4497806,0,0,99996,54097,-1,4495408273.7145423889,13486224821.1436271667,83098.0308836819,83098.0308836819,nan,146.4314304090
IMDB,20000,6.0000000000,3.0000000000,3.0000000000,simple,0.0500000000,10,0,1776,orig_increase,0.1750000000,3500,1.0000000000,29046,6151336,3568,6122290,0,0,99996,54097,-1,7085409323.0390195847,21256227969.1170578003,130975.0120346603,130975.0120346603,nan,146.4324525320
IMDB,20000,6.0000000000,3.0000000000,3.0000000000,simple,0.0500000000,10,0,1776,orig_increase,0.2000000000,4000,1.0000000000,29046,8025723,4064,7996677,0,0,99996,54097,-1,10660008061.5582866669,31980024184.6748619080,197052.5900615244,197052.5900615244,nan,156.1919397730
IMDB,20000,6.0000000000,3.0000000000,3.0000000000,simple,0.0500000000,10,0,1776,orig_decrease,0.0250000000,500,1.0000000000,29046,29022,123,0,24,0,99996,54097,-1,109401.3469239852,328204.0407719556,1.0223181863,1.0223181863,nan,145.5451437610
IMDB,20000,6.0000000000,3.0000000000,3.0000000000,simple,0.0500000000,10,0,1776,orig_decrease,0.0500000000,1000,1.0000000000,29046,28955,123,0,91,0,99996,54097,-1,109401.3469239852,328204.0407719556,1.0223181863,1.0223181863,nan,137.6537215760
IMDB,20000,6.0000000000,3.0000000000,3.0000000000,simple,0.0500000000,10,0,1776,orig_decrease,0.0750000000,1500,1.0000000000,29046,28861,123,0,185,0,99996,54097,-1,25329.2049824484,75987.6149473452,0.5317817073,-0.5317817073,nan,143.3043423820
IMDB,20000,6.0000000000,3.0000000000,3.0000000000,simple,0.0500000000,10,0,1776,orig_decrease,0.1000000000,2000,1.0000000000,29046,28734,123,0,312,0,99996,54097,-1,82095.8278596503,246287.4835789509,0.5175671083,0.5175671083,nan,147.5195168970
IMDB,20000,6.0000000000,3.0000000000,3.0000000000,simple,0.0500000000,10,0,1776,orig_decrease,0.1250000000,2500,1.0000000000,29046,28543,123,0,503,0,99996,54097,-1,82095.8278596503,246287.4835789509,0.5175671083,0.5175671083,nan,144.4900032810
IMDB,20000,6.0000000000,3.0000000000,3.0000000000,simple,0.0500000000,10,0,1776,orig_decrease,0.1500000000,3000,1.0000000000,29046,28352,123,0,694,0,99996,54097,-1,82095.8278596503,246287.4835789509,0.5175671083,0.5175671083,nan,144.7101339760
IMDB,20000,6.0000000000,3.0000000000,3.0000000000,simple,0.0500000000,10,0,1776,orig_decrease,0.1750000000,3500,1.0000000000,29046,28086,123,0,960,0,99996,54097,-1,74351.3688187176,223054.1064561527,0.3744083557,0.3744083557,nan,144.2879932090
IMDB,20000,6.0000000000,3.0000000000,3.0000000000,simple,0.0500000000,10,0,1776,orig_decrease,0.2000000000,4000,1.0000000000,29046,27723,123,0,1323,0,99996,54097,-1,267305.5190643349,801916.5571930046,3.9412262984,3.9412262984,nan,145.6631829980
IMDB,20000,6.0000000000,3.0000000000,3.0000000000,simple,0.0500000000,10,0,1776,rr_increase,0.0250000000,500,1.0000000000,29046,29046,123,0,0,2539,99996,54097,-1,90598.6530760148,271795.9592280446,0.6747444974,0.6747444974,nan,145.8224361700
IMDB,20000,6.0000000000,3.0000000000,3.0000000000,simple,0.0500000000,10,0,1776,rr_increase,0.0500000000,1000,1.0000000000,29046,29046,123,0,0,4987,99996,54097,-1,35868.1011695815,107604.3035087444,0.3369669082,-0.3369669082,nan,137.8612142200
IMDB,20000,6.0000000000,3.0000000000,3.0000000000,simple,0.0500000000,10,0,1776,rr_increase,0.0750000000,1500,1.0000000000,29046,29046,123,0,0,7536,99996,54097,-1,126347.2404678327,379041.7214034981,1.3355683396,1.3355683396,nan,138.2804389830
IMDB,20000,6.0000000000,3.0000000000,3.0000000000,simple,0.0500000000,10,0,1776,rr_increase,0.1000000000,2000,1.0000000000,29046,29046,123,0,0,10121,99996,54097,-1,-232255.5409590673,-696766.6228772018,5.2933164678,-5.2933164678,nan,140.9854157080
IMDB,20000,6.0000000000,3.0000000000,3.0000000000,simple,0.0500000000,10,0,1776,rr_increase,0.1250000000,2500,1.0000000000,29046,29046,123,0,0,12603,99996,54097,-1,-84131.8988304186,-252395.6964912558,2.5552045184,-2.5552045184,nan,147.7006087350
IMDB,20000,6.0000000000,3.0000000000,3.0000000000,simple,0.0500000000,10,0,1776,rr_increase,0.1500000000,3000,1.0000000000,29046,29046,123,0,0,15219,99996,54097,-1,89720.7731228193,269162.3193684578,0.6585166113,0.6585166113,nan,139.0615122930
IMDB,20000,6.0000000000,3.0000000000,3.0000000000,simple,0.0500000000,10,0,1776,rr_increase,0.1750000000,3500,1.0000000000,29046,29046,123,0,0,17804,99996,54097,-1,113593.0026432856,340779.0079298567,1.0998022560,1.0998022560,nan,142.3936062250
IMDB,20000,6.0000000000,3.0000000000,3.0000000000,simple,0.0500000000,10,0,1776,rr_increase,0.2000000000,4000,1.0000000000,29046,29046,123,0,0,20244,99996,54097,-1,186666.6666666667,560000.0000000002,2.4505918381,2.4505918381,nan,139.5881646970
IMDB,20000,6.0000000000,3.0000000000,3.0000000000,simple,0.0500000000,10,0,1776,rr_decrease,0.0250000000,500,1.0000000000,29046,29046,123,0,0,2539,99996,54097,-1,120059.7568888818,360179.2706666454,1.2193422350,1.2193422350,nan,145.2316322660
IMDB,20000,6.0000000000,3.0000000000,3.0000000000,simple,0.0500000000,10,0,1776,rr_decrease,0.0500000000,1000,1.0000000000,29046,29046,123,0,0,4987,99996,54097,-1,-23054.1064561527,-69162.3193684580,1.4261623834,-1.4261623834,nan,141.0906991270
IMDB,20000,6.0000000000,3.0000000000,3.0000000000,simple,0.0500000000,10,0,1776,rr_decrease,0.0750000000,1500,1.0000000000,29046,29046,123,0,0,7536,99996,54097,-1,82155.5847485321,246466.7542455963,0.5186717332,0.5186717332,nan,141.1148312560
IMDB,20000,6.0000000000,3.0000000000,3.0000000000,simple,0.0500000000,10,0,1776,rr_decrease,0.1000000000,2000,1.0000000000,29046,29046,123,0,0,10121,99996,54097,-1,47624.9452631690,142874.8357895071,0.1196379603,-0.1196379603,nan,154.1635361530
IMDB,20000,6.0000000000,3.0000000000,3.0000000000,simple,0.0500000000,10,0,1776,rr_decrease,0.1250000000,2500,1.0000000000,29046,29046,123,0,0,12603,99996,54097,-1,92634.7240467832,277904.1721403497,0.7123819074,0.7123819074,nan,141.7245709200
IMDB,20000,6.0000000000,3.0000000000,3.0000000000,simple,0.0500000000,10,0,1776,rr_decrease,0.1500000000,3000,1.0000000000,29046,29046,123,0,0,15219,99996,54097,-1,133912.4288421197,401737.2865263591,1.4754132178,1.4754132178,nan,143.0506077660
IMDB,20000,6.0000000000,3.0000000000,3.0000000000,simple,0.0500000000,10,0,1776,rr_decrease,0.1750000000,3500,1.0000000000,29046,29046,123,0,0,17804,99996,54097,-1,54670.7950175516,164012.3850526548,0.0106067807,0.0106067807,nan,138.5448227650
IMDB,20000,6.0000000000,3.0000000000,3.0000000000,simple,0.0500000000,10,0,1776,rr_decrease,0.2000000000,4000,1.0000000000,29046,29046,123,0,0,20244,99996,54097,-1,24630.5956958982,73891.7870876947,0.5446957189,-0.5446957189,nan,137.6029507890
IMDB,20000,6.0000000000,3.0000000000,3.0000000000,simple,0.0500000000,10,1,1777,clean,0.0000000000,0,0.0000000000,29046,29046,123,0,0,0,99996,54097,-1,201397.2185731003,604191.6557193008,2.7228907069,2.7228907069,nan,138.9336729110
IMDB,20000,6.0000000000,3.0000000000,3.0000000000,simple,0.0500000000,10,1,1777,orig_increase,0.0250000000,500,1.0000000000,29046,153775,569,124729,0,0,99996,54097,-1,22757136.0060824715,68271408.0182474107,419.6727915796,419.6727915796,nan,131.3932479980
IMDB,20000,6.0000000000,3.0000000000,3.0000000000,simple,0.0500000000,10,1,1777,orig_increase,0.0500000000,1000,1.0000000000,29046,528471,1067,499425,0,0,99996,54097,-1,172335245.3849871159,517005736.1549613476,3184.6710239937,3184.6710239937,nan,131.7576764530
IMDB,20000,6.0000000000,3.0000000000,3.0000000000,simple,0.0500000000,10,1,1777,orig_increase,0.0750000000,1500,1.0000000000,29046,1153134,1575,1124088,0,0,99996,54097,-1,578772090.9425426722,1736316272.8276278973,10697.7834989471,10697.7834989471,nan,138.8179017360
IMDB,20000,6.0000000000,3.0000000000,3.0000000000,simple,0.0500000000,10,1,1777,orig_increase,0.1000000000,2000,1.0000000000,29046,2027725,2071,1998679,0,0,99996,54097,-1,1338020684.3331041336,4014062052.9993124008,24732.7317103186,24732.7317103186,nan,143.2656446760
IMDB,20000,6.0000000000,3.0000000000,3.0000000000,simple,0.0500000000,10,1,1777,orig_increase,0.1250000000,2500,1.0000000000,29046,3152296,2568,3123250,0,0,99996,54097,-1,2587978458.0100431442,7763935374.0301294327,47838.5929166135,47838.5929166135,nan,146.5504239760
IMDB,20000,6.0000000000,3.0000000000,3.0000000000,simple,0.0500000000,10,1,1777,orig_increase,0.1500000000,3000,1.0000000000,29046,4526808,3066,4497762,0,0,99996,54097,-1,4470822380.6770753860,13412467142.0312271118,82643.5529452109,82643.5529452109,nan,147.2693816260
IMDB,20000,6.0000000000,3.0000000000,3.0000000000,simple,0.0500000000,10,1,1777,orig_increase,0.1750000000,3500,1.0000000000,29046,6151341,3565,6122295,0,0,99996,54097,-1,7202796219.8909339905,21608388659.6728019714,133144.9456141918,133144.9456141918,nan,145.7455879610
IMDB,20000,6.0000000000,3.0000000000,3.0000000000,simple,0.0500000000,10,1,1777,orig_increase,0.2000000000,4000,1.0000000000,29046,8025803,4064,7996757,0,0,99996,54097,-1,10721426683.8550930023,32164280051.5652770996,198187.9325444127,198187.9325444127,nan,152.8475514190
IMDB,20000,6.0000000000,3.0000000000,3.0000000000,simple,0.0500000000,10,1,1777,orig_decrease,0.0250000000,500,1.0000000000,29046,29025,123,0,21,0,99996,54097,-1,201397.2185731003,604191.6557193008,2.7228907069,2.7228907069,nan,144.6261686060
IMDB,20000,6.0000000000,3.0000000000,3.0000000000,simple,0.0500000000,10,1,1777,orig_decrease,0.0500000000,1000,1.0000000000,29046,28971,123,0,75,0,99996,54097,-1,201397.2185731003,604191.6557193008,2.7228907069,2.7228907069,nan,140.5285239850
IMDB,20000,6.0000000000,3.0000000000,3.0000000000,simple,0.0500000000,10,1,1777,orig_decrease,0.0750000000,1500,1.0000000000,29046,28884,123,0,162,0,99996,54097,-1,142415.2540584844,427245.7621754531,1.6325906068,1.6325906068,nan,138.6957640880
IMDB,20000,6.0000000000,3.0000000000,3.0000000000,simple,0.0500000000,10,1,1777,orig_decrease,0.1000000000,2000,1.0000000000,29046,28725,123,0,321,0,99996,54097,-1,110798.5654970853,332395.6964912558,1.0481462095,1.0481462095,nan,139.8261734960
IMDB,20000,6.0000000000,3.0000000000,3.0000000000,simple,0.0500000000,10,1,1777,orig_decrease,0.1250000000,2500,1.0000000000,29046,28546,123,0,500,0,99996,54097,-1,-11177.7485848012,-33533.2457544037,1.2066241859,-1.2066241859,nan,146.9159855730
IMDB,20000,6.0000000000,3.0000000000,3.0000000000,simple,0.0500000000,10,1,1777,orig_decrease,0.1500000000,3000,1.0000000000,29046,28308,123,0,738,0,99996,54097,-1,68822.2514151988,206466.7542455963,0.2722008876,0.2722008876,nan,140.7249923170
IMDB,20000,6.0000000000,3.0000000000,3.0000000000,simple,0.0500000000,10,1,1777,orig_decrease,0.1750000000,3500,1.0000000000,29046,28091,123,0,955,0,99996,54097,-1,72375.0547368310,217125.1642104930,0.3378755705,0.3378755705,nan,143.3164764020
IMDB,20000,6.0000000000,3.0000000000,3.0000000000,simple,0.0500000000,10,1,1777,orig_decrease,0.2000000000,4000,1.0000000000,29046,27803,123,0,1243,0,99996,54097,-1,61018.0354853842,183054.1064561526,0.1279375101,0.1279375101,nan,136.1282376470
IMDB,20000,6.0000000000,3.0000000000,3.0000000000,simple,0.0500000000,10,1,1777,rr_increase,0.0250000000,500,1.0000000000,29046,29046,123,0,0,2456,99996,54097,-1,141836.1585496979,425508.4756490937,1.6218858449,1.6218858449,nan,134.8303431700
IMDB,20000,6.0000000000,3.0000000000,3.0000000000,simple,0.0500000000,10,1,1777,rr_increase,0.0500000000,1000,1.0000000000,29046,29046,123,0,0,4910,99996,54097,-1,134091.6995087652,402275.0985262956,1.4787270922,1.4787270922,nan,142.1382975710
IMDB,20000,6.0000000000,3.0000000000,3.0000000000,simple,0.0500000000,10,1,1777,rr_increase,0.0750000000,1500,1.0000000000,29046,29046,123,0,0,7490,99996,54097,-1,157205.5628537996,471616.6885613988,1.9059941005,1.9059941005,nan,140.7968101330
IMDB,20000,6.0000000000,3.0000000000,3.0000000000,simple,0.0500000000,10,1,1777,rr_increase,0.1000000000,2000,1.0000000000,29046,29046,123,0,0,9928,99996,54097,-1,83552.8033216322,250658.4099648966,0.5444997564,0.5444997564,nan,141.7910400770
IMDB,20000,6.0000000000,3.0000000000,3.0000000000,simple,0.0500000000,10,1,1777,rr_increase,0.1250000000,2500,1.0000000000,29046,29046,123,0,0,12425,99996,54097,-1,124251.4126081823,372754.2378245470,1.2968263048,1.2968263048,nan,141.8167724590
IMDB,20000,6.0000000000,3.0000000000,3.0000000000,simple,0.0500000000,10,1,1777,rr_increase,0.1500000000,3000,1.0000000000,29046,29046,123,0,0,14963,99996,54097,-1,185149.9343158029,555449.8029474086,2.4225545652,2.4225545652,nan,148.3580890900
IMDB,20000,6.0000000000,3.0000000000,3.0000000000,simple,0.0500000000,10,1,1777,rr_increase,0.1750000000,3500,1.0000000000,29046,29046,123,0,0,17619,99996,54097,-1,253972.1857310016,761916.5571930049,3.6947554528,3.6947554528,nan,140.6190120610
IMDB,20000,6.0000000000,3.0000000000,3.0000000000,simple,0.0500000000,10,1,1777,rr_increase,0.2000000000,4000,1.0000000000,29046,29046,123,0,0,20154,99996,54097,-1,117844.4152514679,353533.2457544037,1.1783909505,1.1783909505,nan,145.8051070970
IMDB,20000,6.0000000000,3.0000000000,3.0000000000,simple,0.0500000000,10,1,1777,rr_decrease,0.0250000000,500,1.0000000000,29046,29046,123,0,0,2456,99996,54097,-1,112375.0547368309,337125.1642104929,1.0772881072,1.0772881072,nan,141.4993968420
IMDB,20000,6.0000000000,3.0000000000,3.0000000000,simple,0.0500000000,10,1,1777,rr_decrease,0.0500000000,1000,1.0000000000,29046,29046,123,0,0,4910,99996,54097,-1,89900.0437894647,269700.1313683942,0.6618304858,0.6618304858,nan,148.1675507960
IMDB,20000,6.0000000000,3.0000000000,3.0000000000,simple,0.0500000000,10,1,1777,rr_decrease,0.0750000000,1500,1.0000000000,29046,29046,123,0,0,7490,99996,54097,-1,171936.1147602333,515808.3442806998,2.1782929693,2.1782929693,nan,144.7239898070
IMDB,20000,6.0000000000,3.0000000000,3.0000000000,simple,0.0500000000,10,1,1777,rr_decrease,0.1000000000,2000,1.0000000000,29046,29046,123,0,0,9928,99996,54097,-1,83552.8033216323,250658.4099648968,0.5444997564,0.5444997564,nan,146.7878816830
IMDB,20000,6.0000000000,3.0000000000,3.0000000000,simple,0.0500000000,10,1,1777,rr_decrease,0.1250000000,2500,1.0000000000,29046,29046,123,0,0,12425,99996,54097,-1,80059.7568888819,240179.2706666457,0.4799296983,0.4799296983,nan,150.2143009350
IMDB,20000,6.0000000000,3.0000000000,3.0000000000,simple,0.0500000000,10,1,1777,rr_decrease,0.1500000000,3000,1.0000000000,29046,29046,123,0,0,14963,99996,54097,-1,111497.1747836354,334491.5243509061,1.0610602212,1.0610602212,nan,142.9464579770
IMDB,20000,6.0000000000,3.0000000000,3.0000000000,simple,0.0500000000,10,1,1777,rr_decrease,0.1750000000,3500,1.0000000000,29046,29046,123,0,0,17619,99996,54097,-1,91936.1147602332,275808.3442806996,0.6994678958,0.6994678958,nan,148.0963017740
IMDB,20000,6.0000000000,3.0000000000,3.0000000000,simple,0.0500000000,10,1,1777,rr_decrease,0.2000000000,4000,1.0000000000,29046,29046,123,0,0,20154,99996,54097,-1,103113.8633450345,309341.5900351034,0.9060920817,0.9060920817,nan,143.5127294830
IMDB,20000,6.0000000000,3.0000000000,3.0000000000,simple,0.0500000000,10,2,1778,clean,0.0000000000,0,0.0000000000,29046,29046,123,0,0,0,99994,54097,-1,-32255.5409590673,-96766.6228772020,1.5962537841,-1.5962537841,nan,141.7649936800
IMDB,20000,6.0000000000,3.0000000000,3.0000000000,simple,0.0500000000,10,2,1778,orig_increase,0.0250000000,500,1.0000000000,29046,153777,553,124731,0,0,99994,54097,-1,19847812.8894273899,59543438.6682821661,365.8930419326,365.8930419326,nan,146.7068350900
IMDB,20000,6.0000000000,3.0000000000,3.0000000000,simple,0.0500000000,10,2,1778,orig_increase,0.0500000000,1000,1.0000000000,29046,528483,1053,499437,0,0,99994,54097,-1,164379892.2856887281,493139676.8570661545,3037.6138285984,3037.6138285984,nan,139.0114951940
IMDB,20000,6.0000000000,3.0000000000,3.0000000000,simple,0.0500000000,10,2,1778,orig_increase,0.0750000000,1500,1.0000000000,29046,1153151,1553,1124105,0,0,99994,54097,-1,561753844.5340751410,1685261533.6022255421,10383.1958802535,10383.1958802535,nan,143.7947577400
IMDB,20000,6.0000000000,3.0000000000,3.0000000000,simple,0.0500000000,10,2,1778,orig_increase,0.1000000000,2000,1.0000000000,29046,2027793,2053,1998747,0,0,99994,54097,-1,1276918146.3549070358,3830754439.0647211075,23603.2321451265,23603.2321451265,nan,147.1096518500
IMDB,20000,6.0000000000,3.0000000000,3.0000000000,simple,0.0500000000,10,2,1778,orig_increase,0.1250000000,2500,1.0000000000,29046,3152353,2552,3123307,0,0,99994,54097,-1,2560105110.6244740486,7680315331.8734216690,47323.3453541689,47323.3453541689,nan,141.5872145070
IMDB,20000,6.0000000000,3.0000000000,3.0000000000,simple,0.0500000000,10,2,1778,orig_increase,0.1500000000,3000,1.0000000000,29046,4526904,3061,4497858,0,0,99994,54097,-1,4409485413.0997934341,13228456239.2993793488,81509.7198754052,81509.7198754052,nan,153.9647683590
IMDB,20000,6.0000000000,3.0000000000,3.0000000000,simple,0.0500000000,10,2,1778,orig_increase,0.1750000000,3500,1.0000000000,29046,6151418,3558,6122372,0,0,99994,54097,-1,7096098281.1092023849,21288294843.3276062012,131172.6007747047,131172.6007747047,nan,149.3892574810
IMDB,20000,6.0000000000,3.0000000000,3.0000000000,simple,0.0500000000,10,2,1778,orig_increase,0.2000000000,4000,1.0000000000,29046,8025844,4059,7996798,0,0,99994,54097,-1,10610114972.7156276703,31830344918.1468849182,196130.3006768514,196130.3006768514,nan,159.6167046740
IMDB,20000,6.0000000000,3.0000000000,3.0000000000,simple,0.0500000000,10,2,1778,orig_decrease,0.0250000000,500,1.0000000000,29046,29027,123,0,19,0,99994,54097,-1,-32255.5409590673,-96766.6228772020,1.5962537841,-1.5962537841,nan,141.9454450130
IMDB,20000,6.0000000000,3.0000000000,3.0000000000,simple,0.0500000000,10,2,1778,orig_decrease,0.0500000000,1000,1.0000000000,29046,28983,123,0,63,0,99994,54097,-1,-32255.5409590673,-96766.6228772020,1.5962537841,-1.5962537841,nan,137.1622756020
IMDB,20000,6.0000000000,3.0000000000,3.0000000000,simple,0.0500000000,10,2,1778,orig_decrease,0.0750000000,1500,1.0000000000,29046,28901,123,0,145,0,99994,54097,-1,-32255.5409590673,-96766.6228772020,1.5962537841,-1.5962537841,nan,144.1425537200
IMDB,20000,6.0000000000,3.0000000000,3.0000000000,simple,0.0500000000,10,2,1778,orig_decrease,0.1000000000,2000,1.0000000000,29046,28793,123,0,253,0,99994,54097,-1,-32255.5409590673,-96766.6228772020,1.5962537841,-1.5962537841,nan,148.3435639380
IMDB,20000,6.0000000000,3.0000000000,3.0000000000,simple,0.0500000000,10,2,1778,orig_decrease,0.1250000000,2500,1.0000000000,29046,28603,123,0,443,0,99994,54097,-1,-26606.9097777849,-79820.7293333546,1.4918370663,-1.4918370663,nan,142.2994614910
IMDB,20000,6.0000000000,3.0000000000,3.0000000000,simple,0.0500000000,10,2,1778,orig_decrease,0.1500000000,3000,1.0000000000,29046,28404,123,0,642,0,99994,54097,-1,-26606.9097777849,-79820.7293333546,1.4918370663,-1.4918370663,nan,140.5187588660
IMDB,20000,6.0000000000,3.0000000000,3.0000000000,simple,0.0500000000,10,2,1778,orig_decrease,0.1750000000,3500,1.0000000000,29046,28168,123,0,878,0,99994,54097,-1,-16826.3797660838,-50479.1392982513,1.3110409037,-1.3110409037,nan,138.4182181210
IMDB,20000,6.0000000000,3.0000000000,3.0000000000,simple,0.0500000000,10,2,1778,orig_decrease,0.2000000000,4000,1.0000000000,29046,27844,123,0,1202,0,99994,54097,-1,62475.0109473662,187425.0328420985,0.1548701582,0.1548701582,nan,135.3989044480
IMDB,20000,6.0000000000,3.0000000000,3.0000000000,simple,0.0500000000,10,2,1778,rr_increase,0.0250000000,500,1.0000000000,29046,29046,123,0,0,2441,99994,54097,-1,-24570.8388070164,-73712.5164210493,1.4541996563,-1.4541996563,nan,145.9670491570
IMDB,20000,6.0000000000,3.0000000000,3.0000000000,simple,0.0500000000,10,2,1778,rr_increase,0.0500000000,1000,1.0000000000,29046,29046,123,0,0,4921,99994,54097,-1,-41337.4616842183,-124012.3850526550,1.7641359352,-1.7641359352,nan,147.4427967560
IMDB,20000,6.0000000000,3.0000000000,3.0000000000,simple,0.0500000000,10,2,1778,rr_increase,0.0750000000,1500,1.0000000000,29046,29046,123,0,0,7347,99994,54097,-1,41397.2185731002,124191.6557193006,0.2347594400,-0.2347594400,nan,138.4839961480
IMDB,20000,6.0000000000,3.0000000000,3.0000000000,simple,0.0500000000,10,2,1778,rr_increase,0.1000000000,2000,1.0000000000,29046,29046,123,0,0,9929,99994,54097,-1,83552.8033216323,250658.4099648967,0.5444997564,0.5444997564,nan,146.8751245260
IMDB,20000,6.0000000000,3.0000000000,3.0000000000,simple,0.0500000000,10,2,1778,rr_increase,0.1250000000,2500,1.0000000000,29046,29046,123,0,0,12452,99994,54097,-1,-33593.0026432856,-100779.0079298568,1.6209771825,-1.6209771825,nan,142.4190834050
IMDB,20000,6.0000000000,3.0000000000,3.0000000000,simple,0.0500000000,10,2,1778,rr_increase,0.1500000000,3000,1.0000000000,29046,29046,123,0,0,14851,99994,54097,-1,56127.7704795336,168383.3114386009,0.0375394288,0.0375394288,nan,141.5232267760
IMDB,20000,6.0000000000,3.0000000000,3.0000000000,simple,0.0500000000,10,2,1778,rr_increase,0.1750000000,3500,1.0000000000,29046,29046,123,0,0,17446,99994,54097,-1,73712.5164210493,221137.5492631479,0.3625989689,0.3625989689,nan,145.2926921510
IMDB,20000,6.0000000000,3.0000000000,3.0000000000,simple,0.0500000000,10,2,1778,rr_increase,0.2000000000,4000,1.0000000000,29046,29046,123,0,0,19882,99994,54097,-1,195808.3442806996,587425.0328420987,2.6195786140,2.6195786140,nan,144.9907185270
IMDB,20000,6.0000000000,3.0000000000,3.0000000000,simple,0.0500000000,10,2,1778,rr_decrease,0.0250000000,500,1.0000000000,29046,29046,123,0,0,2441,99994,54097,-1,-24570.8388070164,-73712.5164210492,1.4541996563,-1.4541996563,nan,142.2277550110
IMDB,20000,6.0000000000,3.0000000000,3.0000000000,simple,0.0500000000,10,2,1778,rr_decrease,0.0500000000,1000,1.0000000000,29046,29046,123,0,0,4921,99994,54097,-1,47045.8497543827,141137.5492631480,0.1303427223,-0.1303427223,nan,137.7813850070
IMDB,20000,6.0000000000,3.0000000000,3.0000000000,simple,0.0500000000,10,2,1778,rr_decrease,0.0750000000,1500,1.0000000000,29046,29046,123,0,0,7347,99994,54097,-1,-2794.4371462003,-8383.3114386009,1.0516560465,-1.0516560465,nan,142.5517869430
IMDB,20000,6.0000000000,3.0000000000,3.0000000000,simple,0.0500000000,10,2,1778,rr_decrease,0.1000000000,2000,1.0000000000,29046,29046,123,0,0,9929,99994,54097,-1,9900.0437894648,29700.1313683944,0.8169945877,-0.8169945877,nan,130.5767254410
IMDB,20000,6.0000000000,3.0000000000,3.0000000000,simple,0.0500000000,10,2,1778,rr_decrease,0.1250000000,2500,1.0000000000,29046,29046,123,0,0,12452,99994,54097,-1,69520.8607017489,208562.5821052466,0.2851148992,0.2851148992,nan,138.5864376800
IMDB,20000,6.0000000000,3.0000000000,3.0000000000,simple,0.0500000000,10,2,1778,rr_decrease,0.1500000000,3000,1.0000000000,29046,29046,123,0,0,14851,99994,54097,-1,11936.1147602333,35808.3442806998,0.7793571777,-0.7793571777,nan,137.0827115460
IMDB,20000,6.0000000000,3.0000000000,3.0000000000,simple,0.0500000000,10,2,1778,rr_decrease,0.1750000000,3500,1.0000000000,29046,29046,123,0,0,17446,99994,54097,-1,44251.4126081823,132754.2378245470,0.1819987687,-0.1819987687,nan,140.3505175520
IMDB,20000,6.0000000000,3.0000000000,3.0000000000,simple,0.0500000000,10,2,1778,rr_decrease,0.2000000000,4000,1.0000000000,29046,29046,123,0,0,19882,99994,54097,-1,136886.1366549657,410658.4099648971,1.5303831387,1.5303831387,nan,143.6327859530
IMDB,20000,6.0000000000,3.0000000000,3.0000000000,simple,0.0500000000,10,3,1779,clean,0.0000000000,0,0.0000000000,29046,29046,123,0,0,0,99997,54097,-1,-112954.1502456174,-338862.4507368522,3.0879928692,-3.0879928692,nan,132.3358991630
IMDB,20000,6.0000000000,3.0000000000,3.0000000000,simple,0.0500000000,10,3,1779,orig_increase,0.0250000000,500,1.0000000000,29046,153769,552,124723,0,0,99997,54097,-1,19734739.2254039906,59204217.6762119755,363.8028398137,363.8028398137,nan,138.4536930080
IMDB,20000,6.0000000000,3.0000000000,3.0000000000,simple,0.0500000000,10,3,1779,orig_increase,0.0500000000,1000,1.0000000000,29046,528462,1059,499416,0,0,99997,54097,-1,161211789.2853143215,483635367.8559429646,2979.0504516944,2979.0504516944,nan,140.8131288300
IMDB,20000,6.0000000000,3.0000000000,3.0000000000,simple,0.0500000000,10,3,1779,orig_increase,0.0750000000,1500,1.0000000000,29046,1153107,1565,1124061,0,0,99997,54097,-1,583333547.9180054665,1750000643.7540163994,10782.1034607835,10782.1034607835,nan,139.7252191050
IMDB,20000,6.0000000000,3.0000000000,3.0000000000,simple,0.0500000000,10,3,1779,orig_increase,0.1000000000,2000,1.0000000000,29046,2027730,2064,1998684,0,0,99997,54097,-1,1348079297.9564018250,4044237893.8692054749,24918.6683357007,24918.6683357007,nan,149.8172675820
IMDB,20000,6.0000000000,3.0000000000,3.0000000000,simple,0.0500000000,10,3,1779,orig_increase,0.1250000000,2500,1.0000000000,29046,3152322,2563,3123276,0,0,99997,54097,-1,2664955085.5193696022,7994865256.5581083298,49261.5300020217,49261.5300020217,nan,150.3114531610
IMDB,20000,6.0000000000,3.0000000000,3.0000000000,simple,0.0500000000,10,3,1779,orig_increase,0.1500000000,3000,1.0000000000,29046,4526857,3061,4497811,0,0,99997,54097,-1,4586712990.0876274109,13760138970.2628822327,84785.8271824247,84785.8271824247,nan,140.8454372650
IMDB,20000,6.0000000000,3.0000000000,3.0000000000,simple,0.0500000000,10,3,1779,orig_increase,0.1750000000,3500,1.0000000000,29046,6151364,3557,6122318,0,0,99997,54097,-1,7306128301.5399694443,21918384904.6199073792,135055.0715296591,135055.0715296591,nan,151.0436481020
IMDB,20000,6.0000000000,3.0000000000,3.0000000000,simple,0.0500000000,10,3,1779,orig_increase,0.2000000000,4000,1.0000000000,29046,8025783,4054,7996737,0,0,99997,54097,-1,10815833566.6548137665,32447500699.9644393921,199933.0733618281,199933.0733618281,nan,151.7189789630
IMDB,20000,6.0000000000,3.0000000000,3.0000000000,simple,0.0500000000,10,3,1779,orig_decrease,0.0250000000,500,1.0000000000,29046,29019,123,0,27,0,99997,54097,-1,-120638.8523976682,-361916.5571930047,3.2300469970,-3.2300469970,nan,149.1833111060
IMDB,20000,6.0000000000,3.0000000000,3.0000000000,simple,0.0500000000,10,3,1779,orig_decrease,0.0500000000,1000,1.0000000000,29046,28962,123,0,84,0,99997,54097,-1,-120638.8523976682,-361916.5571930047,3.2300469970,-3.2300469970,nan,144.5186638570
IMDB,20000,6.0000000000,3.0000000000,3.0000000000,simple,0.0500000000,10,3,1779,orig_decrease,0.0750000000,1500,1.0000000000,29046,28857,123,0,189,0,99997,54097,-1,-120638.8523976682,-361916.5571930047,3.2300469970,-3.2300469970,nan,146.9135892700
IMDB,20000,6.0000000000,3.0000000000,3.0000000000,simple,0.0500000000,10,3,1779,orig_decrease,0.1000000000,2000,1.0000000000,29046,28730,123,0,316,0,99997,54097,-1,-120638.8523976682,-361916.5571930047,3.2300469970,-3.2300469970,nan,143.0685192060
IMDB,20000,6.0000000000,3.0000000000,3.0000000000,simple,0.0500000000,10,3,1779,orig_decrease,0.1250000000,2500,1.0000000000,29046,28572,123,0,474,0,99997,54097,-1,-139501.3031345203,-418503.9094035609,3.5787253107,-3.5787253107,nan,150.4317652330
IMDB,20000,6.0000000000,3.0000000000,3.0000000000,simple,0.0500000000,10,3,1779,orig_decrease,0.1500000000,3000,1.0000000000,29046,28357,123,0,689,0,99997,54097,-1,-96706.8659883200,-290120.5979649600,2.7876567275,-2.7876567275,nan,142.3466149100
IMDB,20000,6.0000000000,3.0000000000,3.0000000000,simple,0.0500000000,10,3,1779,orig_decrease,0.1750000000,3500,1.0000000000,29046,28114,123,0,932,0,99997,54097,-1,-96706.8659883200,-290120.5979649600,2.7876567275,-2.7876567275,nan,143.2699248600
IMDB,20000,6.0000000000,3.0000000000,3.0000000000,simple,0.0500000000,10,3,1779,orig_decrease,0.2000000000,4000,1.0000000000,29046,27783,123,0,1263,0,99997,54097,-1,-128902.6500585054,-386707.9501755162,3.3828058868,-3.3828058868,nan,141.5276372130
IMDB,20000,6.0000000000,3.0000000000,3.0000000000,simple,0.0500000000,10,3,1779,rr_increase,0.0250000000,500,1.0000000000,29046,29046,123,0,0,2467,99997,54097,-1,158602.7814268997,475808.3442806993,1.9318221237,1.9318221237,nan,145.1174351220
IMDB,20000,6.0000000000,3.0000000000,3.0000000000,simple,0.0500000000,10,3,1779,rr_increase,0.0500000000,1000,1.0000000000,29046,29046,123,0,0,4901,99997,54097,-1,-98802.6938479702,-296408.0815439107,2.8263987624,-2.8263987624,nan,141.8501436500
IMDB,20000,6.0000000000,3.0000000000,3.0000000000,simple,0.0500000000,10,3,1779,rr_increase,0.0750000000,1500,1.0000000000,29046,29046,123,0,0,7468,99997,54097,-1,89900.0437894648,269700.1313683945,0.6618304858,0.6618304858,nan,140.5161259520
IMDB,20000,6.0000000000,3.0000000000,3.0000000000,simple,0.0500000000,10,3,1779,rr_increase,0.1000000000,2000,1.0000000000,29046,29046,123,0,0,9880,99997,54097,-1,95488.9180818654,286466.7542455963,0.7651425787,0.7651425787,nan,143.1849904560
IMDB,20000,6.0000000000,3.0000000000,3.0000000000,simple,0.0500000000,10,3,1779,rr_increase,0.1250000000,2500,1.0000000000,29046,29046,123,0,0,12384,99997,54097,-1,-236327.6829006041,-708983.0487018122,5.3685912879,-5.3685912879,nan,140.7563471220
IMDB,20000,6.0000000000,3.0000000000,3.0000000000,simple,0.0500000000,10,3,1779,rr_increase,0.1500000000,3000,1.0000000000,29046,29046,123,0,0,14882,99997,54097,-1,74351.3688187174,223054.1064561523,0.3744083557,0.3744083557,nan,146.4051556590
IMDB,20000,6.0000000000,3.0000000000,3.0000000000,simple,0.0500000000,10,3,1779,rr_increase,0.1750000000,3500,1.0000000000,29046,29046,123,0,0,17419,99997,54097,-1,-102415.2540584844,-307245.7621754531,2.8931780701,-2.8931780701,nan,142.0892512920
IMDB,20000,6.0000000000,3.0000000000,3.0000000000,simple,0.0500000000,10,3,1779,rr_increase,0.2000000000,4000,1.0000000000,29046,29046,123,0,0,19936,99997,54097,-1,77145.8059649177,231437.4178947532,0.4260644022,0.4260644022,nan,143.6066728810
IMDB,20000,6.0000000000,3.0000000000,3.0000000000,simple,0.0500000000,10,3,1779,rr_decrease,0.0250000000,500,1.0000000000,29046,29046,123,0,0,2467,99997,54097,-1,26027.8142689984,78083.4428069952,0.5188676956,-0.5188676956,nan,147.6577184300
IMDB,20000,6.0000000000,3.0000000000,3.0000000000,simple,0.0500000000,10,3,1779,rr_decrease,0.0500000000,1000,1.0000000000,29046,29046,123,0,0,4901,99997,54097,-1,-98802.6938479703,-296408.0815439110,2.8263987624,-2.8263987624,nan,137.1441947320
IMDB,20000,6.0000000000,3.0000000000,3.0000000000,simple,0.0500000000,10,3,1779,rr_decrease,0.0750000000,1500,1.0000000000,29046,29046,123,0,0,7468,99997,54097,-1,-27944.3714620032,-83833.1143860095,1.5165604648,-1.5165604648,nan,139.6252191210
IMDB,20000,6.0000000000,3.0000000000,3.0000000000,simple,0.0500000000,10,3,1779,rr_decrease,0.1000000000,2000,1.0000000000,29046,29046,123,0,0,9880,99997,54097,-1,-7624.9452631690,-22874.8357895071,1.1409495030,-1.1409495030,nan,141.0144182730
IMDB,20000,6.0000000000,3.0000000000,3.0000000000,simple,0.0500000000,10,3,1779,rr_decrease,0.1250000000,2500,1.0000000000,29046,29046,123,0,0,12384,99997,54097,-1,-133213.8195555696,-399641.4586667089,3.4624992062,-3.4624992062,nan,149.1383050860
IMDB,20000,6.0000000000,3.0000000000,3.0000000000,simple,0.0500000000,10,3,1779,rr_decrease,0.1500000000,3000,1.0000000000,29046,29046,123,0,0,14882,99997,54097,-1,-14031.9426198834,-42095.8278596503,1.2593848572,-1.2593848572,nan,137.2679298250
IMDB,20000,6.0000000000,3.0000000000,3.0000000000,simple,0.0500000000,10,3,1779,rr_decrease,0.1750000000,3500,1.0000000000,29046,29046,123,0,0,17419,99997,54097,-1,-14031.9426198834,-42095.8278596502,1.2593848572,-1.2593848572,nan,143.4282526680
IMDB,20000,6.0000000000,3.0000000000,3.0000000000,simple,0.0500000000,10,3,1779,rr_decrease,0.2000000000,4000,1.0000000000,29046,29046,123,0,0,19936,99997,54097,-1,77145.8059649178,231437.4178947535,0.4260644022,0.4260644022,nan,144.3215968850
IMDB,20000,6.0000000000,3.0000000000,3.0000000000,simple,0.0500000000,10,4,1780,clean,0.0000000000,0,0.0000000000,29046,29046,123,0,0,0,99992,54097,-1,-19620.8169122841,-58862.4507368522,1.3626969502,-1.3626969502,nan,138.3274764760
IMDB,20000,6.0000000000,3.0000000000,3.0000000000,simple,0.0500000000,10,4,1780,orig_increase,0.0250000000,500,1.0000000000,29046,153779,567,124733,0,0,99992,54097,-1,19322522.7995793745,57967568.3987381235,356.1828899861,356.1828899861,nan,139.8477040150
IMDB,20000,6.0000000000,3.0000000000,3.0000000000,simple,0.0500000000,10,4,1780,orig_increase,0.0500000000,1000,1.0000000000,29046,528483,1064,499437,0,0,99992,54097,-1,178853370.1113030016,536560110.3339090347,3305.1606024605,3305.1606024605,nan,149.5178328880
IMDB,20000,6.0000000000,3.0000000000,3.0000000000,simple,0.0500000000,10,4,1780,orig_increase,0.0750000000,1500,1.0000000000,29046,1153150,1563,1124104,0,0,99992,54097,-1,536803409.9730442166,1610410229.9191327095,9921.9792774654,9921.9792774654,nan,148.4305804130
IMDB,20000,6.0000000000,3.0000000000,3.0000000000,simple,0.0500000000,10,4,1780,orig_increase,0.1000000000,2000,1.0000000000,29046,2027752,2062,1998706,0,0,99992,54097,-1,1310906499.2247078419,3932719497.6741237640,24231.5175005029,24231.5175005029,nan,140.7384052950
IMDB,20000,6.0000000000,3.0000000000,3.0000000000,simple,0.0500000000,10,4,1780,orig_increase,0.1250000000,2500,1.0000000000,29046,3152336,2605,3123290,0,0,99992,54097,-1,2523945364.9150390625,7571836094.7451171875,46654.9211215971,46654.9211215971,nan,147.8803814400
IMDB,20000,6.0000000000,3.0000000000,3.0000000000,simple,0.0500000000,10,4,1780,orig_increase,0.1500000000,3000,1.0000000000,29046,4526893,3101,4497847,0,0,99992,54097,-1,4430393784.4429597855,13291181353.3288784027,81896.2176727538,81896.2176727538,nan,144.4594013880
IMDB,20000,6.0000000000,3.0000000000,3.0000000000,simple,0.0500000000,10,4,1780,orig_increase,0.1750000000,3500,1.0000000000,29046,6151411,3596,6122365,0,0,99992,54097,-1,7176819905.3026838303,21530459715.9080505371,132664.7652975707,132664.7652975707,nan,150.6906680310
IMDB,20000,6.0000000000,3.0000000000,3.0000000000,simple,0.0500000000,10,4,1780,orig_increase,0.2000000000,4000,1.0000000000,29046,8025935,4094,7996889,0,0,99992,54097,-1,10728510020.4409961700,32185530061.3229904175,198318.8702412517,198318.8702412517,nan,156.0479310570
IMDB,20000,6.0000000000,3.0000000000,3.0000000000,simple,0.0500000000,10,4,1780,orig_decrease,0.0250000000,500,1.0000000000,29046,29029,123,0,17,0,99992,54097,-1,-19620.8169122841,-58862.4507368522,1.3626969502,-1.3626969502,nan,137.6965929880
IMDB,20000,6.0000000000,3.0000000000,3.0000000000,simple,0.0500000000,10,4,1780,orig_decrease,0.0500000000,1000,1.0000000000,29046,28983,123,0,63,0,99992,54097,-1,-19620.8169122841,-58862.4507368522,1.3626969502,-1.3626969502,nan,139.6845565230
IMDB,20000,6.0000000000,3.0000000000,3.0000000000,simple,0.0500000000,10,4,1780,orig_decrease,0.0750000000,1500,1.0000000000,29046,28900,123,0,146,0,99992,54097,-1,-19620.8169122841,-58862.4507368522,1.3626969502,-1.3626969502,nan,150.1308517320
IMDB,20000,6.0000000000,3.0000000000,3.0000000000,simple,0.0500000000,10,4,1780,orig_decrease,0.1000000000,2000,1.0000000000,29046,28752,123,0,294,0,99992,54097,-1,-19620.8169122841,-58862.4507368522,1.3626969502,-1.3626969502,nan,143.1348279730
IMDB,20000,6.0000000000,3.0000000000,3.0000000000,simple,0.0500000000,10,4,1780,orig_decrease,0.1250000000,2500,1.0000000000,29046,28586,106,0,460,0,99992,54097,-1,-11177.7485848013,-33533.2457544038,1.2066241859,-1.2066241859,nan,144.6670802360
IMDB,20000,6.0000000000,3.0000000000,3.0000000000,simple,0.0500000000,10,4,1780,orig_decrease,0.1500000000,3000,1.0000000000,29046,28393,102,0,653,0,99992,54097,-1,-75109.7349941494,-225329.2049824481,2.3884269921,-2.3884269921,nan,144.3098298070
IMDB,20000,6.0000000000,3.0000000000,3.0000000000,simple,0.0500000000,10,4,1780,orig_decrease,0.1750000000,3500,1.0000000000,29046,28161,97,0,885,0,99992,54097,-1,-75109.7349941494,-225329.2049824481,2.3884269921,-2.3884269921,nan,149.1534663590
IMDB,20000,6.0000000000,3.0000000000,3.0000000000,simple,0.0500000000,10,4,1780,orig_decrease,0.2000000000,4000,1.0000000000,29046,27935,95,0,1111,0,99992,54097,-1,16068.0135906518,48204.0407719554,0.7029777328,-0.7029777328,nan,143.5885899810
IMDB,20000,6.0000000000,3.0000000000,3.0000000000,simple,0.0500000000,10,4,1780,rr_increase,0.0250000000,500,1.0000000000,29046,29046,123,0,0,2486,99992,54097,-1,100438.9399765978,301316.8199297935,0.8566452849,0.8566452849,nan,143.9323673910
IMDB,20000,6.0000000000,3.0000000000,3.0000000000,simple,0.0500000000,10,4,1780,rr_increase,0.0500000000,1000,1.0000000000,29046,29046,123,0,0,4926,99992,54097,-1,-82095.8278596502,-246287.4835789507,2.5175671083,-2.5175671083,nan,143.9814085880
IMDB,20000,6.0000000000,3.0000000000,3.0000000000,simple,0.0500000000,10,4,1780,rr_increase,0.0750000000,1500,1.0000000000,29046,29046,123,0,0,7354,99992,54097,-1,98223.5983391839,294670.7950175516,0.8156940004,0.8156940004,nan,141.3224134800
IMDB,20000,6.0000000000,3.0000000000,3.0000000000,simple,0.0500000000,10,4,1780,rr_increase,0.1000000000,2000,1.0000000000,29046,29046,123,0,0,9713,99992,54097,-1,109401.3469239854,328204.0407719562,1.0223181863,1.0223181863,nan,140.3471509260
IMDB,20000,6.0000000000,3.0000000000,3.0000000000,simple,0.0500000000,10,4,1780,rr_increase,0.1250000000,2500,1.0000000000,29046,29046,123,0,0,12105,99992,54097,-1,124890.2650058506,374670.7950175518,1.3086356916,1.3086356916,nan,141.4808054420
IMDB,20000,6.0000000000,3.0000000000,3.0000000000,simple,0.0500000000,10,4,1780,rr_increase,0.1500000000,3000,1.0000000000,29046,29046,123,0,0,14757,99992,54097,-1,-152954.1502456173,-458862.4507368518,3.8274054059,-3.8274054059,nan,145.1325738160
IMDB,20000,6.0000000000,3.0000000000,3.0000000000,simple,0.0500000000,10,4,1780,rr_increase,0.1750000000,3500,1.0000000000,29046,29046,123,0,0,17363,99992,54097,-1,-405529.1174035193,-1216587.3522105578,8.4963328355,-8.4963328355,nan,144.7030760280
IMDB,20000,6.0000000000,3.0000000000,3.0000000000,simple,0.0500000000,10,4,1780,rr_increase,0.2000000000,4000,1.0000000000,29046,29046,123,0,0,19865,99992,54097,-1,-38602.7814268999,-115808.3442806996,1.7135845135,-1.7135845135,nan,138.4212181790
IMDB,20000,6.0000000000,3.0000000000,3.0000000000,simple,0.0500000000,10,4,1780,rr_decrease,0.0250000000,500,1.0000000000,29046,29046,123,0,0,2486,99992,54097,-1,41516.7323508638,124550.1970525915,0.2325501904,-0.2325501904,nan,144.5503147450
IMDB,20000,6.0000000000,3.0000000000,3.0000000000,simple,0.0500000000,10,4,1780,rr_decrease,0.0500000000,1000,1.0000000000,29046,29046,123,0,0,4926,99992,54097,-1,-37904.1721403498,-113712.5164210494,1.7006705019,-1.7006705019,nan,142.0845525480
IMDB,20000,6.0000000000,3.0000000000,3.0000000000,simple,0.0500000000,10,4,1780,rr_decrease,0.0750000000,1500,1.0000000000,29046,29046,123,0,0,7354,99992,54097,-1,9840.2869005829,29520.8607017488,0.8180992125,-0.8180992125,nan,140.6181755230
IMDB,20000,6.0000000000,3.0000000000,3.0000000000,simple,0.0500000000,10,4,1780,rr_decrease,0.1000000000,2000,1.0000000000,29046,29046,123,0,0,9713,99992,54097,-1,35748.5873918177,107245.7621754530,0.3391761578,-0.3391761578,nan,148.1071137070
IMDB,20000,6.0000000000,3.0000000000,3.0000000000,simple,0.0500000000,10,4,1780,rr_decrease,0.1250000000,2500,1.0000000000,29046,29046,123,0,0,12105,99992,54097,-1,-51876.3578713513,-155629.0736140540,1.9589507343,-1.9589507343,nan,137.0951384510
IMDB,20000,6.0000000000,3.0000000000,3.0000000000,simple,0.0500000000,10,4,1780,rr_decrease,0.1500000000,3000,1.0000000000,29046,29046,123,0,0,14757,99992,54097,-1,38543.0245380180,115629.0736140541,0.2875201113,-0.2875201113,nan,143.8712599390
IMDB,20000,6.0000000000,3.0000000000,3.0000000000,simple,0.0500000000,10,4,1780,rr_decrease,0.1750000000,3500,1.0000000000,29046,29046,123,0,0,17363,99992,54097,-1,-96187.5273684155,-288562.5821052465,2.7780565904,-2.7780565904,nan,142.3938792590
IMDB,20000,6.0000000000,3.0000000000,3.0000000000,simple,0.0500000000,10,4,1780,rr_decrease,0.2000000000,4000,1.0000000000,29046,29046,123,0,0,19865,99992,54097,-1,-23872.2295204664,-71616.6885613991,1.4412856447,-1.4412856447,nan,148.5487254640
